# Blender 5.0.1
# www.blender.org
mtllib HayBales.mtl
o Cylinder
v -0.281966 0.780208 -1.194815
v -0.318091 0.780941 1.122992
v -0.290521 0.649682 -1.194815
v -0.329537 0.654116 1.121568
v -0.316040 0.521389 -1.194815
v -0.349311 0.528567 1.130865
v -0.362095 0.399877 -1.183039
v -0.376054 0.403752 1.145778
v -0.444334 0.301944 -1.136158
v -0.422450 0.283673 1.163821
v -0.518232 0.202041 -1.130455
v -0.488612 0.171447 1.181823
v -0.610062 0.120989 -1.114520
v -0.574859 0.073102 1.181823
v -0.702561 0.051714 -1.116529
v -0.673204 -0.013145 1.181823
v -0.799416 0.013570 -1.132330
v -0.781966 -0.009500 1.181823
v -0.903767 -0.006143 -1.163636
v -0.899282 -0.010879 1.181823
v -1.023147 -0.009375 -1.194814
v -1.023146 -0.009374 1.181823
v -1.151439 -0.009744 -1.194814
v -1.151439 -0.009744 1.181823
v -1.281965 -0.009098 -1.194814
v -1.281965 -0.009098 1.181823
v -1.412472 -0.009669 -1.195323
v -1.412492 -0.009744 1.181823
v -1.539284 -0.007286 -1.177180
v -1.540784 -0.009374 1.181823
v -1.664649 -0.010880 -1.194814
v -1.664649 -0.010880 1.181823
v -1.781966 -0.009500 -1.194814
v -1.781965 -0.009500 1.181823
v -1.890727 -0.013145 -1.194814
v -1.890727 -0.013145 1.181823
v -1.989072 0.073101 -1.194814
v -1.989072 0.073101 1.181823
v -2.075319 0.171447 -1.194814
v -2.075319 0.171447 1.181823
v -2.147991 0.280208 -1.194814
v -2.147991 0.280208 1.181823
v -2.205845 0.397524 -1.194814
v -2.205845 0.397525 1.181823
v -2.247891 0.521389 -1.194815
v -2.247891 0.521389 1.181823
v -2.273411 0.649682 -1.194814
v -2.273410 0.649682 1.181823
v -2.281966 0.780208 -1.194815
v -2.281966 0.780208 1.181823
v -2.273411 0.910734 -1.194815
v -2.273411 0.910734 1.181823
v -2.247892 1.039026 -1.194815
v -2.247891 1.039027 1.181823
v -2.205845 1.162891 -1.194815
v -2.205845 1.162891 1.181823
v -2.147991 1.280208 -1.194815
v -2.147991 1.280208 1.181823
v -2.075319 1.388969 -1.194815
v -2.075319 1.388969 1.181823
v -1.989073 1.487314 -1.194815
v -1.989073 1.487315 1.181823
v -1.882581 1.562467 -1.155499
v -1.890727 1.573561 1.181823
v -1.769346 1.625173 -1.139051
v -1.781966 1.646233 1.181823
v -1.662656 1.699483 -1.175916
v -1.664649 1.704088 1.181822
v -1.534046 1.722885 -1.149990
v -1.540785 1.746134 1.181822
v -1.412492 1.771653 -1.194815
v -1.412492 1.771653 1.181822
v -1.281971 1.777044 -1.183919
v -1.281965 1.780208 1.181822
v -1.152518 1.765689 -1.175107
v -1.151439 1.771653 1.181822
v -1.027029 1.733790 -1.162751
v -1.023146 1.746134 1.181823
v -0.910656 1.679000 -1.142275
v -0.899281 1.704087 1.181823
v -0.796555 1.621097 -1.141616
v -0.781964 1.646233 1.181822
v -0.702215 1.535785 -1.119351
v -0.673203 1.573561 1.181822
v -0.610501 1.449950 -1.115102
v -0.574858 1.487314 1.181822
v -0.518650 1.362546 -1.130740
v -0.488611 1.388968 1.181822
v -0.444528 1.260716 -1.136230
v -0.421459 1.277304 1.165677
v -0.362153 1.160749 -1.182985
v -0.376408 1.157174 1.144570
v -0.316039 1.039025 -1.194815
v -0.348994 1.033257 1.130991
v -0.290521 0.910731 -1.194815
v -0.331176 0.907546 1.119614
v -0.315374 0.781172 -0.848633
v -0.315374 0.781172 -0.829444
v -0.309125 0.780992 0.010793
v -0.309125 0.780992 0.033185
v -0.313487 0.781118 0.848183
v -0.313487 0.781118 0.873541
v -0.321773 0.654706 0.873541
v -0.321773 0.654706 0.848183
v -0.317448 0.654010 0.033185
v -0.317448 0.654010 0.010793
v -0.323643 0.655006 -0.829444
v -0.323644 0.655006 -0.848633
v -0.346487 0.530457 0.873541
v -0.346487 0.530457 0.848183
v -0.342274 0.529202 0.033186
v -0.342274 0.529202 0.010793
v -0.348310 0.531000 -0.829444
v -0.348310 0.530999 -0.848633
v -0.387208 0.410497 0.873541
v -0.387208 0.410497 0.848183
v -0.383178 0.408702 0.033186
v -0.383178 0.408702 0.010793
v -0.388952 0.411273 -0.829444
v -0.388952 0.411273 -0.848633
v -0.443239 0.296878 0.873541
v -0.443239 0.296878 0.848183
v -0.439461 0.294571 0.033186
v -0.439461 0.294571 0.010793
v -0.444873 0.297876 -0.829444
v -0.444873 0.297876 -0.848633
v -0.513620 0.191545 0.873541
v -0.513620 0.191545 0.848183
v -0.510159 0.188764 0.033186
v -0.510159 0.188764 0.010793
v -0.515117 0.192748 -0.829444
v -0.515117 0.192748 -0.848633
v -0.597148 0.096300 0.873541
v -0.597148 0.096300 0.848183
v -0.594063 0.093090 0.033186
v -0.594063 0.093090 0.010793
v -0.598482 0.097689 -0.829444
v -0.598482 0.097688 -0.848633
v -0.692393 0.012772 0.873541
v -0.692393 0.012772 0.848183
v -0.689738 0.009185 0.033186
v -0.689738 0.009185 0.010793
v -0.693542 0.014323 -0.829444
v -0.693542 0.014323 -0.848633
v -0.797726 0.016302 0.873541
v -0.797726 0.016302 0.848183
v -0.795545 0.012731 0.033186
v -0.795545 0.012731 0.010793
v -0.798670 0.017846 -0.829444
v -0.798670 0.017846 -0.848633
v -0.911345 0.014966 0.873541
v -0.911345 0.014966 0.848183
v -0.909676 0.011389 0.033186
v -0.909676 0.011389 0.010793
v -0.912067 0.016513 -0.829444
v -0.912067 0.016513 -0.848633
v -1.031305 0.016424 0.873541
v -1.031305 0.016424 0.848183
v -1.030176 0.012854 0.033186
v -1.030176 0.012854 0.010793
v -1.031793 0.017968 -0.829444
v -1.031793 0.017968 -0.848633
v -1.155554 0.016066 0.873541
v -1.155554 0.016066 0.848183
v -1.154984 0.012494 0.033186
v -1.154984 0.012494 0.010793
v -1.155800 0.017611 -0.829444
v -1.155800 0.017611 -0.848633
v -1.281965 0.016691 0.873541
v -1.281965 0.016691 0.848183
v -1.281965 0.013122 0.033186
v -1.281965 0.013122 0.010793
v -1.281965 0.018235 -0.829444
v -1.281965 0.018235 -0.848633
v -1.408377 0.016066 0.873541
v -1.408377 0.016066 0.848183
v -1.408947 0.012494 0.033186
v -1.408947 0.012494 0.010793
v -1.408131 0.017611 -0.829444
v -1.408131 0.017611 -0.848633
v -1.532626 0.016424 0.873541
v -1.532626 0.016424 0.848183
v -1.533755 0.012854 0.033186
v -1.533755 0.012854 0.010793
v -1.532138 0.017968 -0.829444
v -1.532138 0.017968 -0.848633
v -1.652586 0.014966 0.873541
v -1.652586 0.014966 0.848183
v -1.654255 0.011389 0.033186
v -1.654255 0.011389 0.010793
v -1.651864 0.016513 -0.829444
v -1.651864 0.016513 -0.848633
v -1.766205 0.016302 0.873541
v -1.766205 0.016302 0.848183
v -1.768386 0.012731 0.033186
v -1.768386 0.012731 0.010793
v -1.765261 0.017846 -0.829444
v -1.765261 0.017846 -0.848633
v -1.871538 0.012772 0.873541
v -1.871538 0.012772 0.848183
v -1.874189 0.009383 0.033364
v -1.874109 0.010421 0.009553
v -1.870389 0.014323 -0.829444
v -1.870389 0.014323 -0.848633
v -1.966783 0.096300 0.873541
v -1.966783 0.096300 0.848183
v -1.969258 0.093567 0.029396
v -1.967994 0.094966 0.005678
v -1.967309 0.096261 -0.829573
v -1.966790 0.096659 -0.848724
v -2.050311 0.191545 0.873541
v -2.050311 0.191545 0.848183
v -2.053198 0.189099 0.029445
v -2.052082 0.189986 0.007628
v -2.058169 0.185569 -0.829938
v -2.056820 0.186604 -0.849041
v -2.120692 0.296878 0.873541
v -2.120692 0.296878 0.848183
v -2.124461 0.294574 0.033578
v -2.124381 0.294620 0.009720
v -2.119061 0.297874 -0.829444
v -2.119058 0.297876 -0.848633
v -2.176795 0.410457 0.875823
v -2.176321 0.410622 0.849658
v -2.180753 0.408701 0.033186
v -2.180935 0.408658 0.010801
v -2.174980 0.411273 -0.829444
v -2.174980 0.411273 -0.848633
v -2.217601 0.530393 0.878190
v -2.217030 0.530518 0.844839
v -2.222013 0.529107 0.033222
v -2.223248 0.528790 0.010929
v -2.215621 0.530999 -0.829444
v -2.215621 0.530999 -0.848633
v -2.242158 0.654705 0.873541
v -2.242159 0.654705 0.848183
v -2.246483 0.654010 0.033186
v -2.246483 0.654010 0.010793
v -2.240288 0.655006 -0.829444
v -2.240288 0.655006 -0.848633
v -2.250444 0.781117 0.873541
v -2.250444 0.781117 0.848183
v -2.254806 0.780991 0.033186
v -2.254806 0.780991 0.010793
v -2.248557 0.781171 -0.829444
v -2.248557 0.781171 -0.848633
v -2.242159 0.907529 0.873541
v -2.242159 0.907529 0.848183
v -2.246483 0.907972 0.033186
v -2.246484 0.907972 0.010793
v -2.240288 0.907337 -0.829444
v -2.240288 0.907337 -0.848633
v -2.217606 1.031798 0.878340
v -2.216989 1.031579 0.834431
v -2.222017 1.032877 0.033223
v -2.223266 1.033197 0.010930
v -2.215621 1.031344 -0.829444
v -2.215621 1.031344 -0.848633
v -2.176791 1.151756 0.875686
v -2.176350 1.151550 0.840929
v -2.180753 1.153281 0.033186
v -2.180918 1.153320 0.010800
v -2.174980 1.151070 -0.829444
v -2.174980 1.151070 -0.848633
v -2.120693 1.265356 0.873541
v -2.120693 1.265356 0.848183
v -2.124458 1.267400 0.033665
v -2.124359 1.267334 0.009378
v -2.119068 1.264475 -0.829444
v -2.119059 1.264467 -0.848633
v -2.050312 1.370690 0.873541
v -2.050312 1.370690 0.848183
v -2.053147 1.372594 0.034011
v -2.051949 1.371630 0.007955
v -2.058256 1.376841 -0.829945
v -2.056895 1.375796 -0.849046
v -1.966784 1.465935 0.873541
v -1.966784 1.465935 0.848183
v -1.969297 1.468225 0.033858
v -1.968057 1.467028 0.008489
v -1.967194 1.465993 -0.829567
v -1.966694 1.465610 -0.848719
v -1.871538 1.549463 0.873541
v -1.871538 1.549463 0.848183
v -1.874191 1.552793 0.033332
v -1.874125 1.552708 0.009784
v -1.870390 1.548020 -0.829444
v -1.870390 1.548020 -0.848633
v -1.766205 1.619844 0.873541
v -1.766205 1.619844 0.848183
v -1.768386 1.623496 0.033185
v -1.768386 1.623496 0.010793
v -1.765262 1.618264 -0.829444
v -1.765262 1.618264 -0.848633
v -1.652586 1.675875 0.873541
v -1.652586 1.675875 0.848183
v -1.654256 1.679779 0.033185
v -1.654256 1.679779 0.010793
v -1.651864 1.674186 -0.829444
v -1.651864 1.674186 -0.848633
v -1.532626 1.716596 0.873541
v -1.532626 1.716596 0.848183
v -1.533755 1.720684 0.033185
v -1.533755 1.720684 0.010793
v -1.532138 1.714828 -0.829444
v -1.532138 1.714828 -0.848633
v -1.408377 1.741311 0.873541
v -1.408377 1.741311 0.848183
v -1.408947 1.745509 0.033185
v -1.408947 1.745509 0.010793
v -1.408131 1.739494 -0.829444
v -1.408131 1.739494 -0.848633
v -1.281965 1.749596 0.873541
v -1.281965 1.749596 0.848183
v -1.281965 1.753832 0.033185
v -1.281965 1.753832 0.010793
v -1.281965 1.747763 -0.829444
v -1.281965 1.747763 -0.848633
v -1.155553 1.741310 0.873541
v -1.155553 1.741310 0.848183
v -1.154984 1.745509 0.033185
v -1.154984 1.745509 0.010793
v -1.155800 1.739494 -0.829444
v -1.155800 1.739494 -0.848633
v -1.031304 1.716596 0.873540
v -1.031304 1.716596 0.848183
v -1.030175 1.720683 0.033185
v -1.030175 1.720683 0.010793
v -1.031793 1.714827 -0.829444
v -1.031793 1.714827 -0.848633
v -0.911344 1.675875 0.873540
v -0.911344 1.675875 0.848183
v -0.909675 1.679779 0.033185
v -0.909675 1.679779 0.010793
v -0.912066 1.674186 -0.829444
v -0.912066 1.674185 -0.848633
v -0.797725 1.619844 0.873541
v -0.797725 1.619844 0.848183
v -0.795544 1.623496 0.033185
v -0.795544 1.623495 0.010793
v -0.798669 1.618264 -0.829444
v -0.798669 1.618264 -0.848633
v -0.692392 1.549462 0.873541
v -0.692392 1.549462 0.848183
v -0.689737 1.552797 0.033185
v -0.689737 1.552797 0.010793
v -0.693541 1.548019 -0.829444
v -0.693541 1.548019 -0.848633
v -0.597147 1.465934 0.873540
v -0.597147 1.465934 0.848183
v -0.594062 1.468892 0.033185
v -0.594062 1.468892 0.010793
v -0.598481 1.464654 -0.829444
v -0.598481 1.464654 -0.848633
v -0.513619 1.370688 0.873540
v -0.513619 1.370688 0.848183
v -0.510158 1.373218 0.033185
v -0.510158 1.373218 0.010793
v -0.515116 1.369594 -0.829444
v -0.515116 1.369594 -0.848633
v -0.443237 1.265355 0.873541
v -0.443238 1.265355 0.848183
v -0.439460 1.267410 0.033185
v -0.439460 1.267410 0.010793
v -0.444872 1.264466 -0.829444
v -0.444872 1.264466 -0.848633
v -0.387207 1.151736 0.873541
v -0.387207 1.151736 0.848183
v -0.383177 1.153279 0.033185
v -0.383177 1.153279 0.010793
v -0.388951 1.151068 -0.829444
v -0.388951 1.151068 -0.848633
v -0.346486 1.031776 0.873541
v -0.346487 1.031776 0.848183
v -0.342273 1.032779 0.033185
v -0.342273 1.032779 0.010793
v -0.348309 1.031342 -0.829444
v -0.348309 1.031342 -0.848633
v -0.321772 0.907527 0.873541
v -0.321772 0.907527 0.848183
v -0.317447 0.907970 0.033185
v -0.317448 0.907970 0.010793
v -0.323643 0.907335 -0.829444
v -0.323643 0.907335 -0.848633
v -0.291884 0.780494 1.044912
v -0.303155 0.651652 1.040632
v -0.325669 0.524251 1.044850
v -0.367196 0.401583 1.044999
v -0.424480 0.285423 1.044999
v -0.496435 0.177734 1.044999
v -0.581831 0.080359 1.044999
v -0.679207 -0.005037 1.044999
v -0.786896 -0.001428 1.044999
v -0.903056 -0.002794 1.044999
v -1.025699 -0.001304 1.044999
v -1.152726 -0.001670 1.044999
v -1.281965 -0.001030 1.044999
v -1.411205 -0.001670 1.044999
v -1.538232 -0.001304 1.044999
v -1.660875 -0.002794 1.044999
v -1.777035 -0.001429 1.044999
v -1.884724 -0.005038 1.044999
v -1.982100 0.080358 1.044999
v -2.067496 0.177734 1.044999
v -2.139451 0.285423 1.044999
v -2.196735 0.401583 1.044999
v -2.238367 0.524226 1.044999
v -2.263634 0.651253 1.044999
v -2.272105 0.780492 1.044999
v -2.263634 0.909732 1.044999
v -2.238367 1.036759 1.044999
v -2.196735 1.159402 1.044999
v -2.139452 1.275562 1.044999
v -2.067496 1.383251 1.044999
v -1.982100 1.480627 1.044999
v -1.884725 1.566023 1.044999
v -1.777035 1.637978 1.044998
v -1.660876 1.695262 1.044998
v -1.538233 1.736894 1.044998
v -1.411204 1.762161 1.044998
v -1.281965 1.770632 1.044998
v -1.152726 1.762161 1.044998
v -1.025698 1.736894 1.044998
v -0.903055 1.695262 1.044998
v -0.786895 1.637978 1.044998
v -0.679206 1.566022 1.044998
v -0.581830 1.480626 1.044998
v -0.496434 1.383250 1.044998
v -0.424479 1.275560 1.044998
v -0.367195 1.159400 1.044998
v -0.325661 1.036737 1.044860
v -0.303065 0.909418 1.040780
v -0.299502 0.780714 0.771429
v -0.307907 0.652477 0.771430
v -0.332979 0.526434 0.771429
v -0.381180 0.407910 0.716778
v -0.438031 0.293336 0.716224
v -0.508603 0.186977 0.703795
v -0.589898 0.088338 0.728354
v -0.683880 0.001273 0.771430
v -0.790734 0.004854 0.771430
v -0.905993 0.003499 0.771430
v -1.027685 0.004978 0.771430
v -1.153728 0.004615 0.771430
v -1.281965 0.005249 0.771430
v -1.410203 0.004615 0.771430
v -1.536246 0.004978 0.771430
v -1.657938 0.003499 0.771430
v -1.773197 0.004854 0.771430
v -1.880051 0.001273 0.771430
v -1.976672 0.086007 0.771430
v -2.061406 0.182628 0.771430
v -2.132804 0.289482 0.771430
v -2.186377 0.406040 0.734813
v -2.229673 0.526825 0.731802
v -2.255805 0.652501 0.765605
v -2.264429 0.780714 0.771430
v -2.255770 0.908912 0.764575
v -2.230016 1.034631 0.708245
v -2.186897 1.155493 0.714188
v -2.132804 1.271946 0.771430
v -2.061407 1.378800 0.771430
v -1.976673 1.475420 0.771429
v -1.880052 1.560155 0.771429
v -1.773198 1.631552 0.771429
v -1.657938 1.688392 0.771429
v -1.536246 1.729701 0.771429
v -1.410203 1.754773 0.771429
v -1.281965 1.763178 0.771429
v -1.153728 1.754773 0.771429
v -1.027684 1.729701 0.771429
v -0.905992 1.688392 0.771429
v -0.790733 1.631552 0.771429
v -0.683878 1.560154 0.771429
v -0.589882 1.473075 0.728780
v -0.508374 1.374678 0.707275
v -0.437988 1.268181 0.716361
v -0.381208 1.153536 0.716471
v -0.332978 1.034992 0.771429
v -0.307907 0.908949 0.771429
v -0.302421 0.651595 0.116201
v -0.327634 0.524842 0.116201
v -0.369175 0.402464 0.116201
v -0.426335 0.286556 0.116201
v -0.498135 0.179100 0.116201
v -0.583346 0.081935 0.116201
v -0.680511 -0.003276 0.116201
v -0.787967 0.000325 0.116201
v -0.903875 -0.001038 0.116201
v -1.026253 0.000449 0.116201
v -1.153006 0.000084 0.116201
v -1.281965 0.000722 0.116201
v -1.410925 0.000084 0.116201
v -1.537678 0.000449 0.116201
v -1.660056 -0.001038 0.116201
v -1.775964 0.000325 0.116201
v -1.883420 -0.003276 0.116201
v -1.980392 0.082127 0.117544
v -2.065492 0.179334 0.118099
v -2.137596 0.286556 0.116201
v -2.194756 0.402464 0.116201
v -2.236297 0.524842 0.116201
v -2.261628 0.651587 0.116197
v -2.270880 0.780554 0.116170
v -2.261623 0.909521 0.116197
v -2.236298 1.036267 0.116201
v -2.194756 1.158644 0.116201
v -2.137596 1.274553 0.116201
v -2.065487 1.381771 0.118131
v -1.980398 1.478987 0.117507
v -1.883421 1.564385 0.116201
v -1.775964 1.636185 0.116201
v -1.660056 1.693345 0.116201
v -1.537678 1.734886 0.116201
v -1.410925 1.760099 0.116201
v -1.281965 1.768552 0.116201
v -1.153005 1.760099 0.116201
v -1.026252 1.734886 0.116201
v -0.903875 1.693344 0.116201
v -0.787966 1.636184 0.116201
v -0.680510 1.564384 0.116201
v -0.583345 1.479173 0.116201
v -0.498134 1.382007 0.116201
v -0.426334 1.274551 0.116201
v -0.369174 1.158642 0.116201
v -0.327633 1.036264 0.116201
v -0.302421 0.909511 0.116201
v -0.293968 0.780554 0.116201
v -0.298324 0.780680 -0.062429
v -0.306740 0.652289 -0.062429
v -0.331841 0.526095 -0.062429
v -0.373200 0.404257 -0.062429
v -0.430107 0.288859 -0.062429
v -0.501591 0.181877 -0.062429
v -0.586426 0.085141 -0.062429
v -0.683163 0.000305 -0.062429
v -0.790145 0.003890 -0.062429
v -0.905542 0.002533 -0.062429
v -1.027380 0.004014 -0.062429
v -1.153575 0.003650 -0.062429
v -1.281965 0.004286 -0.062429
v -1.410357 0.003650 -0.062429
v -1.536551 0.004014 -0.062429
v -1.658389 0.002533 -0.062429
v -1.773786 0.003890 -0.062429
v -1.879997 0.006446 -0.074423
v -1.975562 0.087732 -0.094336
v -2.061249 0.182676 -0.092250
v -2.133968 0.288863 -0.070359
v -2.195988 0.402968 -0.062132
v -2.242417 0.523489 -0.061705
v -2.257033 0.652023 -0.072344
v -2.265607 0.780680 -0.062429
v -2.258735 0.909482 -0.062271
v -2.242455 1.037880 -0.061685
v -2.195916 1.158374 -0.062138
v -2.133937 1.272467 -0.071869
v -2.061106 1.378518 -0.115314
v -1.975578 1.474276 -0.115199
v -1.880084 1.560181 -0.072892
v -1.773787 1.632538 -0.062429
v -1.658389 1.689446 -0.062429
v -1.536551 1.730805 -0.062429
v -1.410356 1.755906 -0.062429
v -1.281965 1.764321 -0.062429
v -1.153574 1.755906 -0.062429
v -1.027380 1.730804 -0.062429
v -0.905541 1.689446 -0.062429
v -0.790144 1.632538 -0.062429
v -0.683162 1.561054 -0.062429
v -0.586425 1.476218 -0.062429
v -0.501589 1.379481 -0.062429
v -0.430106 1.272499 -0.062429
v -0.373199 1.157101 -0.062429
v -0.331840 1.035263 -0.062429
v -0.306739 0.909068 -0.062429
v -0.303062 0.651698 -0.708268
v -0.328697 0.525151 -0.707382
v -0.369772 0.402730 -0.708267
v -0.426895 0.286898 -0.708267
v -0.498561 0.179446 -0.708270
v -0.583803 0.082411 -0.708267
v -0.680905 -0.002745 -0.708267
v -0.788290 0.000854 -0.708267
v -0.904123 -0.000508 -0.708267
v -1.026420 0.000978 -0.708267
v -1.153090 0.000613 -0.708267
v -1.281965 0.001251 -0.708267
v -1.410841 0.000613 -0.708267
v -1.537511 0.000978 -0.708267
v -1.659808 -0.000508 -0.708267
v -1.775641 0.000854 -0.708267
v -1.883217 -0.003001 -0.708278
v -1.981947 0.080604 -0.708349
v -2.068804 0.176810 -0.708450
v -2.137036 0.286897 -0.708267
v -2.194159 0.402730 -0.708267
v -2.235673 0.525028 -0.708267
v -2.260870 0.651698 -0.708267
v -2.269316 0.780573 -0.708267
v -2.260870 0.909448 -0.708267
v -2.235673 1.036118 -0.708267
v -2.194159 1.158415 -0.708267
v -2.137037 1.274248 -0.708267
v -2.068813 1.384342 -0.708451
v -1.983006 1.482011 -0.708621
v -1.888665 1.571688 -0.709671
v -1.775735 1.635774 -0.708291
v -1.659809 1.692766 -0.708268
v -1.537511 1.734281 -0.708268
v -1.410841 1.759477 -0.708268
v -1.281965 1.767924 -0.708268
v -1.153090 1.759477 -0.708268
v -1.026420 1.734280 -0.708268
v -0.904122 1.692766 -0.708268
v -0.788289 1.635643 -0.708268
v -0.680903 1.563890 -0.708268
v -0.583802 1.478734 -0.708268
v -0.498558 1.381701 -0.708270
v -0.426894 1.274246 -0.708268
v -0.369771 1.158414 -0.708268
v -0.328706 1.036001 -0.707368
v -0.303061 0.909445 -0.708268
v -0.294615 0.780573 -0.708268
v -0.297602 0.650820 -1.032709
v -0.322939 0.523444 -1.032709
v -0.360400 0.398690 -1.032282
v -0.421787 0.283845 -1.032675
v -0.494279 0.176001 -1.032709
v -0.579909 0.078358 -1.032709
v -0.677589 -0.007150 -1.032636
v -0.785537 -0.003654 -1.032708
v -0.902015 -0.005024 -1.032708
v -1.024995 -0.003529 -1.032708
v -1.152372 -0.003896 -1.032708
v -1.281965 -0.003255 -1.032708
v -1.411559 -0.003896 -1.032708
v -1.538936 -0.003529 -1.032708
v -1.661916 -0.005024 -1.032708
v -1.778394 -0.003654 -1.032708
v -1.886379 -0.007273 -1.032708
v -1.984022 0.078357 -1.032708
v -2.069653 0.176000 -1.032708
v -2.141806 0.283985 -1.032708
v -2.199247 0.400464 -1.032708
v -2.240993 0.523443 -1.032708
v -2.266330 0.650820 -1.032708
v -2.274824 0.780414 -1.032708
v -2.266330 0.910008 -1.032709
v -2.240993 1.037384 -1.032709
v -2.199247 1.160364 -1.032709
v -2.141806 1.276843 -1.032709
v -2.069653 1.384827 -1.032709
v -1.980188 1.478456 -1.029170
v -1.878133 1.557389 -1.021857
v -1.770571 1.627790 -1.016950
v -1.661916 1.697695 -1.032709
v -1.538942 1.739463 -1.032712
v -1.411559 1.764778 -1.032709
v -1.281965 1.773272 -1.032709
v -1.152371 1.764778 -1.032709
v -1.024994 1.739441 -1.032709
v -0.902014 1.697695 -1.032709
v -0.785536 1.640254 -1.032709
v -0.677582 1.568060 -1.032649
v -0.579908 1.482469 -1.032709
v -0.494277 1.384826 -1.032709
v -0.421798 1.276976 -1.032676
v -0.360386 1.162142 -1.032281
v -0.322938 1.037382 -1.032709
v -0.297602 0.910005 -1.032709
v -0.289108 0.780414 -1.032709
v -0.281966 0.780208 0.293461
v -0.281966 0.780208 0.511870
v -0.290497 0.649673 0.511887
v -0.291224 0.649806 0.294463
v -0.316869 0.521726 0.521691
v -0.320458 0.522143 0.305841
v -0.366750 0.401634 0.523915
v -0.347056 0.393021 0.293646
v -0.426186 0.286147 0.525584
v -0.420149 0.283061 0.300366
v -0.503159 0.183344 0.513285
v -0.496482 0.179455 0.307964
v -0.587040 0.086069 0.515984
v -0.583577 0.087415 0.310746
v -0.673204 -0.013145 0.511871
v -0.679325 0.014840 0.307229
v -0.781966 -0.009500 0.511871
v -0.782031 -0.009447 0.293641
v -0.899282 -0.010880 0.511871
v -0.899282 -0.010880 0.293461
v -1.023146 -0.009374 0.511871
v -1.023146 -0.009374 0.293461
v -1.151439 -0.009744 0.511871
v -1.151439 -0.009744 0.293461
v -1.281965 -0.009098 0.511871
v -1.281965 -0.009098 0.293461
v -1.412492 -0.009744 0.511871
v -1.412492 -0.009744 0.293461
v -1.540784 -0.009374 0.511871
v -1.540784 -0.009374 0.293461
v -1.664649 -0.010880 0.511871
v -1.664649 -0.010880 0.293461
v -1.781965 -0.009500 0.511871
v -1.781965 -0.009500 0.293461
v -1.885573 0.010702 0.521813
v -1.890727 -0.013145 0.293461
v -1.984511 0.080365 0.519712
v -1.989072 0.073101 0.293461
v -2.069643 0.176558 0.520547
v -2.075319 0.171447 0.293461
v -2.147991 0.280208 0.511871
v -2.147991 0.280208 0.293461
v -2.205317 0.397783 0.511519
v -2.205845 0.397525 0.293461
v -2.238949 0.524147 0.509051
v -2.250030 0.521051 0.293666
v -2.270876 0.651005 0.523684
v -2.303297 0.646926 0.292638
v -2.287852 0.780934 0.527777
v -2.335708 0.780208 0.291626
v -2.293124 0.915044 0.525567
v -2.303796 0.913596 0.292692
v -2.265875 1.044161 0.511103
v -2.250218 1.039425 0.293686
v -2.214518 1.165914 0.512123
v -2.205845 1.162891 0.293461
v -2.148423 1.280365 0.511896
v -2.147991 1.280208 0.293461
v -2.069688 1.384560 0.520455
v -2.075319 1.388969 0.293461
v -1.984800 1.483029 0.519139
v -1.989073 1.487315 0.293461
v -1.885348 1.566908 0.522159
v -1.890727 1.573561 0.293461
v -1.781966 1.646233 0.511870
v -1.781966 1.646233 0.293461
v -1.664649 1.704088 0.511870
v -1.664649 1.704088 0.293461
v -1.540785 1.746134 0.511870
v -1.540785 1.746134 0.293461
v -1.412492 1.771653 0.511870
v -1.412492 1.771653 0.293461
v -1.281965 1.780208 0.511870
v -1.281965 1.780208 0.293461
v -1.151439 1.771653 0.511870
v -1.151439 1.771653 0.293461
v -1.023146 1.746134 0.511870
v -1.023146 1.746134 0.293461
v -0.899281 1.704087 0.511870
v -0.899281 1.704087 0.293461
v -0.781964 1.646233 0.511870
v -0.781964 1.646233 0.293461
v -0.673203 1.573561 0.511870
v -0.679295 1.566164 0.307151
v -0.586772 1.476421 0.516337
v -0.583581 1.478718 0.310790
v -0.503352 1.377916 0.514216
v -0.496488 1.382541 0.307974
v -0.425936 1.274744 0.525258
v -0.420131 1.277630 0.300340
v -0.366795 1.159056 0.523967
v -0.347061 1.167397 0.293655
v -0.316868 1.038918 0.521696
v -0.320464 1.038503 0.305890
v -0.290496 0.910741 0.511887
v -0.291214 0.910627 0.294450
v -0.285265 0.780303 -0.536289
v -0.286580 0.780341 -0.262984
v -0.295096 0.650417 -0.262984
v -0.293791 0.650208 -0.536289
v -0.320497 0.522717 -0.262984
v -0.325481 0.524170 -0.512653
v -0.362350 0.399424 -0.262984
v -0.364671 0.400346 -0.522351
v -0.419937 0.282649 -0.262984
v -0.418797 0.281953 -0.536289
v -0.497478 0.178753 -0.285224
v -0.486393 0.169839 -0.536437
v -0.583336 0.081772 -0.284778
v -0.575267 0.074052 -0.536348
v -0.676021 -0.009305 -0.263018
v -0.675212 -0.010433 -0.536289
v -0.784273 -0.005723 -0.262984
v -0.783615 -0.006800 -0.536289
v -0.901048 -0.007096 -0.262984
v -0.900596 -0.008119 -0.535800
v -1.024341 -0.005598 -0.262984
v -1.024000 -0.006674 -0.536289
v -1.152042 -0.005965 -0.262984
v -1.151870 -0.007043 -0.536289
v -1.281965 -0.005323 -0.262984
v -1.281965 -0.006399 -0.536289
v -1.411889 -0.005966 -0.262984
v -1.412061 -0.007043 -0.536289
v -1.539590 -0.005598 -0.262984
v -1.539931 -0.006675 -0.536289
v -1.663402 -0.008349 -0.262942
v -1.663386 -0.008175 -0.536289
v -1.779660 -0.005727 -0.262984
v -1.781211 -0.008007 -0.536337
v -1.887918 -0.009351 -0.262984
v -1.900446 -0.025870 -0.536916
v -1.991456 0.070966 -0.270975
v -1.999111 0.062192 -0.536834
v -2.081333 0.166453 -0.269158
v -2.076538 0.170473 -0.536408
v -2.155030 0.276264 -0.262517
v -2.145134 0.281953 -0.536289
v -2.219373 0.394648 -0.262438
v -2.202797 0.398882 -0.536289
v -2.240832 0.522965 -0.276856
v -2.237752 0.524093 -0.506660
v -2.254407 0.651801 -0.280404
v -2.258777 0.651707 -0.494542
v -2.260602 0.780592 -0.278289
v -2.263094 0.780418 -0.494404
v -2.257623 0.909835 -0.277378
v -2.256781 0.909144 -0.497015
v -2.251984 1.040450 -0.273471
v -2.237908 1.036708 -0.507356
v -2.219332 1.166028 -0.262440
v -2.202797 1.161724 -0.536289
v -2.155038 1.284426 -0.262517
v -2.145134 1.278654 -0.536289
v -2.081350 1.394285 -0.269185
v -2.076543 1.390138 -0.536409
v -1.991402 1.489734 -0.271004
v -2.003799 1.505033 -0.537270
v -1.887918 1.570033 -0.262984
v -1.916829 1.593653 -0.538838
v -1.780319 1.643965 -0.262931
v -1.781730 1.645481 -0.536413
v -1.666070 1.707652 -0.262728
v -1.663387 1.701135 -0.536289
v -1.539958 1.742699 -0.262955
v -1.539931 1.743043 -0.536289
v -1.411889 1.767211 -0.262984
v -1.412061 1.768477 -0.536289
v -1.281965 1.775726 -0.262984
v -1.281965 1.777004 -0.536289
v -1.152041 1.767211 -0.262984
v -1.151869 1.768477 -0.536289
v -1.024340 1.741809 -0.262984
v -1.026492 1.734661 -0.503940
v -0.901047 1.699957 -0.262984
v -0.903930 1.692505 -0.501995
v -0.784272 1.642370 -0.262984
v -0.784059 1.642636 -0.532787
v -0.676019 1.570023 -0.263016
v -0.675211 1.571039 -0.536289
v -0.583171 1.479230 -0.284074
v -0.575273 1.486547 -0.536348
v -0.497463 1.382125 -0.285168
v -0.486387 1.390770 -0.536437
v -0.419936 1.278032 -0.262984
v -0.418796 1.278652 -0.536289
v -0.362349 1.161256 -0.262984
v -0.364959 1.160276 -0.521274
v -0.320497 1.037964 -0.262984
v -0.325206 1.036694 -0.513748
v -0.295096 0.910262 -0.262984
v -0.293791 0.910396 -0.536289
v -0.293116 0.780530 -1.224587
v -0.301575 0.651459 -1.224587
v -0.326810 0.524597 -1.224587
v -0.394889 0.415832 -1.211149
v -0.480788 0.325394 -1.185233
v -0.552229 0.230635 -1.181258
v -0.645844 0.158116 -1.169265
v -0.729488 0.086059 -1.176832
v -0.820723 0.037497 -1.187071
v -0.910292 0.003458 -1.216838
v -1.026032 -0.000249 -1.224587
v -1.152895 -0.000615 -1.224587
v -1.281965 0.000024 -1.224587
v -1.411027 -0.000581 -1.224814
v -1.534771 0.001831 -1.220596
v -1.660382 -0.001738 -1.224587
v -1.776391 -0.000374 -1.224587
v -1.883939 -0.003978 -1.224587
v -1.981188 0.081307 -1.224587
v -2.066473 0.178556 -1.224587
v -2.138335 0.286105 -1.224587
v -2.195544 0.402113 -1.224587
v -2.237122 0.524596 -1.224587
v -2.262356 0.651458 -1.224587
v -2.270816 0.780529 -1.224587
v -2.262356 0.909600 -1.224587
v -2.237122 1.036462 -1.224587
v -2.195544 1.158946 -1.224587
v -2.138335 1.274954 -1.224587
v -2.066473 1.382503 -1.224587
v -1.981189 1.479752 -1.224587
v -1.881556 1.561897 -1.222419
v -1.756686 1.602542 -1.201128
v -1.651472 1.672065 -1.213998
v -1.521962 1.701830 -1.196169
v -1.411036 1.746454 -1.224588
v -1.282227 1.748388 -1.216103
v -1.159553 1.720933 -1.206478
v -1.042016 1.683977 -1.198673
v -0.934249 1.624784 -1.182397
v -0.823184 1.576933 -1.186589
v -0.732992 1.496014 -1.174594
v -0.647816 1.413249 -1.168383
v -0.553775 1.335272 -1.180786
v -0.481076 1.239549 -1.185205
v -0.396327 1.146167 -1.210422
v -0.326809 1.036460 -1.224587
v -0.301575 0.909598 -1.224587
v -0.445204 0.784868 -1.209408
v -0.452232 0.675587 -1.208390
v -0.472411 0.567953 -1.200140
v -0.507622 0.464133 -1.199939
v -0.556112 0.365805 -1.199939
v -0.620583 0.277558 -1.198954
v -0.696582 0.199635 -1.198750
v -0.780996 0.134238 -1.198032
v -0.862894 0.079030 -1.199939
v -0.961222 0.049300 -1.199939
v -1.065038 0.035176 -1.199939
v -1.172566 0.026075 -1.199939
v -1.281965 0.026616 -1.199939
v -1.391365 0.026075 -1.199939
v -1.498883 0.035214 -1.200198
v -1.602709 0.049300 -1.199939
v -1.701037 0.079029 -1.199939
v -1.792195 0.119933 -1.199939
v -1.874622 0.192220 -1.199939
v -1.946909 0.274648 -1.199939
v -2.007819 0.365805 -1.199939
v -2.056309 0.464133 -1.199939
v -2.091550 0.567949 -1.199939
v -2.112938 0.675477 -1.199939
v -2.120109 0.784876 -1.199939
v -2.112938 0.894276 -1.199939
v -2.091550 1.001804 -1.199939
v -2.056309 1.105620 -1.199939
v -2.007819 1.203948 -1.199939
v -1.946910 1.295106 -1.199939
v -1.874623 1.377533 -1.199939
v -1.792195 1.449820 -1.199939
v -1.701038 1.510730 -1.199939
v -1.602522 1.558746 -1.199877
v -1.491203 1.566218 -1.195949
v -1.391342 1.615762 -1.200537
v -1.281965 1.623020 -1.199939
v -1.172647 1.615318 -1.199871
v -1.073617 1.563573 -1.193587
v -0.963216 1.554340 -1.198645
v -0.868352 1.501248 -1.197581
v -0.784218 1.433141 -1.195788
v -0.698977 1.367441 -1.197577
v -0.624340 1.289223 -1.197928
v -0.556112 1.203947 -1.199939
v -0.507622 1.105618 -1.199939
v -0.472386 1.001801 -1.199976
v -0.452086 0.894173 -1.207396
v -0.708586 0.787914 -1.164408
v -0.713491 0.713073 -1.164408
v -0.728123 0.639513 -1.164408
v -0.766325 0.574980 -1.164463
v -0.808253 0.514844 -1.164503
v -0.845010 0.452063 -1.164487
v -0.876756 0.382696 -1.164406
v -0.932914 0.333021 -1.164407
v -0.995276 0.305039 -1.164407
v -1.062543 0.284701 -1.164407
v -1.133564 0.275039 -1.164407
v -1.207124 0.268812 -1.164407
v -1.281966 0.269182 -1.164407
v -1.356807 0.268812 -1.164407
v -1.430367 0.275038 -1.164407
v -1.501389 0.284701 -1.164407
v -1.568655 0.305039 -1.164407
v -1.631017 0.333021 -1.164407
v -1.687406 0.382473 -1.164407
v -1.736858 0.438862 -1.164407
v -1.762213 0.510448 -1.164475
v -1.786099 0.579695 -1.164508
v -1.814947 0.645877 -1.164486
v -1.819055 0.717401 -1.164522
v -1.821990 0.788245 -1.164528
v -1.823674 0.859404 -1.164505
v -1.815116 0.930666 -1.164485
v -1.785744 0.997202 -1.164508
v -1.764604 1.067338 -1.164465
v -1.736859 1.136965 -1.164408
v -1.687407 1.193355 -1.164408
v -1.631017 1.242807 -1.164408
v -1.568656 1.284476 -1.164408
v -1.501389 1.317648 -1.164408
v -1.430367 1.341757 -1.164408
v -1.356807 1.356389 -1.164408
v -1.281965 1.361294 -1.164408
v -1.207124 1.356389 -1.164408
v -1.133564 1.341756 -1.164408
v -1.062542 1.317648 -1.164408
v -0.995275 1.284475 -1.164408
v -0.932913 1.242806 -1.164408
v -0.876524 1.193354 -1.164408
v -0.842620 1.125947 -1.164477
v -0.808820 1.061383 -1.164505
v -0.770625 0.999278 -1.164481
v -0.728123 0.936314 -1.164408
v -0.713491 0.862754 -1.164408
v -1.048737 0.791816 -1.129183
v -1.050732 0.761374 -1.129184
v -1.056716 0.731498 -1.130207
v -1.066635 0.702788 -1.134130
v -1.080296 0.675697 -1.140020
v -1.097414 0.650611 -1.146071
v -1.117651 0.627880 -1.150494
v -1.140623 0.607830 -1.151847
v -1.165963 0.596411 -1.151003
v -1.193218 0.587968 -1.147300
v -1.221954 0.583788 -1.141867
v -1.251698 0.580962 -1.135540
v -1.282005 0.580888 -1.130687
v -1.312408 0.580666 -1.129186
v -1.342330 0.583198 -1.129183
v -1.371218 0.587129 -1.129183
v -1.398580 0.595401 -1.129183
v -1.423946 0.606783 -1.129183
v -1.446883 0.626899 -1.129183
v -1.466998 0.649836 -1.129183
v -1.483948 0.675202 -1.129183
v -1.497441 0.702563 -1.129183
v -1.507247 0.731452 -1.129183
v -1.513199 0.761374 -1.129183
v -1.515194 0.791816 -1.129183
v -1.513199 0.822259 -1.129183
v -1.507247 0.852180 -1.129183
v -1.497441 0.881069 -1.129183
v -1.483948 0.908430 -1.129183
v -1.466998 0.933797 -1.129183
v -1.446883 0.956734 -1.129183
v -1.423946 0.976849 -1.129183
v -1.398580 0.993798 -1.129183
v -1.371218 1.007291 -1.129183
v -1.342330 1.017098 -1.129183
v -1.312408 1.023050 -1.129183
v -1.281965 1.025045 -1.129183
v -1.251523 1.023050 -1.129183
v -1.221601 1.017098 -1.129183
v -1.192713 1.007291 -1.129183
v -1.165351 0.993798 -1.129183
v -1.139985 0.976849 -1.129183
v -1.117048 0.956733 -1.129183
v -1.096933 0.933796 -1.129183
v -1.079983 0.908430 -1.129183
v -1.066490 0.881068 -1.129183
v -1.056684 0.852180 -1.129183
v -1.050732 0.822258 -1.129183
v -0.382556 0.662337 1.155216
v -0.363736 0.782248 1.159786
v -0.399142 0.541793 1.161622
v -0.418562 0.421559 1.172691
v -0.448931 0.299582 1.187421
v -0.499989 0.180590 1.197208
v -0.584998 0.083655 1.197208
v -0.681934 -0.001355 1.197208
v -0.789135 0.002238 1.197208
v -0.904770 0.000878 1.197208
v -1.026858 0.002362 1.197208
v -1.153311 0.001998 1.197208
v -1.281965 0.002634 1.197208
v -1.410620 0.001998 1.197208
v -1.537073 0.002362 1.197208
v -1.659161 0.000878 1.197208
v -1.774796 0.002238 1.197208
v -1.881997 -0.001355 1.197208
v -1.978932 0.083655 1.197208
v -2.063942 0.180590 1.197208
v -2.135572 0.287792 1.197208
v -2.192597 0.403426 1.197208
v -2.234040 0.525514 1.197208
v -2.259193 0.651967 1.197208
v -2.267626 0.780622 1.197208
v -2.259193 0.909276 1.197208
v -2.234040 1.035729 1.197208
v -2.192597 1.157817 1.197208
v -2.135573 1.273452 1.197208
v -2.063943 1.380654 1.197208
v -1.978933 1.477589 1.197208
v -1.881998 1.562598 1.197208
v -1.774796 1.634229 1.197208
v -1.659162 1.691253 1.197208
v -1.537073 1.732697 1.197208
v -1.410620 1.757850 1.197208
v -1.281965 1.766282 1.197208
v -1.153311 1.757850 1.197208
v -1.026857 1.732696 1.197208
v -0.904769 1.691253 1.197208
v -0.789134 1.634228 1.197208
v -0.681932 1.562598 1.197208
v -0.584997 1.477588 1.197208
v -0.499988 1.380652 1.197208
v -0.448275 1.263147 1.187911
v -0.419378 1.141832 1.172033
v -0.399211 1.022578 1.161505
v -0.386392 0.901837 1.153171
v -0.465332 0.677117 1.162734
v -0.440719 0.784699 1.165846
v -0.499393 0.574282 1.161245
v -0.501094 0.461226 1.166539
v -0.549993 0.362069 1.166539
v -0.611416 0.270143 1.166539
v -0.684312 0.187020 1.166539
v -0.767435 0.114124 1.166539
v -0.859361 0.084236 1.166539
v -0.958518 0.056695 1.166539
v -1.063209 0.044779 1.166539
v -1.171643 0.033477 1.166539
v -1.281965 0.034023 1.166539
v -1.392287 0.033477 1.166539
v -1.500722 0.044779 1.166539
v -1.605413 0.056695 1.166539
v -1.704570 0.084236 1.166539
v -1.796496 0.114124 1.166539
v -1.879618 0.187020 1.166539
v -1.952515 0.270143 1.166539
v -2.013938 0.362069 1.166539
v -2.062837 0.461226 1.166539
v -2.098375 0.565917 1.166539
v -2.119944 0.674351 1.166539
v -2.127175 0.784673 1.166539
v -2.119944 0.894995 1.166539
v -2.098375 1.003429 1.166539
v -2.062837 1.108121 1.166539
v -2.013938 1.207278 1.166539
v -1.952515 1.299204 1.166539
v -1.879619 1.382326 1.166539
v -1.796497 1.455222 1.166539
v -1.704570 1.516646 1.166539
v -1.605413 1.565545 1.166539
v -1.500722 1.601083 1.166539
v -1.392287 1.622652 1.166539
v -1.281965 1.629882 1.166539
v -1.171643 1.622652 1.166539
v -1.063209 1.601082 1.166539
v -0.958517 1.565544 1.166539
v -0.859360 1.516645 1.166539
v -0.767434 1.455222 1.166538
v -0.684311 1.382325 1.166539
v -0.611415 1.299203 1.166538
v -0.549992 1.207276 1.166539
v -0.501093 1.108119 1.166539
v -0.499197 0.995551 1.161216
v -0.470458 0.891816 1.161707
v -0.716094 0.714166 1.132886
v -0.711211 0.788665 1.132886
v -0.730659 0.640943 1.132886
v -0.754657 0.570246 1.132886
v -0.787678 0.503287 1.132886
v -0.829156 0.441211 1.132886
v -0.878570 0.385425 1.135883
v -0.935007 0.336769 1.140798
v -0.996931 0.316308 1.138383
v -1.063555 0.297089 1.133019
v -1.134243 0.289028 1.132886
v -1.207467 0.281396 1.132886
v -1.281965 0.281764 1.132886
v -1.356464 0.281396 1.132886
v -1.429687 0.289028 1.132886
v -1.500382 0.297076 1.132909
v -1.576869 0.300813 1.138757
v -1.651787 0.312414 1.139904
v -1.702876 0.367889 1.136165
v -1.734775 0.441211 1.132886
v -1.776253 0.503287 1.132886
v -1.809274 0.570246 1.132886
v -1.844074 0.638218 1.134241
v -1.869919 0.711416 1.135536
v -1.852735 0.788665 1.132888
v -1.878652 0.866996 1.136622
v -1.837128 0.937276 1.133370
v -1.809274 1.007083 1.132886
v -1.776253 1.074041 1.132886
v -1.734776 1.136118 1.132886
v -1.698992 1.205023 1.135558
v -1.642588 1.256456 1.137936
v -1.567377 1.283037 1.134019
v -1.500384 1.315973 1.132886
v -1.429688 1.339971 1.132886
v -1.356464 1.354536 1.132886
v -1.281965 1.359419 1.132886
v -1.207467 1.354536 1.132886
v -1.134243 1.339971 1.132886
v -1.063547 1.315973 1.132886
v -0.996667 1.282802 1.134177
v -0.934879 1.240793 1.138777
v -0.878565 1.191910 1.135826
v -0.829155 1.136117 1.132886
v -0.787677 1.074041 1.132886
v -0.754657 1.007082 1.132886
v -0.730659 0.936385 1.132886
v -0.716094 0.863161 1.132886
v -0.993930 0.754821 1.092945
v -0.991442 0.792740 1.092904
v -1.001497 0.717642 1.095390
v -1.014025 0.681850 1.100419
v -1.031044 0.647898 1.103809
v -1.052065 0.616244 1.102340
v -1.076820 0.587485 1.097482
v -1.105136 0.562271 1.093380
v -1.136704 0.551979 1.092904
v -1.170787 0.542512 1.092904
v -1.206773 0.538417 1.092904
v -1.244045 0.534532 1.092904
v -1.281967 0.534602 1.092922
v -1.324631 0.507774 1.097207
v -1.377154 0.477459 1.102790
v -1.429582 0.466637 1.105656
v -1.513948 0.417631 1.119562
v -1.603379 0.387908 1.144967
v -1.652650 0.423076 1.135640
v -1.661619 0.502106 1.120870
v -1.685267 0.563163 1.118145
v -1.725298 0.611156 1.120378
v -1.740252 0.671403 1.119683
v -1.743080 0.733517 1.118329
v -1.739569 0.793531 1.117312
v -1.744171 0.852159 1.118557
v -1.740007 0.911427 1.119701
v -1.718068 0.967078 1.119253
v -1.668553 1.008771 1.115352
v -1.673203 1.089425 1.124086
v -1.648674 1.150775 1.136362
v -1.579311 1.163106 1.138502
v -1.452544 1.088111 1.100352
v -1.406365 1.092384 1.097902
v -1.360350 1.084881 1.094666
v -1.319886 1.080778 1.092904
v -1.281965 1.083263 1.092904
v -1.244044 1.080777 1.092904
v -1.206772 1.073363 1.092904
v -1.170787 1.061148 1.092904
v -1.136703 1.044340 1.092904
v -1.105106 1.023227 1.092904
v -1.076693 0.998072 1.095462
v -1.051966 0.969296 1.100751
v -1.031094 0.937550 1.104626
v -1.014223 0.903506 1.103611
v -1.001704 0.867708 1.098728
v -0.993999 0.830616 1.094048
vn 0.9879 -0.0002 -0.1552
vn 0.8042 0.0078 0.5944
vn 0.9793 -0.1292 -0.1558
vn 0.8002 -0.0934 0.5924
vn 0.9233 -0.2906 -0.2512
vn 0.8066 -0.1198 0.5788
vn 0.7651 -0.5139 -0.3880
vn 0.8345 -0.2127 0.5084
vn 0.6885 -0.5795 -0.4361
vn 0.8329 -0.3530 0.4263
vn 0.6165 -0.5886 -0.5230
vn 0.7644 -0.5252 0.3741
vn 0.5232 -0.6302 -0.5737
vn 0.6669 -0.6673 0.3315
vn 0.4122 -0.7278 -0.5481
vn 0.3366 -0.8908 0.3051
vn 0.2648 -0.8993 -0.3481
vn -0.0129 -0.9565 0.2914
vn 0.1483 -0.9746 -0.1677
vn 0.0008 -0.9565 0.2919
vn 0.0226 -0.9918 -0.1254
vn -0.0049 -0.9564 0.2921
vn -0.0010 -0.9915 -0.1303
vn -0.0009 -0.9565 0.2919
vn -0.0000 -0.9915 -0.1304
vn -0.0000 -0.9563 0.2923
vn -0.0110 -0.9921 -0.1253
vn 0.0009 -0.9565 0.2919
vn 0.0059 -0.9956 -0.0938
vn 0.0049 -0.9564 0.2921
vn 0.0102 -0.9922 -0.1244
vn -0.0008 -0.9565 0.2919
vn 0.0122 -0.9915 -0.1296
vn 0.0129 -0.9565 0.2914
vn -0.3438 -0.9273 -0.1480
vn -0.3366 -0.8908 0.3051
vn -0.6981 -0.6983 -0.1580
vn -0.6669 -0.6673 0.3315
vn -0.7833 -0.6013 -0.1577
vn -0.7485 -0.5747 0.3310
vn -0.8552 -0.4939 -0.1572
vn -0.8172 -0.4722 0.3304
vn -0.9124 -0.3781 -0.1568
vn -0.8721 -0.3616 0.3297
vn -0.9540 -0.2558 -0.1563
vn -0.9121 -0.2447 0.3290
vn -0.9793 -0.1292 -0.1558
vn -0.9364 -0.1236 0.3283
vn -0.9879 -0.0002 -0.1552
vn -0.9448 -0.0004 0.3276
vn -0.9795 0.1287 -0.1547
vn -0.9370 0.1230 0.3268
vn -0.9544 0.2555 -0.1542
vn -0.9132 0.2443 0.3261
vn -0.9130 0.3779 -0.1537
vn -0.8737 0.3615 0.3254
vn -0.8559 0.4939 -0.1532
vn -0.8192 0.4726 0.3247
vn -0.7814 0.6060 -0.1488
vn -0.7507 0.5757 0.3241
vn -0.6708 0.7355 -0.0955
vn -0.6693 0.6689 0.3235
vn -0.5215 0.8513 -0.0575
vn -0.5763 0.7507 0.3230
vn -0.5172 0.8430 -0.1477
vn -0.4734 0.8196 0.3226
vn -0.3824 0.8731 -0.3025
vn -0.3624 0.8745 0.3223
vn -0.2710 0.9265 -0.2612
vn -0.2451 0.9144 0.3220
vn -0.2051 0.9159 -0.3452
vn -0.1236 0.9387 0.3219
vn 0.0539 0.9291 -0.3658
vn -0.0000 0.9468 0.3218
vn 0.1851 0.8815 -0.4344
vn 0.1236 0.9387 0.3219
vn 0.3289 0.8101 -0.4853
vn 0.2451 0.9144 0.3220
vn 0.3906 0.7723 -0.5009
vn 0.3624 0.8745 0.3223
vn 0.4860 0.6981 -0.5257
vn 0.4734 0.8196 0.3226
vn 0.5836 0.6080 -0.5383
vn 0.5763 0.7507 0.3230
vn 0.5626 0.6146 -0.5529
vn 0.6693 0.6689 0.3235
vn 0.6295 0.5830 -0.5137
vn 0.7630 0.5287 0.3719
vn 0.6942 0.5766 -0.4309
vn 0.8312 0.3477 0.4338
vn 0.7692 0.5087 -0.3867
vn 0.8358 0.2100 0.5073
vn 0.9232 0.2906 -0.2513
vn 0.8036 0.1136 0.5843
vn 0.9795 0.1287 -0.1547
vn 0.7951 0.0930 0.5993
vn 0.9975 0.0001 0.0710
vn 0.9964 0.0001 -0.0850
vn 0.9973 0.0001 0.0734
vn 0.9959 0.0001 -0.0905
vn 0.9959 0.0001 0.0903
vn 0.9982 -0.0000 -0.0596
vn 0.9897 -0.1303 -0.0597
vn 0.9874 -0.1299 0.0907
vn 0.9874 -0.1299 -0.0908
vn 0.9888 -0.1301 0.0737
vn 0.9878 -0.1305 -0.0847
vn 0.9889 -0.1301 0.0713
vn 0.9647 -0.2560 -0.0616
vn 0.9601 -0.2705 0.0703
vn 0.9619 -0.2576 -0.0912
vn 0.9633 -0.2580 0.0739
vn 0.9625 -0.2578 -0.0844
vn 0.9644 -0.2536 0.0746
vn 0.9221 -0.3818 -0.0636
vn 0.9182 -0.3945 0.0369
vn 0.9200 -0.3810 -0.0915
vn 0.9214 -0.3816 0.0742
vn 0.9208 -0.3806 -0.0853
vn 0.9212 -0.3811 0.0784
vn 0.8643 -0.4989 -0.0639
vn 0.8656 -0.5002 0.0240
vn 0.8624 -0.4978 -0.0918
vn 0.8637 -0.4985 0.0744
vn 0.8629 -0.4980 -0.0863
vn 0.8613 -0.5025 0.0756
vn 0.7918 -0.6075 -0.0641
vn 0.7963 -0.6043 0.0283
vn 0.7900 -0.6061 -0.0921
vn 0.7912 -0.6070 0.0747
vn 0.7904 -0.6064 -0.0867
vn 0.7911 -0.6074 0.0725
vn 0.7057 -0.7056 -0.0642
vn 0.7164 -0.6960 0.0482
vn 0.7041 -0.7040 -0.0923
vn 0.7052 -0.7051 0.0749
vn 0.7044 -0.7045 -0.0868
vn 0.7052 -0.7053 0.0724
vn 0.3316 -0.9414 -0.0622
vn 0.3382 -0.9381 0.0748
vn 0.3289 -0.9401 -0.0898
vn 0.3306 -0.9410 0.0726
vn 0.3294 -0.9404 -0.0843
vn 0.3308 -0.9411 0.0701
vn -0.0104 -0.9986 -0.0511
vn -0.0102 -0.9972 0.0735
vn -0.0102 -0.9972 -0.0736
vn -0.0103 -0.9982 0.0596
vn -0.0102 -0.9976 -0.0691
vn -0.0102 -0.9983 0.0576
vn -0.0004 -0.9987 -0.0516
vn -0.0005 -0.9973 0.0741
vn -0.0005 -0.9972 -0.0742
vn -0.0004 -0.9982 0.0602
vn -0.0004 -0.9976 -0.0697
vn -0.0004 -0.9983 0.0582
vn -0.0046 -0.9987 -0.0514
vn -0.0045 -0.9973 0.0738
vn -0.0045 -0.9973 -0.0740
vn -0.0045 -0.9982 0.0599
vn -0.0045 -0.9976 -0.0695
vn -0.0045 -0.9983 0.0580
vn -0.0011 -0.9987 -0.0515
vn -0.0011 -0.9973 0.0740
vn -0.0011 -0.9972 -0.0741
vn -0.0011 -0.9982 0.0601
vn -0.0011 -0.9976 -0.0696
vn -0.0011 -0.9983 0.0581
vn -0.0000 -0.9987 -0.0515
vn -0.0000 -0.9973 0.0739
vn -0.0000 -0.9973 -0.0741
vn -0.0000 -0.9982 0.0600
vn -0.0000 -0.9976 -0.0696
vn -0.0000 -0.9983 0.0581
vn 0.0011 -0.9987 -0.0515
vn 0.0011 -0.9973 0.0740
vn 0.0011 -0.9972 -0.0741
vn 0.0011 -0.9982 0.0601
vn 0.0011 -0.9976 -0.0696
vn 0.0011 -0.9983 0.0581
vn 0.0046 -0.9987 -0.0514
vn 0.0045 -0.9973 0.0738
vn 0.0045 -0.9973 -0.0740
vn 0.0045 -0.9982 0.0599
vn 0.0045 -0.9976 -0.0695
vn 0.0045 -0.9983 0.0580
vn 0.0004 -0.9987 -0.0516
vn 0.0005 -0.9973 0.0741
vn 0.0005 -0.9972 -0.0742
vn 0.0004 -0.9982 0.0602
vn 0.0004 -0.9976 -0.0697
vn 0.0004 -0.9983 0.0582
vn 0.0104 -0.9986 -0.0511
vn 0.0102 -0.9972 0.0735
vn 0.0083 -0.9968 -0.0795
vn -0.0007 -0.9990 0.0453
vn 0.0105 -0.9975 -0.0693
vn 0.0103 -0.9983 0.0577
vn -0.3316 -0.9414 -0.0622
vn -0.3289 -0.9401 0.0897
vn -0.3306 -0.9371 -0.1116
vn -0.3470 -0.9375 0.0253
vn -0.3209 -0.9429 -0.0893
vn -0.3257 -0.9433 0.0645
vn -0.7057 -0.7056 -0.0642
vn -0.7042 -0.7040 0.0921
vn -0.7031 -0.7006 -0.1217
vn -0.7073 -0.7066 0.0200
vn -0.6772 -0.7291 -0.0993
vn -0.6840 -0.7282 0.0440
vn -0.7918 -0.6075 -0.0640
vn -0.7900 -0.6061 0.0919
vn -0.7860 -0.6074 -0.1149
vn -0.7855 -0.6179 0.0330
vn -0.7948 -0.5988 -0.0987
vn -0.7964 -0.6039 0.0316
vn -0.8644 -0.4984 -0.0661
vn -0.8680 -0.4907 0.0765
vn -0.8601 -0.5003 -0.0996
vn -0.8559 -0.5126 0.0678
vn -0.8806 -0.4654 -0.0894
vn -0.8800 -0.4719 0.0540
vn -0.9218 -0.3810 -0.0712
vn -0.9254 -0.3754 0.0512
vn -0.9198 -0.3836 -0.0824
vn -0.9118 -0.3948 0.1131
vn -0.9205 -0.3812 -0.0860
vn -0.9215 -0.3816 0.0718
vn -0.9633 -0.2586 -0.0722
vn -0.9623 -0.2665 0.0552
vn -0.9632 -0.2579 -0.0750
vn -0.9604 -0.2491 0.1248
vn -0.9624 -0.2578 -0.0857
vn -0.9635 -0.2581 0.0715
vn -0.9893 -0.1308 -0.0653
vn -0.9876 -0.1379 0.0746
vn -0.9881 -0.1285 -0.0849
vn -0.9893 -0.1154 0.0896
vn -0.9878 -0.1300 -0.0853
vn -0.9889 -0.1301 0.0713
vn -0.9980 0.0001 -0.0630
vn -0.9963 0.0003 0.0861
vn -0.9956 0.0001 -0.0936
vn -0.9973 -0.0030 0.0736
vn -0.9964 0.0001 -0.0850
vn -0.9975 0.0001 0.0710
vn -0.9893 0.1310 -0.0647
vn -0.9875 0.1413 0.0702
vn -0.9881 0.1287 -0.0841
vn -0.9882 0.1158 0.1007
vn -0.9879 0.1302 -0.0847
vn -0.9889 0.1303 0.0708
vn -0.9634 0.2587 -0.0703
vn -0.9614 0.2698 0.0536
vn -0.9633 0.2582 -0.0736
vn -0.9587 0.2529 0.1300
vn -0.9625 0.2580 -0.0844
vn -0.9635 0.2583 0.0705
vn -0.9219 0.3812 -0.0685
vn -0.9269 0.3720 0.0495
vn -0.9198 0.3840 -0.0807
vn -0.9118 0.3954 0.1106
vn -0.9206 0.3814 -0.0842
vn -0.9216 0.3818 0.0702
vn -0.8645 0.4986 -0.0639
vn -0.8692 0.4891 0.0721
vn -0.8593 0.5020 -0.0979
vn -0.8546 0.5156 0.0620
vn -0.8809 0.4653 -0.0872
vn -0.8802 0.4718 0.0518
vn -0.7918 0.6076 -0.0619
vn -0.7902 0.6064 0.0888
vn -0.7853 0.6084 -0.1146
vn -0.7851 0.6189 0.0256
vn -0.7956 0.5979 -0.0976
vn -0.7931 0.6086 0.0254
vn -0.7057 0.7058 -0.0617
vn -0.7043 0.7044 0.0885
vn -0.7057 0.6990 -0.1157
vn -0.7140 0.6999 0.0212
vn -0.6829 0.7223 -0.1090
vn -0.6752 0.7372 0.0258
vn -0.6076 0.7919 -0.0615
vn -0.6063 0.7903 0.0883
vn -0.6095 0.7865 -0.0992
vn -0.6193 0.7838 0.0464
vn -0.5971 0.7947 -0.1094
vn -0.5979 0.8009 0.0344
vn -0.4990 0.8644 -0.0614
vn -0.4980 0.8627 0.0881
vn -0.4981 0.8626 -0.0889
vn -0.5012 0.8627 0.0671
vn -0.4894 0.8671 -0.0930
vn -0.5098 0.8592 0.0426
vn -0.3819 0.9222 -0.0613
vn -0.3812 0.9203 0.0880
vn -0.3812 0.9203 -0.0881
vn -0.3817 0.9215 0.0715
vn -0.3812 0.9208 -0.0830
vn -0.3938 0.9172 0.0604
vn -0.2583 0.9641 -0.0612
vn -0.2578 0.9622 0.0879
vn -0.2578 0.9622 -0.0880
vn -0.2581 0.9635 0.0714
vn -0.2579 0.9626 -0.0827
vn -0.2582 0.9636 0.0691
vn -0.1303 0.9896 -0.0612
vn -0.1300 0.9876 0.0878
vn -0.1300 0.9876 -0.0880
vn -0.1302 0.9889 0.0713
vn -0.1301 0.9881 -0.0826
vn -0.1302 0.9891 0.0690
vn -0.0000 0.9981 -0.0612
vn -0.0000 0.9961 0.0878
vn -0.0000 0.9961 -0.0880
vn -0.0000 0.9975 0.0713
vn -0.0000 0.9966 -0.0826
vn -0.0000 0.9976 0.0690
vn 0.1303 0.9896 -0.0612
vn 0.1300 0.9876 0.0878
vn 0.1300 0.9876 -0.0880
vn 0.1302 0.9889 0.0713
vn 0.1301 0.9881 -0.0826
vn 0.1302 0.9891 0.0690
vn 0.2583 0.9641 -0.0612
vn 0.2578 0.9622 0.0879
vn 0.2578 0.9622 -0.0880
vn 0.2581 0.9635 0.0714
vn 0.2579 0.9626 -0.0827
vn 0.2582 0.9636 0.0691
vn 0.3819 0.9222 -0.0613
vn 0.3812 0.9203 0.0880
vn 0.3812 0.9203 -0.0881
vn 0.3817 0.9215 0.0715
vn 0.3813 0.9207 -0.0828
vn 0.3817 0.9217 0.0691
vn 0.4990 0.8644 -0.0614
vn 0.4980 0.8627 0.0881
vn 0.4980 0.8627 -0.0883
vn 0.4987 0.8638 0.0716
vn 0.4982 0.8631 -0.0829
vn 0.4988 0.8639 0.0692
vn 0.6076 0.7919 -0.0615
vn 0.6138 0.7859 0.0745
vn 0.6063 0.7903 -0.0885
vn 0.6072 0.7913 0.0717
vn 0.6066 0.7906 -0.0831
vn 0.6073 0.7915 0.0694
vn 0.7057 0.7058 -0.0617
vn 0.7158 0.6968 0.0464
vn 0.7043 0.7044 -0.0887
vn 0.7052 0.7053 0.0719
vn 0.7045 0.7048 -0.0834
vn 0.7053 0.7055 0.0696
vn 0.7918 0.6076 -0.0619
vn 0.7962 0.6045 0.0276
vn 0.7902 0.6064 -0.0890
vn 0.7912 0.6072 0.0721
vn 0.7905 0.6067 -0.0838
vn 0.7912 0.6076 0.0700
vn 0.8643 0.4991 -0.0621
vn 0.8658 0.4999 0.0230
vn 0.8625 0.4981 -0.0892
vn 0.8637 0.4988 0.0723
vn 0.8630 0.4982 -0.0839
vn 0.8613 0.5027 0.0736
vn 0.9221 0.3819 -0.0622
vn 0.9183 0.3943 0.0354
vn 0.9201 0.3812 -0.0895
vn 0.9214 0.3817 0.0726
vn 0.9208 0.3809 -0.0835
vn 0.9212 0.3813 0.0768
vn 0.9647 0.2563 -0.0608
vn 0.9602 0.2707 0.0689
vn 0.9620 0.2579 -0.0898
vn 0.9633 0.2582 0.0728
vn 0.9626 0.2580 -0.0832
vn 0.9645 0.2537 0.0736
vn 0.9897 0.1304 -0.0593
vn 0.9874 0.1301 0.0900
vn 0.9874 0.1301 -0.0902
vn 0.9888 0.1303 0.0731
vn 0.9878 0.1308 -0.0841
vn 0.9889 0.1303 0.0708
vn 0.9942 0.0017 0.1073
vn 0.9880 -0.1263 0.0889
vn 0.9718 -0.2287 0.0576
vn 0.9345 -0.3558 -0.0119
vn 0.8728 -0.4832 -0.0685
vn 0.7936 -0.6011 -0.0944
vn 0.7035 -0.7035 -0.1005
vn 0.3363 -0.9368 -0.0961
vn -0.0110 -0.9967 -0.0804
vn -0.0001 -0.9967 -0.0810
vn -0.0047 -0.9967 -0.0808
vn -0.0010 -0.9967 -0.0809
vn -0.0000 -0.9967 -0.0809
vn 0.0010 -0.9967 -0.0809
vn 0.0047 -0.9967 -0.0808
vn 0.0001 -0.9967 -0.0810
vn 0.0110 -0.9967 -0.0804
vn -0.3363 -0.9368 -0.0961
vn -0.7035 -0.7035 -0.1005
vn -0.7893 -0.6057 -0.1002
vn -0.8618 -0.4973 -0.1001
vn -0.9194 -0.3804 -0.1002
vn -0.9610 -0.2577 -0.1000
vn -0.9865 -0.1303 -0.0992
vn -0.9951 -0.0000 -0.0985
vn -0.9866 0.1303 -0.0985
vn -0.9612 0.2577 -0.0986
vn -0.9196 0.3804 -0.0981
vn -0.8620 0.4974 -0.0973
vn -0.7896 0.6059 -0.0968
vn -0.7038 0.7038 -0.0965
vn -0.6059 0.7897 -0.0963
vn -0.4977 0.8620 -0.0961
vn -0.3809 0.9196 -0.0959
vn -0.2576 0.9615 -0.0958
vn -0.1299 0.9869 -0.0958
vn -0.0000 0.9954 -0.0957
vn 0.1299 0.9869 -0.0958
vn 0.2576 0.9615 -0.0958
vn 0.3809 0.9196 -0.0959
vn 0.4977 0.8620 -0.0961
vn 0.6059 0.7897 -0.0963
vn 0.7038 0.7038 -0.0965
vn 0.7932 0.6020 -0.0920
vn 0.8730 0.4830 -0.0679
vn 0.9346 0.3556 -0.0112
vn 0.9720 0.2270 0.0612
vn 0.9875 0.1257 0.0949
vn 0.9924 -0.0001 0.1233
vn 0.9838 -0.1298 0.1236
vn 0.9520 -0.2869 0.1066
vn 0.9069 -0.4151 0.0726
vn 0.8595 -0.5079 0.0565
vn 0.7941 -0.6060 0.0468
vn 0.7366 -0.6734 0.0627
vn 0.3647 -0.9253 0.1036
vn -0.0112 -0.9948 0.1008
vn -0.0000 -0.9948 0.1016
vn -0.0047 -0.9948 0.1013
vn -0.0010 -0.9948 0.1015
vn -0.0000 -0.9948 0.1014
vn 0.0010 -0.9948 0.1015
vn 0.0047 -0.9948 0.1013
vn -0.0161 -0.9958 0.0906
vn -0.3520 -0.9315 0.0917
vn -0.6934 -0.7130 0.1040
vn -0.7835 -0.6108 0.1146
vn -0.8645 -0.4895 0.1140
vn -0.9273 -0.3623 0.0936
vn -0.9592 -0.2688 0.0871
vn -0.9813 -0.1560 0.1129
vn -0.9903 -0.0205 0.1375
vn -0.9794 0.1403 0.1455
vn -0.9462 0.2902 0.1429
vn -0.9165 0.3819 0.1194
vn -0.8638 0.4905 0.1151
vn -0.7848 0.6095 0.1121
vn -0.7021 0.7039 0.1081
vn -0.6094 0.7852 0.1099
vn -0.5034 0.8562 0.1165
vn -0.3799 0.9172 0.1200
vn -0.2570 0.9590 0.1199
vn -0.1296 0.9843 0.1198
vn -0.0000 0.9928 0.1198
vn 0.1296 0.9843 0.1198
vn 0.2570 0.9590 0.1199
vn 0.3799 0.9172 0.1200
vn 0.4964 0.8597 0.1202
vn 0.6264 0.7723 0.1057
vn 0.7353 0.6750 0.0613
vn 0.7949 0.6050 0.0458
vn 0.8602 0.5069 0.0547
vn 0.9073 0.4146 0.0707
vn 0.9523 0.2866 0.1049
vn 0.9839 0.1296 0.1227
vn 0.9837 -0.1346 -0.1193
vn 0.9616 -0.2447 -0.1245
vn 0.9155 -0.3794 -0.1338
vn 0.8483 -0.5162 -0.1179
vn 0.7831 -0.6146 -0.0949
vn 0.6949 -0.7148 -0.0782
vn 0.3606 -0.9302 -0.0689
vn 0.0207 -0.9963 -0.0829
vn -0.0000 -0.9948 -0.1018
vn -0.0047 -0.9948 -0.1015
vn -0.0010 -0.9948 -0.1017
vn -0.0000 -0.9948 -0.1016
vn 0.0010 -0.9948 -0.1017
vn 0.0047 -0.9948 -0.1015
vn 0.0109 -0.9948 -0.1014
vn -0.3379 -0.9334 -0.1204
vn -0.7023 -0.7009 -0.1247
vn -0.7867 -0.6048 -0.1237
vn -0.8586 -0.4972 -0.1250
vn -0.9156 -0.3820 -0.1259
vn -0.9476 -0.2837 -0.1468
vn -0.9630 -0.1774 -0.2028
vn -0.9709 -0.0005 -0.2396
vn -0.9631 0.1771 -0.2025
vn -0.9477 0.2840 -0.1454
vn -0.9158 0.3822 -0.1234
vn -0.8584 0.4980 -0.1231
vn -0.7863 0.6054 -0.1237
vn -0.7032 0.7001 -0.1237
vn -0.6056 0.7863 -0.1220
vn -0.4964 0.8597 -0.1205
vn -0.3799 0.9172 -0.1203
vn -0.2570 0.9589 -0.1201
vn -0.1296 0.9843 -0.1200
vn -0.0000 0.9928 -0.1200
vn 0.1296 0.9843 -0.1200
vn 0.2570 0.9589 -0.1201
vn 0.3799 0.9172 -0.1203
vn 0.5052 0.8555 -0.1135
vn 0.6156 0.7819 -0.0982
vn 0.7047 0.7038 -0.0898
vn 0.7854 0.6117 -0.0946
vn 0.8491 0.5155 -0.1151
vn 0.9159 0.3794 -0.1313
vn 0.9618 0.2446 -0.1229
vn 0.9838 0.1344 -0.1184
vn 0.9925 -0.0001 -0.1224
vn 0.9948 -0.0001 0.1021
vn 0.9862 -0.1299 0.1025
vn 0.9608 -0.2575 0.1029
vn 0.9189 -0.3807 0.1032
vn 0.8580 -0.5040 0.0988
vn 0.7852 -0.6127 0.0897
vn 0.7095 -0.6990 0.0895
vn 0.3451 -0.9338 0.0940
vn -0.0111 -0.9965 0.0834
vn -0.0001 -0.9965 0.0840
vn -0.0047 -0.9965 0.0838
vn -0.0010 -0.9965 0.0839
vn -0.0000 -0.9965 0.0839
vn 0.0010 -0.9965 0.0839
vn 0.0059 -0.9964 0.0845
vn -0.0000 -0.9963 0.0856
vn -0.0086 -0.9968 0.0796
vn -0.3519 -0.9315 0.0926
vn -0.6920 -0.7130 0.1133
vn -0.7740 -0.6203 0.1274
vn -0.8424 -0.5205 0.1394
vn -0.9103 -0.3858 0.1499
vn -0.9694 -0.2130 0.1224
vn -0.9931 -0.0933 0.0709
vn -0.9977 -0.0079 0.0669
vn -0.9921 0.0830 0.0944
vn -0.9655 0.2201 0.1393
vn -0.9051 0.3962 0.1543
vn -0.8400 0.5258 0.1339
vn -0.7721 0.6231 0.1250
vn -0.7014 0.7044 0.1095
vn -0.6176 0.7806 0.0965
vn -0.5079 0.8550 0.1051
vn -0.3796 0.9184 0.1115
vn -0.2496 0.9626 0.1056
vn -0.1290 0.9866 0.0998
vn -0.0000 0.9951 0.0992
vn 0.1299 0.9866 0.0992
vn 0.2576 0.9611 0.0993
vn 0.3808 0.9193 0.0994
vn 0.4975 0.8617 0.0996
vn 0.6121 0.7851 0.0950
vn 0.7096 0.6993 0.0860
vn 0.7857 0.6125 0.0865
vn 0.8584 0.5040 0.0960
vn 0.9192 0.3807 0.1010
vn 0.9610 0.2574 0.1014
vn 0.9863 0.1298 0.1017
vn 0.9847 -0.1379 -0.1066
vn 0.9601 -0.2618 -0.0980
vn 0.9222 -0.3732 -0.1013
vn 0.8655 -0.4877 -0.1143
vn 0.7886 -0.6022 -0.1241
vn 0.6975 -0.7062 -0.1216
vn 0.3354 -0.9356 -0.1101
vn -0.0113 -0.9958 -0.0911
vn -0.0000 -0.9958 -0.0918
vn -0.0046 -0.9958 -0.0916
vn -0.0010 -0.9958 -0.0918
vn -0.0000 -0.9958 -0.0917
vn 0.0010 -0.9958 -0.0918
vn 0.0047 -0.9958 -0.0916
vn 0.0013 -0.9957 -0.0927
vn 0.0280 -0.9943 -0.1025
vn -0.3108 -0.9389 -0.1478
vn -0.6961 -0.7035 -0.1437
vn -0.8031 -0.5854 -0.1109
vn -0.8732 -0.4758 -0.1058
vn -0.9215 -0.3733 -0.1069
vn -0.9648 -0.2461 -0.0929
vn -0.9893 -0.1221 -0.0800
vn -0.9973 0.0019 -0.0735
vn -0.9896 0.1219 -0.0770
vn -0.9655 0.2443 -0.0905
vn -0.9217 0.3735 -0.1046
vn -0.8735 0.4758 -0.1027
vn -0.8093 0.5763 -0.1131
vn -0.7173 0.6767 -0.1661
vn -0.5719 0.7994 -0.1839
vn -0.4508 0.8818 -0.1383
vn -0.3779 0.9192 -0.1104
vn -0.2573 0.9602 -0.1084
vn -0.1298 0.9856 -0.1084
vn -0.0000 0.9941 -0.1083
vn 0.1390 0.9851 -0.1015
vn 0.2673 0.9596 -0.0884
vn 0.3737 0.9234 -0.0875
vn 0.4890 0.8665 -0.1000
vn 0.6024 0.7906 -0.1099
vn 0.6979 0.7065 -0.1171
vn 0.7890 0.6025 -0.1203
vn 0.8660 0.4876 -0.1110
vn 0.9223 0.3735 -0.0987
vn 0.9602 0.2620 -0.0967
vn 0.9848 0.1375 -0.1059
vn 0.9938 -0.0001 -0.1115
vn 0.9871 -0.1300 0.0929
vn 0.9633 -0.2532 0.0894
vn 0.9071 -0.4178 0.0520
vn 0.8386 -0.5438 -0.0318
vn 0.7689 -0.6285 -0.1172
vn 0.6739 -0.7142 -0.1889
vn 0.3751 -0.9094 -0.1795
vn 0.0701 -0.9948 -0.0735
vn 0.0279 -0.9986 0.0449
vn -0.0006 -0.9973 0.0730
vn -0.0010 -0.9971 0.0761
vn -0.0001 -0.9971 0.0760
vn -0.0005 -0.9972 0.0748
vn 0.0048 -0.9973 0.0735
vn 0.0016 -0.9972 0.0750
vn 0.0112 -0.9971 0.0756
vn -0.3365 -0.9375 0.0888
vn -0.6977 -0.7113 0.0856
vn -0.7917 -0.6056 0.0799
vn -0.8675 -0.4898 0.0871
vn -0.9198 -0.3811 0.0936
vn -0.9617 -0.2577 0.0932
vn -0.9871 -0.1300 0.0929
vn -0.9957 -0.0001 0.0926
vn -0.9872 0.1299 0.0922
vn -0.9619 0.2577 0.0919
vn -0.9200 0.3810 0.0916
vn -0.8677 0.4898 0.0845
vn -0.7858 0.6136 0.0771
vn -0.6722 0.7365 0.0758
vn -0.5765 0.8151 0.0579
vn -0.5272 0.8484 0.0476
vn -0.4077 0.9121 0.0424
vn -0.2633 0.9637 0.0448
vn -0.1522 0.9860 0.0680
vn 0.0053 0.9967 0.0811
vn 0.1396 0.9879 0.0679
vn 0.2809 0.9591 0.0364
vn 0.3990 0.9169 -0.0069
vn 0.5211 0.8517 -0.0562
vn 0.6271 0.7693 -0.1224
vn 0.6917 0.7072 -0.1465
vn 0.7743 0.6242 -0.1045
vn 0.8399 0.5419 -0.0294
vn 0.9077 0.4166 0.0509
vn 0.9634 0.2531 0.0880
vn 0.9872 0.1299 0.0922
vn 0.9957 -0.0001 0.0926
vn 0.9994 -0.0001 -0.0337
vn 0.9995 -0.0001 0.0329
vn 0.9902 -0.1362 0.0299
vn 0.9895 -0.1406 -0.0326
vn 0.9606 -0.2746 0.0435
vn 0.9692 -0.2450 -0.0244
vn 0.9089 -0.4122 0.0631
vn 0.9196 -0.3923 -0.0204
vn 0.8439 -0.5335 0.0567
vn 0.8384 -0.5450 -0.0024
vn 0.7814 -0.6231 0.0333
vn 0.7768 -0.6297 0.0108
vn 0.7308 -0.6826 0.0094
vn 0.7026 -0.7115 0.0046
vn 0.3969 -0.9178 -0.0066
vn 0.4056 -0.9139 -0.0163
vn 0.0227 -0.9997 0.0106
vn 0.0558 -0.9982 -0.0235
vn -0.0000 -0.9996 0.0276
vn -0.0000 -0.9996 -0.0277
vn -0.0047 -0.9996 0.0276
vn -0.0047 -0.9996 -0.0276
vn -0.0010 -0.9996 0.0276
vn -0.0010 -0.9996 -0.0277
vn 0.0010 -0.9996 0.0276
vn 0.0010 -0.9996 -0.0277
vn 0.0047 -0.9996 0.0276
vn 0.0047 -0.9996 -0.0276
vn 0.0001 -0.9996 0.0277
vn 0.0001 -0.9996 -0.0277
vn -0.0445 -0.9985 0.0308
vn -0.0161 -0.9998 -0.0140
vn -0.3688 -0.9288 0.0368
vn -0.3515 -0.9362 -0.0013
vn -0.6878 -0.7249 0.0383
vn -0.6978 -0.7162 -0.0098
vn -0.7835 -0.6202 0.0370
vn -0.7882 -0.6150 -0.0223
vn -0.8620 -0.5054 0.0378
vn -0.8621 -0.5059 -0.0300
vn -0.9306 -0.3634 0.0441
vn -0.9254 -0.3780 -0.0283
vn -0.9553 -0.2889 0.0621
vn -0.9497 -0.3120 -0.0258
vn -0.9726 -0.2102 0.0994
vn -0.9694 -0.2411 -0.0454
vn -0.9913 -0.0428 0.1244
vn -0.9971 -0.0228 -0.0727
vn -0.9804 0.1675 0.1042
vn -0.9734 0.2127 -0.0851
vn -0.9458 0.3189 0.0616
vn -0.9435 0.3227 -0.0756
vn -0.9113 0.4090 0.0469
vn -0.9139 0.4021 -0.0551
vn -0.8542 0.5186 0.0369
vn -0.8574 0.5134 -0.0353
vn -0.7855 0.6178 0.0356
vn -0.7892 0.6137 -0.0231
vn -0.7049 0.7085 0.0356
vn -0.7064 0.7075 -0.0186
vn -0.6171 0.7861 0.0356
vn -0.6134 0.7895 -0.0204
vn -0.5133 0.8576 0.0334
vn -0.5067 0.8617 -0.0281
vn -0.3825 0.9234 0.0328
vn -0.3825 0.9234 -0.0329
vn -0.2587 0.9654 0.0327
vn -0.2587 0.9654 -0.0328
vn -0.1305 0.9909 0.0327
vn -0.1305 0.9909 -0.0328
vn -0.0000 0.9995 0.0327
vn -0.0000 0.9995 -0.0328
vn 0.1305 0.9909 0.0327
vn 0.1305 0.9909 -0.0328
vn 0.2587 0.9654 0.0327
vn 0.2587 0.9654 -0.0328
vn 0.3825 0.9234 0.0328
vn 0.3825 0.9234 -0.0329
vn 0.5080 0.8609 0.0272
vn 0.5162 0.8559 -0.0318
vn 0.6461 0.7630 0.0185
vn 0.6395 0.7685 -0.0193
vn 0.7383 0.6741 0.0221
vn 0.7207 0.6933 0.0022
vn 0.7849 0.6186 0.0348
vn 0.7816 0.6237 0.0099
vn 0.8450 0.5319 0.0557
vn 0.8395 0.5433 -0.0023
vn 0.9093 0.4115 0.0622
vn 0.9199 0.3917 -0.0200
vn 0.9606 0.2745 0.0429
vn 0.9692 0.2451 -0.0240
vn 0.9903 0.1360 0.0297
vn 0.9896 0.1404 -0.0324
vn 0.9997 -0.0000 -0.0247
vn 0.9995 -0.0000 0.0316
vn 0.9902 -0.1369 0.0287
vn 0.9892 -0.1444 -0.0237
vn 0.9647 -0.2623 0.0238
vn 0.9637 -0.2663 -0.0193
vn 0.9260 -0.3766 0.0252
vn 0.9289 -0.3697 -0.0202
vn 0.8628 -0.5046 0.0320
vn 0.8720 -0.4889 -0.0224
vn 0.7851 -0.6184 0.0353
vn 0.7913 -0.6111 -0.0180
vn 0.7125 -0.7008 0.0334
vn 0.7037 -0.7103 -0.0169
vn 0.3508 -0.9360 0.0310
vn 0.3412 -0.9398 -0.0208
vn -0.0110 -0.9996 0.0257
vn -0.0112 -0.9997 -0.0201
vn -0.0001 -0.9997 0.0259
vn -0.0001 -0.9998 -0.0202
vn -0.0046 -0.9997 0.0259
vn -0.0045 -0.9998 -0.0202
vn -0.0010 -0.9997 0.0259
vn -0.0010 -0.9998 -0.0203
vn -0.0000 -0.9997 0.0259
vn -0.0000 -0.9998 -0.0203
vn 0.0010 -0.9997 0.0259
vn 0.0010 -0.9998 -0.0203
vn 0.0072 -0.9996 0.0261
vn 0.0059 -0.9998 -0.0208
vn 0.0012 -0.9996 0.0269
vn 0.0027 -0.9998 -0.0217
vn 0.0165 -0.9991 0.0382
vn 0.0435 -0.9988 -0.0247
vn -0.3150 -0.9464 0.0716
vn -0.3096 -0.9500 -0.0401
vn -0.6973 -0.7125 0.0784
vn -0.7145 -0.6981 -0.0467
vn -0.7924 -0.6069 0.0613
vn -0.8119 -0.5821 -0.0451
vn -0.8566 -0.5141 0.0452
vn -0.8692 -0.4920 -0.0488
vn -0.9337 -0.3572 0.0239
vn -0.9330 -0.3570 -0.0444
vn -0.9838 -0.1791 0.0004
vn -0.9790 -0.2030 -0.0177
vn -0.9964 -0.0853 -0.0021
vn -0.9949 -0.1003 0.0095
vn -1.0000 -0.0058 -0.0032
vn -0.9999 0.0007 0.0158
vn -0.9980 0.0631 -0.0063
vn -0.9961 0.0887 -0.0007
vn -0.9828 0.1849 0.0003
vn -0.9785 0.2036 -0.0313
vn -0.9257 0.3773 0.0252
vn -0.9295 0.3656 -0.0486
vn -0.8548 0.5169 0.0470
vn -0.8693 0.4919 -0.0481
vn -0.7950 0.6025 0.0706
vn -0.8213 0.5687 -0.0449
vn -0.7117 0.6960 0.0949
vn -0.7415 0.6695 -0.0445
vn -0.5868 0.8054 0.0839
vn -0.5724 0.8191 -0.0382
vn -0.4872 0.8718 0.0510
vn -0.4430 0.8960 -0.0316
vn -0.3790 0.9247 0.0351
vn -0.3773 0.9255 -0.0334
vn -0.2433 0.9694 0.0324
vn -0.2510 0.9676 -0.0287
vn -0.1287 0.9912 0.0309
vn -0.1296 0.9913 -0.0244
vn -0.0000 0.9995 0.0307
vn -0.0000 0.9997 -0.0240
vn 0.1392 0.9899 0.0265
vn 0.1483 0.9887 -0.0218
vn 0.2678 0.9633 0.0173
vn 0.2770 0.9607 -0.0168
vn 0.3754 0.9267 0.0166
vn 0.3679 0.9297 -0.0170
vn 0.4918 0.8704 0.0255
vn 0.4834 0.8752 -0.0207
vn 0.6179 0.7857 0.0305
vn 0.6092 0.7927 -0.0212
vn 0.7124 0.7011 0.0322
vn 0.7036 0.7104 -0.0163
vn 0.7855 0.6179 0.0343
vn 0.7916 0.6108 -0.0175
vn 0.8631 0.5041 0.0310
vn 0.8724 0.4883 -0.0217
vn 0.9259 0.3769 0.0244
vn 0.9287 0.3704 -0.0196
vn 0.9646 0.2625 0.0235
vn 0.9635 0.2669 -0.0191
vn 0.9902 0.1365 0.0286
vn 0.9893 0.1437 -0.0236
vn 0.5439 0.0015 -0.8391
vn 0.5314 -0.0814 -0.8432
vn 0.4369 -0.1896 -0.8793
vn 0.2583 -0.3237 -0.9102
vn 0.2874 -0.3565 -0.8890
vn 0.3556 -0.4000 -0.8447
vn 0.3470 -0.4516 -0.8220
vn 0.3613 -0.4807 -0.7990
vn 0.3113 -0.5266 -0.7911
vn 0.1806 -0.5083 -0.8420
vn 0.0178 -0.3858 -0.9224
vn -0.0144 -0.2926 -0.9561
vn 0.0006 -0.2569 -0.9664
vn -0.0067 -0.3104 -0.9506
vn 0.0253 -0.3977 -0.9172
vn 0.0469 -0.4638 -0.8847
vn 0.0334 -0.4893 -0.8715
vn -0.1712 -0.5751 -0.8000
vn -0.3672 -0.3668 -0.8548
vn -0.4121 -0.3159 -0.8546
vn -0.4501 -0.2595 -0.8545
vn -0.4803 -0.1986 -0.8543
vn -0.5024 -0.1342 -0.8541
vn -0.5159 -0.0675 -0.8540
vn -0.5206 0.0004 -0.8538
vn -0.5164 0.0684 -0.8536
vn -0.5033 0.1353 -0.8534
vn -0.4816 0.1999 -0.8533
vn -0.4517 0.2612 -0.8531
vn -0.4139 0.3180 -0.8530
vn -0.3800 0.4287 -0.8197
vn -0.2753 0.5668 -0.7765
vn -0.2552 0.4560 -0.8526
vn -0.1902 0.4566 -0.8691
vn -0.1779 0.4273 -0.8864
vn -0.1513 0.3916 -0.9076
vn 0.0724 0.3451 -0.9358
vn 0.1199 0.2780 -0.9531
vn 0.1872 0.2646 -0.9460
vn 0.1906 0.3107 -0.9312
vn 0.2786 0.3500 -0.8944
vn 0.3830 0.3414 -0.8584
vn 0.3485 0.4129 -0.8414
vn 0.3555 0.3913 -0.8488
vn 0.2952 0.3576 -0.8860
vn 0.2588 0.3214 -0.9109
vn 0.4339 0.1905 -0.8806
vn 0.5314 0.0820 -0.8432
vn -0.1342 0.0024 -0.9910
vn -0.1398 -0.0038 -0.9902
vn -0.1370 0.0072 -0.9905
vn -0.0989 -0.0014 -0.9951
vn -0.0202 -0.0354 -0.9992
vn 0.0339 -0.0765 -0.9965
vn 0.0662 -0.0970 -0.9931
vn 0.0716 -0.0555 -0.9959
vn 0.0509 0.0696 -0.9963
vn 0.0006 0.2554 -0.9668
vn -0.0179 0.3644 -0.9311
vn -0.0066 0.4226 -0.9063
vn 0.0002 0.4316 -0.9021
vn 0.0056 0.4202 -0.9074
vn 0.0192 0.3573 -0.9338
vn 0.0348 0.2773 -0.9601
vn 0.0457 0.2031 -0.9781
vn 0.0712 0.1400 -0.9876
vn 0.1030 0.1030 -0.9893
vn 0.1167 0.0856 -0.9895
vn 0.1260 0.0673 -0.9897
vn 0.1309 0.0536 -0.9899
vn 0.1365 0.0359 -0.9900
vn 0.1401 0.0165 -0.9900
vn 0.1411 0.0007 -0.9900
vn 0.1412 -0.0167 -0.9898
vn 0.1381 -0.0372 -0.9897
vn 0.1333 -0.0543 -0.9896
vn 0.1287 -0.0690 -0.9893
vn 0.1195 -0.0884 -0.9889
vn 0.1064 -0.1040 -0.9889
vn 0.0976 -0.0900 -0.9911
vn 0.0575 -0.0863 -0.9946
vn 0.0477 -0.0838 -0.9953
vn 0.0176 -0.1034 -0.9945
vn -0.0127 -0.1321 -0.9912
vn 0.0190 -0.1301 -0.9913
vn 0.0144 -0.1017 -0.9947
vn 0.0048 -0.0752 -0.9972
vn 0.0119 0.0010 -0.9999
vn 0.0323 0.0147 -0.9994
vn 0.0587 0.0326 -0.9977
vn 0.0582 0.0888 -0.9943
vn 0.0279 0.0741 -0.9969
vn -0.0173 0.0415 -0.9990
vn -0.0951 0.0031 -0.9955
vn -0.1365 -0.0095 -0.9906
vn -0.1406 0.0042 -0.9901
vn -0.1359 0.0015 -0.9907
vn -0.1320 0.0062 -0.9912
vn -0.1142 0.0347 -0.9929
vn -0.0876 0.0719 -0.9936
vn -0.0694 0.0765 -0.9947
vn -0.0600 0.0678 -0.9959
vn -0.0612 0.0685 -0.9958
vn -0.0481 0.0769 -0.9959
vn -0.0413 0.0806 -0.9959
vn -0.0401 0.0884 -0.9953
vn -0.0389 0.0991 -0.9943
vn -0.0304 0.1137 -0.9930
vn -0.0152 0.1243 -0.9921
vn 0.0021 0.1281 -0.9918
vn 0.0140 0.1267 -0.9918
vn 0.0259 0.1225 -0.9921
vn 0.0424 0.1141 -0.9926
vn 0.0639 0.1001 -0.9929
vn 0.0832 0.0832 -0.9930
vn 0.0983 0.0654 -0.9930
vn 0.1069 0.0473 -0.9931
vn 0.1079 0.0431 -0.9932
vn 0.1126 0.0284 -0.9932
vn 0.1161 0.0099 -0.9932
vn 0.1165 0.0021 -0.9932
vn 0.1163 -0.0099 -0.9932
vn 0.1128 -0.0306 -0.9931
vn 0.1093 -0.0425 -0.9931
vn 0.1080 -0.0480 -0.9930
vn 0.0988 -0.0673 -0.9928
vn 0.0846 -0.0846 -0.9928
vn 0.0729 -0.0950 -0.9928
vn 0.0599 -0.1038 -0.9928
vn 0.0459 -0.1108 -0.9928
vn 0.0303 -0.1163 -0.9928
vn 0.0158 -0.1197 -0.9927
vn 0.0009 -0.1202 -0.9927
vn -0.0125 -0.1185 -0.9929
vn -0.0295 -0.1134 -0.9931
vn -0.0468 -0.1083 -0.9930
vn -0.0580 -0.1028 -0.9930
vn -0.0720 -0.0929 -0.9931
vn -0.0897 -0.0769 -0.9930
vn -0.1004 -0.0605 -0.9931
vn -0.1022 -0.0572 -0.9931
vn -0.1038 -0.0562 -0.9930
vn -0.1182 -0.0294 -0.9926
vn -0.1317 -0.0035 -0.9913
vn -0.0596 0.0093 -0.9982
vn -0.0582 0.0187 -0.9981
vn -0.0508 0.0379 -0.9980
vn -0.0373 0.0557 -0.9978
vn -0.0244 0.0564 -0.9981
vn -0.0163 0.0457 -0.9988
vn -0.0140 0.0336 -0.9993
vn -0.0163 0.0272 -0.9995
vn -0.0250 0.0243 -0.9994
vn -0.0345 0.0282 -0.9990
vn -0.0386 0.0385 -0.9985
vn -0.0346 0.0524 -0.9980
vn -0.0214 0.0623 -0.9978
vn -0.0078 0.0667 -0.9977
vn -0.0001 0.0657 -0.9978
vn 0.0057 0.0652 -0.9979
vn 0.0130 0.0611 -0.9980
vn 0.0243 0.0563 -0.9981
vn 0.0318 0.0470 -0.9984
vn 0.0400 0.0380 -0.9985
vn 0.0469 0.0308 -0.9984
vn 0.0480 0.0307 -0.9984
vn 0.0502 0.0231 -0.9985
vn 0.0531 0.0136 -0.9985
vn 0.0535 0.0108 -0.9985
vn 0.0526 0.0052 -0.9986
vn 0.0500 -0.0060 -0.9987
vn 0.0487 -0.0115 -0.9987
vn 0.0470 -0.0121 -0.9988
vn 0.0399 -0.0204 -0.9990
vn 0.0324 -0.0290 -0.9991
vn 0.0271 -0.0337 -0.9991
vn 0.0212 -0.0377 -0.9991
vn 0.0149 -0.0408 -0.9991
vn 0.0081 -0.0431 -0.9990
vn 0.0012 -0.0445 -0.9990
vn -0.0059 -0.0450 -0.9990
vn -0.0130 -0.0445 -0.9989
vn -0.0200 -0.0431 -0.9989
vn -0.0267 -0.0408 -0.9988
vn -0.0330 -0.0376 -0.9987
vn -0.0389 -0.0337 -0.9987
vn -0.0482 -0.0255 -0.9985
vn -0.0558 -0.0193 -0.9983
vn -0.0566 -0.0196 -0.9982
vn -0.0558 -0.0196 -0.9982
vn -0.0570 -0.0102 -0.9983
vn -0.0592 0.0023 -0.9982
vn 0.3171 -0.0387 0.9476
vn 0.3609 0.0116 0.9325
vn 0.2840 0.0142 0.9587
vn 0.2669 0.0247 0.9634
vn 0.2721 -0.0212 0.9620
vn 0.2773 -0.1437 0.9500
vn 0.2221 -0.2216 0.9495
vn 0.0951 -0.3950 0.9137
vn -0.0273 -0.2967 0.9546
vn -0.0282 -0.2512 0.9675
vn -0.0198 -0.1663 0.9859
vn -0.0140 -0.1058 0.9943
vn -0.0000 -0.0703 0.9975
vn 0.0140 -0.1058 0.9943
vn 0.0198 -0.1663 0.9859
vn 0.0282 -0.2512 0.9675
vn 0.0273 -0.2967 0.9546
vn -0.0951 -0.3950 0.9137
vn -0.2221 -0.2216 0.9495
vn -0.2495 -0.1909 0.9494
vn -0.2727 -0.1569 0.9492
vn -0.2913 -0.1202 0.9491
vn -0.3050 -0.0812 0.9489
vn -0.3135 -0.0408 0.9487
vn -0.3167 0.0005 0.9485
vn -0.3145 0.0419 0.9483
vn -0.3069 0.0827 0.9481
vn -0.2940 0.1223 0.9480
vn -0.2759 0.1598 0.9478
vn -0.2531 0.1947 0.9476
vn -0.2258 0.2264 0.9475
vn -0.1946 0.2542 0.9474
vn -0.1600 0.2776 0.9473
vn -0.1225 0.2964 0.9472
vn -0.0829 0.3100 0.9471
vn -0.0418 0.3182 0.9471
vn -0.0000 0.3210 0.9471
vn 0.0418 0.3182 0.9471
vn 0.0829 0.3100 0.9471
vn 0.1225 0.2964 0.9472
vn 0.1600 0.2776 0.9473
vn 0.1946 0.2542 0.9474
vn 0.2258 0.2264 0.9475
vn 0.2721 0.1476 0.9509
vn 0.2682 0.0164 0.9632
vn 0.2644 -0.0285 0.9640
vn 0.2853 -0.0212 0.9582
vn 0.3130 0.0390 0.9490
vn -0.0263 -0.0027 0.9997
vn -0.0020 0.0069 1.0000
vn -0.0531 0.0364 0.9979
vn -0.0725 0.0687 0.9950
vn -0.1124 0.0871 0.9898
vn -0.1221 0.1059 0.9868
vn -0.1065 0.1207 0.9870
vn -0.0672 0.1631 0.9843
vn -0.0481 0.2156 0.9753
vn -0.0373 0.3028 0.9523
vn -0.0224 0.3722 0.9279
vn -0.0089 0.4293 0.9031
vn -0.0000 0.4381 0.8989
vn 0.0089 0.4293 0.9031
vn 0.0223 0.3723 0.9278
vn 0.0349 0.3050 0.9517
vn 0.0433 0.2229 0.9739
vn 0.0691 0.1676 0.9834
vn 0.1138 0.1193 0.9863
vn 0.1323 0.1020 0.9859
vn 0.1452 0.0837 0.9858
vn 0.1553 0.0642 0.9858
vn 0.1629 0.0436 0.9857
vn 0.1677 0.0220 0.9856
vn 0.1697 -0.0001 0.9855
vn 0.1687 -0.0223 0.9854
vn 0.1648 -0.0444 0.9853
vn 0.1580 -0.0656 0.9853
vn 0.1485 -0.0859 0.9852
vn 0.1360 -0.1050 0.9851
vn 0.1184 -0.1231 0.9853
vn 0.1029 -0.1354 0.9854
vn 0.0883 -0.1463 0.9853
vn 0.0674 -0.1590 0.9850
vn 0.0449 -0.1675 0.9848
vn 0.0226 -0.1721 0.9848
vn -0.0000 -0.1736 0.9848
vn -0.0226 -0.1721 0.9848
vn -0.0449 -0.1675 0.9848
vn -0.0675 -0.1588 0.9850
vn -0.0910 -0.1426 0.9856
vn -0.1029 -0.1308 0.9861
vn -0.1130 -0.1237 0.9859
vn -0.1268 -0.1087 0.9860
vn -0.1164 -0.0900 0.9891
vn -0.0749 -0.0702 0.9947
vn -0.0507 -0.0403 0.9979
vn -0.0252 0.0025 0.9997
vn -0.1259 0.0205 0.9918
vn -0.1291 -0.0016 0.9916
vn -0.1142 0.0487 0.9923
vn -0.1016 0.0629 0.9928
vn -0.0972 0.0607 0.9934
vn -0.0931 0.0681 0.9933
vn -0.0787 0.0919 0.9927
vn -0.0634 0.1081 0.9921
vn -0.0681 0.1164 0.9909
vn -0.0466 0.1281 0.9907
vn -0.0161 0.1428 0.9896
vn -0.0071 0.1439 0.9896
vn 0.0002 0.1454 0.9894
vn 0.0073 0.1438 0.9896
vn 0.0163 0.1423 0.9897
vn 0.0455 0.1274 0.9908
vn 0.0886 0.0707 0.9936
vn 0.0387 0.0663 0.9970
vn 0.0165 0.0795 0.9967
vn 0.0672 0.0868 0.9940
vn 0.1085 0.0640 0.9920
vn 0.1176 0.0486 0.9919
vn 0.1222 0.0337 0.9919
vn 0.1253 0.0165 0.9920
vn 0.1293 0.0001 0.9916
vn 0.1252 -0.0167 0.9920
vn 0.1240 -0.0345 0.9917
vn 0.1195 -0.0490 0.9916
vn 0.1083 -0.0667 0.9919
vn 0.0640 -0.0856 0.9943
vn 0.0332 -0.0730 0.9968
vn 0.0768 -0.0529 0.9956
vn 0.1073 -0.0737 0.9915
vn 0.0544 -0.1208 0.9912
vn 0.0346 -0.1283 0.9911
vn 0.0174 -0.1318 0.9911
vn -0.0000 -0.1330 0.9911
vn -0.0174 -0.1318 0.9911
vn -0.0344 -0.1284 0.9911
vn -0.0549 -0.1206 0.9912
vn -0.0838 -0.1033 0.9911
vn -0.0892 -0.0979 0.9912
vn -0.0859 -0.0922 0.9920
vn -0.0995 -0.0653 0.9929
vn -0.1024 -0.0523 0.9934
vn -0.1014 -0.0573 0.9932
vn -0.1101 -0.0527 0.9925
vn -0.1227 -0.0270 0.9921
vn -0.0527 0.0167 0.9985
vn -0.0550 -0.0009 0.9985
vn -0.0425 0.0356 0.9985
vn -0.0303 0.0426 0.9986
vn -0.0288 0.0339 0.9990
vn -0.0334 0.0318 0.9989
vn -0.0328 0.0502 0.9982
vn -0.0319 0.0770 0.9965
vn -0.0245 0.0713 0.9972
vn -0.0080 0.0770 0.9970
vn 0.0103 0.0790 0.9968
vn 0.0146 0.0821 0.9965
vn 0.0192 0.0800 0.9966
vn 0.0211 0.0805 0.9965
vn 0.0266 0.0860 0.9959
vn 0.0367 0.0741 0.9966
vn 0.0736 0.0488 0.9961
vn 0.0515 0.0029 0.9987
vn -0.0146 0.0535 0.9985
vn 0.0523 0.0472 0.9975
vn 0.0756 0.0354 0.9965
vn 0.0869 0.0306 0.9957
vn 0.0858 0.0203 0.9961
vn 0.0868 0.0099 0.9962
vn 0.0863 0.0017 0.9963
vn 0.0875 -0.0073 0.9961
vn 0.0882 -0.0185 0.9959
vn 0.0890 -0.0287 0.9956
vn 0.0753 -0.0336 0.9966
vn 0.0473 -0.0511 0.9976
vn -0.0044 -0.0365 0.9993
vn 0.0983 0.0057 0.9951
vn 0.0692 -0.0474 0.9965
vn 0.0479 -0.0698 0.9964
vn 0.0365 -0.0678 0.9970
vn 0.0279 -0.0695 0.9972
vn 0.0182 -0.0731 0.9972
vn 0.0084 -0.0725 0.9973
vn -0.0012 -0.0706 0.9975
vn -0.0134 -0.0666 0.9977
vn -0.0328 -0.0590 0.9977
vn -0.0394 -0.0573 0.9976
vn -0.0368 -0.0478 0.9982
vn -0.0392 -0.0247 0.9989
vn -0.0338 -0.0205 0.9992
vn -0.0296 -0.0327 0.9990
vn -0.0374 -0.0358 0.9987
vn -0.0497 -0.0208 0.9985
vt 0.196880 0.632233
vt 0.220230 0.630187
vt 0.224058 0.666923
vt 0.199181 0.669266
vt 0.230460 0.703778
vt 0.204555 0.706278
vt 0.238356 0.740283
vt 0.209304 0.743445
vt 0.248536 0.776124
vt 0.214433 0.780828
vt 0.259586 0.812197
vt 0.220192 0.818443
vt 0.266621 0.849145
vt 0.226668 0.856296
vt 0.271879 0.885936
vt 0.233776 0.894227
vt 0.280779 0.917451
vt 0.239033 0.926559
vt 0.287553 0.953607
vt 0.245143 0.962296
vt 0.294458 0.992338
vt 0.251593 1.000480
vt 0.301220 1.032601
vt 0.258291 1.040261
vt 0.308141 1.073575
vt 0.265075 1.080817
vt 0.263081 -0.727863
vt 0.307895 -0.722936
vt 0.303176 -0.680297
vt 0.258477 -0.685663
vt 0.298580 -0.638398
vt 0.253916 -0.644263
vt 0.293751 -0.598069
vt 0.249516 -0.604519
vt 0.288916 -0.560391
vt 0.245318 -0.567301
vt 0.281634 -0.527346
vt 0.241786 -0.533612
vt 0.278515 -0.488983
vt 0.236654 -0.493938
vt 0.273913 -0.449693
vt 0.232020 -0.454223
vt 0.269360 -0.410230
vt 0.227623 -0.414550
vt 0.265020 -0.370886
vt 0.223513 -0.374985
vt 0.260880 -0.331719
vt 0.219620 -0.335590
vt 0.256926 -0.292768
vt 0.215869 -0.296425
vt 0.253184 -0.254058
vt 0.212377 -0.257481
vt 0.249666 -0.215588
vt 0.209092 -0.218791
vt 0.246379 -0.177348
vt 0.206115 -0.180309
vt 0.243291 -0.139348
vt 0.203263 -0.142099
vt 0.240412 -0.101607
vt 0.200660 -0.104133
vt 0.237748 -0.064131
vt 0.198284 -0.066437
vt 0.235298 -0.026927
vt 0.196124 -0.029017
vt 0.233058 0.010006
vt 0.194176 0.008126
vt 0.231027 0.046666
vt 0.192435 0.044994
vt 0.229203 0.083053
vt 0.190902 0.081589
vt 0.227588 0.119168
vt 0.189576 0.117917
vt 0.226206 0.155015
vt 0.188466 0.153993
vt 0.225177 0.190593
vt 0.187595 0.189839
vt 0.224780 0.226183
vt 0.187029 0.225691
vt 0.224723 0.262056
vt 0.186691 0.261781
vt 0.224886 0.298206
vt 0.186558 0.298128
vt 0.225241 0.334635
vt 0.186618 0.334741
vt 0.225778 0.371333
vt 0.186864 0.371611
vt 0.226463 0.408250
vt 0.187287 0.408706
vt 0.227040 0.445189
vt 0.187871 0.445978
vt 0.223119 0.481971
vt 0.188860 0.483375
vt 0.219083 0.518844
vt 0.190340 0.520709
vt 0.217812 0.555702
vt 0.192087 0.557938
vt 0.287196 0.918304
vt 0.293889 0.954215
vt 0.217659 0.593138
vt 0.193068 0.595240
vt 0.251906 0.165875
vt 0.253806 0.128370
vt 0.273422 0.130237
vt 0.271766 0.166544
vt 0.223094 0.014927
vt 0.167415 0.014432
vt 0.167861 -0.023966
vt 0.223732 -0.023446
vt 0.023350 1.563041
vt 0.036828 1.563034
vt 0.036881 1.651839
vt 0.023402 1.651847
vt 0.338770 1.076852
vt 0.361249 1.076811
vt 0.361150 1.115696
vt 0.338636 1.115723
vt 0.024043 -0.431972
vt 0.008315 -0.431948
vt 0.008185 -0.521327
vt 0.023913 -0.521349
vt 0.071354 -0.026905
vt 0.047753 -0.026495
vt 0.047209 -0.065077
vt 0.070853 -0.065560
vt 0.005967 1.529781
vt 0.023778 1.529840
vt 0.023486 1.618819
vt 0.005675 1.618760
vt 0.222447 0.053010
vt 0.166997 0.052715
vt 0.023297 1.474234
vt 0.036776 1.474226
vt 0.338879 1.038035
vt 0.361323 1.037983
vt 0.024173 -0.342590
vt 0.008445 -0.342568
vt 0.071715 0.011717
vt 0.048160 0.012011
vt 0.006260 1.440802
vt 0.024071 1.440860
vt 0.221992 0.091162
vt 0.166730 0.091029
vt 0.023245 1.385427
vt 0.036723 1.385419
vt 0.338963 0.999279
vt 0.361373 0.999220
vt 0.024303 -0.253209
vt 0.008576 -0.253187
vt 0.088284 0.050230
vt 0.048304 0.050586
vt 0.006552 1.351821
vt 0.024363 1.351880
vt 0.221942 0.128956
vt 0.166630 0.129252
vt 0.023193 1.296619
vt 0.036672 1.296612
vt 0.339031 0.960572
vt 0.361414 0.960515
vt 0.024434 -0.163828
vt 0.008706 -0.163805
vt 0.088569 0.088818
vt 0.048576 0.089155
vt 0.006844 1.262841
vt 0.024654 1.262899
vt 0.221768 0.166912
vt 0.166751 0.167567
vt 0.023141 1.207812
vt 0.036619 1.207804
vt 0.339108 0.921918
vt 0.361453 0.921855
vt 0.024565 -0.074446
vt 0.008836 -0.074423
vt 0.091605 0.127291
vt 0.048845 0.127727
vt 0.007135 1.173861
vt 0.024946 1.173919
vt 0.221945 0.204379
vt 0.167389 0.205849
vt 0.023088 1.119004
vt 0.036566 1.118996
vt 0.339140 0.883331
vt 0.361454 0.883251
vt 0.024696 0.014934
vt 0.008967 0.014959
vt 0.085614 0.165801
vt 0.049359 0.166322
vt 0.007428 1.084880
vt 0.025238 1.084938
vt 0.222953 0.241668
vt 0.168685 0.243889
vt 0.023036 1.030196
vt 0.036515 1.030189
vt 0.339122 0.844764
vt 0.361416 0.844681
vt 0.024826 0.104316
vt 0.009098 0.104340
vt 0.073476 0.204453
vt 0.049953 0.204845
vt 0.007720 0.995900
vt 0.025530 0.995958
vt 0.224432 0.278524
vt 0.170521 0.281496
vt 0.022983 0.941389
vt 0.036462 0.941381
vt 0.339098 0.806244
vt 0.361359 0.806161
vt 0.024957 0.193699
vt 0.009229 0.193721
vt 0.073901 0.242879
vt 0.050457 0.243213
vt 0.008011 0.906919
vt 0.025822 0.906977
vt 0.226561 0.315413
vt 0.172831 0.318973
vt 0.022931 0.852581
vt 0.036409 0.852573
vt 0.339058 0.767781
vt 0.361282 0.767696
vt 0.025088 0.283081
vt 0.009360 0.283104
vt 0.074262 0.281218
vt 0.050872 0.281488
vt 0.008303 0.817939
vt 0.026114 0.817997
vt 0.228964 0.352026
vt 0.175543 0.356152
vt 0.022878 0.763773
vt 0.036357 0.763765
vt 0.338992 0.729385
vt 0.361175 0.729301
vt 0.025220 0.372463
vt 0.009491 0.372487
vt 0.074547 0.319480
vt 0.051206 0.319685
vt 0.008595 0.728958
vt 0.026406 0.729017
vt 0.231876 0.388605
vt 0.178630 0.393188
vt 0.022826 0.674964
vt 0.036304 0.674956
vt 0.338917 0.691052
vt 0.361058 0.690983
vt 0.025350 0.461846
vt 0.009622 0.461869
vt 0.074743 0.357674
vt 0.051455 0.357802
vt 0.008887 0.639978
vt 0.026697 0.640036
vt 0.235361 0.425369
vt 0.181964 0.430075
vt 0.022773 0.586157
vt 0.036252 0.586149
vt 0.338876 0.652766
vt 0.360963 0.652743
vt 0.025482 0.551228
vt 0.009753 0.551251
vt 0.074816 0.395798
vt 0.051602 0.395824
vt 0.009178 0.550996
vt 0.026989 0.551055
vt 0.239111 0.462541
vt 0.185134 0.466975
vt 0.022721 0.497349
vt 0.036199 0.497341
vt 0.338829 0.614474
vt 0.360982 0.614492
vt 0.025613 0.640610
vt 0.009885 0.640633
vt 0.074826 0.433920
vt 0.051540 0.433844
vt 0.009471 0.462016
vt 0.027281 0.462074
vt 0.242163 0.500119
vt 0.187961 0.503830
vt 0.022668 0.408542
vt 0.036146 0.408533
vt 0.338805 0.576111
vt 0.361011 0.576141
vt 0.025744 0.729991
vt 0.010016 0.730014
vt 0.074717 0.472106
vt 0.051381 0.471959
vt 0.009762 0.373035
vt 0.027573 0.373093
vt 0.244303 0.537687
vt 0.190276 0.540876
vt 0.022615 0.319734
vt 0.036094 0.319726
vt 0.338774 0.537659
vt 0.361030 0.537700
vt 0.025875 0.819373
vt 0.010146 0.819396
vt 0.074526 0.510354
vt 0.051148 0.510149
vt 0.010054 0.284054
vt 0.027865 0.284112
vt 0.241700 0.575432
vt 0.192199 0.577982
vt 0.022563 0.230925
vt 0.036041 0.230917
vt 0.338749 0.499128
vt 0.361061 0.499191
vt 0.026007 0.908754
vt 0.010278 0.908778
vt 0.074263 0.548663
vt 0.050853 0.548402
vt 0.010345 0.195072
vt 0.028156 0.195131
vt 0.245052 0.613178
vt 0.193891 0.615259
vt 0.022510 0.142117
vt 0.035989 0.142109
vt 0.335639 0.460508
vt 0.360836 0.460567
vt 0.026847 0.998130
vt 0.010306 0.998159
vt 0.073927 0.586996
vt 0.050495 0.586694
vt 0.010637 0.106091
vt 0.028448 0.106150
vt 0.248771 0.650909
vt 0.195389 0.652680
vt 0.022397 0.053088
vt 0.035856 0.052987
vt 0.322924 0.421818
vt 0.352972 0.421797
vt 0.024814 1.087389
vt 0.007339 1.087564
vt 0.073588 0.625373
vt 0.050112 0.625045
vt 0.010928 0.017110
vt 0.028739 0.017168
vt 0.251192 0.688733
vt 0.196890 0.690409
vt 0.021888 -0.036319
vt 0.035358 -0.036525
vt 0.322727 0.383126
vt 0.352720 0.383049
vt 0.025688 1.176616
vt 0.007140 1.176898
vt 0.073229 0.663811
vt 0.049701 0.663458
vt 0.011220 -0.071872
vt 0.029031 -0.071814
vt 0.252445 0.726662
vt 0.197729 0.728301
vt 0.019602 -0.125852
vt 0.033075 -0.126238
vt 0.335497 0.344302
vt 0.360332 0.344214
vt 0.028602 1.265955
vt 0.011544 1.266104
vt 0.072870 0.702355
vt 0.049250 0.701968
vt 0.011512 -0.160853
vt 0.029322 -0.160794
vt 0.253687 0.764619
vt 0.198771 0.765970
vt 0.017044 -0.214623
vt 0.030517 -0.215011
vt 0.337953 0.305317
vt 0.360415 0.305518
vt 0.028445 1.355355
vt 0.012721 1.355476
vt 0.089510 0.741209
vt 0.050882 0.740670
vt 0.006706 -0.249854
vt 0.031121 -0.249780
vt 0.254803 0.802669
vt 0.199663 0.803811
vt 0.014486 -0.303394
vt 0.027960 -0.303783
vt 0.337548 0.266834
vt 0.360242 0.266844
vt 0.029136 1.444817
vt 0.013451 1.444874
vt 0.090972 0.779886
vt 0.052408 0.779456
vt 0.002270 -0.338831
vt 0.033115 -0.338778
vt 0.255802 0.840848
vt 0.200434 0.841814
vt 0.011928 -0.392166
vt 0.025401 -0.392554
vt 0.337798 0.228175
vt 0.360127 0.228133
vt 0.029211 1.534274
vt 0.013483 1.534275
vt 0.073831 0.818620
vt 0.048058 0.818255
vt 0.011891 -0.427743
vt 0.029702 -0.427752
vt 0.256694 0.879171
vt 0.201096 0.879976
vt 0.009371 -0.480938
vt 0.022844 -0.481326
vt 0.337629 0.189495
vt 0.360027 0.189464
vt 0.029216 1.623657
vt 0.013487 1.623658
vt 0.071302 0.857311
vt 0.047693 0.856872
vt 0.011848 -0.516725
vt 0.029660 -0.516735
vt 0.257479 0.917643
vt 0.201652 0.918296
vt 0.006813 -0.569711
vt 0.020286 -0.570098
vt 0.334234 0.150776
vt 0.359755 0.150609
vt 0.029221 1.713041
vt 0.013492 1.713041
vt 0.072450 0.896008
vt 0.047029 0.895469
vt 0.011806 -0.605707
vt 0.029617 -0.605715
vt 0.258159 0.956269
vt 0.202102 0.956773
vt 0.004255 -0.658482
vt 0.017727 -0.658871
vt 0.336459 0.111997
vt 0.359156 0.111710
vt 0.029155 1.802497
vt 0.013471 1.802442
vt 0.088786 0.934996
vt 0.050215 0.934371
vt 0.002676 -0.694698
vt 0.032841 -0.694721
vt 0.258734 0.995050
vt 0.202446 0.995410
vt 0.001697 -0.747254
vt 0.015170 -0.747642
vt 0.336135 0.073420
vt 0.358659 0.072987
vt 0.028484 1.891958
vt 0.012760 1.891841
vt 0.087317 0.973680
vt 0.048317 0.973130
vt 0.005860 -0.783642
vt 0.030977 -0.783702
vt 0.259199 1.033987
vt 0.202684 1.034204
vt -0.000861 -0.836027
vt 0.012612 -0.836416
vt 0.333407 0.034358
vt 0.357991 0.034146
vt 0.028411 1.981371
vt 0.011654 1.981220
vt 0.069155 1.012176
vt 0.045547 1.011780
vt 0.011202 -0.872601
vt 0.029013 -0.872674
vt 0.259583 1.073057
vt 0.203388 1.073471
vt -0.003727 -0.925534
vt 0.009732 -0.926102
vt 0.320022 -0.004353
vt 0.350020 -0.004783
vt 0.045267 2.070855
vt 0.004549 2.070572
vt 0.068620 1.050792
vt 0.044992 1.050355
vt 0.010839 -0.961582
vt 0.028651 -0.961655
vt 0.260029 1.112097
vt 0.203476 1.112796
vt -0.008333 -1.014806
vt 0.005111 -1.015472
vt 0.318711 -0.043045
vt 0.348784 -0.043753
vt 0.046136 2.159985
vt 0.004071 2.159895
vt 0.068064 1.089317
vt 0.044444 1.089006
vt 0.010478 -1.050563
vt 0.028289 -1.050635
vt 0.260574 1.150870
vt 0.204013 1.152160
vt -0.013319 -1.103715
vt 0.000139 -1.104479
vt 0.330212 -0.081548
vt 0.355967 -0.082829
vt 0.027079 2.248691
vt 0.010343 2.249102
vt 0.067775 1.127334
vt 0.044257 1.127770
vt 0.010116 -1.139544
vt 0.027927 -1.139616
vt 0.259335 1.183303
vt 0.202255 1.184779
vt -0.017508 -1.177480
vt -0.004052 -1.178245
vt 0.334384 -0.113816
vt 0.356891 -0.115194
vt 0.028353 2.322963
vt 0.012630 2.323421
vt 0.066068 1.159156
vt 0.042321 1.160157
vt 0.009815 -1.213571
vt 0.027626 -1.213643
vt 0.258290 1.218991
vt 0.200917 1.219998
vt -0.022026 -1.257010
vt -0.008568 -1.257774
vt 0.334647 -0.148867
vt 0.357088 -0.150016
vt 0.030684 2.403100
vt 0.014962 2.403558
vt 0.064828 1.194097
vt 0.041106 1.194942
vt 0.009491 -1.293381
vt 0.027302 -1.293454
vt 0.257142 1.256985
vt 0.199589 1.257179
vt -0.026795 -1.340978
vt -0.013338 -1.341742
vt 0.334769 -0.185852
vt 0.357190 -0.186700
vt 0.033146 2.487711
vt 0.017423 2.488169
vt 0.063698 1.231141
vt 0.039986 1.231596
vt 0.009149 -1.377646
vt 0.026960 -1.377718
vt 0.255920 1.296501
vt 0.198340 1.295709
vt -0.031734 -1.427941
vt -0.018277 -1.428705
vt 0.334701 -0.224179
vt 0.357117 -0.224658
vt 0.035695 2.575341
vt 0.019972 2.575798
vt 0.062724 1.269577
vt 0.039026 1.269540
vt 0.008794 -1.464917
vt 0.026605 -1.464991
vt 0.254646 1.336764
vt 0.197058 1.334913
vt -0.036760 -1.516420
vt -0.023302 -1.517185
vt 0.334602 -0.263194
vt 0.357023 -0.263261
vt 0.038289 2.664497
vt 0.022567 2.664954
vt 0.061748 1.308710
vt 0.038057 1.308133
vt 0.008433 -1.553709
vt 0.026243 -1.553781
vt 0.251659 -0.435385
vt 0.192983 -0.444104
vt 0.198173 -0.484208
vt 0.257077 -0.476551
vt 0.023961 2.598228
vt 0.037439 2.598220
vt 0.037491 2.686837
vt 0.024013 2.686844
vt 0.336894 1.532079
vt 0.359520 1.532569
vt 0.359411 1.571542
vt 0.336775 1.571465
vt 0.022522 -1.473844
vt 0.006793 -1.473822
vt 0.006663 -1.563011
vt 0.022391 -1.563033
vt 0.062734 -0.478877
vt 0.039090 -0.478805
vt 0.038057 -0.517322
vt 0.061702 -0.517939
vt 0.002562 2.566993
vt 0.020373 2.567052
vt 0.020081 2.655843
vt 0.002270 2.655784
vt 0.246300 -0.395049
vt 0.187896 -0.404698
vt 0.023909 2.511128
vt 0.037388 2.511120
vt 0.336976 1.493404
vt 0.359597 1.494253
vt 0.022649 -1.386182
vt 0.006921 -1.386159
vt 0.063749 -0.440540
vt 0.040115 -0.440960
vt 0.002849 2.479722
vt 0.020659 2.479781
vt 0.241132 -0.356318
vt 0.183185 -0.366667
vt 0.023860 2.427029
vt 0.037339 2.427022
vt 0.336851 1.456125
vt 0.359460 1.457240
vt 0.022773 -1.301540
vt 0.007045 -1.301517
vt 0.064905 -0.403638
vt 0.041299 -0.404448
vt 0.003125 2.395458
vt 0.020936 2.395516
vt 0.235765 -0.320395
vt 0.178905 -0.330755
vt 0.023813 2.347376
vt 0.037292 2.347368
vt 0.336518 1.420940
vt 0.359134 1.422144
vt 0.022891 -1.221371
vt 0.007162 -1.221348
vt 0.066158 -0.368868
vt 0.042575 -0.369868
vt 0.003387 2.315648
vt 0.021197 2.315707
vt 0.229257 -0.290208
vt 0.175738 -0.297797
vt 0.023770 2.273496
vt 0.037248 2.273488
vt 0.335507 1.388644
vt 0.358123 1.389504
vt 0.022999 -1.147013
vt 0.007271 -1.146989
vt 0.068029 -0.337087
vt 0.044498 -0.337776
vt 0.003630 2.241622
vt 0.021441 2.241681
vt 0.228042 -0.254622
vt 0.172471 -0.257947
vt 0.023717 2.184690
vt 0.037195 2.184682
vt 0.336576 1.349757
vt 0.359230 1.350204
vt 0.023130 -1.057633
vt 0.007402 -1.057609
vt 0.080480 -0.298465
vt 0.043689 -0.298641
vt 0.003922 2.152642
vt 0.021733 2.152700
vt 0.227176 -0.216789
vt 0.170865 -0.218478
vt 0.023665 2.095883
vt 0.037142 2.095875
vt 0.337257 1.310758
vt 0.359901 1.310996
vt 0.023260 -0.968251
vt 0.007533 -0.968230
vt 0.087973 -0.259895
vt 0.043641 -0.259439
vt 0.004214 2.063661
vt 0.022025 2.063720
vt 0.226477 -0.177983
vt 0.169909 -0.179152
vt 0.023612 2.007076
vt 0.037091 2.007068
vt 0.337696 1.271689
vt 0.360334 1.271822
vt 0.023391 -0.878871
vt 0.007663 -0.878848
vt 0.084680 -0.221094
vt 0.044202 -0.220348
vt 0.004506 1.974681
vt 0.022317 1.974740
vt 0.225521 -0.139404
vt 0.169236 -0.140149
vt 0.023560 1.918269
vt 0.037038 1.918261
vt 0.338028 1.232631
vt 0.360640 1.232699
vt 0.023522 -0.789490
vt 0.007794 -0.789468
vt 0.085138 -0.182247
vt 0.044950 -0.181388
vt 0.004799 1.885700
vt 0.022609 1.885759
vt 0.224863 -0.100548
vt 0.168694 -0.101221
vt 0.023507 1.829461
vt 0.036986 1.829454
vt 0.338283 1.193613
vt 0.360862 1.193636
vt 0.023652 -0.700111
vt 0.007924 -0.700087
vt 0.069594 -0.143090
vt 0.045817 -0.142494
vt 0.005091 1.796720
vt 0.022901 1.796779
vt 0.224326 -0.061975
vt 0.168278 -0.062506
vt 0.023455 1.740654
vt 0.036933 1.740646
vt 0.338478 1.154646
vt 0.361024 1.154638
vt 0.023782 -0.610730
vt 0.008055 -0.610707
vt 0.070257 -0.104279
vt 0.046560 -0.103740
vt 0.005383 1.707741
vt 0.023194 1.707798
vt 0.143777 0.598430
vt 0.146479 0.636263
vt 0.141286 0.560541
vt 0.139540 0.522628
vt 0.138201 0.484743
vt 0.137336 0.446867
vt 0.136910 0.409180
vt 0.136784 0.371761
vt 0.136889 0.334622
vt 0.137196 0.297767
vt 0.137690 0.261195
vt 0.138348 0.224902
vt 0.139122 0.188868
vt 0.139791 0.152833
vt 0.140586 0.116541
vt 0.141555 0.079977
vt 0.142716 0.043133
vt 0.144079 0.006009
vt 0.145647 -0.031396
vt 0.147423 -0.069085
vt 0.149411 -0.107059
vt 0.152260 -0.145293
vt 0.155507 -0.183825
vt 0.156947 -0.222633
vt 0.159806 -0.261577
vt 0.162881 -0.300835
vt 0.167644 -0.340311
vt 0.170730 -0.380092
vt 0.174018 -0.419946
vt 0.178012 -0.460042
vt 0.182387 -0.500526
vt 0.187467 -0.541473
vt 0.190207 -0.575861
vt 0.193895 -0.612935
vt 0.197960 -0.652091
vt 0.202330 -0.692667
vt 0.206780 -0.733959
vt 0.204381 1.050135
vt 0.210965 1.089822
vt 0.197914 1.011137
vt 0.191824 0.973494
vt 0.186219 0.937841
vt 0.181696 0.904726
vt 0.174653 0.865363
vt 0.168541 0.826398
vt 0.163159 0.787852
vt 0.158341 0.749681
vt 0.153990 0.711714
vt 0.150121 0.673988
vt 0.148563 -0.066754
vt 0.148087 -0.105602
vt 0.144618 -0.144399
vt 0.143484 -0.183175
vt 0.142315 -0.222053
vt 0.145321 -0.260533
vt 0.143824 -0.298717
vt 0.143771 -0.336776
vt 0.143733 -0.368757
vt 0.143245 -0.403838
vt 0.142553 -0.441201
vt 0.141799 -0.480145
vt 0.140964 -0.519951
vt 0.141121 1.310603
vt 0.141935 1.270793
vt 0.142767 1.231817
vt 0.143672 1.194308
vt 0.144642 1.158924
vt 0.142365 1.126832
vt 0.143515 1.090328
vt 0.143728 1.051913
vt 0.146880 1.013303
vt 0.147544 0.974584
vt 0.148685 0.935849
vt 0.144903 0.896999
vt 0.144242 0.858295
vt 0.145722 0.818957
vt 0.150380 0.780641
vt 0.150140 0.742066
vt 0.150297 0.703194
vt 0.147935 0.664543
vt 0.148627 0.626070
vt 0.147926 0.587608
vt 0.151293 0.549230
vt 0.151405 0.510792
vt 0.151483 0.472404
vt 0.151514 0.434054
vt 0.151484 0.395719
vt 0.151446 0.357375
vt 0.151346 0.319006
vt 0.151191 0.280587
vt 0.150984 0.242093
vt 0.150691 0.203544
vt 0.149042 0.165144
vt 0.149453 0.126749
vt 0.146008 0.088324
vt 0.146187 0.049589
vt 0.146439 0.010918
vt 0.148969 -0.027928
vt 0.292351 -0.029159
vt 0.266778 -0.029075
vt 0.266409 -0.067916
vt 0.292003 -0.068014
vt 0.292682 0.009692
vt 0.267115 0.009761
vt 0.292979 0.048571
vt 0.267415 0.048630
vt 0.293218 0.087415
vt 0.267692 0.087449
vt 0.293389 0.126158
vt 0.267931 0.126130
vt 0.293461 0.164835
vt 0.268042 0.164758
vt 0.293457 0.203458
vt 0.268069 0.203353
vt 0.293404 0.242047
vt 0.268039 0.241943
vt 0.293333 0.280579
vt 0.268009 0.280483
vt 0.293250 0.319040
vt 0.267977 0.318958
vt 0.293164 0.357418
vt 0.267952 0.357363
vt 0.293098 0.395689
vt 0.267973 0.395696
vt 0.293183 0.433956
vt 0.267977 0.434024
vt 0.293285 0.472322
vt 0.268023 0.472412
vt 0.293375 0.510768
vt 0.268064 0.510861
vt 0.293434 0.549286
vt 0.268078 0.549371
vt 0.293406 0.587877
vt 0.268044 0.587941
vt 0.290662 0.626549
vt 0.267546 0.626555
vt 0.290505 0.665272
vt 0.267173 0.665226
vt 0.292804 0.703963
vt 0.267551 0.703892
vt 0.292705 0.742620
vt 0.267233 0.742559
vt 0.292399 0.781401
vt 0.266873 0.781306
vt 0.292090 0.820312
vt 0.266418 0.820198
vt 0.291817 0.859326
vt 0.266183 0.859179
vt 0.291323 0.898349
vt 0.265715 0.898182
vt 0.290891 0.937158
vt 0.265385 0.937035
vt 0.290550 0.975968
vt 0.264979 0.975832
vt 0.290033 1.014848
vt 0.264526 1.014653
vt 0.286837 1.053825
vt 0.263380 1.053481
vt 0.286068 1.092954
vt 0.262622 1.092289
vt 0.287019 1.132149
vt 0.261768 1.130727
vt 0.288085 1.164401
vt 0.262684 1.162550
vt 0.288258 1.199152
vt 0.262802 1.197431
vt 0.288195 1.235839
vt 0.262684 1.234496
vt 0.287879 1.273851
vt 0.262337 1.273020
vt 0.287531 1.312532
vt 0.261963 1.312284
vt 0.288419 -0.483279
vt 0.262719 -0.482379
vt 0.262253 -0.521868
vt 0.287969 -0.522185
vt 0.288843 -0.445022
vt 0.263152 -0.443596
vt 0.289038 -0.408066
vt 0.263381 -0.406228
vt 0.289034 -0.373034
vt 0.263457 -0.371062
vt 0.288112 -0.340511
vt 0.262766 -0.339260
vt 0.289123 -0.301643
vt 0.263606 -0.301225
vt 0.289753 -0.262779
vt 0.264163 -0.262520
vt 0.290298 -0.223878
vt 0.264662 -0.223669
vt 0.290810 -0.184882
vt 0.265139 -0.184695
vt 0.291259 -0.145864
vt 0.265599 -0.145712
vt 0.291646 -0.106909
vt 0.266023 -0.106793
vt 0.278318 1.115574
vt 0.278093 1.154462
vt 0.277871 1.193354
vt 0.277545 1.232257
vt 0.277153 1.271185
vt 0.270110 1.309893
vt 0.269778 1.348611
vt 0.275678 1.387406
vt 0.275852 1.419795
vt 0.275814 1.454963
vt 0.275668 1.492423
vt 0.275415 1.531389
vt 0.275133 1.571214
vt 0.273557 -0.262981
vt 0.273797 -0.223535
vt 0.273996 -0.184923
vt 0.274051 -0.147672
vt 0.273901 -0.112923
vt 0.273336 -0.080905
vt 0.271669 -0.041992
vt 0.273012 -0.003540
vt 0.275754 0.035199
vt 0.276436 0.074718
vt 0.272684 0.113084
vt 0.272081 0.151506
vt 0.273102 0.189888
vt 0.273665 0.228326
vt 0.275020 0.266873
vt 0.278385 0.304934
vt 0.278417 0.344392
vt 0.276395 0.383177
vt 0.275873 0.421734
vt 0.278643 0.460850
vt 0.279014 0.499258
vt 0.279135 0.537731
vt 0.279296 0.576154
vt 0.279376 0.614517
vt 0.279446 0.652835
vt 0.279449 0.691176
vt 0.279503 0.729521
vt 0.279493 0.767874
vt 0.279383 0.806298
vt 0.279282 0.844830
vt 0.272985 0.883348
vt 0.272552 0.921883
vt 0.279028 0.960514
vt 0.278904 0.999230
vt 0.278753 1.037955
vt 0.278530 1.076727
vt 0.108427 1.075198
vt 0.145701 1.075751
vt 0.145354 1.114525
vt 0.108019 1.113959
vt 0.108814 1.036496
vt 0.146279 1.037034
vt 0.109201 0.997848
vt 0.146352 0.998377
vt 0.109583 0.959264
vt 0.146682 0.959767
vt 0.109940 0.920736
vt 0.146999 0.921194
vt 0.110267 0.882246
vt 0.147266 0.882656
vt 0.110570 0.843831
vt 0.147503 0.844204
vt 0.110843 0.805480
vt 0.147718 0.805811
vt 0.111091 0.767183
vt 0.147897 0.767475
vt 0.111326 0.728956
vt 0.148057 0.729212
vt 0.111543 0.690802
vt 0.148210 0.690978
vt 0.111703 0.652737
vt 0.148266 0.652789
vt 0.111649 0.614670
vt 0.148323 0.614604
vt 0.111545 0.576496
vt 0.148309 0.576371
vt 0.111425 0.538224
vt 0.148283 0.538074
vt 0.111308 0.499847
vt 0.148274 0.499657
vt 0.111148 0.461409
vt 0.148289 0.461051
vt 0.110841 0.422872
vt 0.147744 0.422336
vt 0.110526 0.384296
vt 0.147220 0.383660
vt 0.109835 0.345567
vt 0.146777 0.345080
vt 0.109426 0.307172
vt 0.146404 0.306586
vt 0.108954 0.268735
vt 0.145949 0.268088
vt 0.108462 0.230268
vt 0.145470 0.229620
vt 0.108005 0.191759
vt 0.145050 0.191163
vt 0.107617 0.153200
vt 0.144726 0.152662
vt 0.107270 0.114603
vt 0.144431 0.114107
vt 0.106946 0.075959
vt 0.144165 0.075482
vt 0.106616 0.037279
vt 0.143880 0.036812
vt 0.106741 -0.001857
vt 0.143794 -0.001972
vt 0.106730 -0.040971
vt 0.144055 -0.040684
vt 0.107253 -0.080103
vt 0.144623 -0.079278
vt 0.105062 -0.112495
vt 0.142444 -0.111439
vt 0.103596 -0.147319
vt 0.140934 -0.146364
vt 0.102386 -0.183958
vt 0.139710 -0.183406
vt 0.101456 -0.221831
vt 0.138765 -0.221897
vt 0.100571 -0.260315
vt 0.137895 -0.261147
vt 0.101415 1.529698
vt 0.139025 1.529699
vt 0.138197 1.569285
vt 0.100572 1.568493
vt 0.102283 1.491542
vt 0.139890 1.490873
vt 0.103383 1.454665
vt 0.140969 1.453528
vt 0.104682 1.419651
vt 0.142242 1.418378
vt 0.106710 1.387091
vt 0.144125 1.386325
vt 0.106301 1.347851
vt 0.143826 1.347765
vt 0.106299 1.308706
vt 0.143847 1.308927
vt 0.106499 1.269632
vt 0.144026 1.270021
vt 0.106808 1.230622
vt 0.144284 1.231115
vt 0.107182 1.191679
vt 0.144863 1.192229
vt 0.107599 1.152785
vt 0.144989 1.153354
vt 0.271686 -0.022718
vt 0.272458 -0.061394
vt 0.273074 -0.100058
vt 0.268435 -0.137195
vt 0.259196 -0.176067
vt 0.258161 -0.214165
vt 0.256700 -0.251660
vt 0.259211 -0.287313
vt 0.267673 -0.319153
vt 0.282517 -0.351067
vt 0.297569 -0.387502
vt 0.303139 -0.428189
vt 0.308715 -0.469684
vt 0.305100 1.338321
vt 0.306439 1.297780
vt 0.302132 1.258167
vt 0.308371 1.219315
vt 0.308960 1.183188
vt 0.307790 1.150439
vt 0.308653 1.111831
vt 0.308369 1.072688
vt 0.307819 1.033518
vt 0.307151 0.994462
vt 0.306381 0.955554
vt 0.305508 0.916800
vt 0.304535 0.878200
vt 0.303462 0.839750
vt 0.302292 0.801446
vt 0.301032 0.763277
vt 0.299699 0.725226
vt 0.298321 0.687277
vt 0.296955 0.649559
vt 0.284598 0.611718
vt 0.277720 0.573458
vt 0.284056 0.535911
vt 0.277976 0.497545
vt 0.285550 0.457313
vt 0.278075 0.420978
vt 0.271467 0.385327
vt 0.265007 0.350081
vt 0.258622 0.313668
vt 0.255555 0.277607
vt 0.250703 0.240951
vt 0.249556 0.203555
vt 0.264026 0.090259
vt 0.269929 0.053983
vt 0.270825 0.015770
vt 0.213451 -0.028655
vt 0.213381 -0.067480
vt 0.210449 0.010305
vt 0.214570 0.048954
vt 0.212808 0.087831
vt 0.210806 0.126308
vt 0.210083 0.164836
vt 0.211242 0.203345
vt 0.215326 0.241860
vt 0.215411 0.280418
vt 0.215475 0.318899
vt 0.215526 0.357324
vt 0.215579 0.395717
vt 0.215571 0.434105
vt 0.215562 0.472504
vt 0.215536 0.510934
vt 0.215485 0.549404
vt 0.215380 0.587918
vt 0.215227 0.626450
vt 0.214966 0.665015
vt 0.214777 0.703608
vt 0.214450 0.742189
vt 0.214044 0.780812
vt 0.213012 0.820441
vt 0.212479 0.858804
vt 0.212535 0.897058
vt 0.212455 0.936592
vt 0.212081 0.975336
vt 0.211548 1.014057
vt 0.210967 1.052727
vt 0.210492 1.091221
vt 0.210239 1.129067
vt 0.209907 1.160916
vt 0.209437 1.195812
vt 0.208941 1.233089
vt 0.208388 1.271966
vt 0.207843 1.311711
vt 0.208436 -0.481237
vt 0.207849 -0.521170
vt 0.208946 -0.442110
vt 0.209298 -0.404408
vt 0.209524 -0.368746
vt 0.205529 -0.336230
vt 0.205231 -0.299539
vt 0.206715 -0.261435
vt 0.209523 -0.223082
vt 0.212110 -0.184139
vt 0.208809 -0.145224
vt 0.212626 -0.106320
vt 0.197136 1.076242
vt 0.196858 1.115070
vt 0.204114 1.037530
vt 0.202123 0.998874
vt 0.197905 0.960239
vt 0.198115 0.921575
vt 0.198298 0.883119
vt 0.198504 0.844519
vt 0.199722 0.806051
vt 0.208923 0.767733
vt 0.208444 0.729444
vt 0.199004 0.691171
vt 0.199037 0.652858
vt 0.199056 0.614568
vt 0.199069 0.576311
vt 0.199083 0.538085
vt 0.199069 0.499860
vt 0.199027 0.460198
vt 0.198355 0.422371
vt 0.198067 0.383018
vt 0.197849 0.344511
vt 0.197613 0.305965
vt 0.205755 0.267279
vt 0.208369 0.228856
vt 0.208727 0.190467
vt 0.208359 0.152135
vt 0.204510 0.113690
vt 0.195478 0.075058
vt 0.195099 0.036455
vt 0.194765 -0.002076
vt 0.194564 -0.040647
vt 0.194758 -0.077855
vt 0.193548 -0.112380
vt 0.192593 -0.147108
vt 0.191760 -0.184052
vt 0.191048 -0.222654
vt 0.190402 -0.262201
vt 0.191791 1.530378
vt 0.191149 1.570306
vt 0.192467 1.491338
vt 0.193376 1.453945
vt 0.194037 1.418767
vt 0.194863 1.386345
vt 0.195065 1.347814
vt 0.195327 1.309245
vt 0.195606 1.270384
vt 0.200072 1.231570
vt 0.203289 1.192775
vt 0.196557 1.153925
vt 0.440754 0.081801
vt 0.469383 0.057384
vt 0.486994 0.071781
vt 0.463081 0.096716
vt 0.279706 -0.176942
vt 0.281812 -0.138300
vt 0.316017 1.298490
vt 0.314781 1.338616
vt 0.315912 0.955248
vt 0.316724 0.994185
vt 0.304542 0.611257
vt 0.306156 0.649143
vt 0.275085 0.276014
vt 0.279205 0.311196
vt 0.299984 -0.350493
vt 0.287892 -0.320468
vt 0.318306 1.111833
vt 0.317412 1.151307
vt 0.310361 0.762862
vt 0.311657 0.801046
vt 0.290269 0.419248
vt 0.294614 0.456292
vt 0.277018 0.092308
vt 0.278878 -0.214026
vt 0.315911 1.259954
vt 0.281953 -0.061124
vt 0.281146 -0.022407
vt 0.314997 0.916467
vt 0.297837 0.572140
vt 0.273114 0.239734
vt 0.307580 -0.386985
vt 0.318011 1.072500
vt 0.308997 0.724803
vt 0.286933 0.383109
vt 0.279156 0.054351
vt 0.280380 -0.251605
vt 0.317991 1.220866
vt 0.313981 0.877842
vt 0.297567 0.535293
vt 0.272076 0.203706
vt 0.282537 -0.099891
vt 0.313099 -0.427313
vt 0.317431 1.033274
vt 0.307595 0.686852
vt 0.283042 0.347445
vt 0.280199 0.016101
vt 0.282682 -0.287208
vt 0.318621 1.184845
vt 0.312866 0.839369
vt 0.297073 0.497067
vt 0.318621 -0.468366
vt 0.467850 0.417091
vt 0.446004 0.390363
vt 0.525895 0.344127
vt 0.536781 0.364352
vt 0.827196 0.512182
vt 0.794324 0.534880
vt 0.778283 0.499039
vt 0.809263 0.483430
vt 0.920591 0.061077
vt 0.943643 0.094863
vt 0.902129 0.120764
vt 0.882623 0.092175
vt 0.372219 0.337975
vt 0.363916 0.298032
vt 0.411698 0.292659
vt 0.418771 0.326637
vt 0.496161 0.034818
vt 0.513484 0.050551
vt 0.753150 0.537756
vt 0.743020 0.501753
vt 0.962095 0.131365
vt 0.917740 0.151643
vt 0.360802 0.257342
vt 0.409070 0.258154
vt 0.525080 0.019210
vt 0.539345 0.032258
vt 0.718026 0.564333
vt 0.711564 0.517873
vt 0.975631 0.169959
vt 0.929189 0.184292
vt 0.554665 0.007617
vt 0.570918 0.022935
vt 0.677392 0.560304
vt 0.676975 0.520433
vt 0.984018 0.209986
vt 0.936286 0.218153
vt 0.591286 0.005148
vt 0.603852 0.018570
vt 0.638629 0.551723
vt 0.642427 0.518328
vt 0.987116 0.250761
vt 0.938908 0.252646
vt 0.631393 0.004371
vt 0.637761 0.015738
vt 0.601457 0.540353
vt 0.610955 0.502218
vt 0.984873 0.291589
vt 0.937010 0.287185
vt 0.672129 0.004126
vt 0.672192 0.015596
vt 0.566658 0.522598
vt 0.575948 0.499825
vt 0.977331 0.331770
vt 0.930630 0.321181
vt 0.712849 0.003886
vt 0.706608 0.015350
vt 0.531598 0.507552
vt 0.545758 0.483312
vt 0.964624 0.370622
vt 0.919878 0.354057
vt 0.751967 0.005540
vt 0.740513 0.017798
vt 0.502351 0.482687
vt 0.518897 0.462022
vt 0.362963 0.216581
vt 0.410908 0.223607
vt 0.946976 0.407485
vt 0.904939 0.385254
vt 0.791676 0.004344
vt 0.773287 0.022043
vt 0.474595 0.457491
vt 0.491805 0.441470
vt 0.370245 0.176422
vt 0.417168 0.189427
vt 0.924697 0.441739
vt 0.886070 0.414254
vt 0.828365 0.004951
vt 0.804406 0.031100
vt 0.445295 0.432215
vt 0.391561 0.141708
vt 0.427783 0.156271
vt 0.898180 0.472816
vt 0.863589 0.440577
vt 0.862369 0.003886
vt 0.833313 0.043775
vt 0.422198 0.402182
vt 0.418722 0.112143
vt 0.442969 0.124932
vt 0.867065 0.499166
vt 0.837869 0.463811
vt 0.893340 0.030582
vt 0.859557 0.066368
vt 0.394813 0.372405
vt 0.430138 0.359477
vt 0.719428 0.094312
vt 0.741796 0.097176
vt 0.701621 0.193083
vt 0.692544 0.191939
vt 0.523873 0.171649
vt 0.510849 0.190783
vt 0.785713 0.398486
vt 0.803292 0.382707
vt 0.800627 0.127429
vt 0.782728 0.112034
vt 0.513642 0.324651
vt 0.535282 0.151661
vt 0.766207 0.411842
vt 0.816363 0.145026
vt 0.500081 0.304930
vt 0.545126 0.129621
vt 0.745128 0.422535
vt 0.824604 0.167463
vt 0.495219 0.281779
vt 0.562741 0.113740
vt 0.722824 0.430380
vt 0.832359 0.189177
vt 0.493421 0.258195
vt 0.582330 0.104747
vt 0.699686 0.435250
vt 0.841640 0.209921
vt 0.603577 0.098168
vt 0.676103 0.437045
vt 0.843185 0.232418
vt 0.625974 0.094980
vt 0.652487 0.435749
vt 0.844342 0.254708
vt 0.649150 0.092876
vt 0.629251 0.431386
vt 0.845095 0.277102
vt 0.672673 0.092825
vt 0.606778 0.424029
vt 0.842630 0.299561
vt 0.696238 0.092537
vt 0.585458 0.413792
vt 0.833622 0.320613
vt 0.565664 0.400861
vt 0.494701 0.234573
vt 0.827186 0.342761
vt 0.547728 0.385461
vt 0.499047 0.211291
vt 0.818665 0.364770
vt 0.763027 0.103399
vt 0.600997 0.258321
vt 0.601524 0.248759
vt 0.603262 0.239339
vt 0.606225 0.230187
vt 0.610302 0.221358
vt 0.615399 0.213089
vt 0.621493 0.205657
vt 0.628572 0.199286
vt 0.636463 0.195682
vt 0.645129 0.193198
vt 0.654360 0.192104
vt 0.663952 0.191392
vt 0.673588 0.191390
vt 0.683149 0.191239
vt 0.710230 0.195594
vt 0.718223 0.199086
vt 0.725478 0.205324
vt 0.731858 0.212456
vt 0.737251 0.220357
vt 0.741565 0.228894
vt 0.744730 0.237921
vt 0.746688 0.247287
vt 0.747407 0.256830
vt 0.746876 0.266388
vt 0.745103 0.275797
vt 0.742119 0.284890
vt 0.737976 0.293519
vt 0.732743 0.301535
vt 0.726505 0.308799
vt 0.719373 0.315187
vt 0.711468 0.320590
vt 0.702924 0.324914
vt 0.693888 0.328087
vt 0.684515 0.330052
vt 0.674965 0.330776
vt 0.665402 0.330250
vt 0.655989 0.328480
vt 0.646888 0.325496
vt 0.638253 0.321348
vt 0.630234 0.316108
vt 0.622967 0.309865
vt 0.616580 0.302725
vt 0.611180 0.294813
vt 0.606856 0.286263
vt 0.603686 0.277236
vt 0.601722 0.267867
vt 0.410450 0.398423
vt 0.397618 0.360016
vt 0.441198 0.349839
vt 0.452169 0.382643
vt 0.288085 -0.527681
vt 0.284976 -0.488260
vt 0.252556 -0.176706
vt 0.249418 -0.138745
vt 0.231940 0.155233
vt 0.230842 0.190706
vt 0.234157 0.482541
vt 0.234589 0.519647
vt 0.259465 0.773005
vt 0.265642 0.810776
vt 0.309565 -0.680216
vt 0.305037 -0.638903
vt 0.267252 -0.330929
vt 0.263250 -0.292009
vt 0.237369 0.628336
vt 0.242533 0.664187
vt 0.238983 0.010429
vt 0.236903 0.047042
vt 0.231126 0.334497
vt 0.231710 0.371156
vt 0.300730 0.992468
vt 0.280381 -0.448837
vt 0.246488 -0.101046
vt 0.230518 0.226195
vt 0.235315 0.555562
vt 0.272802 0.848032
vt 0.300246 -0.599071
vt 0.259457 -0.253335
vt 0.235031 0.083382
vt 0.232433 0.408059
vt 0.247806 0.700124
vt 0.307394 1.032170
vt 0.275811 -0.409385
vt 0.243773 -0.063616
vt 0.230511 0.262010
vt 0.236906 0.591848
vt 0.278127 0.885888
vt 0.295480 -0.561655
vt 0.255891 -0.214906
vt 0.233370 0.119447
vt 0.233035 0.445147
vt 0.253351 0.736058
vt 0.314219 1.072567
vt 0.271434 -0.370069
vt 0.241272 -0.026457
vt 0.230722 0.298113
vt 0.314219 -0.722255
vt 0.764238 0.538015
vt 0.730310 0.544633
vt 0.719364 0.460267
vt 0.742209 0.455815
vt 0.617734 0.034656
vt 0.657357 0.033996
vt 0.663225 0.047652
vt 0.629381 0.050857
vt 0.884114 0.527362
vt 0.850418 0.549676
vt 0.828055 0.511870
vt 0.856880 0.492800
vt 0.978574 0.245065
vt 0.984246 0.282676
vt 0.960095 0.283351
vt 0.952525 0.249643
vt 0.428196 0.434829
vt 0.467334 0.413736
vt 0.579500 0.034908
vt 0.596670 0.054501
vt 0.914607 0.500884
vt 0.882970 0.470158
vt 0.973445 0.207252
vt 0.941974 0.217341
vt 0.450556 0.468606
vt 0.486436 0.442582
vt 0.543273 0.035799
vt 0.565649 0.062898
vt 0.941415 0.470709
vt 0.905919 0.444314
vt 0.967529 0.169398
vt 0.941590 0.181834
vt 0.477150 0.499166
vt 0.509151 0.468686
vt 0.509656 0.035118
vt 0.536882 0.072175
vt 0.957555 0.433789
vt 0.925345 0.415689
vt 0.958443 0.130786
vt 0.926294 0.150723
vt 0.507502 0.525969
vt 0.535071 0.491581
vt 0.479145 0.061632
vt 0.510797 0.094852
vt 0.966406 0.395462
vt 0.940843 0.384722
vt 0.942753 0.093203
vt 0.907044 0.121924
vt 0.541087 0.548568
vt 0.563764 0.510896
vt 0.452337 0.091906
vt 0.487885 0.120741
vt 0.972857 0.358024
vt 0.941560 0.349395
vt 0.916089 0.062793
vt 0.884237 0.095891
vt 0.577308 0.566584
vt 0.594701 0.526281
vt 0.429707 0.125416
vt 0.468558 0.149380
vt 0.977143 0.320167
vt 0.950687 0.316876
vt 0.885700 0.036084
vt 0.858241 0.073033
vt 0.615580 0.579732
vt 0.627410 0.537511
vt 0.411632 0.161602
vt 0.453122 0.180312
vt 0.852044 0.036575
vt 0.829491 0.063588
vt 0.655248 0.587782
vt 0.661302 0.544379
vt 0.398430 0.199845
vt 0.441850 0.212995
vt 0.815764 0.035478
vt 0.798460 0.055002
vt 0.695641 0.590586
vt 0.695800 0.546759
vt 0.390329 0.239491
vt 0.434939 0.246872
vt 0.777488 0.035031
vt 0.765756 0.051181
vt 0.736050 0.588067
vt 0.387473 0.279862
vt 0.432509 0.281366
vt 0.737857 0.034182
vt 0.731925 0.047812
vt 0.775759 0.580298
vt 0.389916 0.320268
vt 0.434607 0.315884
vt 0.697606 0.033996
vt 0.697574 0.047756
vt 0.814098 0.567424
vt 0.797005 0.527029
vt 0.765364 0.130561
vt 0.786241 0.136409
vt 0.742324 0.210407
vt 0.731736 0.207582
vt 0.518819 0.283014
vt 0.510561 0.307409
vt 0.720572 0.125575
vt 0.697397 0.125633
vt 0.764280 0.448416
vt 0.523479 0.329372
vt 0.674220 0.125476
vt 0.785199 0.438196
vt 0.532082 0.351182
vt 0.651388 0.127802
vt 0.804672 0.425299
vt 0.874933 0.284288
vt 0.873487 0.261008
vt 0.542285 0.372121
vt 0.629363 0.130279
vt 0.822239 0.410017
vt 0.869008 0.238142
vt 0.555143 0.391545
vt 0.605450 0.131213
vt 0.837660 0.392605
vt 0.861586 0.216053
vt 0.566124 0.413128
vt 0.582002 0.134642
vt 0.850692 0.373309
vt 0.851329 0.195115
vt 0.583637 0.429260
vt 0.566045 0.151950
vt 0.861085 0.352476
vt 0.838437 0.175738
vt 0.607253 0.437513
vt 0.556137 0.174839
vt 0.868667 0.330435
vt 0.823113 0.158207
vt 0.628095 0.447853
vt 0.543112 0.194141
vt 0.873319 0.307555
vt 0.805588 0.142781
vt 0.650103 0.455438
vt 0.532714 0.214979
vt 0.672912 0.460077
vt 0.521728 0.236113
vt 0.696134 0.461693
vt 0.513526 0.258895
vt 0.743369 0.127992
vt 0.786378 0.273524
vt 0.787123 0.285242
vt 0.786309 0.296946
vt 0.783873 0.308519
vt 0.779954 0.319737
vt 0.774698 0.330315
vt 0.768081 0.340150
vt 0.760205 0.349028
vt 0.751310 0.356747
vt 0.741499 0.363238
vt 0.730922 0.368397
vt 0.719760 0.372132
vt 0.708206 0.374377
vt 0.696457 0.375096
vt 0.684713 0.374282
vt 0.672161 0.375524
vt 0.657873 0.377845
vt 0.643530 0.376510
vt 0.603094 0.400386
vt 0.581843 0.396421
vt 0.574453 0.376980
vt 0.576293 0.351749
vt 0.560846 0.338717
vt 0.554066 0.321360
vt 0.552849 0.302906
vt 0.554353 0.284684
vt 0.553343 0.266029
vt 0.554313 0.246700
vt 0.559061 0.227962
vt 0.571645 0.213102
vt 0.579076 0.194093
vt 0.581675 0.169050
vt 0.596739 0.157946
vt 0.625118 0.168044
vt 0.651423 0.183658
vt 0.667708 0.187122
vt 0.684009 0.196695
vt 0.697242 0.205139
vt 0.708993 0.205149
vt 0.720552 0.206382
vt 0.752118 0.213503
vt 0.760917 0.221338
vt 0.768660 0.230329
vt 0.775229 0.240115
vt 0.780391 0.250741
vt 0.784100 0.261991
s 1
usemtl Material.001
f 385/1/385 2/2/2 4/3/4 386/4/386
f 386/4/386 4/3/4 6/5/6 387/6/387
f 387/6/387 6/5/6 8/7/8 388/8/388
f 388/8/388 8/7/8 10/9/10 389/10/389
f 389/10/389 10/9/10 12/11/12 390/12/390
f 390/12/390 12/11/12 14/13/14 391/14/391
f 391/14/391 14/13/14 16/15/16 392/16/392
f 392/16/392 16/15/16 18/17/18 393/18/393
f 393/18/393 18/17/18 20/19/20 394/20/394
f 394/20/394 20/19/20 22/21/22 395/22/395
f 395/22/395 22/21/22 24/23/24 396/24/396
f 396/24/396 24/23/24 26/25/26 397/26/397
f 397/27/397 26/28/26 28/29/28 398/30/398
f 398/30/398 28/29/28 30/31/30 399/32/399
f 399/32/399 30/31/30 32/33/32 400/34/400
f 400/34/400 32/33/32 34/35/34 401/36/401
f 401/36/401 34/35/34 36/37/36 402/38/402
f 402/38/402 36/37/36 38/39/38 403/40/403
f 403/40/403 38/39/38 40/41/40 404/42/404
f 404/42/404 40/41/40 42/43/42 405/44/405
f 405/44/405 42/43/42 44/45/44 406/46/406
f 406/46/406 44/45/44 46/47/46 407/48/407
f 407/48/407 46/47/46 48/49/48 408/50/408
f 408/50/408 48/49/48 50/51/50 409/52/409
f 409/52/409 50/51/50 52/53/52 410/54/410
f 410/54/410 52/53/52 54/55/54 411/56/411
f 411/56/411 54/55/54 56/57/56 412/58/412
f 412/58/412 56/57/56 58/59/58 413/60/413
f 413/60/413 58/59/58 60/61/60 414/62/414
f 414/62/414 60/61/60 62/63/62 415/64/415
f 415/64/415 62/63/62 64/65/64 416/66/416
f 416/66/416 64/65/64 66/67/66 417/68/417
f 417/68/417 66/67/66 68/69/68 418/70/418
f 418/70/418 68/69/68 70/71/70 419/72/419
f 419/72/419 70/71/70 72/73/72 420/74/420
f 420/74/420 72/73/72 74/75/74 421/76/421
f 421/76/421 74/75/74 76/77/76 422/78/422
f 422/78/422 76/77/76 78/79/78 423/80/423
f 423/80/423 78/79/78 80/81/80 424/82/424
f 424/82/424 80/81/80 82/83/82 425/84/425
f 425/84/425 82/83/82 84/85/84 426/86/426
f 426/86/426 84/85/84 86/87/86 427/88/427
f 427/88/427 86/87/86 88/89/88 428/90/428
f 428/90/428 88/89/88 90/91/90 429/92/429
f 429/92/429 90/91/90 92/93/92 430/94/430
f 430/94/430 92/93/92 94/95/94 431/96/431
f 20/19/20 18/17/18 1065/97/1061 1066/98/1062
f 431/96/431 94/95/94 96/99/96 432/100/432
f 432/100/432 96/99/96 2/2/2 385/1/385
f 87/101/87 89/102/89 909/103/905 908/104/904
f 671/105/669 384/106/384 97/107/97 672/108/670
f 384/109/384 383/110/383 98/111/98 97/112/97
f 576/113/574 382/114/382 99/115/99 529/116/527
f 382/117/382 381/118/381 100/119/100 99/120/99
f 480/121/479 380/122/380 101/123/101 433/124/433
f 380/125/380 379/126/379 102/127/102 101/128/101
f 670/129/668 378/130/378 384/106/384 671/105/669
f 378/131/378 377/132/377 383/110/383 384/109/384
f 575/133/573 376/134/376 382/114/382 576/113/574
f 376/135/376 375/136/375 381/118/381 382/117/382
f 479/137/478 374/138/374 380/122/380 480/121/479
f 374/139/374 373/140/373 379/126/379 380/125/380
f 669/141/667 372/142/372 378/130/378 670/129/668
f 372/143/372 371/144/371 377/132/377 378/131/378
f 574/145/572 370/146/370 376/134/376 575/133/573
f 370/147/370 369/148/369 375/136/375 376/135/376
f 478/149/477 368/150/368 374/138/374 479/137/478
f 368/151/368 367/152/367 373/140/373 374/139/374
f 668/153/666 366/154/366 372/142/372 669/141/667
f 366/155/366 365/156/365 371/144/371 372/143/372
f 573/157/571 364/158/364 370/146/370 574/145/572
f 364/159/364 363/160/363 369/148/369 370/147/370
f 477/161/476 362/162/362 368/150/368 478/149/477
f 362/163/362 361/164/361 367/152/367 368/151/368
f 667/165/665 360/166/360 366/154/366 668/153/666
f 360/167/360 359/168/359 365/156/365 366/155/366
f 572/169/570 358/170/358 364/158/364 573/157/571
f 358/171/358 357/172/357 363/160/363 364/159/364
f 476/173/475 356/174/356 362/162/362 477/161/476
f 356/175/356 355/176/355 361/164/361 362/163/362
f 666/177/664 354/178/354 360/166/360 667/165/665
f 354/179/354 353/180/353 359/168/359 360/167/360
f 571/181/569 352/182/352 358/170/358 572/169/570
f 352/183/352 351/184/351 357/172/357 358/171/358
f 475/185/474 350/186/350 356/174/356 476/173/475
f 350/187/350 349/188/349 355/176/355 356/175/356
f 665/189/663 348/190/348 354/178/354 666/177/664
f 348/191/348 347/192/347 353/180/353 354/179/354
f 570/193/568 346/194/346 352/182/352 571/181/569
f 346/195/346 345/196/345 351/184/351 352/183/352
f 474/197/473 344/198/344 350/186/350 475/185/474
f 344/199/344 343/200/343 349/188/349 350/187/350
f 664/201/662 342/202/342 348/190/348 665/189/663
f 342/203/342 341/204/341 347/192/347 348/191/348
f 569/205/567 340/206/340 346/194/346 570/193/568
f 340/207/340 339/208/339 345/196/345 346/195/346
f 473/209/472 338/210/338 344/198/344 474/197/473
f 338/211/338 337/212/337 343/200/343 344/199/344
f 663/213/661 336/214/336 342/202/342 664/201/662
f 336/215/336 335/216/335 341/204/341 342/203/342
f 568/217/566 334/218/334 340/206/340 569/205/567
f 334/219/334 333/220/333 339/208/339 340/207/340
f 472/221/471 332/222/332 338/210/338 473/209/472
f 332/223/332 331/224/331 337/212/337 338/211/338
f 662/225/660 330/226/330 336/214/336 663/213/661
f 330/227/330 329/228/329 335/216/335 336/215/336
f 567/229/565 328/230/328 334/218/334 568/217/566
f 328/231/328 327/232/327 333/220/333 334/219/334
f 471/233/470 326/234/326 332/222/332 472/221/471
f 326/235/326 325/236/325 331/224/331 332/223/332
f 661/237/659 324/238/324 330/226/330 662/225/660
f 324/239/324 323/240/323 329/228/329 330/227/330
f 566/241/564 322/242/322 328/230/328 567/229/565
f 322/243/322 321/244/321 327/232/327 328/231/328
f 470/245/469 320/246/320 326/234/326 471/233/470
f 320/247/320 319/248/319 325/236/325 326/235/326
f 660/249/658 318/250/318 324/238/324 661/237/659
f 318/251/318 317/252/317 323/240/323 324/239/324
f 565/253/563 316/254/316 322/242/322 566/241/564
f 316/255/316 315/256/315 321/244/321 322/243/322
f 469/257/468 314/258/314 320/246/320 470/245/469
f 314/259/314 313/260/313 319/248/319 320/247/320
f 659/261/657 312/262/312 318/250/318 660/249/658
f 312/263/312 311/264/311 317/252/317 318/251/318
f 564/265/562 310/266/310 316/254/316 565/253/563
f 310/267/310 309/268/309 315/256/315 316/255/316
f 468/269/467 308/270/308 314/258/314 469/257/468
f 308/271/308 307/272/307 313/260/313 314/259/314
f 658/273/656 306/274/306 312/262/312 659/261/657
f 306/275/306 305/276/305 311/264/311 312/263/312
f 563/277/561 304/278/304 310/266/310 564/265/562
f 304/279/304 303/280/303 309/268/309 310/267/310
f 467/281/466 302/282/302 308/270/308 468/269/467
f 302/283/302 301/284/301 307/272/307 308/271/308
f 657/285/655 300/286/300 306/274/306 658/273/656
f 300/287/300 299/288/299 305/276/305 306/275/306
f 562/289/560 298/290/298 304/278/304 563/277/561
f 298/291/298 297/292/297 303/280/303 304/279/304
f 466/293/465 296/294/296 302/282/302 467/281/466
f 296/295/296 295/296/295 301/284/301 302/283/302
f 656/297/654 294/298/294 300/286/300 657/285/655
f 294/299/294 293/300/293 299/288/299 300/287/300
f 561/301/559 292/302/292 298/290/298 562/289/560
f 292/303/292 291/304/291 297/292/297 298/291/298
f 465/305/464 290/306/290 296/294/296 466/293/465
f 290/307/290 289/308/289 295/296/295 296/295/296
f 655/309/653 288/310/288 294/298/294 656/297/654
f 288/311/288 287/312/287 293/300/293 294/299/294
f 560/313/558 286/314/286 292/302/292 561/301/559
f 286/315/286 285/316/285 291/304/291 292/303/292
f 464/317/463 284/318/284 290/306/290 465/305/464
f 284/319/284 283/320/283 289/308/289 290/307/290
f 654/321/652 282/322/282 288/310/288 655/309/653
f 282/323/282 281/324/281 287/312/287 288/311/288
f 559/325/557 280/326/280 286/314/286 560/313/558
f 280/327/280 279/328/279 285/316/285 286/315/286
f 463/329/462 278/330/278 284/318/284 464/317/463
f 278/331/278 277/332/277 283/320/283 284/319/284
f 653/333/651 276/334/276 282/322/282 654/321/652
f 276/335/276 275/336/275 281/324/281 282/323/282
f 558/337/556 274/338/274 280/326/280 559/325/557
f 274/339/274 273/340/273 279/328/279 280/327/280
f 462/341/461 272/342/272 278/330/278 463/329/462
f 272/343/272 271/344/271 277/332/277 278/331/278
f 652/345/650 270/346/270 276/334/276 653/333/651
f 270/347/270 269/348/269 275/336/275 276/335/276
f 557/349/555 268/350/268 274/338/274 558/337/556
f 268/351/268 267/352/267 273/340/273 274/339/274
f 461/353/460 266/354/266 272/342/272 462/341/461
f 266/355/266 265/356/265 271/344/271 272/343/272
f 651/357/649 264/358/264 270/346/270 652/345/650
f 264/359/264 263/360/263 269/348/269 270/347/270
f 556/361/554 262/362/262 268/350/268 557/349/555
f 262/363/262 261/364/261 267/352/267 268/351/268
f 460/365/459 260/366/260 266/354/266 461/353/460
f 260/367/260 259/368/259 265/356/265 266/355/266
f 650/369/648 258/370/258 264/358/264 651/357/649
f 258/371/258 257/372/257 263/360/263 264/359/264
f 555/373/553 256/374/256 262/362/262 556/361/554
f 256/375/256 255/376/255 261/364/261 262/363/262
f 459/377/458 254/378/254 260/366/260 460/365/459
f 254/379/254 253/380/253 259/368/259 260/367/260
f 649/381/647 252/382/252 258/370/258 650/369/648
f 252/383/252 251/384/251 257/372/257 258/371/258
f 554/385/552 250/386/250 256/374/256 555/373/553
f 250/387/250 249/388/249 255/376/255 256/375/256
f 458/389/457 248/390/248 254/378/254 459/377/458
f 248/391/248 247/392/247 253/380/253 254/379/254
f 648/393/646 246/394/246 252/382/252 649/381/647
f 246/395/246 245/396/245 251/384/251 252/383/252
f 553/397/551 244/398/244 250/386/250 554/385/552
f 244/399/244 243/400/243 249/388/249 250/387/250
f 457/401/456 242/402/242 248/390/248 458/389/457
f 242/403/242 241/404/241 247/392/247 248/391/248
f 647/405/645 240/406/240 246/394/246 648/393/646
f 240/407/240 239/408/239 245/396/245 246/395/246
f 552/409/550 238/410/238 244/398/244 553/397/551
f 238/411/238 237/412/237 243/400/243 244/399/244
f 456/413/455 236/414/236 242/402/242 457/401/456
f 236/415/236 235/416/235 241/404/241 242/403/242
f 646/417/644 234/418/234 240/406/240 647/405/645
f 234/419/234 233/420/233 239/408/239 240/407/240
f 551/421/549 232/422/232 238/410/238 552/409/550
f 232/423/232 231/424/231 237/412/237 238/411/238
f 455/425/454 230/426/230 236/414/236 456/413/455
f 230/427/230 229/428/229 235/416/235 236/415/236
f 645/429/643 228/430/228 234/418/234 646/417/644
f 228/431/228 227/432/227 233/420/233 234/419/234
f 550/433/548 226/434/226 232/422/232 551/421/549
f 226/435/226 225/436/225 231/424/231 232/423/232
f 454/437/453 224/438/224 230/426/230 455/425/454
f 224/439/224 223/440/223 229/428/229 230/427/230
f 644/441/642 222/442/222 228/430/228 645/429/643
f 222/443/222 221/444/221 227/432/227 228/431/228
f 549/445/547 220/446/220 226/434/226 550/433/548
f 220/447/220 219/448/219 225/436/225 226/435/226
f 453/449/452 218/450/218 224/438/224 454/437/453
f 218/451/218 217/452/217 223/440/223 224/439/224
f 643/453/641 216/454/216 222/442/222 644/441/642
f 216/455/216 215/456/215 221/444/221 222/443/222
f 548/457/546 214/458/214 220/446/220 549/445/547
f 214/459/214 213/460/213 219/448/219 220/447/220
f 452/461/451 212/462/212 218/450/218 453/449/452
f 212/463/212 211/464/211 217/452/217 218/451/218
f 642/465/640 210/466/210 216/454/216 643/453/641
f 210/467/210 209/468/209 215/456/215 216/455/216
f 547/469/545 208/470/208 214/458/214 548/457/546
f 208/471/208 207/472/207 213/460/213 214/459/214
f 451/473/450 206/474/206 212/462/212 452/461/451
f 206/475/206 205/476/205 211/464/211 212/463/212
f 641/477/639 204/478/204 210/466/210 642/465/640
f 204/479/204 203/480/203 209/468/209 210/467/210
f 546/481/544 202/482/202 208/470/208 547/469/545
f 202/483/202 201/484/201 207/472/207 208/471/208
f 450/485/449 200/486/200 206/474/206 451/473/450
f 200/487/200 199/488/199 205/476/205 206/475/206
f 640/489/638 198/490/198 204/478/204 641/477/639
f 198/491/198 197/492/197 203/480/203 204/479/204
f 545/493/543 196/494/196 202/482/202 546/481/544
f 196/495/196 195/496/195 201/484/201 202/483/202
f 449/497/448 194/498/194 200/486/200 450/485/449
f 194/499/194 193/500/193 199/488/199 200/487/200
f 639/501/637 192/502/192 198/490/198 640/489/638
f 192/503/192 191/504/191 197/492/197 198/491/198
f 544/505/542 190/506/190 196/494/196 545/493/543
f 190/507/190 189/508/189 195/496/195 196/495/196
f 448/509/442 188/510/188 194/498/194 449/497/448
f 188/511/188 187/512/187 193/500/193 194/499/194
f 638/513/636 186/514/186 192/502/192 639/501/637
f 186/515/186 185/516/185 191/504/191 192/503/192
f 543/517/541 184/518/184 190/506/190 544/505/542
f 184/519/184 183/520/183 189/508/189 190/507/190
f 447/521/447 182/522/182 188/510/188 448/509/442
f 182/523/182 181/524/181 187/512/187 188/511/188
f 637/525/635 180/526/180 186/514/186 638/513/636
f 180/527/180 179/528/179 185/516/185 186/515/186
f 542/529/540 178/530/178 184/518/184 543/517/541
f 178/531/178 177/532/177 183/520/183 184/519/184
f 446/533/446 176/534/176 182/522/182 447/521/447
f 176/535/176 175/536/175 181/524/181 182/523/182
f 636/537/634 174/538/174 180/526/180 637/525/635
f 174/539/174 173/540/173 179/528/179 180/527/180
f 541/541/539 172/542/172 178/530/178 542/529/540
f 172/543/172 171/544/171 177/532/177 178/531/178
f 445/545/445 170/546/170 176/534/176 446/533/446
f 170/547/170 169/548/169 175/536/175 176/535/176
f 635/549/633 168/550/168 174/551/174 636/552/634
f 168/553/168 167/554/167 173/555/173 174/556/174
f 540/557/538 166/558/166 172/559/172 541/560/539
f 166/561/166 165/562/165 171/563/171 172/564/172
f 444/565/444 164/566/164 170/567/170 445/568/445
f 164/569/164 163/570/163 169/571/169 170/572/170
f 634/573/632 162/574/162 168/550/168 635/549/633
f 162/575/162 161/576/161 167/554/167 168/553/168
f 539/577/537 160/578/160 166/558/166 540/557/538
f 160/579/160 159/580/159 165/562/165 166/561/166
f 443/581/443 158/582/158 164/566/164 444/565/444
f 158/583/158 157/584/157 163/570/163 164/569/164
f 633/585/631 156/586/156 162/574/162 634/573/632
f 156/587/156 155/588/155 161/576/161 162/575/162
f 538/589/536 154/590/154 160/578/160 539/577/537
f 154/591/154 153/592/153 159/580/159 160/579/160
f 442/593/442 152/594/152 158/582/158 443/581/443
f 152/595/152 151/596/151 157/584/157 158/583/158
f 632/597/630 150/598/150 156/586/156 633/585/631
f 150/599/150 149/600/149 155/588/155 156/587/156
f 537/601/535 148/602/148 154/590/154 538/589/536
f 148/603/148 147/604/147 153/592/153 154/591/154
f 441/605/441 146/606/146 152/594/152 442/593/442
f 146/607/146 145/608/145 151/596/151 152/595/152
f 631/609/629 144/610/144 150/598/150 632/597/630
f 144/611/144 143/612/143 149/600/149 150/599/150
f 536/613/534 142/614/142 148/602/148 537/601/535
f 142/615/142 141/616/141 147/604/147 148/603/148
f 440/617/440 140/618/140 146/606/146 441/605/441
f 140/619/140 139/620/139 145/608/145 146/607/146
f 630/621/628 138/622/138 144/610/144 631/609/629
f 138/623/138 137/624/137 143/612/143 144/611/144
f 535/625/533 136/626/136 142/614/142 536/613/534
f 136/627/136 135/628/135 141/616/141 142/615/142
f 439/629/439 134/630/134 140/618/140 440/617/440
f 134/631/134 133/632/133 139/620/139 140/619/140
f 629/633/627 132/634/132 138/622/138 630/621/628
f 132/635/132 131/636/131 137/624/137 138/623/138
f 534/637/532 130/638/130 136/626/136 535/625/533
f 130/639/130 129/640/129 135/628/135 136/627/136
f 438/641/438 128/642/128 134/630/134 439/629/439
f 128/643/128 127/644/127 133/632/133 134/631/134
f 628/645/626 126/646/126 132/634/132 629/633/627
f 126/647/126 125/648/125 131/636/131 132/635/132
f 533/649/531 124/650/124 130/638/130 534/637/532
f 124/651/124 123/652/123 129/640/129 130/639/130
f 437/653/437 122/654/122 128/642/128 438/641/438
f 122/655/122 121/656/121 127/644/127 128/643/128
f 627/657/625 120/658/120 126/646/126 628/645/626
f 120/659/120 119/660/119 125/648/125 126/647/126
f 532/661/530 118/662/118 124/650/124 533/649/531
f 118/663/118 117/664/117 123/652/123 124/651/124
f 436/665/436 116/666/116 122/654/122 437/653/437
f 116/667/116 115/668/115 121/656/121 122/655/122
f 626/669/624 114/670/114 120/658/120 627/657/625
f 114/671/114 113/672/113 119/660/119 120/659/120
f 531/673/529 112/674/112 118/662/118 532/661/530
f 112/675/112 111/676/111 117/664/117 118/663/118
f 435/677/435 110/678/110 116/666/116 436/665/436
f 110/679/110 109/680/109 115/668/115 116/667/116
f 625/681/623 108/682/108 114/670/114 626/669/624
f 108/683/108 107/684/107 113/672/113 114/671/114
f 530/685/528 106/686/106 112/674/112 531/673/529
f 106/687/106 105/688/105 111/676/111 112/675/112
f 434/689/434 104/690/104 110/678/110 435/677/435
f 104/691/104 103/692/103 109/680/109 110/679/110
f 672/108/670 97/107/97 108/682/108 625/681/623
f 97/112/97 98/111/98 107/684/107 108/683/108
f 529/116/527 99/115/99 106/686/106 530/685/528
f 99/120/99 100/119/100 105/688/105 106/687/106
f 433/124/433 101/123/101 104/690/104 434/689/434
f 101/128/101 102/127/102 103/692/103 104/691/104
f 379/693/379 432/100/432 385/1/385 102/694/102
f 373/695/373 431/96/431 432/100/432 379/693/379
f 367/696/367 430/94/430 431/96/431 373/695/373
f 361/697/361 429/92/429 430/94/430 367/696/367
f 355/698/355 428/90/428 429/92/429 361/697/361
f 349/699/349 427/88/427 428/90/428 355/698/355
f 343/700/343 426/86/426 427/88/427 349/699/349
f 337/701/337 425/84/425 426/86/426 343/700/343
f 331/702/331 424/82/424 425/84/425 337/701/337
f 325/703/325 423/80/423 424/82/424 331/702/331
f 319/704/319 422/78/422 423/80/423 325/703/325
f 313/705/313 421/76/421 422/78/422 319/704/319
f 307/706/307 420/74/420 421/76/421 313/705/313
f 301/707/301 419/72/419 420/74/420 307/706/307
f 295/708/295 418/70/418 419/72/419 301/707/301
f 289/709/289 417/68/417 418/70/418 295/708/295
f 283/710/283 416/66/416 417/68/417 289/709/289
f 277/711/277 415/64/415 416/66/416 283/710/283
f 271/712/271 414/62/414 415/64/415 277/711/277
f 265/713/265 413/60/413 414/62/414 271/712/271
f 259/714/259 412/58/412 413/60/413 265/713/265
f 253/715/253 411/56/411 412/58/412 259/714/259
f 247/716/247 410/54/410 411/56/411 253/715/253
f 241/717/241 409/52/409 410/54/410 247/716/247
f 235/718/235 408/50/408 409/52/409 241/717/241
f 229/719/229 407/48/407 408/50/408 235/718/235
f 223/720/223 406/46/406 407/48/407 229/719/229
f 217/721/217 405/44/405 406/46/406 223/720/223
f 211/722/211 404/42/404 405/44/405 217/721/217
f 205/723/205 403/40/403 404/42/404 211/722/211
f 199/724/199 402/38/402 403/40/403 205/723/205
f 193/725/193 401/36/401 402/38/402 199/724/199
f 187/726/187 400/34/400 401/36/401 193/725/193
f 181/727/181 399/32/399 400/34/400 187/726/187
f 175/728/175 398/30/398 399/32/399 181/727/181
f 169/729/169 397/27/397 398/30/398 175/728/175
f 163/730/163 396/24/396 397/26/397 169/731/169
f 157/732/157 395/22/395 396/24/396 163/730/163
f 151/733/151 394/20/394 395/22/395 157/732/157
f 145/734/145 393/18/393 394/20/394 151/733/151
f 139/735/139 392/16/392 393/18/393 145/734/145
f 133/736/133 391/14/391 392/16/392 139/735/139
f 127/737/127 390/12/390 391/14/391 133/736/133
f 121/738/121 389/10/389 390/12/390 127/737/127
f 115/739/115 388/8/388 389/10/389 121/738/121
f 109/740/109 387/6/387 388/8/388 115/739/115
f 103/741/103 386/4/386 387/6/387 109/740/109
f 102/694/102 385/1/385 386/4/386 103/741/103
f 674/742/672 433/124/433 434/689/434 675/743/673
f 675/743/673 434/689/434 435/677/435 677/744/675
f 677/744/675 435/677/435 436/665/436 679/745/677
f 679/745/677 436/665/436 437/653/437 681/746/679
f 681/746/679 437/653/437 438/641/438 683/747/681
f 683/747/681 438/641/438 439/629/439 685/748/683
f 685/748/683 439/629/439 440/617/440 687/749/685
f 687/749/685 440/617/440 441/605/441 689/750/687
f 689/750/687 441/605/441 442/593/442 691/751/689
f 691/751/689 442/593/442 443/581/443 693/752/691
f 693/752/691 443/581/443 444/565/444 695/753/693
f 695/753/693 444/565/444 445/568/445 697/754/689
f 697/755/689 445/545/445 446/533/446 699/756/695
f 699/756/695 446/533/446 447/521/447 701/757/697
f 701/757/697 447/521/447 448/509/442 703/758/699
f 703/758/699 448/509/442 449/497/448 705/759/701
f 705/759/701 449/497/448 450/485/449 707/760/703
f 707/760/703 450/485/449 451/473/450 709/761/705
f 709/761/705 451/473/450 452/461/451 711/762/707
f 711/762/707 452/461/451 453/449/452 713/763/709
f 713/763/709 453/449/452 454/437/453 715/764/711
f 715/764/711 454/437/453 455/425/454 717/765/713
f 717/765/713 455/425/454 456/413/455 719/766/715
f 719/766/715 456/413/455 457/401/456 721/767/717
f 721/767/717 457/401/456 458/389/457 723/768/719
f 723/768/719 458/389/457 459/377/458 725/769/721
f 725/769/721 459/377/458 460/365/459 727/770/723
f 727/770/723 460/365/459 461/353/460 729/771/725
f 729/771/725 461/353/460 462/341/461 731/772/727
f 731/772/727 462/341/461 463/329/462 733/773/729
f 733/773/729 463/329/462 464/317/463 735/774/731
f 735/774/731 464/317/463 465/305/464 737/775/733
f 737/775/733 465/305/464 466/293/465 739/776/735
f 739/776/735 466/293/465 467/281/466 741/777/737
f 741/777/737 467/281/466 468/269/467 743/778/739
f 743/778/739 468/269/467 469/257/468 745/779/741
f 745/779/741 469/257/468 470/245/469 747/780/743
f 747/780/743 470/245/469 471/233/470 749/781/745
f 749/781/745 471/233/470 472/221/471 751/782/747
f 751/782/747 472/221/471 473/209/472 753/783/749
f 753/783/749 473/209/472 474/197/473 755/784/751
f 755/784/751 474/197/473 475/185/474 757/785/753
f 757/785/753 475/185/474 476/173/475 759/786/755
f 759/786/755 476/173/475 477/161/476 761/787/757
f 761/787/757 477/161/476 478/149/477 763/788/759
f 763/788/759 478/149/477 479/137/478 765/789/761
f 765/789/761 479/137/478 480/121/479 767/790/763
f 767/790/763 480/121/479 433/124/433 674/742/672
f 381/791/381 527/792/525 528/793/526 100/794/100
f 375/795/375 526/796/524 527/792/525 381/791/381
f 369/797/369 525/798/523 526/796/524 375/795/375
f 363/799/363 524/800/522 525/798/523 369/797/369
f 357/801/357 523/802/521 524/800/522 363/799/363
f 351/803/351 522/804/520 523/802/521 357/801/357
f 345/805/345 521/806/519 522/804/520 351/803/351
f 339/807/339 520/808/518 521/806/519 345/805/345
f 333/809/333 519/810/517 520/808/518 339/807/339
f 327/811/327 518/812/516 519/810/517 333/809/333
f 321/813/321 517/814/515 518/812/516 327/811/327
f 315/815/315 516/816/514 517/814/515 321/813/321
f 309/817/309 515/818/513 516/816/514 315/815/315
f 303/819/303 514/820/512 515/818/513 309/817/309
f 297/821/297 513/822/511 514/820/512 303/819/303
f 291/823/291 512/824/510 513/822/511 297/821/297
f 285/825/285 511/826/509 512/824/510 291/823/291
f 279/827/279 510/828/508 511/826/509 285/825/285
f 273/829/273 509/830/507 510/828/508 279/827/279
f 267/831/267 508/832/506 509/830/507 273/829/273
f 261/833/261 507/834/505 508/832/506 267/831/267
f 255/835/255 506/836/504 507/834/505 261/833/261
f 249/837/249 505/838/503 506/836/504 255/835/255
f 243/839/243 504/840/502 505/838/503 249/837/249
f 237/841/237 503/842/501 504/840/502 243/839/243
f 231/843/231 502/844/500 503/842/501 237/841/237
f 225/845/225 501/846/499 502/844/500 231/843/231
f 219/847/219 500/848/498 501/846/499 225/845/225
f 213/849/213 499/850/497 500/848/498 219/847/219
f 207/851/207 498/852/496 499/850/497 213/849/213
f 201/853/201 497/854/495 498/852/496 207/851/207
f 195/855/195 496/856/494 497/854/495 201/853/201
f 189/857/189 495/858/488 496/856/494 195/855/195
f 183/859/183 494/860/493 495/858/488 189/857/189
f 177/861/177 493/862/492 494/860/493 183/859/183
f 171/863/171 492/864/491 493/862/492 177/861/177
f 165/865/165 491/866/490 492/867/491 171/868/171
f 159/869/159 490/870/489 491/866/490 165/865/165
f 153/871/153 489/872/488 490/870/489 159/869/159
f 147/873/147 488/874/487 489/872/488 153/871/153
f 141/875/141 487/876/486 488/874/487 147/873/147
f 135/877/135 486/878/485 487/876/486 141/875/141
f 129/879/129 485/880/484 486/878/485 135/877/135
f 123/881/123 484/882/483 485/880/484 129/879/129
f 117/883/117 483/884/482 484/882/483 123/881/123
f 111/885/111 482/886/481 483/884/482 117/883/117
f 105/887/105 481/888/480 482/886/481 111/885/111
f 100/794/100 528/793/526 481/888/480 105/887/105
f 770/889/766 529/116/527 530/685/528 771/890/767
f 771/890/767 530/685/528 531/673/529 773/891/769
f 773/891/769 531/673/529 532/661/530 775/892/771
f 775/892/771 532/661/530 533/649/531 777/893/773
f 777/893/773 533/649/531 534/637/532 779/894/775
f 779/894/775 534/637/532 535/625/533 781/895/777
f 781/895/777 535/625/533 536/613/534 783/896/779
f 783/896/779 536/613/534 537/601/535 785/897/781
f 785/897/781 537/601/535 538/589/536 787/898/783
f 787/898/783 538/589/536 539/577/537 789/899/785
f 789/899/785 539/577/537 540/557/538 791/900/787
f 791/900/787 540/557/538 541/560/539 793/901/789
f 793/902/789 541/541/539 542/529/540 795/903/791
f 795/903/791 542/529/540 543/517/541 797/904/793
f 797/904/793 543/517/541 544/505/542 799/905/795
f 799/905/795 544/505/542 545/493/543 801/906/797
f 801/906/797 545/493/543 546/481/544 803/907/799
f 803/907/799 546/481/544 547/469/545 805/908/801
f 805/908/801 547/469/545 548/457/546 807/909/803
f 807/909/803 548/457/546 549/445/547 809/910/805
f 809/910/805 549/445/547 550/433/548 811/911/807
f 811/911/807 550/433/548 551/421/549 813/912/809
f 813/912/809 551/421/549 552/409/550 815/913/811
f 815/913/811 552/409/550 553/397/551 817/914/813
f 817/914/813 553/397/551 554/385/552 819/915/815
f 819/915/815 554/385/552 555/373/553 821/916/817
f 821/916/817 555/373/553 556/361/554 823/917/819
f 823/917/819 556/361/554 557/349/555 825/918/821
f 825/918/821 557/349/555 558/337/556 827/919/823
f 827/919/823 558/337/556 559/325/557 829/920/825
f 829/920/825 559/325/557 560/313/558 831/921/827
f 831/921/827 560/313/558 561/301/559 833/922/829
f 833/922/829 561/301/559 562/289/560 835/923/831
f 835/923/831 562/289/560 563/277/561 837/924/833
f 837/924/833 563/277/561 564/265/562 839/925/835
f 839/925/835 564/265/562 565/253/563 841/926/837
f 841/926/837 565/253/563 566/241/564 843/927/839
f 843/927/839 566/241/564 567/229/565 845/928/841
f 845/928/841 567/229/565 568/217/566 847/929/843
f 847/929/843 568/217/566 569/205/567 849/930/845
f 849/930/845 569/205/567 570/193/568 851/931/847
f 851/931/847 570/193/568 571/181/569 853/932/849
f 853/932/849 571/181/569 572/169/570 855/933/851
f 855/933/851 572/169/570 573/157/571 857/934/853
f 857/934/853 573/157/571 574/145/572 859/935/855
f 859/935/855 574/145/572 575/133/573 861/936/857
f 861/936/857 575/133/573 576/113/574 863/937/859
f 863/937/859 576/113/574 529/116/527 770/889/766
f 383/938/383 623/939/621 624/940/622 98/941/98
f 377/942/377 622/943/620 623/939/621 383/938/383
f 371/944/371 621/945/619 622/943/620 377/942/377
f 365/946/365 620/947/618 621/945/619 371/944/371
f 359/948/359 619/949/617 620/947/618 365/946/365
f 353/950/353 618/951/616 619/949/617 359/948/359
f 347/952/347 617/953/615 618/951/616 353/950/353
f 341/954/341 616/955/614 617/953/615 347/952/347
f 335/956/335 615/957/613 616/955/614 341/954/341
f 329/958/329 614/959/612 615/957/613 335/956/335
f 323/960/323 613/961/611 614/959/612 329/958/329
f 317/962/317 612/963/610 613/961/611 323/960/323
f 311/964/311 611/965/609 612/963/610 317/962/317
f 305/966/305 610/967/608 611/965/609 311/964/311
f 299/968/299 609/969/607 610/967/608 305/966/305
f 293/970/293 608/971/606 609/969/607 299/968/299
f 287/972/287 607/973/605 608/971/606 293/970/293
f 281/974/281 606/975/604 607/973/605 287/972/287
f 275/976/275 605/977/603 606/975/604 281/974/281
f 269/978/269 604/979/602 605/977/603 275/976/275
f 263/980/263 603/981/601 604/979/602 269/978/269
f 257/982/257 602/983/600 603/981/601 263/980/263
f 251/984/251 601/985/599 602/983/600 257/982/257
f 245/986/245 600/987/598 601/985/599 251/984/251
f 239/988/239 599/989/597 600/987/598 245/986/245
f 233/990/233 598/991/596 599/989/597 239/988/239
f 227/992/227 597/993/595 598/991/596 233/990/233
f 221/994/221 596/995/594 597/993/595 227/992/227
f 215/996/215 595/997/593 596/995/594 221/994/221
f 209/998/209 594/999/592 595/997/593 215/996/215
f 203/1000/203 593/1001/591 594/999/592 209/998/209
f 197/1002/197 592/1003/590 593/1001/591 203/1000/203
f 191/1004/191 591/1005/589 592/1003/590 197/1002/197
f 185/1006/185 590/1007/588 591/1005/589 191/1004/191
f 179/1008/179 589/1009/587 590/1007/588 185/1006/185
f 173/1010/173 588/1011/586 589/1009/587 179/1008/179
f 167/1012/167 587/1013/585 588/1014/586 173/1015/173
f 161/1016/161 586/1017/584 587/1013/585 167/1012/167
f 155/1018/155 585/1019/583 586/1017/584 161/1016/161
f 149/1020/149 584/1021/582 585/1019/583 155/1018/155
f 143/1022/143 583/1023/581 584/1021/582 149/1020/149
f 137/1024/137 582/1025/580 583/1023/581 143/1022/143
f 131/1026/131 581/1027/579 582/1025/580 137/1024/137
f 125/1028/125 580/1029/578 581/1027/579 131/1026/131
f 119/1030/119 579/1031/577 580/1029/578 125/1028/125
f 113/1032/113 578/1033/576 579/1031/577 119/1030/119
f 107/1034/107 577/1035/575 578/1033/576 113/1032/113
f 98/941/98 624/940/622 577/1035/575 107/1034/107
f 1/1036/1 672/108/670 625/681/623 3/1037/3
f 3/1037/3 625/681/623 626/669/624 5/1038/5
f 5/1038/5 626/669/624 627/657/625 7/1039/7
f 7/1039/7 627/657/625 628/645/626 9/1040/9
f 9/1040/9 628/645/626 629/633/627 11/1041/11
f 11/1041/11 629/633/627 630/621/628 13/1042/13
f 13/1042/13 630/621/628 631/609/629 15/1043/15
f 15/1043/15 631/609/629 632/597/630 17/1044/17
f 17/1044/17 632/597/630 633/585/631 19/1045/19
f 19/1045/19 633/585/631 634/573/632 21/1046/21
f 21/1046/21 634/573/632 635/549/633 23/1047/23
f 23/1047/23 635/549/633 636/552/634 25/1048/25
f 25/1049/25 636/537/634 637/525/635 27/1050/27
f 27/1050/27 637/525/635 638/513/636 29/1051/29
f 29/1051/29 638/513/636 639/501/637 31/1052/31
f 31/1052/31 639/501/637 640/489/638 33/1053/33
f 33/1053/33 640/489/638 641/477/639 35/1054/35
f 35/1054/35 641/477/639 642/465/640 37/1055/37
f 37/1055/37 642/465/640 643/453/641 39/1056/39
f 39/1056/39 643/453/641 644/441/642 41/1057/41
f 41/1057/41 644/441/642 645/429/643 43/1058/43
f 43/1058/43 645/429/643 646/417/644 45/1059/45
f 45/1059/45 646/417/644 647/405/645 47/1060/47
f 47/1060/47 647/405/645 648/393/646 49/1061/49
f 49/1061/49 648/393/646 649/381/647 51/1062/51
f 51/1062/51 649/381/647 650/369/648 53/1063/53
f 53/1063/53 650/369/648 651/357/649 55/1064/55
f 55/1064/55 651/357/649 652/345/650 57/1065/57
f 57/1065/57 652/345/650 653/333/651 59/1066/59
f 59/1066/59 653/333/651 654/321/652 61/1067/61
f 61/1067/61 654/321/652 655/309/653 63/1068/63
f 63/1068/63 655/309/653 656/297/654 65/1069/65
f 65/1069/65 656/297/654 657/285/655 67/1070/67
f 67/1070/67 657/285/655 658/273/656 69/1071/69
f 69/1071/69 658/273/656 659/261/657 71/1072/71
f 71/1072/71 659/261/657 660/249/658 73/1073/73
f 73/1073/73 660/249/658 661/237/659 75/1074/75
f 75/1074/75 661/237/659 662/225/660 77/1075/77
f 77/1075/77 662/225/660 663/213/661 79/1076/79
f 79/1076/79 663/213/661 664/201/662 81/1077/81
f 81/1077/81 664/201/662 665/189/663 83/1078/83
f 83/1078/83 665/189/663 666/177/664 85/1079/85
f 85/1079/85 666/177/664 667/165/665 87/101/87
f 87/101/87 667/165/665 668/153/666 89/102/89
f 89/102/89 668/153/666 669/141/667 91/1080/91
f 91/1080/91 669/141/667 670/129/668 93/1081/93
f 93/1081/93 670/129/668 671/105/669 95/1082/95
f 95/1082/95 671/105/669 672/108/670 1/1036/1
f 527/792/525 768/1083/764 673/1084/671 528/793/526
f 768/1083/764 767/790/763 674/742/672 673/1084/671
f 526/796/524 766/1085/762 768/1083/764 527/792/525
f 766/1085/762 765/789/761 767/790/763 768/1083/764
f 525/798/523 764/1086/760 766/1085/762 526/796/524
f 764/1086/760 763/788/759 765/789/761 766/1085/762
f 524/800/522 762/1087/758 764/1086/760 525/798/523
f 762/1087/758 761/787/757 763/788/759 764/1086/760
f 523/802/521 760/1088/756 762/1087/758 524/800/522
f 760/1088/756 759/786/755 761/787/757 762/1087/758
f 522/804/520 758/1089/754 760/1088/756 523/802/521
f 758/1089/754 757/785/753 759/786/755 760/1088/756
f 521/806/519 756/1090/752 758/1089/754 522/804/520
f 756/1090/752 755/784/751 757/785/753 758/1089/754
f 520/808/518 754/1091/750 756/1090/752 521/806/519
f 754/1091/750 753/783/749 755/784/751 756/1090/752
f 519/810/517 752/1092/748 754/1091/750 520/808/518
f 752/1092/748 751/782/747 753/783/749 754/1091/750
f 518/812/516 750/1093/746 752/1092/748 519/810/517
f 750/1093/746 749/781/745 751/782/747 752/1092/748
f 517/814/515 748/1094/744 750/1093/746 518/812/516
f 748/1094/744 747/780/743 749/781/745 750/1093/746
f 516/816/514 746/1095/742 748/1094/744 517/814/515
f 746/1095/742 745/779/741 747/780/743 748/1094/744
f 515/818/513 744/1096/740 746/1095/742 516/816/514
f 744/1096/740 743/778/739 745/779/741 746/1095/742
f 514/820/512 742/1097/738 744/1096/740 515/818/513
f 742/1097/738 741/777/737 743/778/739 744/1096/740
f 513/822/511 740/1098/736 742/1097/738 514/820/512
f 740/1098/736 739/776/735 741/777/737 742/1097/738
f 512/824/510 738/1099/734 740/1098/736 513/822/511
f 738/1099/734 737/775/733 739/776/735 740/1098/736
f 511/826/509 736/1100/732 738/1099/734 512/824/510
f 736/1100/732 735/774/731 737/775/733 738/1099/734
f 510/828/508 734/1101/730 736/1100/732 511/826/509
f 734/1101/730 733/773/729 735/774/731 736/1100/732
f 509/830/507 732/1102/728 734/1101/730 510/828/508
f 732/1102/728 731/772/727 733/773/729 734/1101/730
f 508/832/506 730/1103/726 732/1102/728 509/830/507
f 730/1103/726 729/771/725 731/772/727 732/1102/728
f 507/834/505 728/1104/724 730/1103/726 508/832/506
f 728/1104/724 727/770/723 729/771/725 730/1103/726
f 506/836/504 726/1105/722 728/1104/724 507/834/505
f 726/1105/722 725/769/721 727/770/723 728/1104/724
f 505/838/503 724/1106/720 726/1105/722 506/836/504
f 724/1106/720 723/768/719 725/769/721 726/1105/722
f 504/840/502 722/1107/718 724/1106/720 505/838/503
f 722/1107/718 721/767/717 723/768/719 724/1106/720
f 503/842/501 720/1108/716 722/1107/718 504/840/502
f 720/1108/716 719/766/715 721/767/717 722/1107/718
f 502/844/500 718/1109/714 720/1108/716 503/842/501
f 718/1109/714 717/765/713 719/766/715 720/1108/716
f 501/846/499 716/1110/712 718/1109/714 502/844/500
f 716/1110/712 715/764/711 717/765/713 718/1109/714
f 500/848/498 714/1111/710 716/1110/712 501/846/499
f 714/1111/710 713/763/709 715/764/711 716/1110/712
f 499/850/497 712/1112/708 714/1111/710 500/848/498
f 712/1112/708 711/762/707 713/763/709 714/1111/710
f 498/852/496 710/1113/706 712/1112/708 499/850/497
f 710/1113/706 709/761/705 711/762/707 712/1112/708
f 497/854/495 708/1114/704 710/1113/706 498/852/496
f 708/1114/704 707/760/703 709/761/705 710/1113/706
f 496/856/494 706/1115/702 708/1114/704 497/854/495
f 706/1115/702 705/759/701 707/760/703 708/1114/704
f 495/858/488 704/1116/700 706/1115/702 496/856/494
f 704/1116/700 703/758/699 705/759/701 706/1115/702
f 494/860/493 702/1117/698 704/1116/700 495/858/488
f 702/1117/698 701/757/697 703/758/699 704/1116/700
f 493/862/492 700/1118/696 702/1117/698 494/860/493
f 700/1118/696 699/756/695 701/757/697 702/1117/698
f 492/864/491 698/1119/690 700/1118/696 493/862/492
f 698/1119/690 697/755/689 699/756/695 700/1118/696
f 491/866/490 696/1120/694 698/1121/690 492/867/491
f 696/1120/694 695/753/693 697/754/689 698/1121/690
f 490/870/489 694/1122/692 696/1120/694 491/866/490
f 694/1122/692 693/752/691 695/753/693 696/1120/694
f 489/872/488 692/1123/690 694/1122/692 490/870/489
f 692/1123/690 691/751/689 693/752/691 694/1122/692
f 488/874/487 690/1124/688 692/1123/690 489/872/488
f 690/1124/688 689/750/687 691/751/689 692/1123/690
f 487/876/486 688/1125/686 690/1124/688 488/874/487
f 688/1125/686 687/749/685 689/750/687 690/1124/688
f 486/878/485 686/1126/684 688/1125/686 487/876/486
f 686/1126/684 685/748/683 687/749/685 688/1125/686
f 485/880/484 684/1127/682 686/1126/684 486/878/485
f 684/1127/682 683/747/681 685/748/683 686/1126/684
f 484/882/483 682/1128/680 684/1127/682 485/880/484
f 682/1128/680 681/746/679 683/747/681 684/1127/682
f 483/884/482 680/1129/678 682/1128/680 484/882/483
f 680/1129/678 679/745/677 681/746/679 682/1128/680
f 482/886/481 678/1130/676 680/1129/678 483/884/482
f 678/1130/676 677/744/675 679/745/677 680/1129/678
f 481/888/480 676/1131/674 678/1130/676 482/886/481
f 676/1131/674 675/743/673 677/744/675 678/1130/676
f 528/793/526 673/1084/671 676/1131/674 481/888/480
f 673/1084/671 674/742/672 675/743/673 676/1131/674
f 623/939/621 864/1132/860 769/1133/765 624/940/622
f 864/1132/860 863/937/859 770/889/766 769/1133/765
f 622/943/620 862/1134/858 864/1132/860 623/939/621
f 862/1134/858 861/936/857 863/937/859 864/1132/860
f 621/945/619 860/1135/856 862/1134/858 622/943/620
f 860/1135/856 859/935/855 861/936/857 862/1134/858
f 620/947/618 858/1136/854 860/1135/856 621/945/619
f 858/1136/854 857/934/853 859/935/855 860/1135/856
f 619/949/617 856/1137/852 858/1136/854 620/947/618
f 856/1137/852 855/933/851 857/934/853 858/1136/854
f 618/951/616 854/1138/850 856/1137/852 619/949/617
f 854/1138/850 853/932/849 855/933/851 856/1137/852
f 617/953/615 852/1139/848 854/1138/850 618/951/616
f 852/1139/848 851/931/847 853/932/849 854/1138/850
f 616/955/614 850/1140/846 852/1139/848 617/953/615
f 850/1140/846 849/930/845 851/931/847 852/1139/848
f 615/957/613 848/1141/844 850/1140/846 616/955/614
f 848/1141/844 847/929/843 849/930/845 850/1140/846
f 614/959/612 846/1142/842 848/1141/844 615/957/613
f 846/1142/842 845/928/841 847/929/843 848/1141/844
f 613/961/611 844/1143/840 846/1142/842 614/959/612
f 844/1143/840 843/927/839 845/928/841 846/1142/842
f 612/963/610 842/1144/838 844/1143/840 613/961/611
f 842/1144/838 841/926/837 843/927/839 844/1143/840
f 611/965/609 840/1145/836 842/1144/838 612/963/610
f 840/1145/836 839/925/835 841/926/837 842/1144/838
f 610/967/608 838/1146/834 840/1145/836 611/965/609
f 838/1146/834 837/924/833 839/925/835 840/1145/836
f 609/969/607 836/1147/832 838/1146/834 610/967/608
f 836/1147/832 835/923/831 837/924/833 838/1146/834
f 608/971/606 834/1148/830 836/1147/832 609/969/607
f 834/1148/830 833/922/829 835/923/831 836/1147/832
f 607/973/605 832/1149/828 834/1148/830 608/971/606
f 832/1149/828 831/921/827 833/922/829 834/1148/830
f 606/975/604 830/1150/826 832/1149/828 607/973/605
f 830/1150/826 829/920/825 831/921/827 832/1149/828
f 605/977/603 828/1151/824 830/1150/826 606/975/604
f 828/1151/824 827/919/823 829/920/825 830/1150/826
f 604/979/602 826/1152/822 828/1151/824 605/977/603
f 826/1152/822 825/918/821 827/919/823 828/1151/824
f 603/981/601 824/1153/820 826/1152/822 604/979/602
f 824/1153/820 823/917/819 825/918/821 826/1152/822
f 602/983/600 822/1154/818 824/1153/820 603/981/601
f 822/1154/818 821/916/817 823/917/819 824/1153/820
f 601/985/599 820/1155/816 822/1154/818 602/983/600
f 820/1155/816 819/915/815 821/916/817 822/1154/818
f 600/987/598 818/1156/814 820/1155/816 601/985/599
f 818/1156/814 817/914/813 819/915/815 820/1155/816
f 599/989/597 816/1157/812 818/1156/814 600/987/598
f 816/1157/812 815/913/811 817/914/813 818/1156/814
f 598/991/596 814/1158/810 816/1157/812 599/989/597
f 814/1158/810 813/912/809 815/913/811 816/1157/812
f 597/993/595 812/1159/808 814/1158/810 598/991/596
f 812/1159/808 811/911/807 813/912/809 814/1158/810
f 596/995/594 810/1160/806 812/1159/808 597/993/595
f 810/1160/806 809/910/805 811/911/807 812/1159/808
f 595/997/593 808/1161/804 810/1160/806 596/995/594
f 808/1161/804 807/909/803 809/910/805 810/1160/806
f 594/999/592 806/1162/802 808/1161/804 595/997/593
f 806/1162/802 805/908/801 807/909/803 808/1161/804
f 593/1001/591 804/1163/800 806/1162/802 594/999/592
f 804/1163/800 803/907/799 805/908/801 806/1162/802
f 592/1003/590 802/1164/798 804/1163/800 593/1001/591
f 802/1164/798 801/906/797 803/907/799 804/1163/800
f 591/1005/589 800/1165/796 802/1164/798 592/1003/590
f 800/1165/796 799/905/795 801/906/797 802/1164/798
f 590/1007/588 798/1166/794 800/1165/796 591/1005/589
f 798/1166/794 797/904/793 799/905/795 800/1165/796
f 589/1009/587 796/1167/792 798/1166/794 590/1007/588
f 796/1167/792 795/903/791 797/904/793 798/1166/794
f 588/1011/586 794/1168/790 796/1167/792 589/1009/587
f 794/1168/790 793/902/789 795/903/791 796/1167/792
f 587/1013/585 792/1169/788 794/1170/790 588/1014/586
f 792/1169/788 791/900/787 793/901/789 794/1170/790
f 586/1017/584 790/1171/786 792/1169/788 587/1013/585
f 790/1171/786 789/899/785 791/900/787 792/1169/788
f 585/1019/583 788/1172/784 790/1171/786 586/1017/584
f 788/1172/784 787/898/783 789/899/785 790/1171/786
f 584/1021/582 786/1173/782 788/1172/784 585/1019/583
f 786/1173/782 785/897/781 787/898/783 788/1172/784
f 583/1023/581 784/1174/780 786/1173/782 584/1021/582
f 784/1174/780 783/896/779 785/897/781 786/1173/782
f 582/1025/580 782/1175/778 784/1174/780 583/1023/581
f 782/1175/778 781/895/777 783/896/779 784/1174/780
f 581/1027/579 780/1176/776 782/1175/778 582/1025/580
f 780/1176/776 779/894/775 781/895/777 782/1175/778
f 580/1029/578 778/1177/774 780/1176/776 581/1027/579
f 778/1177/774 777/893/773 779/894/775 780/1176/776
f 579/1031/577 776/1178/772 778/1177/774 580/1029/578
f 776/1178/772 775/892/771 777/893/773 778/1177/774
f 578/1033/576 774/1179/770 776/1178/772 579/1031/577
f 774/1179/770 773/891/769 775/892/771 776/1178/772
f 577/1035/575 772/1180/768 774/1179/770 578/1033/576
f 772/1180/768 771/890/767 773/891/769 774/1179/770
f 624/940/622 769/1133/765 772/1180/768 577/1035/575
f 769/1133/765 770/889/766 771/890/767 772/1180/768
f 870/1181/866 871/1182/867 919/1183/915 918/1184/914
f 7/1039/7 9/1040/9 869/1185/865 868/1186/864
f 25/1049/25 27/1050/27 878/1187/874 877/1188/873
f 43/1058/43 45/1059/45 887/1189/883 886/1190/882
f 61/1067/61 63/1068/63 896/1191/892 895/1192/891
f 79/1076/79 81/1077/81 905/1193/901 904/1194/900
f 17/1044/17 19/1045/19 874/1195/870 873/1196/869
f 35/1054/35 37/1055/37 883/1197/879 882/1198/878
f 53/1063/53 55/1064/55 892/1199/888 891/1200/887
f 71/1072/71 73/1073/73 901/1201/897 900/1202/896
f 89/102/89 91/1080/91 910/1203/906 909/103/905
f 9/1040/9 11/1041/11 870/1204/866 869/1185/865
f 27/1050/27 29/1051/29 879/1205/875 878/1187/874
f 1/1036/1 3/1037/3 866/1206/862 865/1207/861
f 45/1059/45 47/1060/47 888/1208/884 887/1189/883
f 63/1068/63 65/1069/65 897/1209/893 896/1191/892
f 81/1077/81 83/1078/83 906/1210/902 905/1193/901
f 19/1045/19 21/1046/21 875/1211/871 874/1195/870
f 37/1055/37 39/1056/39 884/1212/880 883/1197/879
f 55/1064/55 57/1065/57 893/1213/889 892/1199/888
f 73/1073/73 75/1074/75 902/1214/898 901/1201/897
f 91/1080/91 93/1081/93 911/1215/907 910/1203/906
f 11/1041/11 13/1042/13 871/1216/867 870/1204/866
f 29/1051/29 31/1052/31 880/1217/876 879/1205/875
f 47/1060/47 49/1061/49 889/1218/885 888/1208/884
f 65/1069/65 67/1070/67 898/1219/894 897/1209/893
f 83/1078/83 85/1079/85 907/1220/903 906/1210/902
f 3/1037/3 5/1038/5 867/1221/863 866/1206/862
f 21/1046/21 23/1047/23 876/1222/872 875/1211/871
f 39/1056/39 41/1057/41 885/1223/881 884/1212/880
f 57/1065/57 59/1066/59 894/1224/890 893/1213/889
f 75/1074/75 77/1075/77 903/1225/899 902/1214/898
f 93/1081/93 95/1082/95 912/1226/908 911/1215/907
f 13/1042/13 15/1043/15 872/1227/868 871/1216/867
f 31/1052/31 33/1053/33 881/1228/877 880/1217/876
f 49/1061/49 51/1062/51 890/1229/886 889/1218/885
f 67/1070/67 69/1071/69 899/1230/895 898/1219/894
f 85/1079/85 87/101/87 908/104/904 907/1220/903
f 5/1038/5 7/1039/7 868/1186/864 867/1221/863
f 23/1047/23 25/1048/25 877/1231/873 876/1222/872
f 41/1057/41 43/1058/43 886/1190/882 885/1223/881
f 59/1066/59 61/1067/61 895/1192/891 894/1224/890
f 77/1075/77 79/1076/79 904/1194/900 903/1225/899
f 95/1082/95 1/1036/1 865/1207/861 912/1226/908
f 15/1043/15 17/1044/17 873/1196/869 872/1227/868
f 33/1053/33 35/1054/35 882/1198/878 881/1228/877
f 51/1062/51 53/1063/53 891/1200/887 890/1229/886
f 69/1071/69 71/1072/71 900/1202/896 899/1230/895
f 956/1232/952 957/1233/953 1005/1234/1001 1004/1235/1000
f 897/1236/893 898/1237/894 946/1238/942 945/1239/941
f 884/1240/880 885/1241/881 933/1242/929 932/1243/928
f 911/1244/907 912/1245/908 960/1246/956 959/1247/955
f 871/1182/867 872/1248/868 920/1249/916 919/1183/915
f 898/1237/894 899/1250/895 947/1251/943 946/1238/942
f 885/1241/881 886/1252/882 934/1253/930 933/1242/929
f 912/1245/908 865/1254/861 913/1255/909 960/1246/956
f 872/1248/868 873/1256/869 921/1257/917 920/1249/916
f 899/1250/895 900/1258/896 948/1259/944 947/1251/943
f 886/1252/882 887/1260/883 935/1261/931 934/1253/930
f 873/1256/869 874/1262/870 922/1263/918 921/1257/917
f 900/1258/896 901/1264/897 949/1265/945 948/1259/944
f 887/1260/883 888/1266/884 936/1267/932 935/1261/931
f 874/1262/870 875/1268/871 923/1269/919 922/1263/918
f 901/1264/897 902/1270/898 950/1271/946 949/1265/945
f 888/1266/884 889/1272/885 937/1273/933 936/1267/932
f 875/1268/871 876/1274/872 924/1275/920 923/1269/919
f 902/1270/898 903/1276/899 951/1277/947 950/1271/946
f 889/1272/885 890/1278/886 938/1279/934 937/1273/933
f 876/1274/872 877/1280/873 925/1281/921 924/1275/920
f 903/1276/899 904/1282/900 952/1283/948 951/1277/947
f 890/1278/886 891/1284/887 939/1285/935 938/1279/934
f 877/1280/873 878/1286/874 926/1287/922 925/1281/921
f 904/1282/900 905/1288/901 953/1289/949 952/1283/948
f 891/1284/887 892/1290/888 940/1291/936 939/1285/935
f 878/1286/874 879/1292/875 927/1293/923 926/1287/922
f 905/1288/901 906/1294/902 954/1295/950 953/1289/949
f 865/1254/861 866/1296/862 914/1297/910 913/1255/909
f 892/1290/888 893/1298/889 941/1299/937 940/1291/936
f 879/1292/875 880/1300/876 928/1301/924 927/1293/923
f 906/1294/902 907/1302/903 955/1303/951 954/1295/950
f 866/1296/862 867/1304/863 915/1305/911 914/1297/910
f 893/1298/889 894/1306/890 942/1307/938 941/1299/937
f 880/1300/876 881/1308/877 929/1309/925 928/1301/924
f 907/1302/903 908/1310/904 956/1232/952 955/1303/951
f 867/1304/863 868/1311/864 916/1312/912 915/1305/911
f 894/1306/890 895/1313/891 943/1314/939 942/1307/938
f 881/1308/877 882/1315/878 930/1316/926 929/1309/925
f 908/1310/904 909/1317/905 957/1233/953 956/1232/952
f 868/1311/864 869/1318/865 917/1319/913 916/1312/912
f 895/1313/891 896/1320/892 944/1321/940 943/1314/939
f 882/1315/878 883/1322/879 931/1323/927 930/1316/926
f 909/1317/905 910/1324/906 958/1325/954 957/1233/953
f 869/1318/865 870/1181/866 918/1184/914 917/1319/913
f 896/1320/892 897/1236/893 945/1239/941 944/1321/940
f 883/1322/879 884/1240/880 932/1243/928 931/1323/927
f 910/1324/906 911/1244/907 959/1247/955 958/1325/954
f 975/1326/971 976/1327/972 1024/1328/1020 1023/1329/1019
f 916/1312/912 917/1319/913 965/1330/961 964/1331/960
f 943/1314/939 944/1321/940 992/1332/988 991/1333/987
f 930/1316/926 931/1323/927 979/1334/975 978/1335/974
f 957/1233/953 958/1325/954 1006/1336/1002 1005/1234/1001
f 917/1319/913 918/1184/914 966/1337/962 965/1330/961
f 944/1321/940 945/1239/941 993/1338/989 992/1332/988
f 931/1323/927 932/1243/928 980/1339/976 979/1334/975
f 958/1325/954 959/1247/955 1007/1340/1003 1006/1336/1002
f 918/1184/914 919/1183/915 967/1341/963 966/1337/962
f 945/1239/941 946/1238/942 994/1342/990 993/1338/989
f 932/1243/928 933/1242/929 981/1343/977 980/1339/976
f 959/1247/955 960/1246/956 1008/1344/1004 1007/1340/1003
f 919/1183/915 920/1249/916 968/1345/964 967/1341/963
f 946/1238/942 947/1251/943 995/1346/991 994/1342/990
f 933/1242/929 934/1253/930 982/1347/978 981/1343/977
f 960/1246/956 913/1255/909 961/1348/957 1008/1344/1004
f 920/1249/916 921/1257/917 969/1349/965 968/1345/964
f 947/1251/943 948/1259/944 996/1350/992 995/1346/991
f 934/1253/930 935/1261/931 983/1351/979 982/1347/978
f 921/1257/917 922/1263/918 970/1352/966 969/1349/965
f 948/1259/944 949/1265/945 997/1353/993 996/1350/992
f 935/1261/931 936/1267/932 984/1354/980 983/1351/979
f 922/1263/918 923/1269/919 971/1355/967 970/1352/966
f 949/1265/945 950/1271/946 998/1356/994 997/1353/993
f 936/1267/932 937/1273/933 985/1357/981 984/1354/980
f 923/1269/919 924/1275/920 972/1358/968 971/1355/967
f 950/1271/946 951/1277/947 999/1359/995 998/1356/994
f 937/1273/933 938/1279/934 986/1360/982 985/1357/981
f 924/1275/920 925/1281/921 973/1361/969 972/1358/968
f 951/1277/947 952/1283/948 1000/1362/996 999/1359/995
f 938/1279/934 939/1285/935 987/1363/983 986/1360/982
f 925/1281/921 926/1287/922 974/1364/970 973/1361/969
f 952/1283/948 953/1289/949 1001/1365/997 1000/1362/996
f 939/1285/935 940/1291/936 988/1366/984 987/1363/983
f 926/1287/922 927/1293/923 975/1326/971 974/1364/970
f 953/1289/949 954/1295/950 1002/1367/998 1001/1365/997
f 913/1255/909 914/1297/910 962/1368/958 961/1348/957
f 940/1291/936 941/1299/937 989/1369/985 988/1366/984
f 927/1293/923 928/1301/924 976/1327/972 975/1326/971
f 954/1295/950 955/1303/951 1003/1370/999 1002/1367/998
f 914/1297/910 915/1305/911 963/1371/959 962/1368/958
f 941/1299/937 942/1307/938 990/1372/986 989/1369/985
f 928/1301/924 929/1309/925 977/1373/973 976/1327/972
f 955/1303/951 956/1232/952 1004/1235/1000 1003/1370/999
f 915/1305/911 916/1312/912 964/1331/960 963/1371/959
f 942/1307/938 943/1314/939 991/1333/987 990/1372/986
f 929/1309/925 930/1316/926 978/1335/974 977/1373/973
f 1009/1374/1005 1010/1375/1006 1011/1376/1007 1012/1377/1008 1013/1378/1009 1014/1379/1010 1015/1380/1011 1016/1381/1012 1017/1382/1013 1018/1383/1014 1019/1384/1015 1020/1385/1016 1021/1386/1017 1022/1387/1018 1023/1329/1019 1024/1328/1020 1025/1388/1021 1026/1389/1022 1027/1390/1023 1028/1391/1024 1029/1392/1025 1030/1393/1026 1031/1394/1027 1032/1395/1028 1033/1396/1029 1034/1397/1030 1035/1398/1031 1036/1399/1032 1037/1400/1033 1038/1401/1034 1039/1402/1035 1040/1403/1036 1041/1404/1037 1042/1405/1038 1043/1406/1039 1044/1407/1040 1045/1408/1041 1046/1409/1042 1047/1410/1043 1048/1411/1044 1049/1412/1045 1050/1413/1046 1051/1414/1047 1052/1415/1048 1053/1416/1049 1054/1417/1050 1055/1418/1051 1056/1419/1052
f 1002/1367/998 1003/1370/999 1051/1414/1047 1050/1413/1046
f 962/1368/958 963/1371/959 1011/1376/1007 1010/1375/1006
f 989/1369/985 990/1372/986 1038/1401/1034 1037/1400/1033
f 976/1327/972 977/1373/973 1025/1388/1021 1024/1328/1020
f 1003/1370/999 1004/1235/1000 1052/1415/1048 1051/1414/1047
f 963/1371/959 964/1331/960 1012/1377/1008 1011/1376/1007
f 990/1372/986 991/1333/987 1039/1402/1035 1038/1401/1034
f 977/1373/973 978/1335/974 1026/1389/1022 1025/1388/1021
f 1004/1235/1000 1005/1234/1001 1053/1416/1049 1052/1415/1048
f 964/1331/960 965/1330/961 1013/1378/1009 1012/1377/1008
f 991/1333/987 992/1332/988 1040/1403/1036 1039/1402/1035
f 978/1335/974 979/1334/975 1027/1390/1023 1026/1389/1022
f 1005/1234/1001 1006/1336/1002 1054/1417/1050 1053/1416/1049
f 965/1330/961 966/1337/962 1014/1379/1010 1013/1378/1009
f 992/1332/988 993/1338/989 1041/1404/1037 1040/1403/1036
f 979/1334/975 980/1339/976 1028/1391/1024 1027/1390/1023
f 1006/1336/1002 1007/1340/1003 1055/1418/1051 1054/1417/1050
f 966/1337/962 967/1341/963 1015/1380/1011 1014/1379/1010
f 993/1338/989 994/1342/990 1042/1405/1038 1041/1404/1037
f 980/1339/976 981/1343/977 1029/1392/1025 1028/1391/1024
f 1007/1340/1003 1008/1344/1004 1056/1419/1052 1055/1418/1051
f 967/1341/963 968/1345/964 1016/1381/1012 1015/1380/1011
f 994/1342/990 995/1346/991 1043/1406/1039 1042/1405/1038
f 981/1343/977 982/1347/978 1030/1393/1026 1029/1392/1025
f 1008/1344/1004 961/1348/957 1009/1374/1005 1056/1419/1052
f 968/1345/964 969/1349/965 1017/1382/1013 1016/1381/1012
f 995/1346/991 996/1350/992 1044/1407/1040 1043/1406/1039
f 982/1347/978 983/1351/979 1031/1394/1027 1030/1393/1026
f 969/1349/965 970/1352/966 1018/1383/1014 1017/1382/1013
f 996/1350/992 997/1353/993 1045/1408/1041 1044/1407/1040
f 983/1351/979 984/1354/980 1032/1395/1028 1031/1394/1027
f 970/1352/966 971/1355/967 1019/1384/1015 1018/1383/1014
f 997/1353/993 998/1356/994 1046/1409/1042 1045/1408/1041
f 984/1354/980 985/1357/981 1033/1396/1029 1032/1395/1028
f 971/1355/967 972/1358/968 1020/1385/1016 1019/1384/1015
f 998/1356/994 999/1359/995 1047/1410/1043 1046/1409/1042
f 985/1357/981 986/1360/982 1034/1397/1030 1033/1396/1029
f 972/1358/968 973/1361/969 1021/1386/1017 1020/1385/1016
f 999/1359/995 1000/1362/996 1048/1411/1044 1047/1410/1043
f 986/1360/982 987/1363/983 1035/1398/1031 1034/1397/1030
f 973/1361/969 974/1364/970 1022/1387/1018 1021/1386/1017
f 1000/1362/996 1001/1365/997 1049/1412/1045 1048/1411/1044
f 987/1363/983 988/1366/984 1036/1399/1032 1035/1398/1031
f 974/1364/970 975/1326/971 1023/1329/1019 1022/1387/1018
f 1001/1365/997 1002/1367/998 1050/1413/1046 1049/1412/1045
f 961/1348/957 962/1368/958 1010/1375/1006 1009/1374/1005
f 988/1366/984 989/1369/985 1037/1400/1033 1036/1399/1032
f 1084/1420/1080 1083/1421/1079 1131/1422/1127 1132/1423/1128
f 38/39/38 36/37/36 1074/1424/1070 1075/1425/1071
f 56/57/56 54/55/54 1083/1426/1079 1084/1427/1080
f 74/75/74 72/73/72 1092/1428/1088 1093/1429/1089
f 92/93/92 90/91/90 1101/1430/1097 1102/1431/1098
f 12/11/12 10/9/10 1061/1432/1057 1062/1433/1058
f 30/31/30 28/29/28 1070/1434/1066 1071/1435/1067
f 48/49/48 46/47/46 1079/1436/1075 1080/1437/1076
f 4/3/4 2/2/2 1058/1438/1054 1057/1439/1053
f 66/67/66 64/65/64 1088/1440/1084 1089/1441/1085
f 84/85/84 82/83/82 1097/1442/1093 1098/1443/1094
f 22/21/22 20/19/20 1066/98/1062 1067/1444/1063
f 40/41/40 38/39/38 1075/1425/1071 1076/1445/1072
f 58/59/58 56/57/56 1084/1427/1080 1085/1446/1081
f 76/77/76 74/75/74 1093/1429/1089 1094/1447/1090
f 94/95/94 92/93/92 1102/1431/1098 1103/1448/1099
f 14/13/14 12/11/12 1062/1433/1058 1063/1449/1059
f 32/33/32 30/31/30 1071/1435/1067 1072/1450/1068
f 50/51/50 48/49/48 1080/1437/1076 1081/1451/1077
f 68/69/68 66/67/66 1089/1441/1085 1090/1452/1086
f 86/87/86 84/85/84 1098/1443/1094 1099/1453/1095
f 6/5/6 4/3/4 1057/1439/1053 1059/1454/1055
f 24/23/24 22/21/22 1067/1444/1063 1068/1455/1064
f 42/43/42 40/41/40 1076/1445/1072 1077/1456/1073
f 60/61/60 58/59/58 1085/1446/1081 1086/1457/1082
f 78/79/78 76/77/76 1094/1447/1090 1095/1458/1091
f 96/99/96 94/95/94 1103/1448/1099 1104/1459/1100
f 16/15/16 14/13/14 1063/1449/1059 1064/1460/1060
f 34/35/34 32/33/32 1072/1450/1068 1073/1461/1069
f 52/53/52 50/51/50 1081/1451/1077 1082/1462/1078
f 70/71/70 68/69/68 1090/1452/1086 1091/1463/1087
f 88/89/88 86/87/86 1099/1453/1095 1100/1464/1096
f 8/7/8 6/5/6 1059/1454/1055 1060/1465/1056
f 26/25/26 24/23/24 1068/1455/1064 1069/1466/1065
f 44/45/44 42/43/42 1077/1456/1073 1078/1467/1074
f 62/63/62 60/61/60 1086/1457/1082 1087/1468/1083
f 80/81/80 78/79/78 1095/1458/1091 1096/1469/1092
f 2/2/2 96/99/96 1104/1459/1100 1058/1438/1054
f 18/17/18 16/15/16 1064/1460/1060 1065/97/1061
f 36/37/36 34/35/34 1073/1461/1069 1074/1424/1070
f 54/55/54 52/53/52 1082/1462/1078 1083/1426/1079
f 72/73/72 70/71/70 1091/1463/1087 1092/1428/1088
f 90/91/90 88/89/88 1100/1464/1096 1101/1430/1097
f 10/9/10 8/7/8 1060/1465/1056 1061/1432/1057
f 28/29/28 26/28/26 1069/1470/1065 1070/1434/1066
f 46/47/46 44/45/44 1078/1467/1074 1079/1436/1075
f 64/65/64 62/63/62 1087/1468/1083 1088/1440/1084
f 82/83/82 80/81/80 1096/1469/1092 1097/1442/1093
f 1143/1471/1139 1142/1472/1138 1190/1473/1186 1191/1474/1187
f 1071/1475/1067 1070/1476/1066 1118/1477/1114 1119/1478/1115
f 1098/1479/1094 1097/1480/1093 1145/1481/1141 1146/1482/1142
f 1057/1483/1053 1058/1484/1054 1106/1485/1102 1105/1486/1101
f 1085/1487/1081 1084/1420/1080 1132/1423/1128 1133/1488/1129
f 1072/1489/1068 1071/1475/1067 1119/1478/1115 1120/1490/1116
f 1099/1491/1095 1098/1479/1094 1146/1482/1142 1147/1492/1143
f 1059/1493/1055 1057/1483/1053 1105/1486/1101 1107/1494/1103
f 1086/1495/1082 1085/1487/1081 1133/1488/1129 1134/1496/1130
f 1073/1497/1069 1072/1489/1068 1120/1490/1116 1121/1498/1117
f 1100/1499/1096 1099/1491/1095 1147/1492/1143 1148/1500/1144
f 1060/1501/1056 1059/1493/1055 1107/1494/1103 1108/1502/1104
f 1087/1503/1083 1086/1495/1082 1134/1496/1130 1135/1504/1131
f 1074/1505/1070 1073/1497/1069 1121/1498/1117 1122/1506/1118
f 1101/1507/1097 1100/1499/1096 1148/1500/1144 1149/1508/1145
f 1061/1509/1057 1060/1501/1056 1108/1502/1104 1109/1510/1105
f 1088/1511/1084 1087/1503/1083 1135/1504/1131 1136/1512/1132
f 1075/1513/1071 1074/1505/1070 1122/1506/1118 1123/1514/1119
f 1102/1515/1098 1101/1507/1097 1149/1508/1145 1150/1516/1146
f 1062/1517/1058 1061/1509/1057 1109/1510/1105 1110/1518/1106
f 1089/1519/1085 1088/1511/1084 1136/1512/1132 1137/1520/1133
f 1076/1521/1072 1075/1513/1071 1123/1514/1119 1124/1522/1120
f 1103/1523/1099 1102/1515/1098 1150/1516/1146 1151/1524/1147
f 1063/1525/1059 1062/1517/1058 1110/1518/1106 1111/1526/1107
f 1090/1527/1086 1089/1519/1085 1137/1520/1133 1138/1528/1134
f 1077/1529/1073 1076/1521/1072 1124/1522/1120 1125/1530/1121
f 1104/1531/1100 1103/1523/1099 1151/1524/1147 1152/1532/1148
f 1064/1533/1060 1063/1525/1059 1111/1526/1107 1112/1534/1108
f 1091/1535/1087 1090/1527/1086 1138/1528/1134 1139/1536/1135
f 1078/1537/1074 1077/1529/1073 1125/1530/1121 1126/1538/1122
f 1058/1484/1054 1104/1531/1100 1152/1532/1148 1106/1485/1102
f 1065/1539/1061 1064/1533/1060 1112/1534/1108 1113/1540/1109
f 1092/1541/1088 1091/1535/1087 1139/1536/1135 1140/1542/1136
f 1079/1543/1075 1078/1537/1074 1126/1538/1122 1127/1544/1123
f 1066/1545/1062 1065/1539/1061 1113/1540/1109 1114/1546/1110
f 1093/1547/1089 1092/1541/1088 1140/1542/1136 1141/1548/1137
f 1080/1549/1076 1079/1543/1075 1127/1544/1123 1128/1550/1124
f 1067/1551/1063 1066/1545/1062 1114/1546/1110 1115/1552/1111
f 1094/1553/1090 1093/1547/1089 1141/1548/1137 1142/1472/1138
f 1081/1554/1077 1080/1549/1076 1128/1550/1124 1129/1555/1125
f 1068/1556/1064 1067/1551/1063 1115/1552/1111 1116/1557/1112
f 1095/1558/1091 1094/1553/1090 1142/1472/1138 1143/1471/1139
f 1082/1559/1078 1081/1554/1077 1129/1555/1125 1130/1560/1126
f 1069/1561/1065 1068/1556/1064 1116/1557/1112 1117/1562/1113
f 1096/1563/1092 1095/1558/1091 1143/1471/1139 1144/1564/1140
f 1083/1421/1079 1082/1559/1078 1130/1560/1126 1131/1422/1127
f 1070/1476/1066 1069/1561/1065 1117/1562/1113 1118/1477/1114
f 1097/1480/1093 1096/1563/1092 1144/1564/1140 1145/1481/1141
f 1162/1565/1158 1161/1566/1157 1209/1567/1205 1210/1568/1206
f 1130/1560/1126 1129/1555/1125 1177/1569/1173 1178/1570/1174
f 1117/1562/1113 1116/1557/1112 1164/1571/1160 1165/1572/1161
f 1144/1564/1140 1143/1471/1139 1191/1474/1187 1192/1573/1188
f 1131/1422/1127 1130/1560/1126 1178/1570/1174 1179/1574/1175
f 1118/1477/1114 1117/1562/1113 1165/1572/1161 1166/1575/1162
f 1145/1481/1141 1144/1564/1140 1192/1573/1188 1193/1576/1189
f 1132/1423/1128 1131/1422/1127 1179/1574/1175 1180/1577/1176
f 1119/1478/1115 1118/1477/1114 1166/1575/1162 1167/1578/1163
f 1146/1482/1142 1145/1481/1141 1193/1576/1189 1194/1579/1190
f 1105/1486/1101 1106/1485/1102 1154/1580/1150 1153/1581/1149
f 1133/1488/1129 1132/1423/1128 1180/1577/1176 1181/1582/1177
f 1120/1490/1116 1119/1478/1115 1167/1578/1163 1168/1583/1164
f 1147/1492/1143 1146/1482/1142 1194/1579/1190 1195/1584/1191
f 1107/1494/1103 1105/1486/1101 1153/1581/1149 1155/1585/1151
f 1134/1496/1130 1133/1488/1129 1181/1582/1177 1182/1586/1178
f 1121/1498/1117 1120/1490/1116 1168/1583/1164 1169/1587/1165
f 1148/1500/1144 1147/1492/1143 1195/1584/1191 1196/1588/1192
f 1108/1502/1104 1107/1494/1103 1155/1585/1151 1156/1589/1152
f 1135/1504/1131 1134/1496/1130 1182/1586/1178 1183/1590/1179
f 1122/1506/1118 1121/1498/1117 1169/1587/1165 1170/1591/1166
f 1149/1508/1145 1148/1500/1144 1196/1588/1192 1197/1592/1193
f 1109/1510/1105 1108/1502/1104 1156/1589/1152 1157/1593/1153
f 1136/1512/1132 1135/1504/1131 1183/1590/1179 1184/1594/1180
f 1123/1514/1119 1122/1506/1118 1170/1591/1166 1171/1595/1167
f 1150/1516/1146 1149/1508/1145 1197/1592/1193 1198/1596/1194
f 1110/1518/1106 1109/1510/1105 1157/1593/1153 1158/1597/1154
f 1137/1520/1133 1136/1512/1132 1184/1594/1180 1185/1598/1181
f 1124/1522/1120 1123/1514/1119 1171/1595/1167 1172/1599/1168
f 1151/1524/1147 1150/1516/1146 1198/1596/1194 1199/1600/1195
f 1111/1526/1107 1110/1518/1106 1158/1597/1154 1159/1601/1155
f 1138/1528/1134 1137/1520/1133 1185/1598/1181 1186/1602/1182
f 1125/1530/1121 1124/1522/1120 1172/1599/1168 1173/1603/1169
f 1152/1532/1148 1151/1524/1147 1199/1600/1195 1200/1604/1196
f 1112/1534/1108 1111/1526/1107 1159/1601/1155 1160/1605/1156
f 1139/1536/1135 1138/1528/1134 1186/1602/1182 1187/1606/1183
f 1126/1538/1122 1125/1530/1121 1173/1603/1169 1174/1607/1170
f 1106/1485/1102 1152/1532/1148 1200/1604/1196 1154/1580/1150
f 1113/1540/1109 1112/1534/1108 1160/1605/1156 1161/1566/1157
f 1140/1542/1136 1139/1536/1135 1187/1606/1183 1188/1608/1184
f 1127/1544/1123 1126/1538/1122 1174/1607/1170 1175/1609/1171
f 1114/1546/1110 1113/1540/1109 1161/1566/1157 1162/1565/1158
f 1141/1548/1137 1140/1542/1136 1188/1608/1184 1189/1610/1185
f 1128/1550/1124 1127/1544/1123 1175/1609/1171 1176/1611/1172
f 1115/1552/1111 1114/1546/1110 1162/1565/1158 1163/1612/1159
f 1142/1472/1138 1141/1548/1137 1189/1610/1185 1190/1473/1186
f 1129/1555/1125 1128/1550/1124 1176/1611/1172 1177/1569/1173
f 1116/1557/1112 1115/1552/1111 1163/1612/1159 1164/1571/1160
f 1201/1613/1197 1202/1614/1198 1248/1615/1244 1247/1616/1243 1246/1617/1242 1245/1618/1241 1244/1619/1240 1243/1620/1239 1242/1621/1238 1241/1622/1237 1240/1623/1236 1239/1624/1235 1238/1625/1234 1237/1626/1233 1236/1627/1232 1235/1628/1231 1234/1629/1230 1233/1630/1229 1232/1631/1228 1231/1632/1227 1230/1633/1226 1229/1634/1225 1228/1635/1224 1227/1636/1223 1226/1637/1222 1225/1638/1221 1224/1639/1220 1223/1640/1219 1222/1641/1218 1221/1642/1217 1220/1643/1216 1219/1644/1215 1218/1645/1214 1217/1646/1213 1216/1647/1212 1215/1648/1211 1214/1649/1210 1213/1650/1209 1212/1651/1208 1211/1652/1207 1210/1568/1206 1209/1567/1205 1208/1653/1204 1207/1654/1203 1206/1655/1202 1205/1656/1201 1204/1657/1200 1203/1658/1199
f 1189/1610/1185 1188/1608/1184 1236/1627/1232 1237/1626/1233
f 1176/1611/1172 1175/1609/1171 1223/1640/1219 1224/1639/1220
f 1163/1612/1159 1162/1565/1158 1210/1568/1206 1211/1652/1207
f 1190/1473/1186 1189/1610/1185 1237/1626/1233 1238/1625/1234
f 1177/1569/1173 1176/1611/1172 1224/1639/1220 1225/1638/1221
f 1164/1571/1160 1163/1612/1159 1211/1652/1207 1212/1651/1208
f 1191/1474/1187 1190/1473/1186 1238/1625/1234 1239/1624/1235
f 1178/1570/1174 1177/1569/1173 1225/1638/1221 1226/1637/1222
f 1165/1572/1161 1164/1571/1160 1212/1651/1208 1213/1650/1209
f 1192/1573/1188 1191/1474/1187 1239/1624/1235 1240/1623/1236
f 1179/1574/1175 1178/1570/1174 1226/1637/1222 1227/1636/1223
f 1166/1575/1162 1165/1572/1161 1213/1650/1209 1214/1649/1210
f 1193/1576/1189 1192/1573/1188 1240/1623/1236 1241/1622/1237
f 1180/1577/1176 1179/1574/1175 1227/1636/1223 1228/1635/1224
f 1167/1578/1163 1166/1575/1162 1214/1649/1210 1215/1648/1211
f 1194/1579/1190 1193/1576/1189 1241/1622/1237 1242/1621/1238
f 1153/1581/1149 1154/1580/1150 1202/1614/1198 1201/1613/1197
f 1181/1582/1177 1180/1577/1176 1228/1635/1224 1229/1634/1225
f 1168/1583/1164 1167/1578/1163 1215/1648/1211 1216/1647/1212
f 1195/1584/1191 1194/1579/1190 1242/1621/1238 1243/1620/1239
f 1155/1585/1151 1153/1581/1149 1201/1613/1197 1203/1658/1199
f 1182/1586/1178 1181/1582/1177 1229/1634/1225 1230/1633/1226
f 1169/1587/1165 1168/1583/1164 1216/1647/1212 1217/1646/1213
f 1196/1588/1192 1195/1584/1191 1243/1620/1239 1244/1619/1240
f 1156/1589/1152 1155/1585/1151 1203/1658/1199 1204/1657/1200
f 1183/1590/1179 1182/1586/1178 1230/1633/1226 1231/1632/1227
f 1170/1591/1166 1169/1587/1165 1217/1646/1213 1218/1645/1214
f 1197/1592/1193 1196/1588/1192 1244/1619/1240 1245/1618/1241
f 1157/1593/1153 1156/1589/1152 1204/1657/1200 1205/1656/1201
f 1184/1594/1180 1183/1590/1179 1231/1632/1227 1232/1631/1228
f 1171/1595/1167 1170/1591/1166 1218/1645/1214 1219/1644/1215
f 1198/1596/1194 1197/1592/1193 1245/1618/1241 1246/1617/1242
f 1158/1597/1154 1157/1593/1153 1205/1656/1201 1206/1655/1202
f 1185/1598/1181 1184/1594/1180 1232/1631/1228 1233/1630/1229
f 1172/1599/1168 1171/1595/1167 1219/1644/1215 1220/1643/1216
f 1199/1600/1195 1198/1596/1194 1246/1617/1242 1247/1616/1243
f 1159/1601/1155 1158/1597/1154 1206/1655/1202 1207/1654/1203
f 1186/1602/1182 1185/1598/1181 1233/1630/1229 1234/1629/1230
f 1173/1603/1169 1172/1599/1168 1220/1643/1216 1221/1642/1217
f 1200/1604/1196 1199/1600/1195 1247/1616/1243 1248/1615/1244
f 1160/1605/1156 1159/1601/1155 1207/1654/1203 1208/1653/1204
f 1187/1606/1183 1186/1602/1182 1234/1629/1230 1235/1628/1231
f 1174/1607/1170 1173/1603/1169 1221/1642/1217 1222/1641/1218
f 1154/1580/1150 1200/1604/1196 1248/1615/1244 1202/1614/1198
f 1161/1566/1157 1160/1605/1156 1208/1653/1204 1209/1567/1205
f 1188/1608/1184 1187/1606/1183 1235/1628/1231 1236/1627/1232
f 1175/1609/1171 1174/1607/1170 1222/1641/1218 1223/1640/1219
o Cube
v 1.161013 -0.004248 -0.699147
v 1.177984 0.023394 -0.724036
v 1.198101 0.023394 -0.699147
v 1.149257 0.430488 -0.704170
v 1.146274 0.460908 -0.671401
v 1.176392 0.431175 -0.672804
v 1.161013 -0.004248 0.699147
v 1.198101 0.023394 0.699147
v 1.177984 0.023394 0.724037
v 1.140868 0.455554 0.652208
v 1.146026 0.427647 0.695253
v 1.172284 0.425915 0.653586
v 0.564625 -0.004248 -0.699147
v 0.527537 0.023394 -0.699147
v 0.547654 0.023394 -0.724036
v 0.564625 0.482494 -0.699147
v 0.562040 0.444203 -0.715800
v 0.535677 0.445255 -0.687659
v 0.564625 -0.004248 0.699147
v 0.547654 0.023394 0.724037
v 0.527537 0.023394 0.699147
v 0.584456 0.457726 0.656213
v 0.552108 0.427018 0.655806
v 0.585587 0.418826 0.686330
v 0.669792 0.003620 0.690497
v 0.669792 0.030368 0.715078
v 0.668560 0.471673 0.673064
v 0.669272 0.439410 0.713448
v 0.669792 0.003620 -0.690496
v 0.669792 0.030368 -0.715078
v 0.669792 0.474625 -0.690496
v 0.669792 0.447877 -0.715078
v 1.055887 0.003620 0.690497
v 1.055887 0.447877 0.715078
v 1.055887 0.030368 -0.715078
v 1.056512 0.473291 -0.685933
v 1.055887 0.030368 0.715078
v 1.055887 0.474625 0.690497
v 1.055887 0.003620 -0.690496
v 1.055930 0.447613 -0.714995
v 1.038544 0.030368 0.715078
v 0.687135 0.030368 0.715078
v 1.038544 0.474625 0.690497
v 0.687931 0.474512 0.679405
v 1.038545 0.003620 -0.690496
v 0.687135 0.003620 -0.690496
v 1.038545 0.447877 -0.715078
v 0.687135 0.447877 -0.715078
v 0.687135 0.003620 0.690497
v 1.038544 0.003620 0.690497
v 0.688582 0.442754 0.715727
v 1.038544 0.447877 0.715078
v 0.687150 0.030511 -0.715027
v 1.038545 0.030368 -0.715078
v 0.687135 0.474625 -0.690496
v 1.038521 0.474513 -0.690063
v 1.016948 0.023394 0.724037
v 0.708732 0.023394 0.724037
v 1.016948 0.482494 0.699147
v 0.714527 0.483152 0.687541
v 1.016948 -0.004248 -0.699147
v 0.708732 -0.004248 -0.699147
v 1.016948 0.454852 -0.724036
v 0.708732 0.454852 -0.724036
v 0.708732 -0.004248 0.699147
v 1.016948 -0.004248 0.699147
v 0.713912 0.450951 0.724890
v 1.016948 0.454852 0.724037
v 0.714569 0.029237 -0.720855
v 1.016948 0.023394 -0.724036
v 0.708732 0.482494 -0.699147
v 1.016948 0.482494 -0.699147
v 0.648423 0.023394 0.724037
v 0.640664 0.471209 0.671206
v 0.648423 -0.004248 -0.699147
v 0.648423 0.454852 -0.724036
v 0.648423 -0.004248 0.699147
v 0.639158 0.436497 0.714286
v 0.648423 0.023394 -0.724036
v 0.648423 0.482494 -0.699147
v 1.080309 -0.004248 0.699147
v 1.080309 0.454852 0.724037
v 1.080309 0.023394 -0.724036
v 1.086163 0.474767 -0.683927
v 1.080309 0.023394 0.724037
v 1.080752 0.481834 0.697256
v 1.080309 -0.004248 -0.699147
v 1.084253 0.447228 -0.719965
v 1.161013 -0.004248 0.555454
v 1.161013 -0.004248 0.281212
v 1.161013 -0.004248 0.065476
v 1.161013 -0.004248 -0.120974
v 1.161013 -0.004248 -0.364279
v 1.161013 -0.004248 -0.590428
v 1.198101 0.023394 -0.590428
v 1.198101 0.023394 -0.364279
v 1.198101 0.023394 -0.120973
v 1.198101 0.023394 0.065476
v 1.198101 0.023394 0.281212
v 1.198101 0.023394 0.555454
v 1.163923 0.483104 -0.590428
v 1.161013 0.482494 -0.364279
v 1.161013 0.482494 -0.120973
v 1.157947 0.480203 0.067568
v 1.155757 0.479047 0.299220
v 1.145496 0.467039 0.520198
v 1.180658 0.426767 0.518490
v 1.187881 0.435110 0.302359
v 1.187857 0.436191 0.074082
v 1.198101 0.454852 -0.120974
v 1.198101 0.454852 -0.364279
v 1.202745 0.455826 -0.590428
v 0.564625 -0.004248 -0.590428
v 0.578424 0.009852 -0.364190
v 0.579753 0.014496 -0.138478
v 0.579012 0.011870 0.084877
v 0.575124 0.005088 0.298264
v 0.564625 -0.004248 0.555454
v 0.527537 0.023394 0.555454
v 0.535224 0.033722 0.292078
v 0.542410 0.043623 0.079439
v 0.544253 0.046617 -0.136047
v 0.541070 0.041684 -0.363838
v 0.527537 0.023394 -0.590428
v 0.578404 0.471199 0.519129
v 0.564625 0.482494 0.281212
v 0.564625 0.482494 0.065476
v 0.564625 0.482494 -0.120974
v 0.564625 0.482494 -0.364279
v 0.564625 0.482494 -0.590428
v 0.527537 0.454852 -0.590428
v 0.527537 0.454852 -0.364279
v 0.527537 0.454852 -0.120974
v 0.527537 0.454852 0.065476
v 0.527537 0.454852 0.281212
v 0.535350 0.442576 0.531779
v 0.669792 0.003620 0.549275
v 0.667141 0.002419 0.291473
v 0.664831 0.002363 0.084386
v 0.664153 0.002736 -0.137499
v 0.666939 0.002628 -0.361204
v 0.669792 0.003620 -0.584249
v 0.669792 0.474669 0.549275
v 0.669772 0.475694 0.277497
v 0.671465 0.476737 0.076036
v 0.672624 0.476943 -0.132986
v 0.669792 0.474625 -0.360571
v 0.669792 0.474625 -0.584249
v 1.055887 0.003620 0.549275
v 1.055887 0.003620 0.277505
v 1.055887 0.003620 0.064240
v 1.055887 0.003620 -0.119738
v 1.055887 0.003620 -0.360571
v 1.055887 0.003620 -0.584249
v 1.055887 0.474625 0.549275
v 1.058392 0.477244 0.278460
v 1.055887 0.474625 0.064240
v 1.055887 0.474625 -0.119738
v 1.056061 0.474837 -0.360205
v 1.055887 0.474625 -0.584249
v 0.687139 0.475201 0.549280
v 0.687070 0.477835 0.277480
v 0.688776 0.476685 0.077396
v 0.692397 0.477148 -0.138656
v 0.687135 0.474625 -0.360571
v 0.687135 0.474625 -0.584249
v 1.038544 0.474625 0.549275
v 1.039792 0.476108 0.277463
v 1.038544 0.474625 0.064240
v 1.038544 0.474625 -0.119738
v 1.036874 0.475351 -0.358685
v 1.038545 0.474625 -0.584249
v 1.038544 0.003620 0.549275
v 1.038544 0.003620 0.277505
v 1.038544 0.003620 0.064240
v 1.038544 0.003620 -0.119738
v 1.038545 0.003620 -0.360571
v 1.038545 0.003620 -0.584249
v 0.687135 0.003620 0.549275
v 0.688085 0.002313 0.288409
v 0.690728 0.001369 0.081588
v 0.691256 0.001233 -0.136496
v 0.688042 0.002403 -0.360973
v 0.687135 0.003620 -0.584249
v 1.016948 -0.004248 0.555454
v 1.016948 -0.004248 0.281212
v 1.016948 -0.004248 0.065476
v 1.016948 -0.004248 -0.120974
v 1.016948 -0.004248 -0.364279
v 1.016948 -0.004248 -0.590428
v 0.708732 -0.004248 0.555454
v 0.713592 -0.003676 0.285706
v 0.724034 -0.002812 0.075837
v 0.724571 -0.002794 -0.132602
v 0.711406 -0.003945 -0.363964
v 0.708732 -0.004248 -0.590428
v 0.708755 0.485411 0.555486
v 0.708545 0.490915 0.281142
v 0.731189 0.480930 0.077771
v 0.719581 0.485800 -0.141091
v 0.709185 0.482443 -0.364109
v 0.708732 0.482494 -0.590428
v 1.016948 0.482494 0.555454
v 1.017105 0.483991 0.281207
v 1.016948 0.482494 0.065476
v 1.016948 0.482494 -0.120974
v 0.998862 0.480736 -0.357656
v 1.016948 0.482494 -0.590428
v 0.648126 0.482427 0.554641
v 0.648421 0.482620 0.281211
v 0.635899 0.481290 0.072746
v 0.641271 0.481739 -0.126096
v 0.648423 0.482494 -0.364279
v 0.648423 0.482494 -0.590428
v 0.648423 -0.004248 0.555454
v 0.636363 -0.001313 0.295610
v 0.632070 0.002106 0.085725
v 0.631083 0.003763 -0.138530
v 0.636311 -0.000201 -0.363777
v 0.648423 -0.004248 -0.590428
v 1.080309 -0.004248 0.555454
v 1.080309 -0.004248 0.281212
v 1.080309 -0.004248 0.065476
v 1.080309 -0.004248 -0.120974
v 1.080309 -0.004248 -0.364279
v 1.080309 -0.004248 -0.590428
v 1.080520 0.482396 0.554657
v 1.084880 0.485404 0.282884
v 1.080309 0.482494 0.065476
v 1.080309 0.482494 -0.120974
v 1.080309 0.482494 -0.364279
v 1.080364 0.482505 -0.590428
v 0.934676 0.023394 0.724037
v 0.791003 0.023394 0.724037
v 0.934673 0.482491 0.699138
v 0.810896 0.473478 0.664958
v 0.928765 0.001065 -0.687685
v 0.806655 0.005570 -0.679038
v 0.934677 0.454852 -0.724036
v 0.791003 0.454852 -0.724036
v 0.791003 -0.004248 0.699147
v 0.934676 -0.004248 0.699147
v 0.809440 0.442584 0.729909
v 0.934538 0.455310 0.725227
v 0.807329 0.041833 -0.714081
v 0.925778 0.037275 -0.717435
v 0.791003 0.482494 -0.699147
v 0.934677 0.482494 -0.699147
v 0.934676 0.482494 0.555454
v 0.791124 0.490773 0.555621
v 0.934642 0.489153 0.281202
v 0.790534 0.503198 0.281036
v 0.928227 0.494346 -0.010682
v 0.812646 0.482306 0.075408
v 0.920812 0.482459 -0.136248
v 0.818687 0.481936 -0.139985
v 0.917579 0.482029 -0.356854
v 0.802122 0.493116 -0.358150
v 0.934677 0.472883 -0.590428
v 0.791003 0.482494 -0.590428
v 0.791003 -0.004248 0.555454
v 0.934676 -0.004248 0.555454
v 0.791003 -0.004248 0.281212
v 0.934676 -0.004248 0.281212
v 0.791272 -0.004243 0.065613
v 0.934677 -0.004248 0.065476
v 0.791003 -0.004248 -0.120974
v 0.934677 -0.004248 -0.120974
v 0.791003 -0.004248 -0.364279
v 0.934677 -0.004248 -0.364279
v 0.791003 -0.004248 -0.590428
v 0.934677 -0.004248 -0.590428
v 1.177984 0.105020 -0.724036
v 1.177984 0.239123 -0.724036
v 1.177984 0.358151 -0.724036
v 1.198101 0.358151 -0.699147
v 1.198101 0.239123 -0.699147
v 1.198101 0.105020 -0.699147
v 1.177984 0.358151 0.724037
v 1.177984 0.239123 0.724037
v 1.177984 0.105020 0.724037
v 1.198101 0.105020 0.699147
v 1.198101 0.239123 0.699147
v 1.198101 0.358151 0.699147
v 0.532896 0.346075 0.663894
v 0.527537 0.239123 0.699147
v 0.527537 0.105020 0.699147
v 0.547654 0.105020 0.724037
v 0.547654 0.239123 0.724037
v 0.573097 0.345933 0.708075
v 0.547654 0.358151 -0.724036
v 0.547654 0.239123 -0.724036
v 0.547654 0.105020 -0.724036
v 0.527537 0.105020 -0.699147
v 0.532566 0.235354 -0.678190
v 0.527537 0.358151 -0.699147
v 0.669792 0.354663 0.715078
v 0.669792 0.239123 0.715078
v 0.669792 0.108508 0.715078
v 0.669792 0.354663 -0.715078
v 0.669792 0.239123 -0.715078
v 0.669792 0.108508 -0.715078
v 1.055887 0.354663 0.715078
v 1.055887 0.239123 0.715078
v 1.055887 0.108508 0.715078
v 1.056157 0.353832 -0.715467
v 1.055887 0.239123 -0.715078
v 1.055887 0.108508 -0.715078
v 0.687135 0.354663 -0.715078
v 0.687135 0.239123 -0.715081
v 0.687135 0.108508 -0.715078
v 1.037775 0.352679 -0.715892
v 1.038545 0.239123 -0.715078
v 1.038545 0.108508 -0.715078
v 1.038544 0.354663 0.715078
v 1.038544 0.239123 0.715078
v 1.038544 0.108508 0.715078
v 0.687135 0.354663 0.715078
v 0.687135 0.239123 0.715078
v 0.687135 0.108508 0.715078
v 1.016948 0.358151 0.724037
v 1.016948 0.239123 0.724037
v 1.016948 0.105020 0.724037
v 0.708732 0.358151 0.724037
v 0.708732 0.239123 0.724037
v 0.708732 0.105020 0.725205
v 0.708732 0.358151 -0.724036
v 0.708732 0.239123 -0.725159
v 0.708732 0.105020 -0.724036
v 1.003394 0.352249 -0.722631
v 1.016948 0.239123 -0.724036
v 1.016948 0.105020 -0.724036
v 0.648423 0.358151 -0.724036
v 0.648423 0.239123 -0.724036
v 0.648423 0.105020 -0.724036
v 0.648423 0.358151 0.724037
v 0.648423 0.239123 0.724037
v 0.648423 0.105020 0.724037
v 1.080309 0.358151 0.724037
v 1.080309 0.239123 0.724037
v 1.080309 0.105020 0.724037
v 1.080392 0.358118 -0.724025
v 1.080309 0.239123 -0.724036
v 1.080309 0.105020 -0.724036
v 1.198101 0.358151 -0.590428
v 1.198101 0.239123 -0.590428
v 1.198101 0.105020 -0.590428
v 1.198101 0.358151 -0.364279
v 1.202971 0.235453 -0.360102
v 1.198101 0.105020 -0.364279
v 1.198101 0.358151 -0.120974
v 1.214928 0.239123 -0.120974
v 1.198101 0.105020 -0.120973
v 1.195615 0.348204 0.074671
v 1.198101 0.239123 0.065476
v 1.198101 0.105020 0.065476
v 1.198082 0.358017 0.281420
v 1.206378 0.239123 0.281212
v 1.198101 0.105020 0.281212
v 1.198101 0.358151 0.555454
v 1.198101 0.239123 0.555454
v 1.198101 0.105020 0.555454
v 0.520393 0.358224 0.555515
v 0.518619 0.239123 0.555454
v 0.527537 0.105020 0.555454
v 0.516587 0.355992 0.286975
v 0.508666 0.239060 0.281196
v 0.527537 0.105020 0.281212
v 0.514613 0.358151 0.065476
v 0.519422 0.239123 0.065476
v 0.527537 0.105020 0.065476
v 0.527537 0.358151 -0.120974
v 0.527537 0.239123 -0.120974
v 0.512079 0.105020 -0.120974
v 0.534112 0.384046 -0.315214
v 0.527537 0.239123 -0.364279
v 0.527537 0.105020 -0.364279
v 0.527537 0.358151 -0.590428
v 0.527537 0.239123 -0.590428
v 0.527479 0.118118 -0.561118
v 0.791003 0.358151 -0.722424
v 0.802300 0.236052 -0.728775
v 0.791003 0.105020 -0.724036
v 0.915334 0.350945 -0.724873
v 0.930699 0.237871 -0.728717
v 0.934677 0.105020 -0.724036
v 0.934676 0.358151 0.724037
v 0.934676 0.239123 0.724037
v 0.934676 0.105020 0.724112
v 0.791003 0.358151 0.720429
v 0.791003 0.239123 0.724037
v 0.791003 0.105020 0.740930
vn 0.2567 -0.9021 -0.3468
vn 0.4085 -0.3650 -0.8366
vn 0.8663 -0.4061 -0.2908
vn 0.4165 0.4787 -0.7729
vn 0.3847 0.8243 -0.4154
vn 0.7913 0.4625 -0.3999
vn 0.2567 -0.9021 0.3468
vn 0.8663 -0.4061 0.2908
vn 0.4085 -0.3650 0.8366
vn 0.5619 0.7999 0.2107
vn 0.5252 0.5200 0.6736
vn 0.8079 0.5527 0.2047
vn -0.2567 -0.9021 -0.3468
vn -0.8663 -0.4062 -0.2909
vn -0.4085 -0.3650 -0.8366
vn -0.3671 0.8146 -0.4491
vn -0.3969 0.2760 -0.8754
vn -0.8776 0.3495 -0.3281
vn -0.2567 -0.9021 0.3468
vn -0.4085 -0.3650 0.8366
vn -0.8663 -0.4061 0.2908
vn -0.4536 0.8098 0.3723
vn -0.7678 0.4835 0.4204
vn -0.5048 0.3964 0.7668
vn 0.2364 -0.9006 0.3648
vn 0.2457 -0.3340 0.9100
vn -0.0665 0.9402 0.3340
vn -0.0564 0.4432 0.8946
vn 0.2374 -0.9002 -0.3651
vn 0.2471 -0.3342 -0.9095
vn 0.2364 0.9006 -0.3648
vn 0.2457 0.3340 -0.9100
vn -0.2098 -0.9050 0.3702
vn -0.2098 0.3459 0.9145
vn -0.2181 -0.3382 -0.9155
vn -0.0195 0.9340 -0.3568
vn -0.2181 -0.3382 0.9155
vn -0.1950 0.9071 0.3729
vn -0.2098 -0.9050 -0.3702
vn -0.0464 0.4285 -0.9023
vn 0.2434 -0.3343 0.9105
vn -0.2504 -0.3365 0.9078
vn 0.2342 0.9010 0.3652
vn -0.3162 0.8852 0.3413
vn 0.2342 -0.9010 -0.3652
vn -0.1975 -0.8960 -0.3977
vn 0.2424 0.3408 -0.9083
vn -0.2434 0.3343 -0.9105
vn -0.2342 -0.9010 0.3652
vn 0.2342 -0.9010 0.3652
vn -0.3158 0.3918 0.8642
vn 0.2434 0.3343 0.9105
vn -0.1689 -0.3390 -0.9255
vn 0.2434 -0.3343 -0.9105
vn -0.2342 0.9010 -0.3652
vn 0.2768 0.8888 -0.3652
vn 0.2233 -0.3612 0.9054
vn -0.2520 -0.3879 0.8866
vn 0.2188 0.8859 0.4090
vn -0.1574 0.9210 0.3563
vn 0.1689 -0.8824 -0.4392
vn -0.1214 -0.8676 -0.4822
vn 0.2074 0.3552 -0.9115
vn -0.2207 0.3592 -0.9068
vn -0.2172 -0.8844 0.4131
vn 0.2172 -0.8844 0.4131
vn -0.1738 0.4616 0.8699
vn 0.2272 0.3632 0.9036
vn -0.0843 -0.3609 -0.9288
vn 0.1728 -0.3818 -0.9080
vn -0.2172 0.8844 -0.4131
vn 0.2043 0.8917 -0.4039
vn 0.2251 -0.3610 0.9050
vn -0.1518 0.9072 0.3925
vn 0.2191 -0.8840 -0.4131
vn 0.1920 0.3397 -0.9207
vn 0.2191 -0.8840 0.4131
vn -0.1722 0.4589 0.8716
vn 0.2251 -0.3610 -0.9050
vn 0.2026 0.8673 -0.4548
vn -0.1961 -0.8890 0.4139
vn 0.0146 0.4769 0.8788
vn -0.2017 -0.3621 -0.9100
vn 0.0569 0.9190 -0.3900
vn -0.2017 -0.3621 0.9100
vn 0.0699 0.9115 0.4052
vn -0.1961 -0.8890 -0.4139
vn 0.0318 0.4696 -0.8823
vn 0.3148 -0.9492 -0.0000
vn 0.8938 -0.4486 -0.0000
vn 0.3487 0.9269 -0.1390
vn 0.3095 0.9509 0.0037
vn 0.3596 0.9329 0.0185
vn 0.4414 0.8971 0.0207
vn 0.4997 0.8658 0.0273
vn 0.5112 0.8578 0.0539
vn 0.8894 0.4551 0.0436
vn 0.9200 0.3914 0.0214
vn 0.9321 0.3613 0.0242
vn 0.9051 0.4244 0.0268
vn 0.8945 0.4471 0.0064
vn 0.8750 0.4655 -0.1331
vn -0.3422 -0.9390 0.0351
vn -0.3978 -0.9163 0.0452
vn -0.4413 -0.8973 0.0047
vn -0.4158 -0.9091 -0.0248
vn -0.3572 -0.9333 -0.0377
vn -0.3246 -0.9457 -0.0196
vn -0.8850 -0.4652 -0.0185
vn -0.8698 -0.4922 -0.0362
vn -0.8441 -0.5359 -0.0150
vn -0.8223 -0.5691 0.0023
vn -0.8541 -0.5189 0.0339
vn -0.8862 -0.4621 0.0330
vn -0.3644 0.9283 0.0744
vn -0.3262 0.9450 0.0225
vn -0.3099 0.9508 -0.0004
vn -0.3104 0.9506 0.0008
vn -0.3137 0.9495 0.0004
vn -0.3480 0.9374 -0.0162
vn -0.9054 0.4239 -0.0237
vn -0.9021 0.4316 0.0028
vn -0.8909 0.4539 -0.0146
vn -0.8715 0.4903 -0.0081
vn -0.8555 0.5172 0.0256
vn -0.8432 0.5287 0.0975
vn 0.1352 -0.9908 -0.0015
vn 0.0606 -0.9982 -0.0027
vn -0.0050 -1.0000 -0.0029
vn -0.0167 -0.9999 0.0005
vn 0.0446 -0.9990 0.0039
vn 0.1295 -0.9916 0.0026
vn 0.0830 0.9964 0.0198
vn 0.0944 0.9955 0.0004
vn 0.0697 0.9976 -0.0004
vn 0.0936 0.9956 -0.0013
vn 0.1421 0.9898 -0.0030
vn 0.1755 0.9845 -0.0000
vn -0.1552 -0.9879 -0.0000
vn -0.1565 0.9877 0.0041
vn -0.1679 0.9858 -0.0010
vn -0.1606 0.9870 -0.0041
vn -0.1510 0.9885 0.0006
vn -0.1469 0.9892 -0.0001
vn -0.1130 0.9935 -0.0134
vn -0.2630 0.9647 0.0135
vn -0.2167 0.9762 -0.0071
vn -0.1273 0.9918 -0.0066
vn -0.1287 0.9917 0.0010
vn -0.1662 0.9861 -0.0030
vn -0.1725 0.9850 0.0001
vn 0.1644 0.9864 0.0036
vn 0.1540 0.9881 -0.0014
vn 0.1643 0.9864 -0.0042
vn 0.1458 0.9893 -0.0022
vn 0.1164 0.9932 0.0002
vn 0.1482 0.9890 0.0010
vn 0.1738 -0.9848 -0.0000
vn -0.1559 -0.9878 0.0007
vn -0.1227 -0.9924 0.0001
vn -0.0931 -0.9957 -0.0010
vn -0.0980 -0.9952 0.0010
vn -0.1293 -0.9916 -0.0000
vn -0.1626 -0.9867 -0.0011
vn 0.1657 -0.9861 -0.0063
vn -0.1624 -0.9867 -0.0006
vn -0.1171 -0.9931 -0.0027
vn -0.0798 -0.9968 -0.0018
vn -0.0814 -0.9967 0.0022
vn -0.1283 -0.9917 0.0025
vn -0.1513 -0.9884 -0.0111
vn -0.2334 0.9717 0.0363
vn -0.2430 0.9699 -0.0183
vn -0.1245 0.9919 -0.0267
vn -0.1329 0.9911 0.0111
vn -0.1927 0.9812 -0.0012
vn -0.1878 0.9822 -0.0053
vn 0.1802 0.9836 0.0050
vn 0.2016 0.9795 0.0052
vn 0.2172 0.9761 -0.0053
vn 0.1673 0.9858 -0.0152
vn 0.0923 0.9957 -0.0066
vn 0.1236 0.9923 0.0089
vn 0.0286 0.9981 0.0541
vn 0.1189 0.9929 0.0046
vn 0.0861 0.9963 -0.0009
vn 0.0940 0.9956 0.0016
vn 0.1517 0.9884 0.0002
vn 0.1383 -0.9904 -0.0078
vn 0.0247 -0.9996 -0.0166
vn -0.0710 -0.9974 -0.0118
vn -0.0922 -0.9957 0.0033
vn -0.0070 -0.9998 0.0205
vn 0.1288 -0.9916 0.0128
vn -0.0090 0.9997 0.0242
vn -0.0976 0.9952 0.0065
vn -0.1367 0.9906 -0.0014
vn -0.1509 0.9885 0.0017
vn -0.1547 0.9880 0.0003
vn -0.0927 0.9940 -0.0579
vn 0.0156 -0.3828 0.9237
vn -0.0096 -0.4082 0.9129
vn -0.0407 0.9277 0.3712
vn 0.0032 0.9603 0.2790
vn -0.0705 -0.9005 -0.4291
vn 0.0400 -0.9055 -0.4225
vn 0.0018 0.3565 -0.9343
vn 0.0002 0.3557 -0.9346
vn -0.0000 -0.9135 0.4067
vn -0.0021 0.4275 0.9040
vn -0.0349 0.4229 0.9055
vn 0.0349 -0.3893 -0.9204
vn -0.0667 -0.3835 -0.9211
vn 0.0092 0.9179 -0.3967
vn -0.0069 0.9222 -0.3867
vn 0.0243 0.9993 0.0297
vn -0.0005 0.9986 0.0537
vn 0.0510 0.9987 0.0061
vn -0.0306 0.9994 -0.0130
vn 0.0192 0.9993 -0.0311
vn -0.0270 0.9991 -0.0334
vn 0.0129 0.9998 -0.0141
vn -0.0099 0.9999 0.0044
vn 0.0228 0.9997 -0.0110
vn 0.0083 1.0000 -0.0050
vn -0.0004 1.0000 0.0070
vn 0.0123 0.9999 -0.0045
vn -0.0009 -1.0000 -0.0003
vn -0.0000 -1.0000 -0.0000
vn -0.0045 -1.0000 -0.0009
vn -0.0091 -1.0000 -0.0006
vn -0.0087 -1.0000 0.0006
vn -0.0035 -1.0000 0.0009
vn 0.0117 -0.9995 -0.0306
vn -0.0132 -0.9996 -0.0262
vn 0.4309 -0.0000 -0.9024
vn 0.4596 0.1639 -0.8729
vn 0.9126 0.1515 -0.3798
vn 0.9428 -0.0000 -0.3334
vn 0.4873 0.2085 0.8480
vn 0.4309 -0.0000 0.9024
vn 0.9428 -0.0000 0.3334
vn 0.9103 0.2374 0.3390
vn -0.9011 0.1972 0.3862
vn -0.9167 0.0796 0.3915
vn -0.9401 -0.0088 0.3407
vn -0.4309 -0.0000 0.9024
vn -0.4543 0.0940 0.8859
vn -0.4647 0.2043 0.8616
vn -0.4893 0.0463 -0.8709
vn -0.5260 -0.0031 -0.8505
vn -0.4783 0.0149 -0.8781
vn -0.9554 0.0188 -0.2949
vn -0.9755 -0.0005 -0.2198
vn -0.9453 0.0366 -0.3243
vn 0.1347 0.0198 0.9907
vn 0.1972 -0.0000 0.9804
vn 0.1972 -0.0000 -0.9804
vn 0.1971 -0.0000 -0.9804
vn 0.1975 -0.0001 -0.9803
vn -0.1749 -0.0000 0.9846
vn -0.1454 0.0068 -0.9893
vn -0.1703 -0.0016 -0.9854
vn -0.1749 -0.0000 -0.9846
vn -0.2013 0.0012 -0.9795
vn -0.2063 0.0001 -0.9785
vn -0.1791 -0.0084 -0.9838
vn 0.1427 -0.0005 -0.9898
vn 0.1684 0.0036 -0.9857
vn 0.1953 -0.0000 -0.9807
vn 0.1953 -0.0000 0.9807
vn -0.2047 0.0028 0.9788
vn -0.2009 0.0010 0.9796
vn -0.2068 -0.0004 0.9784
vn 0.1971 -0.0016 0.9804
vn 0.1955 0.0001 0.9807
vn 0.1956 -0.0000 0.9807
vn -0.1895 -0.0085 0.9818
vn -0.2191 0.0219 0.9755
vn -0.2532 -0.0118 0.9673
vn -0.2007 0.0067 -0.9796
vn -0.2137 0.0028 -0.9769
vn -0.1720 -0.0364 -0.9844
vn 0.1390 0.0057 -0.9903
vn 0.1865 0.0077 -0.9824
vn 0.1921 -0.0150 -0.9813
vn 0.1858 0.0124 -0.9825
vn 0.0305 0.0960 0.9949
vn 0.1739 0.0208 0.9845
vn -0.1255 0.0529 0.9907
vn -0.1216 0.0484 -0.9914
vn -0.1734 -0.0002 -0.9848
vn 0.9988 0.0295 -0.0380
vn 1.0000 0.0005 -0.0053
vn 1.0000 -0.0046 -0.0027
vn 0.9998 0.0209 -0.0063
vn 0.9998 0.0019 -0.0179
vn 0.9997 -0.0246 -0.0087
vn 0.9985 0.0530 0.0156
vn 0.9999 0.0072 0.0120
vn 0.9993 -0.0360 0.0052
vn 0.9975 0.0700 0.0123
vn 0.9999 0.0098 0.0140
vn 0.9997 -0.0234 0.0065
vn 0.9957 0.0924 -0.0014
vn 1.0000 0.0054 -0.0039
vn 0.9999 -0.0154 -0.0010
vn 0.9890 0.1467 0.0166
vn 1.0000 0.0010 0.0075
vn 1.0000 -0.0077 0.0038
vn -0.9896 0.1213 0.0778
vn -0.9991 -0.0128 0.0403
vn -0.9989 -0.0469 0.0085
vn -0.9967 0.0801 0.0093
vn -0.9993 -0.0375 -0.0007
vn -0.9939 -0.1094 -0.0108
vn -0.9986 0.0456 -0.0264
vn -0.9996 -0.0199 -0.0204
vn -0.9868 -0.1618 0.0026
vn -0.9995 0.0089 -0.0304
vn -0.9995 0.0230 -0.0205
vn -0.9872 -0.1597 0.0007
vn -0.9999 -0.0103 -0.0055
vn -0.9996 0.0267 -0.0069
vn -0.9952 -0.0983 -0.0045
vn -0.9999 0.0038 -0.0100
vn -0.9999 0.0053 -0.0102
vn -0.9998 -0.0219 0.0041
vn -0.0047 0.0148 -0.9999
vn -0.0097 0.0035 -0.9999
vn 0.0044 -0.0658 -0.9978
vn 0.0071 0.0165 -0.9998
vn 0.0156 0.0041 -0.9999
vn -0.0074 -0.0534 -0.9985
vn 0.0004 -0.0126 0.9999
vn 0.0116 0.0196 0.9997
vn 0.0294 -0.0101 0.9995
vn 0.0008 -0.0214 0.9998
vn -0.0068 0.0401 0.9992
vn -0.0181 -0.0205 0.9996
vt 0.270440 0.776335
vt 0.260000 0.746538
vt 0.283189 0.741383
vt 0.302433 0.761929
vt 0.727147 0.676136
vt 0.727065 0.639720
vt 0.763773 0.643215
vt 0.768087 0.676115
vt 0.252546 0.697417
vt 0.283357 0.695974
vt 0.278708 0.726150
vt 0.257267 0.731261
vt 0.471044 0.804803
vt 0.484890 0.831400
vt 0.434095 0.831889
vt 0.417097 0.804626
vt 0.269200 0.789054
vt 0.259705 0.762455
vt 0.280753 0.755740
vt 0.296760 0.779415
vt 0.360086 0.885068
vt 0.355967 0.871003
vt 0.367267 0.868391
vt 0.293960 0.730467
vt 0.359804 0.062282
vt 0.367267 0.079372
vt 0.355748 0.076794
vt 0.269366 0.228154
vt 0.273995 0.209778
vt 0.285664 0.224946
vt 0.361642 0.058495
vt 0.371862 0.073939
vt 0.360137 0.073368
vt 0.296197 0.232763
vt 0.301711 0.221298
vt 0.312681 0.230849
vt 0.365811 0.891533
vt 0.360743 0.877762
vt 0.371862 0.874366
vt 0.275919 0.738802
vt 0.291793 0.742305
vt 0.269641 0.677614
vt 0.269641 0.718454
vt 0.252266 0.718454
vt 0.252266 0.677614
vt 0.311996 0.755062
vt 0.271082 0.277399
vt 0.291395 0.276663
vt 0.343038 0.103617
vt 0.354807 0.109279
vt 0.332140 0.046690
vt 0.326227 0.059365
vt 0.255617 0.743948
vt 0.358774 0.846926
vt 0.348276 0.852568
vt 0.184773 0.290377
vt 0.184611 0.236634
vt 0.201960 0.236592
vt 0.202092 0.290486
vt 0.298459 0.267789
vt 0.315508 0.267374
vt 0.352160 0.101840
vt 0.364723 0.105418
vt 0.330978 0.047717
vt 0.327511 0.061033
vt 0.153556 0.721543
vt 0.184754 0.722032
vt 0.184647 0.762623
vt 0.153050 0.762367
vt 0.015367 0.239393
vt 0.021882 0.239378
vt 0.021976 0.279290
vt 0.015461 0.279305
vt 0.272140 0.228422
vt 0.263601 0.228343
vt 0.265955 0.213989
vt 0.274680 0.216623
vt 0.022008 0.292936
vt 0.015488 0.292978
vt 0.014098 0.978020
vt 0.021458 0.975657
vt 0.020293 1.006474
vt 0.012989 1.005216
vt 0.339524 0.909150
vt 0.331255 0.913319
vt 0.325068 0.900972
vt 0.333224 0.897281
vt 0.013551 1.038308
vt 0.020066 1.038315
vt 0.266488 0.266415
vt 0.257764 0.267914
vt 0.282162 0.182119
vt 0.273850 0.178355
vt 0.261980 0.172894
vt 0.249273 0.204724
vt 0.239916 0.201358
vt 0.253308 0.167421
vt 0.246687 0.215720
vt 0.237595 0.215457
vt 0.333649 0.900455
vt 0.324160 0.904579
vt 0.318656 0.891836
vt 0.327984 0.888178
vt 0.299958 0.677614
vt 0.309596 0.675293
vt 0.309596 0.715205
vt 0.299958 0.718454
vt 0.015410 0.997501
vt 0.022181 0.995938
vt 0.023971 1.018481
vt 0.017440 1.018528
vt 0.013729 0.294760
vt 0.020244 0.294740
vt 0.020284 0.308387
vt 0.013770 0.308406
vt 0.015354 0.957752
vt 0.021869 0.957738
vt 0.017949 1.054288
vt 0.024845 1.053699
vt 0.021793 0.414758
vt 0.021731 0.449774
vt 0.015216 0.449762
vt 0.015278 0.414746
vt 0.111846 0.181281
vt 0.110229 0.218719
vt 0.101184 0.218261
vt 0.098659 0.182118
vt 0.021636 0.503332
vt 0.015121 0.503321
vt 0.015192 0.463409
vt 0.021707 0.463420
vt 0.107064 0.269805
vt 0.098380 0.271690
vt 0.101658 0.232339
vt 0.110280 0.231041
vt 0.019934 1.173782
vt 0.013419 1.173776
vt 0.013432 1.160129
vt 0.019947 1.160136
vt 0.104670 0.944206
vt 0.095290 0.942800
vt 0.097404 0.928930
vt 0.106448 0.930458
vt 0.020644 0.430208
vt 0.020747 0.465224
vt 0.014232 0.465243
vt 0.014129 0.430227
vt 0.222693 0.800960
vt 0.217083 0.767431
vt 0.227501 0.767958
vt 0.231761 0.801655
vt 0.020787 0.478870
vt 0.014272 0.478889
vt 0.217226 0.750741
vt 0.227545 0.749566
vt 0.027803 1.188822
vt 0.021290 1.188970
vt 0.020981 1.175327
vt 0.027494 1.175179
vt 0.225841 0.044840
vt 0.235220 0.046096
vt 0.233345 0.059992
vt 0.222707 0.059793
vt 0.028707 1.228723
vt 0.022194 1.228871
vt 0.178116 0.117436
vt 0.169485 0.119783
vt 0.169327 0.079864
vt 0.177945 0.076580
vt 0.302580 0.119764
vt 0.293945 0.117435
vt 0.294004 0.076587
vt 0.302633 0.079848
vt 0.209039 0.117438
vt 0.214927 0.083956
vt 0.096088 0.045740
vt 0.105272 0.044540
vt 0.106695 0.057925
vt 0.097897 0.059320
vt 0.187314 0.042476
vt 0.186992 0.062256
vt 0.100838 0.753711
vt 0.109381 0.754834
vt 0.109605 0.767251
vt 0.100566 0.767726
vt 0.182663 0.743664
vt 0.183230 0.770476
vt 0.097201 0.803073
vt 0.106166 0.802259
vt 0.191172 0.802293
vt 0.226396 0.233022
vt 0.217907 0.231878
vt 0.217929 0.219578
vt 0.226882 0.219214
vt 0.138527 0.231694
vt 0.138555 0.218275
vt 0.235220 0.942941
vt 0.225590 0.944321
vt 0.223947 0.930210
vt 0.233143 0.928703
vt 0.136718 0.945837
vt 0.137066 0.931138
vt 0.229825 0.271998
vt 0.221206 0.270153
vt 0.137615 0.270857
vt 0.230541 0.183969
vt 0.221613 0.184643
vt 0.144895 0.180202
vt 0.318181 0.194687
vt 0.145049 0.719066
vt 0.144524 0.759004
vt 0.321877 0.045576
vt 0.318718 0.059157
vt 0.245523 0.745577
vt 0.248820 0.764959
vt 0.261958 0.794044
vt 0.294979 0.188298
vt 0.246276 0.734057
vt 0.249921 0.748770
vt 0.322473 0.042476
vt 0.316848 0.055458
vt 0.242784 0.695656
vt 0.262254 0.781513
vt 0.245329 0.264713
vt 0.235787 0.266591
vt 0.248370 0.367037
vt 0.237916 0.368872
vt 0.248188 0.449494
vt 0.238450 0.450142
vt 0.249248 0.520389
vt 0.239500 0.520072
vt 0.250735 0.612676
vt 0.241098 0.611313
vt 0.269641 0.193187
vt 0.299958 0.193187
vt 0.299958 0.247165
vt 0.269641 0.247165
vt 0.299958 0.350183
vt 0.269641 0.350183
vt 0.299958 0.431225
vt 0.269641 0.431225
vt 0.299958 0.501264
vt 0.269642 0.501264
vt 0.299958 0.592661
vt 0.269641 0.592661
vt 0.144620 0.240107
vt 0.153139 0.236807
vt 0.153482 0.290618
vt 0.144978 0.293030
vt 0.158984 0.388020
vt 0.147363 0.389716
vt 0.161269 0.466938
vt 0.148952 0.467518
vt 0.161908 0.551416
vt 0.149440 0.551005
vt 0.159405 0.636401
vt 0.147840 0.635269
vt 0.252418 0.701719
vt 0.279535 0.689108
vt 0.254795 0.598280
vt 0.286627 0.599104
vt 0.262153 0.518965
vt 0.289517 0.517116
vt 0.262736 0.442949
vt 0.291955 0.445917
vt 0.263135 0.351937
vt 0.295236 0.353016
vt 0.137437 0.754118
vt 0.105870 0.703308
vt 0.136731 0.702668
vt 0.104820 0.600053
vt 0.136059 0.599927
vt 0.104791 0.518144
vt 0.138817 0.489363
vt 0.105140 0.447316
vt 0.141680 0.441582
vt 0.112280 0.357486
vt 0.143099 0.358065
vt 0.221316 0.703080
vt 0.230340 0.701054
vt 0.221662 0.600356
vt 0.231122 0.598898
vt 0.213986 0.523106
vt 0.230207 0.522942
vt 0.218146 0.439708
vt 0.228966 0.440662
vt 0.222248 0.355170
vt 0.231114 0.356442
vt 0.209127 0.601871
vt 0.178224 0.601870
vt 0.178230 0.547906
vt 0.209125 0.547900
vt 0.180007 0.446592
vt 0.209085 0.444893
vt 0.183895 0.367746
vt 0.209161 0.363899
vt 0.184087 0.289432
vt 0.209049 0.293800
vt 0.179158 0.202520
vt 0.209055 0.202401
vt 0.302633 0.598606
vt 0.294000 0.601857
vt 0.293988 0.547882
vt 0.302622 0.545559
vt 0.293959 0.444868
vt 0.302593 0.443473
vt 0.293938 0.363830
vt 0.302572 0.363364
vt 0.293927 0.293793
vt 0.302561 0.294257
vt 0.293924 0.202402
vt 0.302559 0.203795
vt 0.169589 0.598619
vt 0.169599 0.545580
vt 0.170165 0.447597
vt 0.171284 0.369905
vt 0.171479 0.287975
vt 0.170065 0.203658
vt 0.013573 0.241710
vt 0.020087 0.241691
vt 0.013272 0.139620
vt 0.019787 0.139601
vt 0.013035 0.059508
vt 0.019550 0.059489
vt 0.034224 1.472262
vt 0.027711 1.472409
vt 0.026146 1.403317
vt 0.032659 1.403169
vt 0.024097 1.312872
vt 0.030610 1.312725
vt 0.097201 0.701355
vt 0.095719 0.598683
vt 0.096060 0.517649
vt 0.096405 0.447733
vt 0.097752 0.356951
vt 0.014484 0.929138
vt 0.021004 0.929142
vt 0.014544 0.827032
vt 0.021092 0.827048
vt 0.014076 0.751869
vt 0.020580 0.751368
vt 0.012848 0.670708
vt 0.020272 0.672850
vt 0.014972 0.587345
vt 0.021487 0.587357
vt 0.020944 0.531920
vt 0.014429 0.531940
vt 0.022184 0.633654
vt 0.015185 0.634046
vt 0.021386 0.714134
vt 0.014871 0.714146
vt 0.021520 0.783245
vt 0.015005 0.783257
vt 0.021762 0.873576
vt 0.014551 0.873020
vt 0.309596 0.196436
vt 0.309596 0.249486
vt 0.309596 0.351576
vt 0.309596 0.431689
vt 0.309596 0.500800
vt 0.309596 0.591269
vt 0.243819 0.699775
vt 0.246301 0.596623
vt 0.248425 0.519758
vt 0.250712 0.439908
vt 0.254407 0.353031
vt 0.019882 1.226832
vt 0.013367 1.226825
vt 0.020783 1.323676
vt 0.012915 1.324819
vt 0.021577 1.401468
vt 0.011841 1.402510
vt 0.013433 -0.010728
vt 0.023166 -0.011801
vt 0.023610 0.071550
vt 0.013413 0.071195
vt 0.022757 0.155587
vt 0.014829 0.155519
vt 0.182102 0.386823
vt 0.181579 0.467178
vt 0.181620 0.551405
vt 0.181606 0.636754
vt 0.298851 0.695453
vt 0.304224 0.599948
vt 0.307161 0.517731
vt 0.309618 0.446529
vt 0.312847 0.353617
vt 0.202018 0.721811
vt 0.202092 0.762629
vt 0.200084 0.636276
vt 0.199674 0.550447
vt 0.199774 0.469387
vt 0.200499 0.389375
vt 0.300761 0.697056
vt 0.281296 0.612216
vt 0.298994 0.611997
vt 0.279859 0.519920
vt 0.297404 0.519573
vt 0.277773 0.448199
vt 0.297965 0.444976
vt 0.275076 0.360596
vt 0.295548 0.358441
vt 0.252266 0.247165
vt 0.252266 0.193187
vt 0.252266 0.350183
vt 0.252266 0.431225
vt 0.252266 0.501264
vt 0.252266 0.592661
vt 0.943156 0.804841
vt 0.933885 0.833492
vt 0.901463 0.842421
vt 0.902107 0.805454
vt 0.816508 0.841527
vt 0.816577 0.805300
vt 0.725190 0.841635
vt 0.725180 0.805338
vt 0.651805 0.834603
vt 0.651655 0.801431
vt 0.566072 0.834169
vt 0.573939 0.804971
vt 0.255737 0.680764
vt 0.258090 0.649372
vt 0.305261 0.644245
vt 0.296677 0.676458
vt 0.399488 0.639707
vt 0.397357 0.677074
vt 0.480541 0.639794
vt 0.480425 0.676402
vt 0.550576 0.639808
vt 0.550549 0.676133
vt 0.641978 0.639792
vt 0.623534 0.666506
vt 0.263022 0.202400
vt 0.263028 0.117430
vt 0.263023 0.293796
vt 0.263034 0.363836
vt 0.263055 0.444876
vt 0.263086 0.547889
vt 0.263096 0.601863
vt 0.186889 0.357637
vt 0.190472 0.271115
vt 0.180488 0.440221
vt 0.182884 0.522088
vt 0.190624 0.600155
vt 0.190441 0.702635
vt 0.189840 0.218383
vt 0.190951 0.183420
vt 0.189700 0.231679
vt 0.193286 0.945714
vt 0.192931 0.931230
vt 0.137807 0.767449
vt 0.137334 0.803145
vt 0.139243 0.042718
vt 0.140313 0.061222
vt 0.260820 0.080837
vt 0.137101 0.899711
vt 0.192538 0.899213
vt 0.137000 0.848099
vt 0.192370 0.847669
vt 0.105414 0.899743
vt 0.105284 0.847855
vt 0.192797 0.087468
vt 0.137195 0.087347
vt 0.187649 0.137514
vt 0.138891 0.137934
vt 0.224466 0.088371
vt 0.223290 0.139569
vt 0.641921 0.796100
vt 0.641899 0.771692
vt 0.716240 0.766633
vt 0.727491 0.802274
vt 0.641957 0.721086
vt 0.727192 0.720986
vt 0.556221 0.795699
vt 0.550737 0.770855
vt 0.550593 0.720750
vt 0.475418 0.795537
vt 0.480843 0.771823
vt 0.480614 0.721150
vt 0.395450 0.798748
vt 0.399593 0.771811
vt 0.399582 0.721007
vt 0.296392 0.802274
vt 0.296487 0.771587
vt 0.296665 0.721109
vt 0.242382 0.802123
vt 0.242468 0.771442
vt 0.242590 0.721057
vt 0.574188 0.679239
vt 0.574164 0.709877
vt 0.471228 0.709767
vt 0.471269 0.679141
vt 0.574099 0.760262
vt 0.471150 0.760106
vt 0.655165 0.679282
vt 0.655176 0.709933
vt 0.655189 0.760380
vt 0.725209 0.679203
vt 0.725211 0.709850
vt 0.725320 0.760377
vt 0.816591 0.679309
vt 0.816592 0.709990
vt 0.814984 0.759089
vt 0.901578 0.679192
vt 0.901655 0.709888
vt 0.901828 0.760422
vt 0.942447 0.679058
vt 0.942548 0.709743
vt 0.942762 0.760147
vt 0.303138 0.865535
vt 0.312521 0.861890
vt 0.280616 0.820804
vt 0.289483 0.816475
vt 0.309851 0.085178
vt 0.318198 0.150320
vt 0.283798 0.131356
vt 0.307795 0.875930
vt 0.315952 0.872262
vt 0.282511 0.832941
vt 0.290182 0.828662
vt 0.315624 0.088818
vt 0.335262 0.152093
vt 0.297461 0.138152
vt 0.105889 0.087748
vt 0.106088 0.138679
vt 0.233379 0.089785
vt 0.232381 0.139848
vt 0.224733 0.899189
vt 0.224263 0.846961
vt 0.096336 0.898569
vt 0.096242 0.847768
vt 0.234065 0.897919
vt 0.233379 0.846737
vt 0.020371 0.337740
vt 0.013856 0.337759
vt 0.020516 0.386805
vt 0.014001 0.386824
vt 0.097009 0.088951
vt 0.097191 0.138807
vt 0.021956 0.322289
vt 0.015441 0.322278
vt 0.021869 0.371355
vt 0.015355 0.371344
vt 0.020316 1.145982
vt 0.026829 1.145834
vt 0.019205 1.096928
vt 0.025718 1.096781
vt 0.300428 0.081102
vt 0.274714 0.126413
vt 0.306798 0.086745
vt 0.288857 0.135067
vt 0.013461 1.130777
vt 0.019976 1.130783
vt 0.013509 1.081711
vt 0.020024 1.081718
vt 0.329401 0.200247
vt 0.353742 0.157362
vt 0.314290 0.765246
vt 0.332893 0.803784
vt 0.323134 0.810592
vt 0.304553 0.196075
vt 0.329082 0.156620
vt 0.345333 0.844967
vt 0.356179 0.840164
vt 0.322770 0.800015
vt 0.333690 0.794338
vt 0.417321 0.709677
vt 0.417369 0.679058
vt 0.417223 0.759978
vt 0.768272 0.771385
vt 0.768402 0.802101
vt 0.760272 0.722351
s 1
usemtl Material.001
f 1590/1659/1535 1336/1660/1332 1252/1661/1248 1523/1662/1481
f 1626/1663/1570 1379/1664/1365 1266/1665/1262 1544/1666/1499
f 1480/1667/1444 1349/1668/1335 1253/1669/1249 1332/1670/1328
f 1608/1671/1552 1355/1672/1341 1260/1673/1256 1532/1674/1487
f 1584/1675/1532 1326/1676/1322 1272/1677/1268 1538/1678/1493
f 1249/1679/1245 1250/1680/1246 1251/1681/1247
f 1252/1661/1248 1253/1669/1249 1254/1682/1250
f 1255/1683/1251 1256/1684/1252 1257/1685/1253
f 1258/1686/1254 1259/1687/1255 1260/1688/1256
f 1261/1689/1257 1262/1690/1258 1263/1691/1259
f 1264/1692/1260 1265/1693/1261 1266/1694/1262
f 1267/1695/1263 1268/1696/1264 1269/1697/1265
f 1270/1698/1266 1271/1699/1267 1272/1677/1268
f 1342/1700/1333 1249/1701/1245 1251/1702/1247 1343/1703/1334
f 1523/1662/1481 1252/1661/1248 1254/1682/1250 1524/1704/1482
f 1354/1705/1340 1258/1686/1254 1260/1688/1256 1355/1706/1341
f 1529/1707/1485 1257/1685/1253 1256/1684/1252 1530/1708/1486
f 1329/1709/1325 1255/1683/1251 1257/1685/1253 1333/1710/1329
f 1322/1711/1318 1270/1698/1266 1272/1677/1268 1326/1676/1322
f 1535/1712/1490 1269/1697/1265 1268/1696/1264 1536/1713/1491
f 1366/1714/1352 1267/1715/1263 1269/1716/1265 1367/1717/1353
f 1378/1718/1364 1264/1692/1260 1266/1694/1262 1379/1719/1365
f 1541/1720/1496 1263/1691/1259 1262/1690/1258 1542/1721/1497
f 1323/1722/1319 1261/1689/1257 1263/1691/1259 1327/1723/1323
f 1332/1670/1328 1253/1669/1249 1252/1661/1248 1336/1660/1332
f 1468/1724/1438 1361/1725/1347 1261/1726/1257 1323/1727/1319
f 1432/1728/1408 1390/1729/1376 1277/1730/1273 1294/1731/1290
f 1328/1732/1324 1279/1733/1275 1280/1734/1276 1324/1735/1320
f 1294/1731/1290 1277/1730/1273 1278/1736/1274 1301/1737/1297
f 1292/1738/1288 1275/1739/1271 1276/1740/1272 1299/1741/1295
f 1325/1742/1321 1273/1743/1269 1274/1744/1270 1321/1745/1317
f 1566/1746/1516 1299/1741/1295 1276/1740/1272 1545/1747/1500
f 1462/1748/1382 1396/1749/1382 1279/1733/1275 1328/1732/1324
f 1581/1750/1531 1324/1735/1320 1280/1734/1276 1548/1751/1502
f 1587/1752/1534 1330/1753/1326 1282/1754/1278 1551/1755/1505
f 1334/1756/1330 1286/1757/1282 1282/1754/1278 1330/1753/1326
f 1335/1758/1331 1287/1759/1283 1283/1760/1279 1331/1761/1327
f 1474/1762/1383 1402/1763/1383 1287/1764/1283 1335/1765/1331
f 1304/1766/1300 1284/1767/1280 1288/1768/1284 1295/1769/1291
f 1298/1770/1294 1281/1771/1277 1285/1772/1281 1289/1773/1285
f 1420/1774/1401 1408/1775/1389 1284/1767/1280 1304/1766/1300
f 1560/1776/1512 1295/1769/1291 1288/1768/1284 1554/1777/1506
f 1548/1778/1502 1280/1779/1276 1296/1780/1292 1557/1781/1509
f 1578/1782/1528 1311/1783/1307 1295/1784/1291 1560/1785/1512
f 1396/1786/1382 1414/1787/1395 1303/1788/1299 1279/1789/1275
f 1456/1790/1427 1420/1791/1401 1304/1792/1300 1320/1793/1316
f 1273/1794/1269 1297/1795/1293 1290/1796/1286 1274/1797/1270
f 1314/1798/1310 1298/1799/1294 1289/1800/1285 1305/1801/1301
f 1279/1789/1275 1303/1788/1299 1296/1780/1292 1280/1779/1276
f 1320/1793/1316 1304/1792/1300 1295/1784/1291 1311/1783/1307
f 1551/1802/1505 1282/1803/1278 1300/1804/1296 1563/1805/1515
f 1572/1806/1522 1315/1807/1311 1299/1808/1295 1566/1809/1516
f 1286/1810/1282 1291/1811/1287 1300/1804/1296 1282/1803/1278
f 1308/1812/1304 1292/1813/1288 1299/1808/1295 1315/1807/1311
f 1287/1814/1283 1293/1815/1289 1302/1816/1298 1283/1817/1279
f 1310/1818/1306 1294/1819/1290 1301/1820/1297 1317/1821/1313
f 1402/1822/1383 1426/1823/1402 1293/1815/1289 1287/1814/1283
f 1444/1824/1415 1432/1825/1408 1294/1826/1290 1310/1827/1306
f 1426/1828/1402 1438/1829/1409 1309/1830/1305 1293/1831/1289
f 1519/1832/1478 1444/1824/1415 1310/1827/1306 1486/1833/1450
f 1293/1834/1289 1309/1835/1305 1318/1836/1314 1302/1837/1298
f 1486/1838/1450 1310/1818/1306 1317/1821/1313 1493/1839/1456
f 1291/1840/1287 1307/1841/1303 1316/1842/1312 1300/1843/1296
f 1484/1844/1448 1308/1812/1304 1315/1807/1311 1491/1845/1454
f 1563/1846/1515 1300/1843/1296 1316/1842/1312 1569/1847/1519
f 1638/1848/1582 1491/1845/1454 1315/1807/1311 1572/1806/1522
f 1303/1849/1299 1319/1850/1315 1312/1851/1308 1296/1852/1292
f 1496/1853/1459 1320/1793/1316 1311/1783/1307 1487/1854/1451
f 1297/1855/1293 1313/1856/1309 1306/1857/1302 1290/1858/1286
f 1490/1859/1453 1314/1798/1310 1305/1801/1301 1481/1860/1445
f 1414/1861/1395 1450/1862/1421 1319/1850/1315 1303/1849/1299
f 1507/1863/1470 1456/1790/1427 1320/1793/1316 1496/1853/1459
f 1557/1864/1509 1296/1852/1292 1312/1851/1308 1575/1865/1525
f 1632/1866/1576 1487/1854/1451 1311/1783/1307 1578/1782/1528
f 1539/1867/1494 1265/1693/1261 1324/1735/1320 1581/1750/1531
f 1378/1718/1364 1462/1748/1382 1328/1732/1324 1264/1692/1260
f 1267/1695/1263 1325/1742/1321 1321/1745/1317 1268/1696/1264
f 1264/1692/1260 1328/1732/1324 1324/1735/1320 1265/1693/1261
f 1390/1868/1376 1468/1724/1438 1323/1727/1319 1277/1869/1273
f 1277/1870/1273 1323/1722/1319 1327/1723/1323 1278/1871/1274
f 1275/1872/1271 1322/1711/1318 1326/1676/1322 1276/1873/1272
f 1545/1874/1500 1276/1873/1272 1326/1676/1322 1584/1675/1532
f 1342/1700/1333 1474/1762/1383 1335/1765/1331 1249/1701/1245
f 1249/1679/1245 1335/1758/1331 1331/1761/1327 1250/1680/1246
f 1258/1686/1254 1334/1756/1330 1330/1753/1326 1259/1687/1255
f 1527/1875/1484 1259/1687/1255 1330/1753/1326 1587/1752/1534
f 1284/1876/1280 1332/1670/1328 1336/1660/1332 1288/1877/1284
f 1281/1878/1277 1329/1709/1325 1333/1710/1329 1285/1879/1281
f 1408/1880/1389 1480/1667/1444 1332/1670/1328 1284/1876/1280
f 1554/1881/1506 1288/1877/1284 1336/1660/1332 1590/1659/1535
f 1286/1757/1282 1334/1756/1330 1475/1882/1439 1403/1883/1384
f 1403/1883/1384 1475/1882/1439 1476/1884/1440 1404/1885/1385
f 1404/1885/1385 1476/1884/1440 1477/1886/1441 1405/1887/1386
f 1405/1887/1386 1477/1886/1441 1478/1888/1442 1406/1889/1387
f 1406/1889/1387 1478/1888/1442 1479/1890/1443 1407/1891/1388
f 1407/1891/1388 1479/1890/1443 1480/1667/1444 1408/1880/1389
f 1255/1892/1251 1329/1893/1325 1469/1894/1383 1337/1895/1333
f 1337/1895/1333 1469/1894/1383 1470/1896/1383 1338/1897/1333
f 1338/1897/1333 1470/1896/1383 1471/1898/1383 1339/1899/1333
f 1339/1899/1333 1471/1898/1383 1472/1900/1383 1340/1901/1333
f 1340/1901/1333 1472/1900/1383 1473/1902/1383 1341/1903/1333
f 1341/1903/1333 1473/1902/1383 1474/1762/1383 1342/1700/1333
f 1273/1904/1269 1325/1905/1321 1463/1906/1433 1385/1907/1371
f 1385/1907/1371 1463/1906/1433 1464/1908/1434 1386/1909/1372
f 1386/1909/1372 1464/1908/1434 1465/1910/1435 1387/1911/1373
f 1387/1911/1373 1465/1910/1435 1466/1912/1436 1388/1913/1374
f 1388/1913/1374 1466/1912/1436 1467/1914/1437 1389/1915/1375
f 1389/1915/1375 1467/1914/1437 1468/1724/1438 1390/1868/1376
f 1270/1698/1266 1322/1711/1318 1457/1916/1428 1373/1917/1359
f 1373/1917/1359 1457/1916/1428 1458/1918/1429 1374/1919/1360
f 1374/1919/1360 1458/1918/1429 1459/1920/1430 1375/1921/1361
f 1375/1921/1361 1459/1920/1430 1460/1922/1431 1376/1923/1362
f 1376/1923/1362 1460/1922/1431 1461/1924/1432 1377/1925/1363
f 1377/1925/1363 1461/1924/1432 1462/1748/1382 1378/1718/1364
f 1483/1926/1447 1307/1841/1303 1451/1927/1422 1497/1928/1460
f 1497/1928/1460 1451/1927/1422 1452/1929/1423 1499/1930/1462
f 1499/1930/1462 1452/1929/1423 1453/1931/1424 1501/1932/1464
f 1501/1932/1464 1453/1931/1424 1454/1933/1425 1503/1934/1466
f 1503/1934/1466 1454/1933/1425 1455/1935/1426 1505/1936/1468
f 1505/1936/1468 1455/1935/1426 1456/1790/1427 1507/1863/1470
f 1292/1813/1288 1308/1812/1304 1445/1937/1416 1409/1938/1390
f 1409/1938/1390 1445/1937/1416 1446/1939/1417 1410/1940/1391
f 1410/1940/1391 1446/1939/1417 1447/1941/1418 1411/1942/1392
f 1411/1942/1392 1447/1941/1418 1448/1943/1419 1412/1944/1393
f 1412/1944/1393 1448/1943/1419 1449/1945/1420 1413/1946/1394
f 1413/1946/1394 1449/1945/1420 1450/1862/1421 1414/1861/1395
f 1489/1947/1453 1313/1948/1309 1439/1949/1410 1509/1950/1472
f 1509/1950/1472 1439/1949/1410 1440/1951/1411 1511/1952/1474
f 1511/1952/1474 1440/1951/1411 1441/1953/1412 1513/1954/1475
f 1513/1954/1475 1441/1953/1412 1442/1955/1413 1515/1956/1476
f 1515/1956/1476 1442/1955/1413 1443/1957/1414 1517/1958/1477
f 1517/1958/1477 1443/1957/1414 1444/1824/1415 1519/1832/1478
f 1298/1959/1294 1314/1960/1310 1433/1961/1402 1421/1962/1402
f 1421/1962/1402 1433/1961/1402 1434/1963/1402 1422/1964/1402
f 1422/1964/1402 1434/1963/1402 1435/1965/1402 1423/1966/1402
f 1423/1966/1402 1435/1965/1402 1436/1967/1402 1424/1968/1402
f 1424/1968/1402 1436/1967/1402 1437/1969/1402 1425/1970/1402
f 1425/1970/1402 1437/1969/1402 1438/1829/1409 1426/1828/1402
f 1313/1948/1309 1297/1971/1293 1427/1972/1403 1439/1949/1410
f 1439/1949/1410 1427/1972/1403 1428/1973/1404 1440/1951/1411
f 1440/1951/1411 1428/1973/1404 1429/1974/1405 1441/1953/1412
f 1441/1953/1412 1429/1974/1405 1430/1975/1406 1442/1955/1413
f 1442/1955/1413 1430/1975/1406 1431/1976/1407 1443/1957/1414
f 1443/1957/1414 1431/1976/1407 1432/1825/1408 1444/1824/1415
f 1281/1771/1277 1298/1770/1294 1421/1977/1402 1397/1978/1383
f 1397/1978/1383 1421/1977/1402 1422/1979/1402 1398/1980/1383
f 1398/1980/1383 1422/1979/1402 1423/1981/1402 1399/1982/1383
f 1399/1983/1383 1423/1984/1402 1424/1985/1402 1400/1986/1383
f 1400/1986/1383 1424/1985/1402 1425/1987/1402 1401/1988/1383
f 1401/1988/1383 1425/1987/1402 1426/1823/1402 1402/1822/1383
f 1307/1841/1303 1291/1840/1287 1415/1989/1396 1451/1927/1422
f 1451/1927/1422 1415/1989/1396 1416/1990/1397 1452/1929/1423
f 1452/1929/1423 1416/1990/1397 1417/1991/1398 1453/1931/1424
f 1453/1931/1424 1417/1991/1398 1418/1992/1399 1454/1933/1425
f 1454/1933/1425 1418/1992/1399 1419/1993/1400 1455/1935/1426
f 1455/1935/1426 1419/1993/1400 1420/1791/1401 1456/1790/1427
f 1275/1739/1271 1292/1738/1288 1409/1994/1390 1391/1995/1377
f 1391/1995/1377 1409/1994/1390 1410/1996/1391 1392/1997/1378
f 1392/1997/1378 1410/1996/1391 1411/1998/1392 1393/1999/1379
f 1393/1999/1379 1411/1998/1392 1412/2000/1393 1394/2001/1380
f 1394/2001/1380 1412/2000/1393 1413/2002/1394 1395/2003/1381
f 1395/2003/1381 1413/2002/1394 1414/1787/1395 1396/1786/1382
f 1291/1811/1287 1286/1810/1282 1403/2004/1384 1415/2005/1396
f 1415/2005/1396 1403/2004/1384 1404/2006/1385 1416/2007/1397
f 1416/2007/1397 1404/2006/1385 1405/2008/1386 1417/2009/1398
f 1417/2009/1398 1405/2008/1386 1406/2010/1387 1418/2011/1399
f 1418/2011/1399 1406/2010/1387 1407/2012/1388 1419/2013/1400
f 1419/2013/1400 1407/2012/1388 1408/1775/1389 1420/1774/1401
f 1329/1893/1325 1281/2014/1277 1397/2015/1383 1469/1894/1383
f 1469/1894/1383 1397/2015/1383 1398/2016/1383 1470/1896/1383
f 1470/1896/1383 1398/2016/1383 1399/2017/1383 1471/1898/1383
f 1471/1898/1383 1399/2017/1383 1400/2018/1383 1472/1900/1383
f 1472/1900/1383 1400/2018/1383 1401/2019/1383 1473/1902/1383
f 1473/1902/1383 1401/2019/1383 1402/1763/1383 1474/1762/1383
f 1322/1711/1318 1275/1872/1271 1391/2020/1377 1457/1916/1428
f 1457/1916/1428 1391/2020/1377 1392/2021/1378 1458/1918/1429
f 1458/1918/1429 1392/2021/1378 1393/2022/1379 1459/1920/1430
f 1459/1920/1430 1393/2022/1379 1394/2023/1380 1460/1922/1431
f 1460/1922/1431 1394/2023/1380 1395/2024/1381 1461/1924/1432
f 1461/1924/1432 1395/2024/1381 1396/1749/1382 1462/1748/1382
f 1297/1795/1293 1273/1794/1269 1385/2025/1371 1427/2026/1403
f 1427/2026/1403 1385/2025/1371 1386/2027/1372 1428/2028/1404
f 1428/2028/1404 1386/2027/1372 1387/2029/1373 1429/2030/1405
f 1429/2031/1405 1387/2032/1373 1388/2033/1374 1430/2034/1406
f 1430/2034/1406 1388/2033/1374 1389/2035/1375 1431/2036/1407
f 1431/2036/1407 1389/2035/1375 1390/1729/1376 1432/1728/1408
f 1325/1905/1321 1267/1715/1263 1366/1714/1352 1463/1906/1433
f 1463/1906/1433 1366/1714/1352 1365/2037/1351 1464/1908/1434
f 1464/1908/1434 1365/2037/1351 1364/2038/1350 1465/1910/1435
f 1465/1910/1435 1364/2038/1350 1363/2039/1349 1466/1912/1436
f 1466/1912/1436 1363/2039/1349 1362/2040/1348 1467/1914/1437
f 1467/1914/1437 1362/2040/1348 1361/1725/1347 1468/1724/1438
f 1270/1698/1266 1373/1917/1359 1384/2041/1370 1271/1699/1267
f 1373/1917/1359 1374/1919/1360 1383/2042/1369 1384/2041/1370
f 1374/1919/1360 1375/1921/1361 1382/2043/1368 1383/2042/1369
f 1375/1921/1361 1376/1923/1362 1381/2044/1367 1382/2043/1368
f 1376/1923/1362 1377/1925/1363 1380/2045/1366 1381/2044/1367
f 1377/1925/1363 1378/1718/1364 1379/1719/1365 1380/2045/1366
f 1261/1726/1257 1361/1725/1347 1372/2046/1358 1262/2047/1258
f 1361/1725/1347 1362/2040/1348 1371/2048/1357 1372/2046/1358
f 1362/2040/1348 1363/2039/1349 1370/2049/1356 1371/2048/1357
f 1363/2039/1349 1364/2038/1350 1369/2050/1355 1370/2049/1356
f 1364/2038/1350 1365/2037/1351 1368/2051/1354 1369/2050/1355
f 1365/2037/1351 1366/1714/1352 1367/1717/1353 1368/2051/1354
f 1253/1669/1249 1349/1668/1335 1360/2052/1346 1254/1682/1250
f 1349/1668/1335 1350/2053/1336 1359/2054/1345 1360/2052/1346
f 1350/2053/1336 1351/2055/1337 1358/2056/1344 1359/2054/1345
f 1351/2055/1337 1352/2057/1338 1357/2058/1343 1358/2056/1344
f 1352/2057/1338 1353/2059/1339 1356/2060/1342 1357/2058/1343
f 1353/2059/1339 1354/1705/1340 1355/1706/1341 1356/2060/1342
f 1255/1892/1251 1337/1895/1333 1348/2061/1334 1256/2062/1252
f 1337/1895/1333 1338/1897/1333 1347/2063/1334 1348/2061/1334
f 1338/1897/1333 1339/1899/1333 1346/2064/1334 1347/2063/1334
f 1339/1899/1333 1340/1901/1333 1345/2065/1334 1346/2064/1334
f 1340/1901/1333 1341/1903/1333 1344/2066/1334 1345/2065/1334
f 1341/1903/1333 1342/1700/1333 1343/1703/1334 1344/2066/1334
f 1524/2067/1482 1254/2068/1250 1360/2069/1346 1593/2070/1537
f 1593/2070/1537 1360/2069/1346 1359/2071/1345 1596/2072/1540
f 1596/2072/1540 1359/2071/1345 1358/2073/1344 1599/2074/1543
f 1599/2074/1543 1358/2073/1344 1357/2075/1343 1602/2076/1546
f 1602/2076/1546 1357/2075/1343 1356/2077/1342 1605/2078/1549
f 1605/2078/1549 1356/2077/1342 1355/1672/1341 1608/1671/1552
f 1334/1756/1330 1258/1686/1254 1354/1705/1340 1475/1882/1439
f 1475/1882/1439 1354/1705/1340 1353/2059/1339 1476/1884/1440
f 1476/1884/1440 1353/2059/1339 1352/2057/1338 1477/1886/1441
f 1477/1886/1441 1352/2057/1338 1351/2055/1337 1478/1888/1442
f 1478/1888/1442 1351/2055/1337 1350/2053/1336 1479/1890/1443
f 1479/1890/1443 1350/2053/1336 1349/1668/1335 1480/1667/1444
f 1533/2079/1488 1271/2080/1267 1384/2081/1370 1611/2082/1555
f 1611/2082/1555 1384/2081/1370 1383/2083/1369 1614/2084/1558
f 1614/2084/1558 1383/2083/1369 1382/2085/1368 1617/2086/1561
f 1617/2086/1561 1382/2085/1368 1381/2087/1367 1620/2088/1564
f 1620/2088/1564 1381/2087/1367 1380/2089/1366 1623/2090/1567
f 1623/2090/1567 1380/2089/1366 1379/1664/1365 1626/1663/1570
f 1437/1969/1402 1518/2091/1473 1520/2092/1479 1438/1829/1409
f 1518/2091/1473 1517/1958/1477 1519/1832/1478 1520/2092/1479
f 1436/1967/1402 1516/2093/1473 1518/2091/1473 1437/1969/1402
f 1516/2093/1473 1515/1956/1476 1517/1958/1477 1518/2091/1473
f 1435/1965/1402 1514/2094/1473 1516/2093/1473 1436/1967/1402
f 1514/2094/1473 1513/1954/1475 1515/1956/1476 1516/2093/1473
f 1434/1963/1402 1512/2095/1473 1514/2094/1473 1435/1965/1402
f 1512/2095/1473 1511/1952/1474 1513/1954/1475 1514/2094/1473
f 1433/1961/1402 1510/2096/1473 1512/2095/1473 1434/1963/1402
f 1510/2096/1473 1509/1950/1472 1511/1952/1474 1512/2095/1473
f 1314/1960/1310 1490/2097/1453 1510/2096/1473 1433/1961/1402
f 1490/2097/1453 1489/1947/1453 1509/1950/1472 1510/2096/1473
f 1449/1945/1420 1506/2098/1469 1508/2099/1471 1450/1862/1421
f 1506/2098/1469 1505/1936/1468 1507/1863/1470 1508/2099/1471
f 1448/1943/1419 1504/2100/1467 1506/2098/1469 1449/1945/1420
f 1504/2100/1467 1503/1934/1466 1505/1936/1468 1506/2098/1469
f 1447/1941/1418 1502/2101/1465 1504/2100/1467 1448/1943/1419
f 1502/2101/1465 1501/1932/1464 1503/1934/1466 1504/2100/1467
f 1446/1939/1417 1500/2102/1463 1502/2101/1465 1447/1941/1418
f 1500/2102/1463 1499/1930/1462 1501/1932/1464 1502/2101/1465
f 1445/1937/1416 1498/2103/1461 1500/2102/1463 1446/1939/1417
f 1498/2103/1461 1497/1928/1460 1499/1930/1462 1500/2102/1463
f 1308/1812/1304 1484/1844/1448 1498/2103/1461 1445/1937/1416
f 1484/1844/1448 1483/1926/1447 1497/1928/1460 1498/2103/1461
f 1575/1865/1525 1312/1851/1308 1488/2104/1452 1629/2105/1573
f 1629/2105/1573 1488/2104/1452 1487/1854/1451 1632/1866/1576
f 1450/1862/1421 1508/2099/1471 1495/2106/1458 1319/1850/1315
f 1508/2099/1471 1507/1863/1470 1496/1853/1459 1495/2106/1458
f 1313/1856/1309 1489/2107/1453 1482/2108/1446 1306/1857/1302
f 1489/2107/1453 1490/1859/1453 1481/1860/1445 1482/2108/1446
f 1319/1850/1315 1495/2106/1458 1488/2104/1452 1312/1851/1308
f 1495/2106/1458 1496/1853/1459 1487/1854/1451 1488/2104/1452
f 1569/1847/1519 1316/1842/1312 1492/2109/1455 1635/2110/1579
f 1635/2110/1579 1492/2109/1455 1491/1845/1454 1638/1848/1582
f 1307/1841/1303 1483/1926/1447 1492/2109/1455 1316/1842/1312
f 1483/1926/1447 1484/1844/1448 1491/1845/1454 1492/2109/1455
f 1309/1835/1305 1485/2111/1449 1494/2112/1457 1318/1836/1314
f 1485/2111/1449 1486/1838/1450 1493/1839/1456 1494/2112/1457
f 1438/1829/1409 1520/2092/1479 1485/2113/1449 1309/1830/1305
f 1520/2092/1479 1519/1832/1478 1486/1833/1450 1485/2113/1449
f 1481/1860/1445 1637/2114/1581 1640/2115/1584 1482/2108/1446
f 1637/2114/1581 1636/2116/1580 1639/2117/1583 1640/2115/1584
f 1636/2116/1580 1635/2110/1579 1638/1848/1582 1639/2117/1583
f 1305/1801/1301 1571/2118/1521 1637/2114/1581 1481/1860/1445
f 1571/2118/1521 1570/2119/1520 1636/2116/1580 1637/2114/1581
f 1570/2119/1520 1569/1847/1519 1635/2110/1579 1636/2116/1580
f 1493/1839/1456 1631/2120/1575 1634/2121/1578 1494/2112/1457
f 1631/2120/1575 1630/2122/1574 1633/2123/1577 1634/2121/1578
f 1630/2122/1574 1629/2105/1573 1632/1866/1576 1633/2123/1577
f 1317/1821/1313 1577/2124/1527 1631/2120/1575 1493/1839/1456
f 1577/2124/1527 1576/2125/1526 1630/2122/1574 1631/2120/1575
f 1576/2125/1526 1575/1865/1525 1629/2105/1573 1630/2122/1574
f 1371/2126/1357 1625/2127/1569 1628/2128/1572 1372/2129/1358
f 1625/2127/1569 1624/2130/1568 1627/2131/1571 1628/2128/1572
f 1624/2130/1568 1623/2090/1567 1626/1663/1570 1627/2131/1571
f 1370/2132/1356 1622/2133/1566 1625/2127/1569 1371/2126/1357
f 1622/2133/1566 1621/2134/1565 1624/2130/1568 1625/2127/1569
f 1621/2134/1565 1620/2088/1564 1623/2090/1567 1624/2130/1568
f 1369/2135/1355 1619/2136/1563 1622/2133/1566 1370/2132/1356
f 1619/2136/1563 1618/2137/1562 1621/2134/1565 1622/2133/1566
f 1618/2137/1562 1617/2086/1561 1620/2088/1564 1621/2134/1565
f 1368/2138/1354 1616/2139/1560 1619/2136/1563 1369/2135/1355
f 1616/2139/1560 1615/2140/1559 1618/2137/1562 1619/2136/1563
f 1615/2140/1559 1614/2084/1558 1617/2086/1561 1618/2137/1562
f 1367/2141/1353 1613/2142/1557 1616/2139/1560 1368/2138/1354
f 1613/2142/1557 1612/2143/1556 1615/2140/1559 1616/2139/1560
f 1612/2143/1556 1611/2082/1555 1614/2084/1558 1615/2140/1559
f 1269/2144/1265 1535/2145/1490 1613/2142/1557 1367/2141/1353
f 1535/2145/1490 1534/2146/1489 1612/2143/1556 1613/2142/1557
f 1534/2146/1489 1533/2079/1488 1611/2082/1555 1612/2143/1556
f 1347/2147/1334 1607/2148/1551 1610/2149/1554 1348/2150/1334
f 1607/2148/1551 1606/2151/1550 1609/2152/1553 1610/2149/1554
f 1606/2151/1550 1605/2078/1549 1608/1671/1552 1609/2152/1553
f 1346/2153/1334 1604/2154/1548 1607/2148/1551 1347/2147/1334
f 1604/2154/1548 1603/2155/1547 1606/2151/1550 1607/2148/1551
f 1603/2155/1547 1602/2076/1546 1605/2078/1549 1606/2151/1550
f 1345/2156/1334 1601/2157/1545 1604/2154/1548 1346/2153/1334
f 1601/2157/1545 1600/2158/1544 1603/2155/1547 1604/2154/1548
f 1600/2158/1544 1599/2074/1543 1602/2076/1546 1603/2155/1547
f 1344/2159/1334 1598/2160/1542 1601/2157/1545 1345/2156/1334
f 1598/2160/1542 1597/2161/1541 1600/2158/1544 1601/2157/1545
f 1597/2161/1541 1596/2072/1540 1599/2074/1543 1600/2158/1544
f 1343/2162/1334 1595/2163/1539 1598/2160/1542 1344/2159/1334
f 1595/2163/1539 1594/2164/1538 1597/2161/1541 1598/2160/1542
f 1594/2164/1538 1593/2070/1537 1596/2072/1540 1597/2161/1541
f 1251/2165/1247 1526/2166/1483 1595/2163/1539 1343/2162/1334
f 1526/2166/1483 1525/2167/1483 1594/2164/1538 1595/2163/1539
f 1525/2167/1483 1524/2067/1482 1593/2070/1537 1594/2164/1538
f 1283/1760/1279 1556/2168/1508 1592/2169/1508 1331/1761/1327
f 1556/2168/1508 1555/2170/1507 1591/2171/1536 1592/2169/1508
f 1555/2170/1507 1554/1881/1506 1590/1659/1535 1591/2171/1536
f 1257/1685/1253 1529/1707/1485 1589/2172/1505 1333/1710/1329
f 1529/1707/1485 1528/2173/1485 1588/2174/1505 1589/2172/1505
f 1528/2173/1485 1527/1875/1484 1587/1752/1534 1588/2174/1505
f 1274/1744/1270 1547/2175/1501 1586/2176/1501 1321/1745/1317
f 1547/2175/1501 1546/2177/1501 1585/2178/1533 1586/2176/1501
f 1546/2177/1501 1545/1874/1500 1584/1675/1532 1585/2178/1533
f 1263/1691/1259 1541/1720/1496 1583/2179/1502 1327/1723/1323
f 1541/1720/1496 1540/2180/1495 1582/2181/1502 1583/2179/1502
f 1540/2180/1495 1539/1867/1494 1581/1750/1531 1582/2181/1502
f 1494/2112/1457 1634/2121/1578 1580/2182/1530 1318/1836/1314
f 1634/2121/1578 1633/2123/1577 1579/2183/1529 1580/2182/1530
f 1633/2123/1577 1632/1866/1576 1578/1782/1528 1579/2183/1529
f 1301/1820/1297 1559/2184/1511 1577/2124/1527 1317/1821/1313
f 1559/2184/1511 1558/2185/1510 1576/2125/1526 1577/2124/1527
f 1558/2185/1510 1557/1864/1509 1575/1865/1525 1576/2125/1526
f 1482/2108/1446 1640/2115/1584 1574/2186/1524 1306/1857/1302
f 1640/2115/1584 1639/2117/1583 1573/2187/1523 1574/2186/1524
f 1639/2117/1583 1638/1848/1582 1572/1806/1522 1573/2187/1523
f 1289/1800/1285 1565/2188/1515 1571/2118/1521 1305/1801/1301
f 1565/2188/1515 1564/2189/1515 1570/2119/1520 1571/2118/1521
f 1564/2189/1515 1563/1846/1515 1569/1847/1519 1570/2119/1520
f 1306/1857/1302 1574/2186/1524 1568/2190/1518 1290/1858/1286
f 1574/2186/1524 1573/2187/1523 1567/2191/1517 1568/2190/1518
f 1573/2187/1523 1572/1806/1522 1566/1809/1516 1567/2191/1517
f 1285/1772/1281 1553/2192/1505 1565/2193/1515 1289/1773/1285
f 1553/2192/1505 1552/2194/1505 1564/2195/1515 1565/2193/1515
f 1552/2194/1505 1551/1802/1505 1563/1805/1515 1564/2195/1515
f 1318/1836/1314 1580/2182/1530 1562/2196/1514 1302/1837/1298
f 1580/2182/1530 1579/2183/1529 1561/2197/1513 1562/2196/1514
f 1579/2183/1529 1578/1782/1528 1560/1785/1512 1561/2197/1513
f 1278/1736/1274 1550/2198/1504 1559/2199/1511 1301/1737/1297
f 1550/2198/1504 1549/2200/1503 1558/2201/1510 1559/2199/1511
f 1549/2200/1503 1548/1778/1502 1557/1781/1509 1558/2201/1510
f 1302/1816/1298 1562/2202/1514 1556/2203/1508 1283/1817/1279
f 1562/2202/1514 1561/2204/1513 1555/2205/1507 1556/2203/1508
f 1561/2204/1513 1560/1776/1512 1554/1777/1506 1555/2205/1507
f 1333/1710/1329 1589/2172/1505 1553/2206/1505 1285/1879/1281
f 1589/2172/1505 1588/2174/1505 1552/2207/1505 1553/2206/1505
f 1588/2174/1505 1587/1752/1534 1551/1755/1505 1552/2207/1505
f 1327/1723/1323 1583/2179/1502 1550/2208/1504 1278/1871/1274
f 1583/2179/1502 1582/2181/1502 1549/2209/1503 1550/2208/1504
f 1582/2181/1502 1581/1750/1531 1548/1751/1502 1549/2209/1503
f 1290/1796/1286 1568/2210/1518 1547/2211/1501 1274/1797/1270
f 1568/2210/1518 1567/2212/1517 1546/2213/1501 1547/2211/1501
f 1567/2212/1517 1566/1746/1516 1545/1747/1500 1546/2213/1501
f 1265/1693/1261 1539/1867/1494 1544/2214/1499 1266/1694/1262
f 1539/1867/1494 1540/2180/1495 1543/2215/1498 1544/2214/1499
f 1540/2180/1495 1541/1720/1496 1542/1721/1497 1543/2215/1498
f 1271/1699/1267 1533/2216/1488 1538/1678/1493 1272/1677/1268
f 1533/2216/1488 1534/2217/1489 1537/2218/1492 1538/1678/1493
f 1534/2217/1489 1535/1712/1490 1536/1713/1491 1537/2218/1492
f 1259/1687/1255 1527/1875/1484 1532/2219/1487 1260/1688/1256
f 1527/1875/1484 1528/2173/1485 1531/2220/1486 1532/2219/1487
f 1528/2173/1485 1529/1707/1485 1530/1708/1486 1531/2220/1486
f 1250/1680/1246 1521/2221/1480 1526/2222/1483 1251/1681/1247
f 1521/2221/1480 1522/2223/1480 1525/2224/1483 1526/2222/1483
f 1522/2223/1480 1523/1662/1481 1524/1704/1482 1525/2224/1483
f 1321/1745/1317 1586/2176/1501 1536/1713/1491 1268/1696/1264
f 1586/2176/1501 1585/2178/1533 1537/2218/1492 1536/1713/1491
f 1585/2178/1533 1584/1675/1532 1538/1678/1493 1537/2218/1492
f 1348/2150/1334 1610/2149/1554 1530/2225/1486 1256/2226/1252
f 1610/2149/1554 1609/2152/1553 1531/2227/1486 1530/2225/1486
f 1609/2152/1553 1608/1671/1552 1532/1674/1487 1531/2227/1486
f 1372/2129/1358 1628/2128/1572 1542/2228/1497 1262/2229/1258
f 1628/2128/1572 1627/2131/1571 1543/2230/1498 1542/2228/1497
f 1627/2131/1571 1626/1663/1570 1544/1666/1499 1543/2230/1498
f 1331/1761/1327 1592/2169/1508 1521/2221/1480 1250/1680/1246
f 1592/2169/1508 1591/2171/1536 1522/2223/1480 1521/2221/1480
f 1591/2171/1536 1590/1659/1535 1523/1662/1481 1522/2223/1480
