# Blender v3.0.1 OBJ File: ''
# www.blender.org
mtllib home.mtl
o 20960_Front_Gable_House_v1_NEW
v 0.847645 0.092149 -1.592645
v 0.720030 0.092149 -1.592645
v 0.720030 0.092070 -1.718996
v 0.847645 0.092070 -1.718996
v 0.720030 1.585420 -1.719933
v 0.720030 1.585499 -1.593582
v 0.847645 1.585499 -1.593582
v 0.847645 1.585420 -1.719933
v -0.843059 0.092149 -1.592645
v -0.970674 0.092149 -1.592645
v -0.970674 0.092070 -1.718996
v -0.843059 0.092070 -1.718996
v -0.970674 1.585420 -1.719933
v -0.970674 1.585499 -1.593582
v -0.843059 1.585499 -1.593582
v -0.843059 1.585420 -1.719933
v 0.847645 0.093132 -0.025593
v 0.720030 0.093132 -0.025593
v 0.720030 0.093052 -0.151944
v 0.847645 0.093052 -0.151944
v 0.720030 1.586402 -0.152880
v 0.720030 1.586482 -0.026529
v 0.847645 1.586482 -0.026529
v 0.847645 1.586402 -0.152880
v 0.836644 0.892255 -0.665978
v 0.836644 0.925459 -0.665999
v 0.803785 0.925459 -0.665999
v 0.803785 0.892255 -0.665978
v 0.803785 0.925199 -1.079261
v 0.836644 0.925199 -1.079261
v 0.836644 0.891996 -1.079240
v 0.803785 0.891996 -1.079240
v 0.836644 1.069761 -0.666090
v 0.836644 1.102965 -0.666110
v 0.803785 1.102965 -0.666110
v 0.803785 1.069761 -0.666090
v 0.803785 1.102706 -1.079372
v 0.836644 1.102706 -1.079372
v 0.836644 1.069502 -1.079352
v 0.803785 1.069502 -1.079352
v 0.837247 0.589009 -0.699623
v 0.837247 0.589029 -0.666420
v 0.804360 0.589029 -0.666420
v 0.804360 0.589009 -0.699623
v 0.804360 1.103424 -0.666743
v 0.837247 1.103424 -0.666743
v 0.837247 1.103403 -0.699946
v 0.804360 1.103403 -0.699946
v 0.837247 0.588771 -1.078303
v 0.837247 0.588792 -1.045100
v 0.804360 0.588792 -1.045100
v 0.804360 0.588771 -1.078303
v 0.804360 1.103186 -1.045422
v 0.837247 1.103186 -1.045422
v 0.837247 1.103166 -1.078626
v 0.804360 1.103166 -1.078626
v 0.836644 0.591356 -0.665790
v 0.836644 0.624560 -0.665810
v 0.803785 0.624560 -0.665810
v 0.803785 0.591356 -0.665790
v 0.803785 0.624300 -1.079072
v 0.836644 0.624300 -1.079072
v 0.836644 0.591097 -1.079052
v 0.803785 0.591097 -1.079052
v 0.806227 0.591605 -1.276750
v 0.806227 0.591732 -1.073911
v 0.806227 1.099808 -1.074229
v 0.806227 1.099681 -1.277069
v 0.844859 1.099808 -1.074229
v 0.844859 0.591732 -1.073911
v 0.844859 0.591605 -1.276750
v 0.844859 1.099681 -1.277069
v 0.806227 0.591988 -0.666048
v 0.806227 0.592115 -0.463209
v 0.806227 1.100191 -0.463527
v 0.806227 1.100064 -0.666367
v 0.844859 1.100191 -0.463527
v 0.844859 0.592115 -0.463209
v 0.844859 0.591988 -0.666048
v 0.844859 1.100064 -0.666367
v -0.522887 0.892650 -0.036463
v -0.522887 0.925853 -0.036484
v -0.522887 0.925833 -0.069343
v -0.522887 0.892629 -0.069322
v -0.109625 0.925833 -0.069343
v -0.109625 0.925853 -0.036484
v -0.109625 0.892650 -0.036463
v -0.109625 0.892629 -0.069322
v -0.522887 1.070156 -0.036574
v -0.522887 1.103359 -0.036595
v -0.522887 1.103339 -0.069454
v -0.522887 1.070135 -0.069433
v -0.109625 1.103339 -0.069454
v -0.109625 1.103359 -0.036595
v -0.109625 1.070156 -0.036574
v -0.109625 1.070135 -0.069433
v -0.489052 0.589425 -0.035699
v -0.522226 0.589425 -0.035699
v -0.522226 0.589404 -0.068557
v -0.489052 0.589404 -0.068557
v -0.522226 1.103799 -0.068880
v -0.522226 1.103819 -0.036021
v -0.489052 1.103819 -0.036021
v -0.489052 1.103799 -0.068880
v -0.110372 0.589425 -0.035699
v -0.143575 0.589425 -0.035699
v -0.143575 0.589404 -0.068557
v -0.110372 0.589404 -0.068557
v -0.143575 1.103799 -0.068880
v -0.143575 1.103819 -0.036021
v -0.110372 1.103819 -0.036021
v -0.110372 1.103799 -0.068880
v -0.522887 0.591751 -0.036274
v -0.522887 0.624954 -0.036295
v -0.522887 0.624934 -0.069154
v -0.522887 0.591730 -0.069133
v -0.109625 0.624934 -0.069154
v -0.109625 0.624954 -0.036295
v -0.109625 0.591751 -0.036274
v -0.109625 0.591730 -0.069133
v 0.088073 0.592364 -0.066692
v -0.114766 0.592364 -0.066692
v -0.114766 1.100439 -0.067011
v 0.088073 1.100439 -0.067011
v -0.114766 1.100464 -0.028379
v -0.114766 0.592388 -0.028060
v 0.088073 0.592388 -0.028060
v 0.088073 1.100464 -0.028379
v -0.522600 0.592364 -0.066692
v -0.725468 0.592364 -0.066692
v -0.725468 1.100439 -0.067011
v -0.522600 1.100439 -0.067011
v -0.725468 1.100464 -0.028379
v -0.725468 0.592388 -0.028060
v -0.522600 0.592388 -0.028060
v -0.522600 1.100464 -0.028379
v -0.061945 0.199243 -0.238696
v -0.814882 0.199243 -0.238696
v -0.814882 0.199272 -0.193802
v -0.061945 0.199272 -0.193802
v -0.814882 1.433227 -0.194576
v -0.061945 1.433227 -0.194576
v -0.061945 0.392231 -0.193923
v -0.814882 0.392231 -0.193923
v -0.814882 1.432360 -1.576108
v -0.814882 1.432389 -1.531215
v -0.814882 0.391392 -1.530562
v -0.814882 0.391364 -1.575456
v -0.061945 1.432360 -1.576108
v -0.061945 0.391364 -1.575456
v -0.061945 0.198433 -1.530441
v -0.814882 0.198433 -1.530441
v -0.814882 0.198847 -0.871485
v -0.061945 0.198847 -0.871485
v -0.814882 1.433199 -0.239469
v -0.814882 0.392202 -0.238817
v -0.061945 0.198405 -1.575335
v -0.814882 0.198405 -1.575335
v -0.814882 1.499174 -0.194617
v -0.061945 1.499174 -0.194617
v -0.814882 1.498308 -1.576150
v -0.814882 1.498336 -1.531256
v -0.061945 1.498308 -1.576150
v -0.814882 1.498749 -0.872300
v -0.814882 1.499146 -0.239511
v -0.814882 1.432802 -0.872259
v -0.814882 0.391806 -0.871606
v 0.738527 0.199272 -0.193802
v 0.738527 0.199243 -0.238696
v 0.738527 0.391392 -1.530562
v 0.738527 1.432389 -1.531215
v 0.738527 1.432360 -1.576108
v 0.738527 0.391364 -1.575456
v 0.738527 0.198847 -0.871485
v 0.738527 0.198433 -1.530441
v 0.738527 0.392202 -0.238817
v 0.738527 1.433199 -0.239469
v 0.738527 1.432802 -0.872259
v 0.738527 0.391806 -0.871606
v 0.738527 0.392231 -0.193923
v 0.738527 1.433227 -0.194576
v 0.738527 0.198405 -1.575335
v 0.738527 1.499174 -0.194617
v 0.738527 1.498336 -1.531256
v 0.738527 1.498308 -1.576150
v 0.738527 1.499146 -0.239511
v 0.738527 1.498749 -0.872300
v 0.220427 1.097978 -0.190402
v 0.220427 0.409782 -0.189970
v 0.597470 1.097978 -0.190402
v 0.597470 0.409782 -0.189970
v -0.815801 1.086763 -0.670236
v -0.815801 0.607869 -0.669936
v -0.815801 1.086508 -1.075916
v -0.815801 0.607615 -1.075615
v -0.815801 1.086636 -0.872042
v -0.815801 0.607743 -0.871742
v -0.098280 2.078999 -0.194981
v -0.042730 2.078999 -0.194981
v -0.098280 2.078161 -1.531620
v -0.098280 2.078133 -1.576513
v -0.042730 2.078133 -1.576513
v -0.098280 2.078971 -0.239874
v -0.098280 2.078574 -0.872664
v 0.014572 2.078999 -0.194981
v 0.014572 2.078133 -1.576513
v 0.014572 2.078161 -1.531620
v 0.014572 2.078574 -0.872664
v 0.014572 2.078971 -0.239874
v -0.041840 2.078971 -0.239874
v -0.041840 2.078574 -0.872664
v -0.041840 2.078161 -1.531620
v -0.943789 0.100327 -0.048834
v -0.943789 0.100296 -0.098208
v -0.063525 0.100296 -0.098208
v -0.063525 0.100327 -0.048834
v -0.063525 0.387697 -0.049014
v -0.063525 1.496105 -0.049709
v -0.943789 1.496105 -0.049709
v -0.943789 0.387697 -0.049014
v -0.943789 0.386696 -1.644818
v -0.943789 1.495105 -1.645513
v -0.943789 1.495074 -1.694859
v -0.943789 0.386665 -1.694164
v -0.063525 1.495074 -1.694859
v -0.063525 0.386665 -1.694164
v -0.943789 0.099811 -0.871423
v -0.943789 0.099326 -1.644638
v -0.063525 0.099326 -1.644638
v -0.063525 0.099811 -0.871423
v -0.109970 2.250334 -0.050182
v -0.897345 1.606601 -0.049779
v -0.063525 1.606601 -0.049779
v -0.063525 2.250334 -0.050182
v -0.063525 1.605570 -1.694928
v -0.897345 1.605570 -1.694928
v -0.109970 2.249303 -1.695332
v -0.063525 2.249303 -1.695332
v -0.944909 1.566708 -1.694904
v -0.944909 1.566739 -1.645558
v -1.058853 1.566366 -1.645558
v -1.059312 1.566766 -1.694904
v -0.944909 1.567224 -0.872343
v -0.944909 1.567709 -0.099129
v -1.058853 1.567335 -0.099128
v -1.058853 1.566851 -0.872343
v -0.897345 1.606624 -0.013301
v -0.109970 2.250357 -0.013705
v -0.124762 2.441421 -0.013824
v -1.123421 1.630809 -0.013316
v -0.124762 2.440343 -1.731958
v -0.109970 2.249280 -1.731838
v -0.897345 1.605547 -1.731434
v -1.123421 1.629732 -1.731450
v -0.943789 1.567599 -1.694904
v -0.943789 1.567630 -1.645559
v -0.943789 1.568114 -0.872344
v -0.943789 1.568599 -0.099129
v -0.943789 1.568630 -0.049755
v -1.059312 1.567797 -0.049754
v -0.944909 1.567740 -0.049754
v -0.943789 1.496074 -0.099084
v -0.943789 0.387666 -0.098389
v -0.943789 0.099295 -1.693983
v -0.063525 0.099295 -1.693983
v -0.063525 1.568630 -0.049755
v -0.063525 1.567599 -1.694904
v -0.943789 1.495590 -0.872298
v -0.943789 0.387181 -0.871603
v -0.063525 2.288306 -0.050206
v -0.063525 1.568653 -0.013277
v -0.063525 1.606624 -0.013301
v -0.943789 1.568653 -0.013277
v -0.063525 2.287274 -1.695355
v -0.063525 1.605547 -1.731434
v -0.063525 1.567576 -1.731411
v -0.943789 1.567576 -1.731411
v -0.124762 2.440426 -1.646106
v -0.063525 2.489082 -1.646136
v -0.063525 2.489022 -1.695482
v -0.124762 2.440366 -1.695451
v -0.124762 2.441396 -0.099676
v -0.063525 2.490052 -0.099707
v -0.063525 2.489768 -0.872922
v -0.124762 2.441083 -0.872891
v -0.063525 2.288329 -0.013728
v -0.063525 2.490077 -0.013855
v -1.059772 1.567202 -1.731411
v -1.106532 1.613130 -1.731439
v -0.063525 2.287251 -1.731862
v -0.063525 2.488999 -1.731988
v -0.124762 2.441398 -0.050302
v -0.063525 2.490054 -0.050333
v -1.123421 1.630786 -0.049794
v 0.816739 0.100296 -0.098208
v 0.816739 0.100327 -0.048834
v 0.816739 1.495074 -1.694859
v 0.816739 1.495105 -1.645513
v 0.816739 0.386696 -1.644818
v 0.816739 0.386665 -1.694164
v 0.816739 0.099326 -1.644638
v 0.816739 0.099811 -0.871423
v 0.816739 1.495590 -0.872298
v 0.816739 1.496074 -0.099084
v 0.816739 0.387666 -0.098389
v 0.816739 0.387181 -0.871603
v -0.017109 2.250334 -0.050182
v 0.770295 1.606601 -0.049779
v -0.017109 2.249303 -1.695332
v 0.770295 1.605570 -1.694928
v 0.817859 1.566708 -1.694904
v 0.921204 1.566823 -1.694904
v 0.920773 1.566394 -1.645558
v 0.817859 1.566739 -1.645558
v 0.817859 1.567224 -0.872343
v 0.920773 1.566879 -0.872343
v 0.920773 1.567364 -0.099128
v 0.817859 1.567709 -0.099129
v -0.002288 2.441421 -0.013824
v -0.017109 2.250357 -0.013705
v 0.770295 1.606624 -0.013301
v 0.989621 1.636295 -0.013319
v 0.989621 1.635217 -1.731453
v 0.969285 1.614853 -1.731440
v 0.770295 1.605547 -1.731434
v 0.816739 1.567630 -1.645559
v 0.816739 1.567599 -1.694904
v 0.816739 1.568599 -0.099129
v 0.816739 1.568114 -0.872344
v 0.816739 1.568630 -0.049755
v 0.817859 1.567740 -0.049754
v 0.921204 1.567855 -0.049754
v 0.816739 1.496105 -0.049709
v 0.816739 0.387697 -0.049014
v 0.816739 0.099295 -1.693983
v 0.816739 1.568653 -0.013277
v 0.816739 1.567576 -1.731411
v -0.002288 2.440426 -1.646106
v -0.002288 2.440366 -1.695451
v -0.002288 2.441396 -0.099676
v -0.002288 2.441083 -0.872891
v 0.921663 1.567231 -1.731411
v -0.002288 2.440343 -1.731958
v -0.017109 2.249280 -1.731838
v -0.002288 2.441398 -0.050302
v 0.989621 1.636272 -0.049797
v 0.220973 1.097032 -0.049459
v 0.220973 0.408521 -0.049027
v 0.598418 1.097032 -0.049459
v 0.598418 0.408521 -0.049027
v 0.220973 1.097024 -0.062729
v 0.220973 0.408513 -0.062297
v 0.598418 0.408513 -0.062297
v 0.598418 1.097024 -0.062729
v 0.220973 1.096955 -0.173283
v 0.220973 0.408443 -0.172851
v 0.598418 0.408443 -0.172851
v 0.598418 1.096955 -0.173283
v -0.943789 1.087079 -0.669260
v -0.943789 0.608444 -0.668960
v -0.943789 1.086825 -1.074795
v -0.943789 0.608190 -1.074495
v -0.943789 1.086952 -0.872042
v -0.943789 0.608317 -0.871742
v -0.929169 0.608444 -0.668960
v -0.929169 1.087079 -0.669260
v -0.929169 1.086825 -1.074795
v -0.929169 0.608190 -1.074495
v -0.929169 1.086952 -0.872042
v -0.929169 0.608317 -0.871742
v -0.826457 0.608444 -0.668960
v -0.826457 1.087079 -0.669260
v -0.826457 1.086825 -1.074795
v -0.826457 0.608190 -1.074495
v -0.826457 1.086952 -0.872042
v -0.826457 0.608317 -0.871742
v -0.949735 1.069502 -1.079466
v -0.949735 1.102705 -1.079487
v -0.916876 1.102705 -1.079487
v -0.916876 1.069502 -1.079466
v -0.916876 1.102965 -0.666225
v -0.949735 1.102965 -0.666225
v -0.949735 1.069761 -0.666204
v -0.916876 1.069761 -0.666204
v -0.950310 0.588792 -1.045330
v -0.950310 0.588771 -1.078533
v -0.917451 0.588771 -1.078533
v -0.917451 0.588792 -1.045330
v -0.917451 1.103166 -1.078856
v -0.950310 1.103166 -1.078856
v -0.950310 1.103186 -1.045652
v -0.917451 1.103186 -1.045652
v -0.950310 0.589029 -0.666650
v -0.950310 0.589008 -0.699853
v -0.917451 0.589008 -0.699853
v -0.917451 0.589029 -0.666650
v -0.917451 1.103403 -0.700176
v -0.950310 1.103403 -0.700176
v -0.950310 1.103424 -0.666972
v -0.917451 1.103424 -0.666972
v -0.949735 0.591097 -1.079166
v -0.949735 0.624300 -1.079187
v -0.916876 0.624300 -1.079187
v -0.916876 0.591097 -1.079166
v -0.916876 0.624560 -0.665925
v -0.949735 0.624560 -0.665925
v -0.949735 0.591356 -0.665904
v -0.916876 0.591356 -0.665904
v -0.919289 0.592112 -0.468207
v -0.919318 0.591985 -0.671046
v -0.919318 1.100060 -0.671365
v -0.919289 1.100188 -0.468525
v -0.957950 1.100060 -0.671365
v -0.957950 0.591985 -0.671046
v -0.957950 0.592112 -0.468207
v -0.957950 1.100188 -0.468525
v -0.919289 0.591729 -1.078908
v -0.919289 0.591602 -1.281748
v -0.919289 1.099677 -1.282067
v -0.919289 1.099805 -1.079227
v -0.957950 1.099677 -1.282067
v -0.957950 0.591602 -1.281748
v -0.957950 0.591729 -1.078908
v -0.957950 1.099805 -1.079227
v -0.843059 0.093132 -0.025593
v -0.970674 0.093132 -0.025593
v -0.970674 0.093052 -0.151944
v -0.843059 0.093052 -0.151944
v -0.970674 1.586402 -0.152880
v -0.970674 1.586482 -0.026529
v -0.843059 1.586482 -0.026529
v -0.843059 1.586402 -0.152880
v 0.193026 1.070151 -0.044330
v 0.193026 1.103355 -0.044350
v 0.193026 1.103334 -0.077238
v 0.193026 1.070131 -0.077217
v 0.606288 1.103334 -0.077238
v 0.606288 1.103355 -0.044350
v 0.606288 1.070151 -0.044330
v 0.606288 1.070131 -0.077217
v 0.226861 0.356623 -0.043308
v 0.193687 0.356623 -0.043308
v 0.193687 0.356602 -0.076195
v 0.226861 0.356602 -0.076195
v 0.193687 1.103794 -0.076664
v 0.193687 1.103815 -0.043776
v 0.226861 1.103815 -0.043776
v 0.226861 1.103794 -0.076664
v 0.605541 0.356623 -0.043308
v 0.572367 0.356623 -0.043308
v 0.572367 0.356602 -0.076195
v 0.605541 0.356602 -0.076195
v 0.572367 1.103794 -0.076664
v 0.572367 1.103815 -0.043776
v 0.605541 1.103815 -0.043776
v 0.605541 1.103794 -0.076664
v 0.300219 0.239640 0.239914
v 0.215028 0.239645 0.247324
v 0.215028 0.174787 0.243172
v 0.300219 0.174753 0.235876
v 0.300219 0.284017 0.239886
v 0.215028 0.284022 0.247297
v 0.147903 0.239645 0.247324
v 0.140923 0.288615 0.244594
v 0.147903 0.174787 0.243172
v 0.460894 0.239603 0.180716
v 0.382797 0.239626 0.217740
v 0.382797 0.174739 0.213989
v 0.460808 0.174717 0.177540
v 0.460894 0.283980 0.180689
v 0.382797 0.284003 0.217712
v 0.593133 0.239361 0.069186
v 0.532614 0.239542 0.128757
v 0.532327 0.174685 0.126615
v 0.592530 0.174562 0.068049
v 0.593133 0.283651 0.069159
v 0.532614 0.283918 0.128729
v 0.665916 0.282464 -0.037775
v 0.637510 0.283068 0.009215
v 0.637510 0.238921 0.009242
v 0.665916 0.238461 -0.037748
v 0.636562 0.174266 0.008766
v 0.664653 0.174007 -0.037879
v 0.043553 0.282497 0.243104
v 0.043553 0.239645 0.247324
v 0.096001 0.239645 0.247324
v 0.096001 0.282497 0.243104
v -0.008866 0.282497 0.243104
v -0.008866 0.239645 0.247324
v 0.043553 0.174815 0.243172
v -0.008866 0.174815 0.243172
v 0.096001 0.174787 0.243172
v 0.300219 0.359328 0.239839
v 0.215028 0.359332 0.247249
v 0.215028 0.316478 0.247276
v 0.300219 0.316474 0.239866
v 0.300219 0.387964 0.239821
v 0.215028 0.387969 0.247231
v 0.150172 0.359301 0.243056
v 0.150172 0.387966 0.243038
v 0.150172 0.316476 0.243083
v 0.460894 0.359262 0.180641
v 0.382797 0.359314 0.217665
v 0.382797 0.316460 0.217692
v 0.460894 0.316436 0.180668
v 0.460894 0.387927 0.180623
v 0.382797 0.387950 0.217647
v 0.593133 0.359077 0.069111
v 0.532614 0.359229 0.128682
v 0.532614 0.316375 0.128709
v 0.593133 0.316137 0.069138
v 0.593133 0.387800 0.069093
v 0.532614 0.387895 0.128664
v 0.637510 0.387647 0.009149
v 0.637510 0.358724 0.009167
v 0.665916 0.358349 -0.037823
v 0.665916 0.387503 -0.037841
v 0.637510 0.315582 0.009194
v 0.665916 0.315036 -0.037796
v 0.128544 0.387698 0.089573
v 0.128544 0.358745 0.089591
v 0.128544 0.359093 0.186846
v 0.128544 0.387874 0.186828
v 0.128544 0.387522 -0.007711
v 0.128544 0.358368 -0.007693
v 0.128544 0.315604 0.089618
v 0.128544 0.315055 -0.007666
v 0.128544 0.316153 0.186873
v 0.300219 0.407631 0.180841
v 0.300219 0.407571 0.085855
v 0.215028 0.407574 0.089560
v 0.215028 0.407635 0.186815
v 0.300219 0.407512 -0.009160
v 0.215028 0.407513 -0.007723
v 0.150172 0.406023 0.089561
v 0.150172 0.405962 -0.007722
v 0.150172 0.406112 0.186816
v 0.460377 0.407601 0.133592
v 0.460319 0.407553 0.056615
v 0.382797 0.407565 0.074711
v 0.382797 0.407620 0.162889
v 0.460319 0.407505 -0.020476
v 0.382797 0.407509 -0.013468
v 0.588451 0.407547 0.047568
v 0.585723 0.407522 0.006466
v 0.530317 0.407538 0.032000
v 0.530604 0.407576 0.093495
v 0.587992 0.407493 -0.039060
v 0.530317 0.407499 -0.029984
v -0.039168 0.282429 0.089639
v -0.041437 0.239661 0.089666
v -0.041437 0.239664 0.186921
v -0.039168 0.282490 0.186894
v -0.039168 0.282368 -0.007645
v -0.041437 0.239657 -0.007618
v -0.039168 0.174891 0.089706
v -0.039168 0.174945 -0.007578
v -0.039168 0.174837 0.186961
v 0.096001 0.295900 0.089630
v 0.043553 0.296216 0.089630
v 0.043553 0.296564 0.186885
v 0.096001 0.296449 0.186885
v 0.096001 0.295351 -0.007653
v 0.043553 0.295839 -0.007653
v -0.008866 0.296503 0.089630
v -0.008866 0.296327 -0.007654
v -0.008866 0.296679 0.186885
v 0.628462 0.407490 -0.044661
v 0.619443 0.407509 -0.014330
v 0.628864 0.407518 0.000721
v 0.656897 0.407489 -0.045264
v 0.300219 0.357296 -0.068096
v 0.215028 0.357670 -0.068067
v 0.215028 0.387225 -0.068086
v 0.300219 0.387082 -0.068115
v 0.300219 0.313322 -0.068068
v 0.215028 0.313925 -0.068040
v 0.150172 0.314531 -0.063847
v 0.150172 0.358046 -0.063874
v 0.150172 0.387372 -0.063892
v 0.460319 0.357181 -0.068297
v 0.382797 0.357181 -0.068182
v 0.382797 0.387024 -0.068201
v 0.460319 0.387024 -0.068316
v 0.460319 0.313121 -0.068269
v 0.382797 0.313121 -0.068154
v 0.589457 0.357268 -0.068326
v 0.530317 0.357181 -0.068440
v 0.530317 0.387024 -0.068459
v 0.589485 0.387082 -0.068344
v 0.589457 0.313293 -0.068298
v 0.530317 0.313121 -0.068413
v 0.664078 0.314357 -0.066690
v 0.634379 0.313811 -0.067523
v 0.634408 0.357613 -0.067550
v 0.664107 0.357929 -0.066718
v 0.634436 0.387197 -0.067569
v 0.664136 0.387399 -0.066736
v 0.043553 0.281442 -0.063826
v 0.043553 0.238787 -0.067993
v -0.008866 0.239332 -0.067993
v -0.008866 0.282017 -0.063826
v 0.096001 0.280868 -0.063826
v 0.096001 0.238241 -0.067992
v 0.043553 0.174192 -0.063759
v 0.096001 0.173704 -0.063758
v -0.008866 0.174680 -0.063759
v 0.215028 0.281066 -0.068019
v 0.215028 0.236948 -0.067992
v 0.147903 0.237695 -0.067992
v 0.140923 0.286439 -0.065351
v 0.300219 0.280320 -0.068048
v 0.300219 0.236202 -0.068020
v 0.215028 0.172440 -0.063758
v 0.300219 0.171722 -0.063872
v 0.147903 0.173187 -0.063758
v 0.382797 0.280090 -0.068134
v 0.382797 0.235972 -0.068106
v 0.460319 0.280090 -0.068248
v 0.460319 0.235972 -0.068221
v 0.382797 0.171492 -0.064245
v 0.460319 0.171491 -0.064849
v 0.530317 0.280090 -0.068392
v 0.530317 0.235972 -0.068364
v 0.589457 0.280319 -0.068277
v 0.589457 0.236201 -0.068250
v 0.589284 0.171749 -0.066084
v 0.530317 0.171491 -0.065653
v 0.634350 0.280952 -0.067502
v 0.634321 0.236949 -0.067475
v 0.664049 0.281642 -0.066670
v 0.663992 0.237696 -0.066642
v 0.662958 0.173358 -0.064706
v 0.633718 0.172525 -0.065538
v 0.585550 0.158898 0.006621
v 0.530317 0.158857 0.032156
v 0.530317 0.157870 -0.029827
v 0.587762 0.158065 -0.038903
v 0.588221 0.159786 0.047723
v 0.530604 0.159843 0.093651
v 0.460319 0.158872 0.056771
v 0.460377 0.159868 0.133748
v 0.460319 0.157876 -0.020320
v 0.382797 0.158884 0.074867
v 0.382797 0.157880 -0.013311
v 0.382797 0.159887 0.163045
v 0.300219 0.159005 0.086011
v 0.300219 0.159955 0.180996
v 0.300219 0.158084 -0.009003
v 0.215028 0.159381 0.089716
v 0.215028 0.158688 -0.007567
v 0.215028 0.160074 0.186971
v 0.147903 0.159754 0.089716
v 0.147903 0.160218 0.186970
v 0.147903 0.159291 -0.007568
v 0.096001 0.160013 0.089715
v 0.043553 0.160243 0.089715
v 0.043553 0.160096 -0.007568
v 0.096001 0.159693 -0.007568
v 0.096001 0.160333 0.186970
v 0.043553 0.160419 0.186970
v -0.008866 0.160501 0.089715
v -0.008866 0.160505 0.186970
v -0.008866 0.160469 -0.007569
v 0.627974 0.159670 0.000848
v 0.633661 0.159961 0.007253
v 0.590720 0.160170 0.064554
v 0.650004 0.159386 -0.040197
v 0.660861 0.159732 -0.038330
v 0.300219 0.401579 0.239812
v 0.215028 0.401583 0.247223
v 0.300219 0.406143 0.235731
v 0.215028 0.406148 0.243027
v 0.166974 0.404968 0.239753
v 0.150172 0.401581 0.243029
v 0.150172 0.302861 0.243091
v 0.215028 0.302892 0.247285
v 0.300219 0.302888 0.239874
v 0.460894 0.401542 0.180615
v 0.382797 0.401565 0.217639
v 0.460808 0.406107 0.177395
v 0.382797 0.406129 0.213844
v 0.382797 0.302874 0.217701
v 0.460894 0.302822 0.180677
v 0.593133 0.401443 0.069085
v 0.532614 0.401509 0.128656
v 0.592559 0.406038 0.067904
v 0.532327 0.406075 0.126470
v 0.532614 0.302761 0.128718
v 0.593133 0.302493 0.069147
v 0.664911 0.405943 -0.037996
v 0.636705 0.405972 0.008621
v 0.637510 0.401377 0.009141
v 0.665916 0.401319 -0.037850
v 0.637510 0.301853 0.009203
v 0.665916 0.301220 -0.037787
v 0.128544 0.401427 0.089564
v 0.128544 0.401517 0.186819
v 0.128544 0.401337 -0.007720
v 0.126274 0.297279 0.089629
v 0.128544 0.301846 0.089627
v 0.128544 0.301239 -0.007657
v 0.126274 0.296615 -0.007654
v 0.126274 0.297914 0.186884
v 0.128544 0.302481 0.186881
v 0.300219 0.299219 -0.068059
v 0.215028 0.299908 -0.068031
v 0.150172 0.300629 -0.063838
v 0.150172 0.401273 -0.063901
v 0.215028 0.401213 -0.068095
v 0.166974 0.404722 -0.060658
v 0.215028 0.405898 -0.063904
v 0.300219 0.401185 -0.068123
v 0.300219 0.405898 -0.064019
v 0.460319 0.298989 -0.068260
v 0.382797 0.298989 -0.068145
v 0.382797 0.401185 -0.068209
v 0.382797 0.405897 -0.064392
v 0.460319 0.401185 -0.068324
v 0.460319 0.405897 -0.064996
v 0.589457 0.299190 -0.068289
v 0.530317 0.298989 -0.068404
v 0.530317 0.401184 -0.068468
v 0.530317 0.405897 -0.065800
v 0.589485 0.401185 -0.068353
v 0.589370 0.405896 -0.066231
v 0.634350 0.299794 -0.067514
v 0.664049 0.300426 -0.066681
v 0.634436 0.401214 -0.067578
v 0.634005 0.405897 -0.065656
v 0.662613 0.405983 -0.065024
v 0.664021 0.401559 -0.066745
v -0.032390 0.282497 0.243104
v -0.032390 0.239645 0.247324
v -0.037416 0.271408 0.239837
v -0.039168 0.239642 0.243131
v -0.037416 0.185929 0.239890
v -0.032390 0.174815 0.243172
v 0.119496 0.174787 0.243172
v 0.119496 0.239645 0.247324
v 0.119496 0.282497 0.243104
v 0.119496 0.295785 0.089630
v 0.119496 0.296421 0.186885
v 0.119496 0.295150 -0.007653
v -0.032390 0.296647 0.089630
v -0.032390 0.296557 -0.007654
v -0.032390 0.296736 0.186885
v 0.119496 0.280610 -0.063826
v 0.119496 0.238011 -0.067992
v 0.119496 0.173503 -0.063758
v -0.032390 0.174881 -0.063759
v -0.032390 0.239562 -0.067993
v -0.037416 0.185999 -0.060520
v -0.039168 0.239651 -0.063800
v -0.037416 0.271248 -0.060574
v -0.032390 0.282275 -0.063827
v 0.119496 0.159898 0.089716
v 0.119496 0.159521 -0.007568
v 0.119496 0.160275 0.186970
v -0.032390 0.160587 0.089715
v -0.032390 0.160562 0.186970
v -0.032390 0.160641 -0.007569
v 0.677090 0.173879 -0.058502
v 0.678468 0.238276 -0.058485
v 0.678554 0.184820 -0.062760
v 0.680536 0.238186 -0.064230
v 0.678468 0.282193 -0.058513
v 0.680536 0.282074 -0.064257
v 0.678468 0.314793 -0.058533
v 0.678468 0.358222 -0.058560
v 0.680565 0.314703 -0.064278
v 0.680565 0.358160 -0.064305
v 0.678468 0.387433 -0.058579
v 0.680536 0.387486 -0.064323
v 0.128544 0.387437 -0.051312
v 0.128544 0.358226 -0.051294
v 0.128544 0.314797 -0.051266
v 0.128544 0.316381 0.230502
v 0.128544 0.359264 0.230475
v 0.128544 0.387958 0.230457
v 0.300219 0.407485 -0.051755
v 0.215028 0.407485 -0.051324
v 0.150172 0.405934 -0.051324
v 0.150172 0.406140 0.230446
v 0.215028 0.407662 0.230445
v 0.300219 0.407658 0.223437
v 0.460319 0.407483 -0.055030
v 0.382797 0.407484 -0.052990
v 0.382797 0.407645 0.202412
v 0.460607 0.407623 0.167772
v 0.589026 0.407480 -0.059884
v 0.530317 0.407481 -0.057787
v 0.531465 0.407593 0.119863
v 0.590864 0.407558 0.064399
v -0.039168 0.282341 -0.051246
v -0.041437 0.239659 -0.051219
v -0.039168 0.174947 -0.051179
v -0.039168 0.174807 0.230591
v -0.041437 0.239663 0.230550
v -0.039168 0.282517 0.230524
v 0.096001 0.295122 -0.051254
v 0.043553 0.295697 -0.051254
v -0.008866 0.296271 -0.051255
v -0.008866 0.296764 0.230515
v 0.043553 0.296735 0.230515
v 0.096001 0.296706 0.230515
v 0.632656 0.407480 -0.059884
v 0.660201 0.407480 -0.059769
v 0.531465 0.160262 0.120018
v 0.460607 0.160321 0.167927
v 0.460319 0.157423 -0.054873
v 0.530317 0.157422 -0.057630
v 0.588882 0.157679 -0.059727
v 0.382797 0.160342 0.202567
v 0.300219 0.160356 0.223592
v 0.300219 0.157655 -0.051599
v 0.382797 0.157425 -0.052834
v 0.215028 0.160389 0.230600
v 0.147903 0.160446 0.230600
v 0.147903 0.159063 -0.051169
v 0.215028 0.158374 -0.051168
v 0.096001 0.160475 0.230600
v 0.043553 0.160503 0.230600
v -0.008866 0.160532 0.230600
v -0.008866 0.160470 -0.051170
v 0.043553 0.160011 -0.051169
v 0.096001 0.159551 -0.051169
v 0.676371 0.173732 -0.064333
v 0.672953 0.159661 -0.058608
v 0.659971 0.159259 -0.058981
v 0.678468 0.401277 -0.058587
v 0.680421 0.401589 -0.064361
v 0.678928 0.404864 -0.062898
v 0.677377 0.405930 -0.058619
v 0.678468 0.300949 -0.058525
v 0.680536 0.300830 -0.064269
v 0.128544 0.401281 -0.051321
v 0.128544 0.401573 0.230449
v 0.126274 0.298200 0.230514
v 0.128544 0.302767 0.230511
v 0.128544 0.300953 -0.051258
v 0.126274 0.296329 -0.051255
v 0.119496 0.294864 -0.051254
v 0.119496 0.296678 0.230515
v -0.032390 0.296793 0.230515
v -0.032390 0.296501 -0.051255
v 0.119496 0.160446 0.230600
v 0.119496 0.159350 -0.051169
v -0.032390 0.160671 -0.051170
v -0.032390 0.160532 0.230600
v 0.634206 0.407522 0.007097
v 0.661838 0.407494 -0.038457
v 0.674160 0.407481 -0.058735
v 0.671115 0.407480 -0.059453
v 0.677176 0.406242 -0.064450
v 0.673987 0.406904 -0.063330
v 0.670656 0.407479 -0.061406
v 0.673614 0.406242 -0.065197
v 0.677032 0.402507 -0.066372
v 0.677520 0.387686 -0.066363
v 0.677635 0.358102 -0.066344
v 0.677607 0.314616 -0.066317
v 0.677607 0.300714 -0.066308
v 0.677578 0.281958 -0.066297
v 0.677549 0.238070 -0.066269
v 0.618696 0.159057 -0.014203
v 0.627572 0.158665 -0.044533
v 0.632024 0.158454 -0.059756
v 1.359167 0.024303 -0.956883
v 1.353279 0.024256 -1.031706
v 1.353279 0.084918 -1.031744
v 1.359167 0.084965 -0.956921
v 1.353279 0.145580 -1.031782
v 1.359167 0.145627 -0.956959
v 1.361149 0.145674 -0.881936
v 1.361149 0.085012 -0.881898
v 1.361149 0.024350 -0.881860
v 1.343485 0.024209 -1.106126
v 1.329813 0.024163 -1.179915
v 1.329813 0.084825 -1.179953
v 1.343485 0.084871 -1.106164
v 1.329813 0.145487 -1.179991
v 1.343485 0.145534 -1.106202
v 1.312292 0.024117 -1.252899
v 1.290980 0.024072 -1.324850
v 1.290980 0.084734 -1.324888
v 1.312292 0.084779 -1.252937
v 1.290980 0.145396 -1.324926
v 1.312292 0.145442 -1.252975
v 1.265933 0.024027 -1.395593
v 1.237211 0.023984 -1.464930
v 1.237211 0.084646 -1.464968
v 1.265933 0.084690 -1.395632
v 1.237211 0.145309 -1.465006
v 1.265933 0.145352 -1.395669
v 1.204898 0.023941 -1.532687
v 1.169080 0.023900 -1.598634
v 1.169080 0.084562 -1.598672
v 1.204898 0.084604 -1.532725
v 1.169080 0.145225 -1.598710
v 1.204898 0.145266 -1.532763
v 1.129874 0.023860 -1.662628
v 1.087364 0.023821 -1.724497
v 1.087364 0.084484 -1.724535
v 1.129874 0.084522 -1.662666
v 1.087364 0.145146 -1.724573
v 1.129874 0.145185 -1.662704
v 1.041667 0.023784 -1.784039
v 0.992924 0.023748 -1.841111
v 0.992924 0.084410 -1.841149
v 1.041667 0.084446 -1.784077
v 0.992924 0.145073 -1.841187
v 1.041667 0.145108 -1.784115
v 0.941252 0.023714 -1.895540
v 0.886823 0.023682 -1.947213
v 0.886823 0.084344 -1.947251
v 0.941252 0.084376 -1.895579
v 0.886823 0.145006 -1.947289
v 0.941252 0.145038 -1.895617
v 0.829751 0.023651 -1.995955
v 0.770208 0.023622 -2.041653
v 0.770208 0.084285 -2.041691
v 0.829751 0.084313 -1.995993
v 0.770208 0.144947 -2.041729
v 0.829751 0.144976 -1.996031
v 0.708340 0.023596 -2.084162
v 0.644346 0.023571 -2.123369
v 0.644346 0.084233 -2.123407
v 0.708340 0.084258 -2.084201
v 0.644346 0.144896 -2.123445
v 0.708340 0.144920 -2.084239
v 0.578398 0.023549 -2.159186
v 0.510642 0.023528 -2.191499
v 0.510642 0.084191 -2.191537
v 0.578398 0.084211 -2.159224
v 0.510642 0.144853 -2.191575
v 0.578398 0.144873 -2.159262
v 0.441305 0.023510 -2.220222
v 0.370561 0.023495 -2.245268
v 0.370561 0.084157 -2.245306
v 0.441305 0.084173 -2.220260
v 0.370561 0.144819 -2.245344
v 0.441305 0.144835 -2.220298
v 0.298610 0.023481 -2.266580
v 0.225626 0.023470 -2.284101
v 0.225626 0.084133 -2.284139
v 0.298610 0.084144 -2.266618
v 0.225626 0.144795 -2.284177
v 0.298610 0.144806 -2.266656
v 0.151838 0.023462 -2.297773
v 0.077417 0.023456 -2.307568
v 0.077417 0.084118 -2.307606
v 0.151838 0.084124 -2.297811
v 0.077417 0.144780 -2.307644
v 0.151838 0.144786 -2.297849
v 0.002595 0.023452 -2.313456
v -0.072429 0.023451 -2.315438
v -0.072429 0.084113 -2.315476
v 0.002595 0.084114 -2.313494
v -0.072429 0.144775 -2.315514
v 0.002595 0.144776 -2.313532
v -0.147453 0.023452 -2.313456
v -0.222275 0.023456 -2.307568
v -0.222275 0.084118 -2.307606
v -0.147453 0.084114 -2.313494
v -0.222275 0.144780 -2.307644
v -0.147453 0.144776 -2.313532
v -0.296696 0.023462 -2.297773
v -0.370484 0.023470 -2.284101
v -0.370484 0.084133 -2.284139
v -0.296696 0.084124 -2.297811
v -0.370484 0.144795 -2.284177
v -0.296696 0.144786 -2.297849
v -0.443469 0.023481 -2.266580
v -0.515419 0.023495 -2.245268
v -0.515419 0.084157 -2.245306
v -0.443469 0.084144 -2.266618
v -0.515419 0.144819 -2.245344
v -0.443469 0.144806 -2.266656
v -0.586163 0.023510 -2.220222
v -0.655500 0.023528 -2.191499
v -0.655500 0.084191 -2.191537
v -0.586163 0.084173 -2.220260
v -0.655500 0.144853 -2.191575
v -0.586163 0.144835 -2.220298
v -0.723256 0.023549 -2.159186
v -0.789204 0.023571 -2.123369
v -0.789204 0.084233 -2.123407
v -0.723256 0.084211 -2.159224
v -0.789204 0.144896 -2.123445
v -0.723256 0.144873 -2.159262
v -0.853198 0.023596 -2.084162
v -0.915067 0.023622 -2.041653
v -0.915067 0.084285 -2.041691
v -0.853198 0.084258 -2.084201
v -0.915067 0.144947 -2.041729
v -0.853198 0.144920 -2.084239
v -0.974609 0.023651 -1.995955
v -1.031681 0.023682 -1.947213
v -1.031681 0.084344 -1.947251
v -0.974609 0.084313 -1.995993
v -1.031681 0.145006 -1.947289
v -0.974609 0.144976 -1.996031
v -1.086110 0.023714 -1.895540
v -1.137782 0.023748 -1.841111
v -1.137782 0.084410 -1.841149
v -1.086110 0.084376 -1.895579
v -1.137782 0.145073 -1.841187
v -1.086110 0.145038 -1.895617
v -1.186525 0.023784 -1.784039
v -1.232223 0.023821 -1.724497
v -1.232223 0.084484 -1.724535
v -1.186525 0.084446 -1.784077
v -1.232223 0.145146 -1.724573
v -1.186525 0.145108 -1.784115
v -1.274732 0.023860 -1.662628
v -1.313939 0.023900 -1.598634
v -1.313939 0.084562 -1.598672
v -1.274732 0.084522 -1.662666
v -1.313939 0.145225 -1.598710
v -1.274732 0.145185 -1.662704
v -1.349756 0.023941 -1.532687
v -1.382069 0.023984 -1.464930
v -1.382069 0.084646 -1.464968
v -1.349756 0.084604 -1.532725
v -1.382069 0.145309 -1.465006
v -1.349756 0.145266 -1.532763
v -1.410792 0.024027 -1.395593
v -1.435838 0.024072 -1.324850
v -1.435838 0.084734 -1.324888
v -1.410792 0.084690 -1.395632
v -1.435838 0.145396 -1.324926
v -1.410792 0.145352 -1.395669
v -1.457150 0.024117 -1.252899
v -1.474671 0.024163 -1.179915
v -1.474671 0.084825 -1.179953
v -1.457150 0.084779 -1.252937
v -1.474671 0.145487 -1.179991
v -1.457150 0.145442 -1.252975
v -1.488343 0.024209 -1.106126
v -1.498137 0.024256 -1.031706
v -1.498137 0.084918 -1.031744
v -1.488343 0.084871 -1.106164
v -1.498137 0.145580 -1.031782
v -1.488343 0.145534 -1.106202
v -1.504025 0.024303 -0.956883
v -1.506007 0.024350 -0.881860
v -1.506007 0.085012 -0.881898
v -1.504025 0.084965 -0.956921
v -1.506007 0.145674 -0.881936
v -1.504025 0.145627 -0.956959
v -1.504025 0.024397 -0.806836
v -1.498137 0.024444 -0.732013
v -1.498137 0.085106 -0.732051
v -1.504025 0.085059 -0.806874
v -1.498137 0.145768 -0.732089
v -1.504025 0.145721 -0.806912
v -1.488343 0.024490 -0.657593
v -1.474671 0.024536 -0.583804
v -1.474671 0.085199 -0.583842
v -1.488343 0.085153 -0.657631
v -1.474671 0.145861 -0.583880
v -1.488343 0.145815 -0.657669
v -1.457150 0.024582 -0.510820
v -1.435838 0.024627 -0.438870
v -1.435838 0.085290 -0.438908
v -1.457150 0.085245 -0.510858
v -1.435838 0.145952 -0.438946
v -1.457150 0.145907 -0.510896
v -1.410792 0.024672 -0.368126
v -1.382069 0.024715 -0.298789
v -1.382069 0.085378 -0.298827
v -1.410792 0.085334 -0.368164
v -1.382069 0.146040 -0.298865
v -1.410792 0.145996 -0.368202
v -1.349756 0.024758 -0.231032
v -1.313939 0.024799 -0.165085
v -1.313939 0.085461 -0.165123
v -1.349756 0.085420 -0.231070
v -1.313939 0.146124 -0.165161
v -1.349756 0.146082 -0.231108
v -1.274732 0.024839 -0.101091
v -1.232223 0.024878 -0.039222
v -1.232223 0.085540 -0.039260
v -1.274732 0.085502 -0.101129
v -1.232223 0.146203 -0.039298
v -1.274732 0.146164 -0.101167
v -1.186525 0.024915 0.020320
v -1.137782 0.024951 0.077392
v -1.137782 0.085613 0.077354
v -1.186525 0.085578 0.020282
v -1.137782 0.146276 0.077316
v -1.186525 0.146240 0.020244
v -1.086110 0.024985 0.131822
v -1.031681 0.025018 0.183494
v -1.031681 0.085680 0.183456
v -1.086110 0.085648 0.131783
v -1.031681 0.146342 0.183417
v -1.086110 0.146310 0.131745
v -0.974609 0.025048 0.232236
v -0.915067 0.025077 0.277905
v -0.915067 0.085739 0.277867
v -0.974609 0.085711 0.232198
v -0.915067 0.146401 0.277829
v -0.974609 0.146373 0.232160
v -0.853198 0.025104 0.320415
v -0.789204 0.025128 0.359650
v -0.789204 0.085790 0.359612
v -0.853198 0.085766 0.320377
v -0.789204 0.146453 0.359574
v -0.853198 0.146428 0.320339
v -0.723256 0.025151 0.395467
v -0.655528 0.025171 0.427780
v -0.655528 0.085833 0.427742
v -0.723256 0.085813 0.395429
v -0.655528 0.146495 0.427704
v -0.723256 0.146475 0.395391
v -0.586163 0.025189 0.456474
v -0.515419 0.025205 0.481549
v -0.515419 0.085867 0.481511
v -0.586163 0.085851 0.456436
v -0.515419 0.146529 0.481473
v -0.586163 0.146513 0.456398
v -0.443469 0.025218 0.502861
v -0.370484 0.025229 0.520382
v -0.370484 0.085891 0.520344
v -0.443469 0.085880 0.502823
v -0.370484 0.146554 0.520306
v -0.443469 0.146543 0.502785
v -0.296696 0.025238 0.534054
v -0.222275 0.025244 0.543848
v -0.222275 0.085906 0.543810
v -0.296696 0.085900 0.534016
v -0.222275 0.146568 0.543772
v -0.296696 0.146562 0.533978
v -0.147453 0.025247 0.549737
v -0.072429 0.025249 0.551718
v -0.072429 0.085911 0.551680
v -0.147453 0.085910 0.549699
v -0.072429 0.146573 0.551642
v -0.147453 0.146572 0.549661
v 0.002595 0.025247 0.549737
v 0.077417 0.025244 0.543848
v 0.077417 0.085906 0.543810
v 0.002595 0.085910 0.549699
v 0.077417 0.146568 0.543772
v 0.002595 0.146572 0.549661
v 0.151838 0.025238 0.534054
v 0.225626 0.025229 0.520382
v 0.225626 0.085891 0.520344
v 0.151838 0.085900 0.534016
v 0.225626 0.146554 0.520306
v 0.151838 0.146562 0.533978
v 0.298610 0.025218 0.502861
v 0.370561 0.025205 0.481549
v 0.370561 0.085867 0.481511
v 0.298610 0.085880 0.502823
v 0.370561 0.146529 0.481473
v 0.298610 0.146543 0.502785
v 0.441305 0.025189 0.456503
v 0.510642 0.025171 0.427780
v 0.510642 0.085833 0.427742
v 0.441305 0.085851 0.456465
v 0.510642 0.146495 0.427704
v 0.441305 0.146513 0.456427
v 0.578398 0.025151 0.395467
v 0.644346 0.025128 0.359650
v 0.644346 0.085790 0.359612
v 0.578398 0.085813 0.395429
v 0.644346 0.146453 0.359574
v 0.578398 0.146475 0.395391
v 0.708340 0.025104 0.320443
v 0.770208 0.025077 0.277934
v 0.770208 0.085739 0.277896
v 0.708340 0.085766 0.320405
v 0.770208 0.146402 0.277858
v 0.708340 0.146428 0.320367
v 0.829751 0.025048 0.232236
v 0.886823 0.025018 0.183494
v 0.886823 0.085680 0.183456
v 0.829751 0.085711 0.232198
v 0.886823 0.146342 0.183417
v 0.829751 0.146373 0.232160
v 0.941252 0.024985 0.131822
v 0.992924 0.024951 0.077392
v 0.992924 0.085613 0.077354
v 0.941252 0.085648 0.131783
v 0.992924 0.146276 0.077316
v 0.941252 0.146310 0.131745
v 1.041667 0.024915 0.020320
v 1.087336 0.024878 -0.039222
v 1.087336 0.085540 -0.039260
v 1.041667 0.085578 0.020282
v 1.087336 0.146203 -0.039298
v 1.041667 0.146240 0.020244
v 1.129845 0.024839 -0.101091
v 1.169080 0.024799 -0.165085
v 1.169080 0.085461 -0.165123
v 1.129845 0.085502 -0.101129
v 1.169080 0.146124 -0.165161
v 1.129845 0.146164 -0.101167
v 1.204898 0.024758 -0.231032
v 1.237211 0.024715 -0.298760
v 1.237211 0.085378 -0.298798
v 1.204898 0.085420 -0.231070
v 1.237211 0.146040 -0.298836
v 1.204898 0.146082 -0.231108
v 1.265905 0.024672 -0.368097
v 1.290980 0.024627 -0.438870
v 1.290980 0.085290 -0.438908
v 1.265905 0.085334 -0.368135
v 1.290980 0.145952 -0.438946
v 1.265905 0.145996 -0.368173
v 1.312292 0.024582 -0.510820
v 1.329813 0.024536 -0.583804
v 1.329813 0.085199 -0.583842
v 1.312292 0.085245 -0.510858
v 1.329813 0.145861 -0.583880
v 1.312292 0.145907 -0.510896
v 1.343485 0.024490 -0.657593
v 1.353279 0.024444 -0.732013
v 1.353279 0.085106 -0.732051
v 1.343485 0.085153 -0.657631
v 1.353279 0.145768 -0.732089
v 1.343485 0.145815 -0.657669
v 1.359167 0.024397 -0.806836
v 1.359167 0.085059 -0.806874
v 1.359167 0.145721 -0.806912
v 1.346443 -0.000647 -1.030972
v 1.351584 0.000042 -1.031518
v 1.357473 0.000089 -0.956782
v 1.352303 -0.000600 -0.956523
v 1.359426 0.000136 -0.881844
v 1.354284 -0.000553 -0.881844
v 1.306174 -0.000553 -0.881844
v 1.304278 -0.000598 -0.953995
v 1.298620 -0.000643 -1.025946
v 1.354284 0.170577 -0.881951
v 1.359426 0.169887 -0.881951
v 1.357473 0.169840 -0.956888
v 1.352303 0.170530 -0.956630
v 1.351584 0.169794 -1.031625
v 1.346443 0.170483 -1.031079
v 1.298620 0.170486 -1.026053
v 1.304278 0.170532 -0.954103
v 1.306174 0.170577 -0.881951
v 1.323092 -0.000739 -1.178463
v 1.328147 -0.000050 -1.179555
v 1.341790 -0.000004 -1.105824
v 1.336706 -0.000693 -1.105019
v 1.289199 -0.000688 -1.097494
v 1.276044 -0.000733 -1.168468
v 1.341790 0.169747 -1.105930
v 1.336706 0.170437 -1.105127
v 1.328147 0.169701 -1.179661
v 1.323092 0.170391 -1.178570
v 1.276044 0.170397 -1.168575
v 1.289199 0.170442 -1.097601
v 1.284431 -0.000829 -1.322708
v 1.289342 -0.000141 -1.324317
v 1.310626 -0.000096 -1.252424
v 1.305657 -0.000785 -1.251103
v 1.259184 -0.000777 -1.238637
v 1.238704 -0.000820 -1.307859
v 1.310626 0.169655 -1.252531
v 1.305657 0.170345 -1.251210
v 1.289342 0.169610 -1.324424
v 1.284431 0.170300 -1.322816
v 1.238704 0.170310 -1.307966
v 1.259184 0.170353 -1.238744
v 1.230921 -0.000917 -1.462128
v 1.235631 -0.000229 -1.464226
v 1.264325 -0.000185 -1.394975
v 1.259500 -0.000874 -1.393136
v 1.214606 -0.000863 -1.375874
v 1.186975 -0.000905 -1.442568
v 1.264325 0.169566 -1.395082
v 1.259500 0.170256 -1.393244
v 1.235631 0.169522 -1.464332
v 1.230921 0.170213 -1.462236
v 1.186975 0.170225 -1.442675
v 1.214606 0.170267 -1.375981
v 1.163135 -0.001000 -1.595201
v 1.167587 -0.000313 -1.597757
v 1.203347 -0.000271 -1.531896
v 1.198780 -0.000959 -1.529541
v 1.155897 -0.000945 -1.507711
v 1.121458 -0.000985 -1.571131
v 1.203347 0.169480 -1.532003
v 1.198780 0.170171 -1.529648
v 1.167587 0.169438 -1.597864
v 1.163135 0.170129 -1.595308
v 1.121458 0.170144 -1.571238
v 1.155897 0.170184 -1.507818
v 1.081792 -0.001079 -1.720431
v 1.085957 -0.000391 -1.723476
v 1.128409 -0.000353 -1.661694
v 1.124101 -0.001040 -1.658879
v 1.083745 -0.001024 -1.632684
v 1.042873 -0.001061 -1.692168
v 1.128409 0.169398 -1.661800
v 1.124101 0.170089 -1.658986
v 1.085957 0.169360 -1.723583
v 1.081792 0.170051 -1.720539
v 1.042873 0.170069 -1.692276
v 1.083745 0.170106 -1.632791
v 0.987812 -0.001152 -1.836500
v 0.991632 -0.000464 -1.839947
v 1.040317 -0.000429 -1.782932
v 1.036324 -0.001116 -1.779686
v 0.998927 -0.001097 -1.749413
v 0.952081 -0.001131 -1.804302
v 1.040317 0.169322 -1.783039
v 1.036324 0.170014 -1.779794
v 0.991632 0.169287 -1.840053
v 0.987812 0.169978 -1.836607
v 0.952081 0.169998 -1.804409
v 0.998927 0.170033 -1.749520
v 0.882227 -0.001218 -1.942084
v 0.885674 -0.000531 -1.945905
v 0.940046 -0.000499 -1.894319
v 0.936398 -0.001186 -1.890671
v 0.902390 -0.001164 -1.856663
v 0.850029 -0.001195 -1.906353
v 0.940046 0.169253 -1.894426
v 0.936398 0.169944 -1.890778
v 0.885674 0.169220 -1.946011
v 0.882227 0.169912 -1.942192
v 0.850029 0.169934 -1.906461
v 0.902390 0.169965 -1.856770
v 0.766159 -0.001277 -2.036065
v 0.769203 -0.000590 -2.040230
v 0.828659 -0.000561 -1.994590
v 0.825413 -0.001248 -1.990597
v 0.795140 -0.001225 -1.953200
v 0.737895 -0.001252 -1.997146
v 0.828659 0.169190 -1.994696
v 0.825413 0.169881 -1.990704
v 0.769203 0.169161 -2.040337
v 0.766159 0.169853 -2.036172
v 0.737895 0.169877 -1.997253
v 0.795140 0.169905 -1.953307
v 0.640928 -0.001328 -2.117408
v 0.643484 -0.000641 -2.121860
v 0.707421 -0.000617 -2.082682
v 0.704606 -0.001303 -2.078374
v 0.678411 -0.001278 -2.038018
v 0.616858 -0.001302 -2.075731
v 0.707421 0.169134 -2.082789
v 0.704606 0.169826 -2.078481
v 0.643484 0.169110 -2.121967
v 0.640928 0.169802 -2.117515
v 0.616858 0.169828 -2.075838
v 0.678411 0.169852 -2.038126
v 0.507855 -0.001370 -2.185193
v 0.509952 -0.000684 -2.189904
v 0.577623 -0.000664 -2.157620
v 0.575268 -0.001350 -2.153053
v 0.553438 -0.001323 -2.110170
v 0.488295 -0.001343 -2.141248
v 0.577623 0.169087 -2.157726
v 0.575268 0.169780 -2.153160
v 0.509952 0.169067 -2.190011
v 0.507855 0.169759 -2.185301
v 0.488295 0.169787 -2.141355
v 0.553438 0.169806 -2.110277
v 0.368435 -0.001404 -2.238703
v 0.370044 -0.000718 -2.243616
v 0.440702 -0.000702 -2.218598
v 0.438863 -0.001388 -2.213772
v 0.421601 -0.001360 -2.168879
v 0.353586 -0.001375 -2.192977
v 0.440702 0.169049 -2.218704
v 0.438863 0.169742 -2.213880
v 0.370044 0.169033 -2.243722
v 0.368435 0.169726 -2.238811
v 0.353586 0.169755 -2.193084
v 0.421601 0.169770 -2.168986
v 0.224190 -0.001428 -2.277364
v 0.225282 -0.000742 -2.282391
v 0.298151 -0.000731 -2.264899
v 0.296830 -0.001417 -2.259930
v 0.284364 -0.001388 -2.213456
v 0.214195 -0.001399 -2.230317
v 0.298151 0.169020 -2.265006
v 0.296830 0.169713 -2.260037
v 0.225282 0.169009 -2.282498
v 0.224190 0.169702 -2.277472
v 0.214195 0.169731 -2.230424
v 0.284364 0.169742 -2.213564
v 0.076699 -0.001443 -2.300716
v 0.077245 -0.000757 -2.305858
v 0.151551 -0.000751 -2.296063
v 0.150746 -0.001437 -2.290979
v 0.143221 -0.001407 -2.243472
v 0.071673 -0.001413 -2.252892
v 0.151551 0.169001 -2.296170
v 0.150746 0.169693 -2.291086
v 0.077245 0.168994 -2.305964
v 0.076699 0.169687 -2.300823
v 0.071673 0.169717 -2.253000
v 0.143221 0.169723 -2.243579
v -0.072429 -0.001448 -2.308528
v -0.072429 -0.000762 -2.313699
v 0.002508 -0.000760 -2.311717
v 0.002250 -0.001446 -2.306575
v -0.000278 -0.001416 -2.258551
v -0.072429 -0.001418 -2.260447
v 0.002508 0.168991 -2.311824
v 0.002250 0.169683 -2.306683
v -0.072429 0.168990 -2.313805
v -0.072429 0.169682 -2.308636
v -0.072429 0.169712 -2.260554
v -0.000278 0.169713 -2.258658
v -0.221557 -0.001443 -2.300716
v -0.222103 -0.000757 -2.305858
v -0.147366 -0.000760 -2.311717
v -0.147108 -0.001446 -2.306575
v -0.144580 -0.001416 -2.258551
v -0.216531 -0.001413 -2.252892
v -0.147366 0.168991 -2.311824
v -0.147108 0.169683 -2.306683
v -0.222103 0.168994 -2.305964
v -0.221557 0.169687 -2.300823
v -0.216531 0.169717 -2.253000
v -0.144580 0.169713 -2.258658
v -0.369048 -0.001428 -2.277364
v -0.370140 -0.000742 -2.282391
v -0.296409 -0.000751 -2.296063
v -0.295605 -0.001437 -2.290979
v -0.288079 -0.001407 -2.243472
v -0.359053 -0.001399 -2.230317
v -0.296409 0.169001 -2.296170
v -0.295605 0.169693 -2.291086
v -0.370140 0.169009 -2.282498
v -0.369048 0.169702 -2.277472
v -0.359053 0.169731 -2.230424
v -0.288079 0.169723 -2.243579
v -0.513294 -0.001404 -2.238703
v -0.514902 -0.000718 -2.243616
v -0.443009 -0.000731 -2.264899
v -0.441688 -0.001417 -2.259930
v -0.429222 -0.001388 -2.213456
v -0.498444 -0.001375 -2.192977
v -0.443009 0.169020 -2.265006
v -0.441688 0.169713 -2.260037
v -0.514902 0.169033 -2.243722
v -0.513294 0.169726 -2.238811
v -0.498444 0.169755 -2.193084
v -0.429222 0.169742 -2.213564
v -0.652714 -0.001370 -2.185193
v -0.654810 -0.000684 -2.189904
v -0.585560 -0.000702 -2.218598
v -0.583722 -0.001388 -2.213772
v -0.566460 -0.001360 -2.168879
v -0.633153 -0.001343 -2.141248
v -0.585560 0.169049 -2.218704
v -0.583722 0.169742 -2.213880
v -0.654810 0.169067 -2.190011
v -0.652714 0.169759 -2.185301
v -0.633153 0.169787 -2.141355
v -0.566460 0.169770 -2.168986
v -0.785786 -0.001328 -2.117408
v -0.788342 -0.000641 -2.121860
v -0.722481 -0.000664 -2.157620
v -0.720126 -0.001350 -2.153053
v -0.698297 -0.001323 -2.110170
v -0.761716 -0.001302 -2.075731
v -0.722481 0.169087 -2.157726
v -0.720126 0.169780 -2.153160
v -0.788342 0.169110 -2.121967
v -0.785786 0.169802 -2.117515
v -0.761716 0.169828 -2.075838
v -0.698297 0.169806 -2.110277
v -0.911017 -0.001277 -2.036065
v -0.914061 -0.000590 -2.040230
v -0.852279 -0.000617 -2.082682
v -0.849464 -0.001303 -2.078374
v -0.823269 -0.001278 -2.038018
v -0.882754 -0.001252 -1.997146
v -0.852279 0.169134 -2.082789
v -0.849464 0.169826 -2.078481
v -0.914061 0.169161 -2.040337
v -0.911017 0.169853 -2.036172
v -0.882754 0.169877 -1.997253
v -0.823269 0.169852 -2.038126
v -1.027085 -0.001218 -1.942084
v -1.030532 -0.000531 -1.945905
v -0.973517 -0.000561 -1.994590
v -0.970272 -0.001248 -1.990597
v -0.939998 -0.001225 -1.953200
v -0.994887 -0.001195 -1.906353
v -0.973517 0.169190 -1.994696
v -0.970272 0.169881 -1.990704
v -1.030532 0.169220 -1.946011
v -1.027085 0.169912 -1.942192
v -0.994887 0.169934 -1.906461
v -0.939998 0.169905 -1.953307
v -1.132670 -0.001152 -1.836500
v -1.136490 -0.000464 -1.839947
v -1.084904 -0.000499 -1.894319
v -1.081256 -0.001186 -1.890671
v -1.047249 -0.001164 -1.856663
v -1.096939 -0.001131 -1.804302
v -1.084904 0.169253 -1.894426
v -1.081256 0.169944 -1.890778
v -1.136490 0.169287 -1.840053
v -1.132670 0.169978 -1.836607
v -1.096939 0.169998 -1.804409
v -1.047249 0.169965 -1.856770
v -1.226651 -0.001079 -1.720431
v -1.230815 -0.000391 -1.723476
v -1.185175 -0.000429 -1.782932
v -1.181182 -0.001116 -1.779686
v -1.143785 -0.001097 -1.749413
v -1.187731 -0.001061 -1.692168
v -1.185175 0.169322 -1.783039
v -1.181182 0.170014 -1.779794
v -1.230815 0.169360 -1.723583
v -1.226651 0.170051 -1.720539
v -1.187731 0.170069 -1.692276
v -1.143785 0.170033 -1.749520
v -1.307993 -0.001000 -1.595201
v -1.312445 -0.000313 -1.597757
v -1.273268 -0.000353 -1.661694
v -1.268959 -0.001040 -1.658879
v -1.228604 -0.001024 -1.632684
v -1.266317 -0.000985 -1.571131
v -1.273268 0.169398 -1.661800
v -1.268959 0.170089 -1.658986
v -1.312445 0.169438 -1.597864
v -1.307993 0.170129 -1.595308
v -1.266317 0.170144 -1.571238
v -1.228604 0.170106 -1.632791
v -1.375779 -0.000917 -1.462128
v -1.380489 -0.000229 -1.464226
v -1.348205 -0.000271 -1.531896
v -1.343638 -0.000959 -1.529541
v -1.300755 -0.000945 -1.507711
v -1.331833 -0.000905 -1.442568
v -1.348205 0.169480 -1.532003
v -1.343638 0.170171 -1.529648
v -1.380489 0.169522 -1.464332
v -1.375779 0.170213 -1.462236
v -1.331833 0.170225 -1.442675
v -1.300755 0.170184 -1.507818
v -1.429289 -0.000829 -1.322708
v -1.434201 -0.000141 -1.324317
v -1.409183 -0.000185 -1.394975
v -1.404358 -0.000874 -1.393136
v -1.359464 -0.000863 -1.375903
v -1.383563 -0.000820 -1.307859
v -1.409183 0.169566 -1.395082
v -1.404358 0.170256 -1.393244
v -1.434201 0.169610 -1.324424
v -1.429289 0.170300 -1.322816
v -1.383563 0.170310 -1.307966
v -1.359464 0.170267 -1.376010
v -1.467950 -0.000739 -1.178463
v -1.472976 -0.000050 -1.179555
v -1.455484 -0.000096 -1.252424
v -1.450515 -0.000785 -1.251103
v -1.404042 -0.000777 -1.238637
v -1.420902 -0.000733 -1.168468
v -1.455484 0.169655 -1.252531
v -1.450515 0.170345 -1.251210
v -1.472976 0.169701 -1.179661
v -1.467950 0.170391 -1.178570
v -1.420902 0.170397 -1.168575
v -1.404042 0.170353 -1.238744
v -1.491302 -0.000647 -1.030972
v -1.496443 0.000042 -1.031518
v -1.486648 -0.000004 -1.105824
v -1.481564 -0.000693 -1.105019
v -1.434057 -0.000688 -1.097494
v -1.443478 -0.000643 -1.025946
v -1.486648 0.169747 -1.105930
v -1.481564 0.170437 -1.105127
v -1.496443 0.169794 -1.031625
v -1.491302 0.170483 -1.031079
v -1.443478 0.170486 -1.026053
v -1.434057 0.170442 -1.097601
v -1.499143 -0.000553 -0.881844
v -1.504284 0.000136 -0.881844
v -1.502302 0.000089 -0.956782
v -1.497161 -0.000600 -0.956523
v -1.449137 -0.000598 -0.953995
v -1.451032 -0.000553 -0.881844
v -1.502302 0.169840 -0.956888
v -1.497161 0.170530 -0.956630
v -1.504284 0.169887 -0.881951
v -1.499143 0.170577 -0.881951
v -1.451032 0.170577 -0.881951
v -1.449137 0.170532 -0.954103
v -1.491302 -0.000459 -0.732716
v -1.496443 0.000230 -0.732170
v -1.502302 0.000183 -0.806907
v -1.497161 -0.000506 -0.807165
v -1.449137 -0.000508 -0.809693
v -1.443478 -0.000463 -0.737742
v -1.502302 0.169934 -0.807013
v -1.497161 0.170624 -0.807272
v -1.496443 0.169981 -0.732277
v -1.491302 0.170670 -0.732823
v -1.443478 0.170667 -0.737850
v -1.449137 0.170622 -0.809800
v -1.467950 -0.000367 -0.585225
v -1.473005 0.000323 -0.584134
v -1.486648 0.000277 -0.657865
v -1.481564 -0.000413 -0.658669
v -1.434057 -0.000418 -0.666194
v -1.420902 -0.000373 -0.595220
v -1.486648 0.170028 -0.657971
v -1.481564 0.170717 -0.658776
v -1.473005 0.170074 -0.584240
v -1.467950 0.170763 -0.585332
v -1.420902 0.170757 -0.595328
v -1.434057 0.170712 -0.666301
v -1.429289 -0.000277 -0.440979
v -1.434201 0.000414 -0.439371
v -1.455484 0.000369 -0.511264
v -1.450515 -0.000321 -0.512585
v -1.404042 -0.000329 -0.525051
v -1.383563 -0.000286 -0.455829
v -1.455484 0.170120 -0.511371
v -1.450515 0.170808 -0.512692
v -1.434201 0.170165 -0.439478
v -1.429289 0.170853 -0.441087
v -1.383563 0.170844 -0.455936
v -1.404042 0.170801 -0.525158
v -1.375779 -0.000189 -0.301560
v -1.380489 0.000502 -0.299463
v -1.409183 0.000458 -0.368714
v -1.404358 -0.000232 -0.370551
v -1.359464 -0.000243 -0.387814
v -1.331833 -0.000201 -0.321120
v -1.409183 0.170209 -0.368820
v -1.404358 0.170897 -0.370659
v -1.380489 0.170253 -0.299570
v -1.375779 0.170941 -0.301667
v -1.331833 0.170928 -0.321227
v -1.359464 0.170887 -0.387921
v -1.307993 -0.000106 -0.168487
v -1.312445 0.000585 -0.165931
v -1.348205 0.000544 -0.231793
v -1.343638 -0.000147 -0.234147
v -1.300755 -0.000161 -0.255977
v -1.266317 -0.000121 -0.192557
v -1.348205 0.170295 -0.231899
v -1.343638 0.170983 -0.234255
v -1.312445 0.170336 -0.166038
v -1.307993 0.171024 -0.168595
v -1.266317 0.171009 -0.192664
v -1.300755 0.170969 -0.256084
v -1.226651 -0.000027 -0.043256
v -1.230815 0.000664 -0.040212
v -1.273268 0.000625 -0.101995
v -1.268959 -0.000066 -0.104809
v -1.228632 -0.000082 -0.131004
v -1.187731 -0.000045 -0.071520
v -1.273268 0.170376 -0.102101
v -1.268959 0.171064 -0.104916
v -1.230815 0.170415 -0.040319
v -1.226651 0.171103 -0.043364
v -1.187731 0.171085 -0.071627
v -1.228604 0.171048 -0.131112
v -1.132670 0.000046 0.072812
v -1.136490 0.000737 0.076258
v -1.185175 0.000701 0.019244
v -1.181182 0.000010 0.015999
v -1.143814 -0.000009 -0.014275
v -1.096939 0.000026 0.040614
v -1.185175 0.170453 0.019137
v -1.181182 0.171140 0.015891
v -1.136490 0.170488 0.076152
v -1.132670 0.171175 0.072705
v -1.096939 0.171155 0.040507
v -1.143814 0.171121 -0.014382
v -1.027085 0.000112 0.178397
v -1.030532 0.000804 0.182216
v -1.084904 0.000771 0.130630
v -1.081256 0.000080 0.126983
v -1.047249 0.000058 0.092975
v -0.994887 0.000089 0.142637
v -1.084904 0.170522 0.130524
v -1.081256 0.171209 0.126876
v -1.030532 0.170555 0.182110
v -1.027085 0.171242 0.178289
v -0.994887 0.171219 0.142530
v -1.047249 0.171188 0.092868
v -0.911017 0.000171 0.272377
v -0.914061 0.000863 0.276542
v -0.973517 0.000834 0.230901
v -0.970272 0.000142 0.226909
v -0.939998 0.000119 0.189512
v -0.882754 0.000146 0.233458
v -0.973517 0.170585 0.230795
v -0.970272 0.171272 0.226802
v -0.914061 0.170614 0.276435
v -0.911017 0.171301 0.272270
v -0.882754 0.171276 0.233351
v -0.939998 0.171249 0.189405
v -0.785786 0.000222 0.353720
v -0.788371 0.000914 0.358171
v -0.852279 0.000889 0.318994
v -0.849464 0.000197 0.314686
v -0.823269 0.000172 0.274330
v -0.761716 0.000196 0.312043
v -0.852279 0.170640 0.318887
v -0.849464 0.171327 0.314578
v -0.788371 0.170665 0.358065
v -0.785786 0.171352 0.353613
v -0.761716 0.171325 0.311936
v -0.823269 0.171302 0.274223
v -0.652714 0.000264 0.421505
v -0.654810 0.000957 0.426215
v -0.722481 0.000936 0.393931
v -0.720126 0.000244 0.389365
v -0.698297 0.000217 0.346482
v -0.633153 0.000237 0.377560
v -0.722481 0.170687 0.393825
v -0.720126 0.171374 0.389257
v -0.654810 0.170708 0.426109
v -0.652714 0.171394 0.421398
v -0.633153 0.171367 0.377452
v -0.698297 0.171347 0.346374
v -0.513294 0.000298 0.475016
v -0.514902 0.000990 0.479927
v -0.585560 0.000975 0.454909
v -0.583722 0.000282 0.450084
v -0.566488 0.000254 0.405191
v -0.498444 0.000269 0.429289
v -0.585560 0.170726 0.454803
v -0.583722 0.171412 0.449977
v -0.514902 0.170741 0.479820
v -0.513294 0.171428 0.474908
v -0.498444 0.171399 0.429182
v -0.566488 0.171384 0.405084
v -0.369048 0.000322 0.513677
v -0.370140 0.001015 0.518702
v -0.443009 0.001004 0.501210
v -0.441688 0.000311 0.496242
v -0.429251 0.000282 0.449768
v -0.359053 0.000293 0.466629
v -0.443009 0.170755 0.501104
v -0.441688 0.171441 0.496135
v -0.370140 0.170766 0.518596
v -0.369048 0.171452 0.513569
v -0.359053 0.171422 0.466521
v -0.429251 0.171412 0.449661
v -0.221557 0.000337 0.537028
v -0.222103 0.001029 0.542169
v -0.296437 0.001023 0.532374
v -0.295605 0.000331 0.527291
v -0.288079 0.000301 0.479784
v -0.216531 0.000307 0.489205
v -0.296437 0.170774 0.532268
v -0.295605 0.171460 0.527184
v -0.222103 0.170780 0.542062
v -0.221557 0.171467 0.536921
v -0.216531 0.171437 0.489097
v -0.288079 0.171431 0.479676
v -0.072429 0.000342 0.544841
v -0.072429 0.001034 0.550010
v -0.147366 0.001033 0.548028
v -0.147108 0.000340 0.542888
v -0.144580 0.000310 0.494863
v -0.072429 0.000312 0.496759
v -0.147366 0.170784 0.547922
v -0.147108 0.171470 0.542780
v -0.072429 0.170785 0.549904
v -0.072429 0.171471 0.544733
v -0.072429 0.171441 0.496651
v -0.144580 0.171440 0.494756
v 0.076699 0.000337 0.537028
v 0.077245 0.001029 0.542169
v 0.002508 0.001033 0.548028
v 0.002221 0.000340 0.542888
v -0.000278 0.000310 0.494863
v 0.071673 0.000307 0.489205
v 0.002508 0.170784 0.547922
v 0.002221 0.171470 0.542780
v 0.077245 0.170780 0.542062
v 0.076699 0.171467 0.536921
v 0.071673 0.171437 0.489097
v -0.000278 0.171440 0.494756
v 0.224190 0.000322 0.513677
v 0.225253 0.001015 0.518731
v 0.151551 0.001023 0.532374
v 0.150746 0.000331 0.527291
v 0.143221 0.000301 0.479784
v 0.214195 0.000293 0.466629
v 0.151551 0.170774 0.532268
v 0.150746 0.171460 0.527184
v 0.225253 0.170766 0.518625
v 0.224190 0.171452 0.513569
v 0.214195 0.171422 0.466521
v 0.143221 0.171431 0.479676
v 0.368435 0.000298 0.475016
v 0.370044 0.000990 0.479927
v 0.298151 0.001004 0.501210
v 0.296830 0.000311 0.496242
v 0.284364 0.000282 0.449768
v 0.353586 0.000269 0.429289
v 0.298151 0.170755 0.501104
v 0.296830 0.171441 0.496135
v 0.370044 0.170741 0.479820
v 0.368435 0.171428 0.474908
v 0.353586 0.171399 0.429182
v 0.284364 0.171412 0.449661
v 0.507855 0.000264 0.421505
v 0.509952 0.000957 0.426215
v 0.440702 0.000975 0.454909
v 0.438863 0.000282 0.450084
v 0.421601 0.000254 0.405191
v 0.488295 0.000237 0.377560
v 0.440702 0.170726 0.454803
v 0.438863 0.171412 0.449977
v 0.509952 0.170708 0.426109
v 0.507855 0.171394 0.421398
v 0.488295 0.171367 0.377452
v 0.421601 0.171384 0.405084
v 0.640928 0.000222 0.353720
v 0.643484 0.000914 0.358171
v 0.577623 0.000936 0.393931
v 0.575268 0.000244 0.389365
v 0.553438 0.000217 0.346482
v 0.616858 0.000196 0.312072
v 0.577623 0.170687 0.393825
v 0.575268 0.171374 0.389257
v 0.643484 0.170665 0.358065
v 0.640928 0.171352 0.353613
v 0.616858 0.171326 0.311965
v 0.553438 0.171347 0.346374
v 0.766159 0.000171 0.272377
v 0.769174 0.000863 0.276542
v 0.707421 0.000889 0.318994
v 0.704606 0.000197 0.314686
v 0.678411 0.000172 0.274359
v 0.737895 0.000146 0.233458
v 0.707421 0.170640 0.318887
v 0.704606 0.171327 0.314578
v 0.769174 0.170614 0.276435
v 0.766159 0.171301 0.272270
v 0.737895 0.171276 0.233351
v 0.678411 0.171302 0.274252
v 0.882227 0.000112 0.178397
v 0.885674 0.000804 0.182245
v 0.828659 0.000834 0.230901
v 0.825413 0.000142 0.226909
v 0.795140 0.000119 0.189541
v 0.850029 0.000089 0.142666
v 0.828659 0.170585 0.230795
v 0.825413 0.171272 0.226802
v 0.885674 0.170555 0.182139
v 0.882227 0.171242 0.178289
v 0.850029 0.171219 0.142558
v 0.795140 0.171249 0.189434
v 0.987812 0.000046 0.072812
v 0.991632 0.000737 0.076258
v 0.940046 0.000771 0.130630
v 0.936398 0.000080 0.126983
v 0.902390 0.000058 0.092975
v 0.952052 0.000026 0.040614
v 0.940046 0.170522 0.130524
v 0.936398 0.171209 0.126876
v 0.991632 0.170488 0.076152
v 0.987812 0.171175 0.072705
v 0.952052 0.171155 0.040507
v 0.902390 0.171188 0.092868
v 1.081792 -0.000027 -0.043256
v 1.085957 0.000664 -0.040212
v 1.040317 0.000701 0.019244
v 1.036324 0.000010 0.015999
v 0.998927 -0.000009 -0.014275
v 1.042873 -0.000045 -0.071520
v 1.040317 0.170453 0.019137
v 1.036324 0.171140 0.015891
v 1.085957 0.170415 -0.040319
v 1.081792 0.171103 -0.043364
v 1.042873 0.171085 -0.071627
v 0.998927 0.171121 -0.014382
v 1.163135 -0.000106 -0.168487
v 1.167587 0.000585 -0.165903
v 1.128409 0.000625 -0.101995
v 1.124101 -0.000066 -0.104809
v 1.083745 -0.000082 -0.131004
v 1.121458 -0.000121 -0.192528
v 1.128409 0.170376 -0.102101
v 1.124101 0.171064 -0.104916
v 1.167587 0.170336 -0.166009
v 1.163135 0.171024 -0.168595
v 1.121458 0.171009 -0.192635
v 1.083745 0.171048 -0.131112
v 1.230921 -0.000189 -0.301560
v 1.235631 0.000502 -0.299463
v 1.203347 0.000544 -0.231793
v 1.198780 -0.000147 -0.234119
v 1.155897 -0.000161 -0.255977
v 1.186975 -0.000201 -0.321120
v 1.203347 0.170295 -0.231899
v 1.198780 0.170983 -0.234226
v 1.235631 0.170253 -0.299570
v 1.230921 0.170941 -0.301667
v 1.186975 0.170928 -0.321227
v 1.155897 0.170969 -0.256084
v 1.284431 -0.000277 -0.440951
v 1.289342 0.000414 -0.439371
v 1.264325 0.000458 -0.368714
v 1.259500 -0.000232 -0.370551
v 1.214606 -0.000243 -0.387785
v 1.238704 -0.000286 -0.455829
v 1.264325 0.170209 -0.368820
v 1.259500 0.170897 -0.370659
v 1.289342 0.170165 -0.439478
v 1.284431 0.170853 -0.441058
v 1.238704 0.170844 -0.455936
v 1.214606 0.170887 -0.387892
v 1.323092 -0.000367 -0.585196
v 1.328118 0.000323 -0.584134
v 1.310626 0.000369 -0.511235
v 1.305657 -0.000321 -0.512585
v 1.259184 -0.000329 -0.525022
v 1.276044 -0.000373 -0.595220
v 1.310626 0.170120 -0.511342
v 1.305657 0.170808 -0.512692
v 1.328118 0.170074 -0.584240
v 1.323092 0.170763 -0.585303
v 1.276044 0.170757 -0.595328
v 1.259184 0.170801 -0.525129
v 1.346443 -0.000459 -0.732716
v 1.351584 0.000230 -0.732170
v 1.341790 0.000277 -0.657836
v 1.336706 -0.000413 -0.658640
v 1.289199 -0.000418 -0.666165
v 1.298620 -0.000463 -0.737742
v 1.341790 0.170028 -0.657943
v 1.336706 0.170717 -0.658747
v 1.351584 0.169981 -0.732277
v 1.346443 0.170670 -0.732823
v 1.298620 0.170667 -0.737850
v 1.289199 0.170712 -0.666273
v 1.357444 0.000183 -0.806907
v 1.352303 -0.000506 -0.807165
v 1.304278 -0.000508 -0.809693
v 1.357444 0.169934 -0.807013
v 1.352303 0.170624 -0.807272
v 1.304278 0.170622 -0.809800
v 1.168765 -0.000635 -1.012302
v 1.173877 -0.000594 -0.947159
v 1.175601 -0.000553 -0.881844
v 0.934617 -0.000553 -0.881844
v 0.955642 -0.000587 -0.935728
v 0.929102 -0.000619 -0.987113
v 1.175601 0.170577 -0.881951
v 1.173877 0.170536 -0.947267
v 1.168765 0.170495 -1.012410
v 0.929102 0.170511 -0.987220
v 0.955642 0.170543 -0.935835
v 0.934617 0.170577 -0.881951
v 1.148314 -0.000716 -1.141325
v 1.160234 -0.000675 -1.077072
v 0.944383 -0.000654 -1.042892
v 0.912587 -0.000684 -1.091232
v 1.160234 0.170454 -1.077179
v 1.148314 0.170414 -1.141432
v 0.912587 0.170446 -1.091311
v 0.944383 0.170476 -1.042999
v 1.114507 -0.000795 -1.267503
v 1.133062 -0.000756 -1.204859
v 0.921979 -0.000720 -1.148304
v 0.885329 -0.000748 -1.193026
v 1.133062 0.170374 -1.204967
v 1.114507 0.170335 -1.267611
v 0.885329 0.170382 -1.193133
v 0.921979 0.170410 -1.148412
v 1.067689 -0.000871 -1.389460
v 1.092707 -0.000833 -1.329085
v 0.888690 -0.000784 -1.250787
v 0.847530 -0.000810 -1.291429
v 1.092707 0.170296 -1.329192
v 1.067689 0.170258 -1.389567
v 0.847530 0.170320 -1.291537
v 0.888690 0.170345 -1.250894
v 1.008406 -0.000944 -1.505844
v 1.039570 -0.000908 -1.448428
v 0.844859 -0.000846 -1.349219
v 0.799678 -0.000869 -1.385353
v 1.039570 0.170221 -1.448535
v 1.008406 0.170185 -1.505952
v 0.799678 0.170261 -1.385460
v 0.844859 0.170284 -1.349327
v 0.937231 -0.001013 -1.615421
v 0.974254 -0.000979 -1.561566
v 0.790975 -0.000905 -1.442539
v 0.742290 -0.000924 -1.473761
v 0.974254 0.170151 -1.561674
v 0.937231 0.170117 -1.615529
v 0.742290 0.170206 -1.473868
v 0.790975 0.170225 -1.442647
v 0.855027 -0.001077 -1.716927
v 0.897479 -0.001046 -1.667237
v 0.727641 -0.000959 -1.529713
v 0.675941 -0.000976 -1.555678
v 0.897479 0.170084 -1.667344
v 0.855027 0.170053 -1.717035
v 0.675941 0.170154 -1.555785
v 0.727641 0.170170 -1.529820
v 0.762654 -0.001135 -1.809299
v 0.810047 -0.001106 -1.764320
v 0.655519 -0.001009 -1.609792
v 0.601405 -0.001022 -1.630213
v 0.810047 0.170023 -1.764427
v 0.762654 0.169995 -1.809407
v 0.601405 0.170107 -1.630321
v 0.655519 0.170120 -1.609899
v 0.661148 -0.001186 -1.891504
v 0.712964 -0.001161 -1.851752
v 0.575440 -0.001055 -1.681914
v 0.519488 -0.001064 -1.696563
v 0.712964 0.169969 -1.851859
v 0.661148 0.169944 -1.891611
v 0.519488 0.170066 -1.696670
v 0.575440 0.170075 -1.682022
v 0.551571 -0.001231 -1.962679
v 0.607293 -0.001209 -1.928527
v 0.488266 -0.001094 -1.745248
v 0.431080 -0.001100 -1.753951
v 0.607293 0.169920 -1.928635
v 0.551571 0.169899 -1.962786
v 0.431080 0.170030 -1.754058
v 0.488266 0.170035 -1.745355
v 0.435187 -0.001268 -2.021962
v 0.494155 -0.001250 -1.993843
v 0.394947 -0.001128 -1.799132
v 0.337156 -0.001130 -1.801803
v 0.494155 0.169879 -1.993950
v 0.435187 0.169862 -2.022069
v 0.337156 0.170000 -1.801910
v 0.394947 0.170002 -1.799239
v 0.313230 -0.001297 -2.068780
v 0.374812 -0.001284 -2.046980
v 0.296514 -0.001156 -1.842962
v 0.238752 -0.001154 -1.839602
v 0.374812 0.169846 -2.047087
v 0.313230 0.169832 -2.068887
v 0.238752 0.169976 -1.839709
v 0.296514 0.169974 -1.843070
v 0.187052 -0.001319 -2.102587
v 0.250586 -0.001309 -2.087335
v 0.194031 -0.001177 -1.876252
v 0.136959 -0.001171 -1.866860
v 0.250586 0.169821 -2.087442
v 0.187052 0.169811 -2.102694
v 0.136959 0.169959 -1.866967
v 0.194031 0.169953 -1.876359
v 0.058029 -0.001331 -2.123037
v 0.122799 -0.001326 -2.114507
v 0.088619 -0.001191 -1.898656
v 0.032840 -0.001181 -1.883375
v 0.122799 0.169804 -2.114614
v 0.058029 0.169798 -2.123145
v 0.032840 0.169949 -1.883482
v 0.088619 0.169939 -1.898763
v -0.072429 -0.001336 -2.129873
v -0.007114 -0.001335 -2.128150
v -0.018545 -0.001198 -1.909915
v -0.072429 -0.001185 -1.888890
v -0.007114 0.169795 -2.128257
v -0.072429 0.169794 -2.129981
v -0.072429 0.169945 -1.888997
v -0.018545 0.169932 -1.910022
v -0.202888 -0.001331 -2.123037
v -0.137744 -0.001335 -2.128150
v -0.126313 -0.001198 -1.909915
v -0.177698 -0.001181 -1.883375
v -0.137744 0.169795 -2.128257
v -0.202888 0.169798 -2.123145
v -0.177698 0.169949 -1.883482
v -0.126313 0.169932 -1.910022
v -0.331910 -0.001319 -2.102587
v -0.267657 -0.001326 -2.114507
v -0.233477 -0.001191 -1.898656
v -0.281818 -0.001171 -1.866860
v -0.267657 0.169804 -2.114614
v -0.331910 0.169811 -2.102694
v -0.281818 0.169959 -1.866967
v -0.233477 0.169939 -1.898763
v -0.458089 -0.001297 -2.068780
v -0.395445 -0.001309 -2.087335
v -0.338890 -0.001177 -1.876252
v -0.383611 -0.001154 -1.839602
v -0.395445 0.169821 -2.087442
v -0.458089 0.169832 -2.068887
v -0.383611 0.169976 -1.839709
v -0.338890 0.169953 -1.876359
v -0.580045 -0.001268 -2.021962
v -0.519670 -0.001284 -2.046980
v -0.441372 -0.001156 -1.842962
v -0.482015 -0.001130 -1.801803
v -0.519670 0.169846 -2.047087
v -0.580045 0.169862 -2.022069
v -0.482015 0.170000 -1.801910
v -0.441372 0.169974 -1.843070
v -0.696429 -0.001231 -1.962679
v -0.639013 -0.001250 -1.993843
v -0.539805 -0.001128 -1.799132
v -0.575938 -0.001100 -1.753951
v -0.639013 0.169879 -1.993950
v -0.696429 0.169899 -1.962786
v -0.575938 0.170030 -1.754058
v -0.539805 0.170002 -1.799239
v -0.806007 -0.001186 -1.891504
v -0.752152 -0.001209 -1.928527
v -0.633125 -0.001094 -1.745248
v -0.664346 -0.001064 -1.696563
v -0.752152 0.169920 -1.928635
v -0.806007 0.169944 -1.891611
v -0.664346 0.170066 -1.696670
v -0.633125 0.170035 -1.745355
v -0.907513 -0.001135 -1.809299
v -0.857822 -0.001161 -1.851752
v -0.720298 -0.001055 -1.681914
v -0.746263 -0.001022 -1.630213
v -0.857822 0.169969 -1.851859
v -0.907513 0.169995 -1.809407
v -0.746263 0.170107 -1.630321
v -0.720298 0.170075 -1.682022
v -0.999885 -0.001077 -1.716927
v -0.954905 -0.001106 -1.764320
v -0.800377 -0.001009 -1.609792
v -0.820799 -0.000976 -1.555678
v -0.954905 0.170023 -1.764427
v -0.999885 0.170053 -1.717035
v -0.820799 0.170154 -1.555785
v -0.800377 0.170120 -1.609899
v -1.082089 -0.001013 -1.615421
v -1.042337 -0.001046 -1.667237
v -0.872500 -0.000959 -1.529713
v -0.887148 -0.000924 -1.473761
v -1.042337 0.170084 -1.667344
v -1.082089 0.170117 -1.615529
v -0.887148 0.170206 -1.473868
v -0.872500 0.170170 -1.529820
v -1.153264 -0.000944 -1.505844
v -1.119113 -0.000979 -1.561566
v -0.935833 -0.000905 -1.442539
v -0.944536 -0.000869 -1.385353
v -1.119113 0.170151 -1.561674
v -1.153264 0.170185 -1.505952
v -0.944536 0.170261 -1.385460
v -0.935833 0.170225 -1.442647
v -1.212548 -0.000871 -1.389460
v -1.184428 -0.000908 -1.448428
v -0.989717 -0.000846 -1.349219
v -0.992388 -0.000810 -1.291429
v -1.184428 0.170221 -1.448535
v -1.212548 0.170258 -1.389567
v -0.992388 0.170320 -1.291537
v -0.989717 0.170284 -1.349327
v -1.259366 -0.000795 -1.267503
v -1.237565 -0.000833 -1.329085
v -1.033548 -0.000784 -1.250787
v -1.030187 -0.000748 -1.193026
v -1.237565 0.170296 -1.329192
v -1.259366 0.170335 -1.267611
v -1.030187 0.170382 -1.193133
v -1.033548 0.170345 -1.250894
v -1.293172 -0.000716 -1.141325
v -1.277920 -0.000756 -1.204859
v -1.066837 -0.000720 -1.148304
v -1.057445 -0.000684 -1.091232
v -1.277920 0.170374 -1.204967
v -1.293172 0.170414 -1.141432
v -1.057445 0.170445 -1.091340
v -1.066837 0.170410 -1.148412
v -1.313623 -0.000635 -1.012302
v -1.305092 -0.000675 -1.077072
v -1.089241 -0.000654 -1.042892
v -1.073961 -0.000619 -0.987113
v -1.305092 0.170454 -1.077179
v -1.313623 0.170495 -1.012410
v -1.073961 0.170511 -0.987220
v -1.089241 0.170476 -1.042999
v -1.320459 -0.000553 -0.881844
v -1.318735 -0.000594 -0.947159
v -1.100500 -0.000587 -0.935728
v -1.079475 -0.000553 -0.881844
v -1.318735 0.170536 -0.947267
v -1.320459 0.170577 -0.881951
v -1.079475 0.170577 -0.881951
v -1.100500 0.170543 -0.935835
v -1.313623 -0.000471 -0.751385
v -1.318735 -0.000512 -0.816528
v -1.100500 -0.000519 -0.827960
v -1.073961 -0.000487 -0.776575
v -1.318735 0.170618 -0.816636
v -1.313623 0.170659 -0.751493
v -1.073961 0.170643 -0.776683
v -1.100500 0.170611 -0.828067
v -1.293172 -0.000390 -0.622363
v -1.305092 -0.000431 -0.686616
v -1.089241 -0.000452 -0.720796
v -1.057445 -0.000422 -0.672484
v -1.305092 0.170699 -0.686723
v -1.293172 0.170739 -0.622470
v -1.057445 0.170708 -0.672592
v -1.089241 0.170678 -0.720903
v -1.259366 -0.000311 -0.496184
v -1.277920 -0.000350 -0.558829
v -1.066837 -0.000386 -0.615384
v -1.030187 -0.000358 -0.570662
v -1.277920 0.170779 -0.558936
v -1.259366 0.170819 -0.496292
v -1.030187 0.170772 -0.570770
v -1.066837 0.170744 -0.615491
v -1.212548 -0.000235 -0.374228
v -1.237565 -0.000273 -0.434603
v -1.033548 -0.000322 -0.512901
v -0.992388 -0.000296 -0.472258
v -1.237565 0.170857 -0.434710
v -1.212548 0.170895 -0.374335
v -0.992388 0.170834 -0.472366
v -1.033548 0.170808 -0.513008
v -1.153264 -0.000162 -0.257844
v -1.184428 -0.000198 -0.315260
v -0.989717 -0.000260 -0.414468
v -0.944536 -0.000237 -0.378335
v -1.184428 0.170932 -0.315368
v -1.153264 0.170968 -0.257951
v -0.944536 0.170893 -0.378443
v -0.989717 0.170870 -0.414576
v -1.082118 -0.000093 -0.148267
v -1.119113 -0.000127 -0.202122
v -0.935833 -0.000201 -0.321148
v -0.887148 -0.000182 -0.289927
v -1.119113 0.171003 -0.202229
v -1.082118 0.171037 -0.148374
v -0.887148 0.170948 -0.290034
v -0.935833 0.170928 -0.321256
v -0.999885 -0.000029 -0.046761
v -1.042337 -0.000060 -0.096451
v -0.872500 -0.000147 -0.233975
v -0.820799 -0.000130 -0.208010
v -1.042337 0.171069 -0.096558
v -0.999885 0.171100 -0.046868
v -0.820799 0.170999 -0.208117
v -0.872500 0.170983 -0.234082
v -0.907513 0.000029 0.045612
v -0.954905 0.000000 0.000632
v -0.800377 -0.000096 -0.153896
v -0.746263 -0.000084 -0.133474
v -0.954905 0.171130 0.000525
v -0.907513 0.171158 0.045504
v -0.746263 0.171046 -0.133582
v -0.800377 0.171033 -0.154003
v -0.806007 0.000080 0.127816
v -0.857851 0.000055 0.088064
v -0.720298 -0.000051 -0.081773
v -0.664346 -0.000042 -0.067125
v -0.857851 0.171185 0.087956
v -0.806007 0.171210 0.127709
v -0.664346 0.171088 -0.067232
v -0.720298 0.171079 -0.081881
v -0.696458 0.000125 0.198962
v -0.752152 0.000103 0.164839
v -0.633125 -0.000012 -0.018440
v -0.575938 -0.000006 -0.009737
v -0.752152 0.171233 0.164732
v -0.696458 0.171255 0.198855
v -0.575938 0.171124 -0.009844
v -0.633125 0.171118 -0.018547
v -0.580045 0.000162 0.258274
v -0.639013 0.000144 0.230155
v -0.539805 0.000022 0.035444
v -0.482043 0.000024 0.038115
v -0.639013 0.171274 0.230048
v -0.580045 0.171292 0.258167
v -0.482043 0.171154 0.038008
v -0.539805 0.171152 0.035336
v -0.458089 0.000191 0.305092
v -0.519670 0.000178 0.283292
v -0.441372 0.000050 0.079275
v -0.383611 0.000048 0.075914
v -0.519670 0.171307 0.283185
v -0.458089 0.171321 0.304985
v -0.383611 0.171177 0.075807
v -0.441372 0.171179 0.079167
v -0.331910 0.000213 0.338899
v -0.395445 0.000203 0.323647
v -0.338890 0.000071 0.112564
v -0.281818 0.000065 0.103172
v -0.395445 0.171333 0.323540
v -0.331910 0.171342 0.338792
v -0.281818 0.171194 0.103065
v -0.338890 0.171200 0.112457
v -0.202888 0.000225 0.359350
v -0.267657 0.000220 0.350819
v -0.233477 0.000085 0.134968
v -0.177698 0.000075 0.119687
v -0.267657 0.171350 0.350712
v -0.202888 0.171355 0.359242
v -0.177698 0.171205 0.119580
v -0.233477 0.171214 0.134861
v -0.072429 0.000230 0.366185
v -0.137744 0.000229 0.364462
v -0.126313 0.000092 0.146227
v -0.072429 0.000079 0.125202
v -0.137744 0.171358 0.364355
v -0.072429 0.171359 0.366078
v -0.072429 0.171208 0.125095
v -0.126313 0.171221 0.146120
v 0.058029 0.000225 0.359350
v -0.007114 0.000229 0.364462
v -0.018545 0.000092 0.146227
v 0.032840 0.000075 0.119687
v -0.007114 0.171358 0.364355
v 0.058029 0.171355 0.359242
v 0.032840 0.171205 0.119580
v -0.018545 0.171221 0.146120
v 0.187052 0.000213 0.338899
v 0.122799 0.000220 0.350819
v 0.088619 0.000085 0.134968
v 0.136931 0.000065 0.103172
v 0.122799 0.171350 0.350712
v 0.187052 0.171342 0.338792
v 0.136931 0.171194 0.103065
v 0.088619 0.171214 0.134861
v 0.313230 0.000191 0.305092
v 0.250586 0.000203 0.323647
v 0.194031 0.000071 0.112564
v 0.238752 0.000048 0.075914
v 0.250586 0.171333 0.323540
v 0.313230 0.171321 0.304985
v 0.238752 0.171177 0.075807
v 0.194031 0.171200 0.112457
v 0.435187 0.000162 0.258274
v 0.374812 0.000178 0.283292
v 0.296514 0.000050 0.079275
v 0.337156 0.000024 0.038115
v 0.374812 0.171307 0.283185
v 0.435187 0.171292 0.258167
v 0.337156 0.171154 0.038008
v 0.296514 0.171179 0.079167
v 0.551571 0.000125 0.198991
v 0.494155 0.000144 0.230155
v 0.394947 0.000022 0.035444
v 0.431080 -0.000006 -0.009737
v 0.494155 0.171274 0.230048
v 0.551571 0.171255 0.198883
v 0.431080 0.171124 -0.009844
v 0.394947 0.171152 0.035336
v 0.661148 0.000080 0.127845
v 0.607293 0.000103 0.164839
v 0.488266 -0.000012 -0.018440
v 0.519488 -0.000042 -0.067125
v 0.607293 0.171233 0.164732
v 0.661148 0.171210 0.127737
v 0.519488 0.171088 -0.067232
v 0.488266 0.171118 -0.018547
v 0.762654 0.000029 0.045612
v 0.712964 0.000055 0.088064
v 0.575440 -0.000051 -0.081773
v 0.601405 -0.000084 -0.133474
v 0.712964 0.171185 0.087956
v 0.762654 0.171158 0.045504
v 0.601405 0.171046 -0.133582
v 0.575440 0.171079 -0.081881
v 0.855027 -0.000029 -0.046761
v 0.810047 0.000000 0.000632
v 0.655519 -0.000096 -0.153896
v 0.675941 -0.000130 -0.208010
v 0.810047 0.171130 0.000525
v 0.855027 0.171100 -0.046868
v 0.675941 0.170999 -0.208117
v 0.655519 0.171033 -0.154003
v 0.937231 -0.000093 -0.148267
v 0.897479 -0.000060 -0.096422
v 0.727641 -0.000147 -0.233975
v 0.742290 -0.000182 -0.289927
v 0.897479 0.171069 -0.096529
v 0.937231 0.171037 -0.148374
v 0.742290 0.170948 -0.290034
v 0.727641 0.170983 -0.234082
v 1.008377 -0.000162 -0.257815
v 0.974254 -0.000127 -0.202122
v 0.790975 -0.000201 -0.321148
v 0.799678 -0.000237 -0.378335
v 0.974254 0.171003 -0.202229
v 1.008377 0.170968 -0.257922
v 0.799678 0.170893 -0.378443
v 0.790975 0.170928 -0.321256
v 1.067689 -0.000235 -0.374228
v 1.039570 -0.000198 -0.315260
v 0.844859 -0.000260 -0.414468
v 0.847530 -0.000296 -0.472230
v 1.039570 0.170932 -0.315368
v 1.067689 0.170895 -0.374335
v 0.847530 0.170834 -0.472337
v 0.844859 0.170870 -0.414576
v 1.114507 -0.000311 -0.496184
v 1.092707 -0.000273 -0.434574
v 0.888690 -0.000322 -0.512901
v 0.885329 -0.000358 -0.570662
v 1.092707 0.170857 -0.434682
v 1.114507 0.170819 -0.496292
v 0.885329 0.170772 -0.570770
v 0.888690 0.170808 -0.513008
v 1.148314 -0.000390 -0.622363
v 1.133062 -0.000350 -0.558829
v 0.921979 -0.000386 -0.615384
v 0.912587 -0.000422 -0.672456
v 1.133062 0.170779 -0.558936
v 1.148314 0.170739 -0.622470
v 0.912587 0.170708 -0.672563
v 0.921979 0.170744 -0.615491
v 1.168765 -0.000471 -0.751385
v 1.160234 -0.000431 -0.686616
v 0.944383 -0.000452 -0.720796
v 0.929102 -0.000487 -0.776575
v 1.160234 0.170699 -0.686723
v 1.168765 0.170659 -0.751493
v 0.929102 0.170643 -0.776683
v 0.944383 0.170678 -0.720903
v 1.173877 -0.000512 -0.816528
v 0.955642 -0.000519 -0.827960
v 1.173877 0.170618 -0.816636
v 0.955642 0.170611 -0.828067
v 0.644058 -0.000577 -0.919384
v 0.551801 -0.000594 -0.947447
v 0.555248 -0.000553 -0.881844
v -0.072429 -0.000553 -0.881844
v 0.644058 0.170553 -0.919492
v 0.555248 0.170577 -0.881951
v 0.551801 0.170536 -0.947554
v -0.072429 0.170577 -0.881951
v 0.636217 -0.000623 -0.994092
v 0.541518 -0.000635 -1.012331
v 0.636217 0.170506 -0.994199
v 0.541518 0.170495 -1.012438
v 0.620592 -0.000669 -1.067536
v 0.524515 -0.000675 -1.075808
v 0.620592 0.170460 -1.067643
v 0.524515 0.170455 -1.075916
v 0.597384 -0.000714 -1.138969
v 0.500991 -0.000713 -1.137131
v 0.597384 0.170416 -1.139077
v 0.500991 0.170417 -1.137239
v 0.566852 -0.000757 -1.207559
v 0.471148 -0.000750 -1.195668
v 0.566852 0.170373 -1.207666
v 0.471148 0.170380 -1.195775
v 0.529311 -0.000798 -1.272616
v 0.435359 -0.000784 -1.250787
v 0.529311 0.170332 -1.272723
v 0.435359 0.170345 -1.250894
v 0.485164 -0.000836 -1.333364
v 0.394027 -0.000816 -1.301827
v 0.485164 0.170294 -1.333472
v 0.394027 0.170313 -1.301934
v 0.434900 -0.000871 -1.389173
v 0.347554 -0.000845 -1.348300
v 0.434900 0.170259 -1.389280
v 0.347554 0.170284 -1.348408
v 0.379091 -0.000903 -1.439437
v 0.296514 -0.000871 -1.389632
v 0.379091 0.170227 -1.439545
v 0.296514 0.170258 -1.389740
v 0.318343 -0.000930 -1.483584
v 0.241395 -0.000894 -1.425421
v 0.318343 0.170199 -1.483691
v 0.241395 0.170236 -1.425528
v 0.253286 -0.000954 -1.521125
v 0.182858 -0.000913 -1.455264
v 0.253286 0.170176 -1.521232
v 0.182858 0.170217 -1.455371
v 0.184696 -0.000973 -1.551657
v 0.121535 -0.000927 -1.478787
v 0.184696 0.170157 -1.551764
v 0.121535 0.170202 -1.478895
v 0.113263 -0.000988 -1.574865
v 0.058058 -0.000938 -1.495791
v 0.113263 0.170142 -1.574972
v 0.058058 0.170192 -1.495898
v 0.039819 -0.000997 -1.590490
v -0.006826 -0.000944 -1.506074
v 0.039819 0.170132 -1.590597
v -0.006826 0.170185 -1.506181
v -0.034889 -0.001002 -1.598331
v -0.072429 -0.000947 -1.509521
v -0.034889 0.170127 -1.598439
v -0.072429 0.170183 -1.509628
v -0.109970 -0.001002 -1.598331
v -0.138032 -0.000944 -1.506074
v -0.109970 0.170127 -1.598439
v -0.138032 0.170185 -1.506181
v -0.184677 -0.000997 -1.590490
v -0.202916 -0.000938 -1.495791
v -0.184677 0.170132 -1.590597
v -0.202916 0.170192 -1.495898
v -0.258121 -0.000988 -1.574865
v -0.266393 -0.000927 -1.478787
v -0.258121 0.170142 -1.574972
v -0.266393 0.170202 -1.478895
v -0.329555 -0.000973 -1.551657
v -0.327716 -0.000913 -1.455264
v -0.329555 0.170157 -1.551764
v -0.327716 0.170217 -1.455371
v -0.398144 -0.000954 -1.521125
v -0.386253 -0.000894 -1.425421
v -0.398144 0.170176 -1.521232
v -0.386253 0.170236 -1.425528
v -0.463201 -0.000930 -1.483584
v -0.441372 -0.000871 -1.389632
v -0.463201 0.170199 -1.483691
v -0.441372 0.170258 -1.389740
v -0.523950 -0.000903 -1.439437
v -0.492412 -0.000845 -1.348300
v -0.523950 0.170227 -1.439545
v -0.492412 0.170284 -1.348408
v -0.579758 -0.000871 -1.389173
v -0.538886 -0.000816 -1.301827
v -0.579758 0.170259 -1.389280
v -0.538886 0.170313 -1.301934
v -0.630023 -0.000836 -1.333364
v -0.580217 -0.000784 -1.250787
v -0.630023 0.170294 -1.333472
v -0.580217 0.170345 -1.250894
v -0.674170 -0.000798 -1.272616
v -0.616006 -0.000750 -1.195668
v -0.674170 0.170332 -1.272723
v -0.616006 0.170380 -1.195775
v -0.711710 -0.000757 -1.207559
v -0.645849 -0.000713 -1.137131
v -0.711710 0.170373 -1.207666
v -0.645849 0.170417 -1.137239
v -0.742242 -0.000714 -1.138969
v -0.669373 -0.000675 -1.075808
v -0.742242 0.170416 -1.139077
v -0.669373 0.170455 -1.075916
v -0.765450 -0.000669 -1.067536
v -0.686377 -0.000635 -1.012331
v -0.765450 0.170460 -1.067643
v -0.686377 0.170495 -1.012438
v -0.781075 -0.000623 -0.994092
v -0.696659 -0.000594 -0.947447
v -0.781075 0.170506 -0.994199
v -0.696659 0.170536 -0.947554
v -0.788917 -0.000577 -0.919384
v -0.700106 -0.000553 -0.881844
v -0.788917 0.170553 -0.919492
v -0.700106 0.170577 -0.881951
v -0.788917 -0.000529 -0.844303
v -0.696659 -0.000512 -0.816241
v -0.788917 0.170600 -0.844411
v -0.696659 0.170618 -0.816349
v -0.781075 -0.000483 -0.769596
v -0.686377 -0.000471 -0.751357
v -0.781075 0.170647 -0.769703
v -0.686377 0.170659 -0.751464
v -0.765450 -0.000437 -0.696152
v -0.669373 -0.000431 -0.687880
v -0.765450 0.170693 -0.696259
v -0.669373 0.170698 -0.687987
v -0.742242 -0.000392 -0.624718
v -0.645849 -0.000393 -0.626557
v -0.742242 0.170738 -0.624826
v -0.645849 0.170737 -0.626664
v -0.711710 -0.000349 -0.556129
v -0.616006 -0.000356 -0.568020
v -0.711710 0.170781 -0.556236
v -0.616006 0.170774 -0.568127
v -0.674170 -0.000308 -0.491072
v -0.580217 -0.000322 -0.512901
v -0.674170 0.170822 -0.491179
v -0.580217 0.170808 -0.513008
v -0.630023 -0.000270 -0.430323
v -0.538886 -0.000290 -0.461861
v -0.630023 0.170860 -0.430431
v -0.538886 0.170840 -0.461968
v -0.579758 -0.000235 -0.374515
v -0.492412 -0.000260 -0.415388
v -0.579758 0.170895 -0.374622
v -0.492412 0.170869 -0.415495
v -0.523950 -0.000203 -0.324250
v -0.441372 -0.000235 -0.374056
v -0.523950 0.170926 -0.324358
v -0.441372 0.170895 -0.374163
v -0.463201 -0.000176 -0.280104
v -0.386253 -0.000212 -0.338267
v -0.463201 0.170954 -0.280211
v -0.386253 0.170918 -0.338374
v -0.398173 -0.000152 -0.242563
v -0.327716 -0.000193 -0.308424
v -0.398173 0.170978 -0.242670
v -0.327716 0.170936 -0.308532
v -0.329555 -0.000133 -0.212031
v -0.266393 -0.000179 -0.284900
v -0.329555 0.170997 -0.212138
v -0.266393 0.170951 -0.285008
v -0.258121 -0.000118 -0.188823
v -0.202945 -0.000168 -0.267896
v -0.258121 0.171011 -0.188930
v -0.202945 0.170962 -0.268004
v -0.184677 -0.000109 -0.173198
v -0.138032 -0.000162 -0.257614
v -0.184677 0.171021 -0.173305
v -0.138032 0.170968 -0.257721
v -0.109970 -0.000104 -0.165357
v -0.072429 -0.000159 -0.254167
v -0.109970 0.171026 -0.165464
v -0.072429 0.170970 -0.254274
v -0.034889 -0.000104 -0.165357
v -0.006826 -0.000162 -0.257614
v -0.034889 0.171026 -0.165464
v -0.006826 0.170968 -0.257721
v 0.039819 -0.000109 -0.173198
v 0.058058 -0.000168 -0.267896
v 0.039819 0.171021 -0.173305
v 0.058058 0.170962 -0.268004
v 0.113263 -0.000118 -0.188823
v 0.121535 -0.000179 -0.284900
v 0.113263 0.171011 -0.188930
v 0.121535 0.170951 -0.285008
v 0.184696 -0.000133 -0.212031
v 0.182858 -0.000193 -0.308424
v 0.184696 0.170997 -0.212138
v 0.182858 0.170936 -0.308532
v 0.253286 -0.000152 -0.242563
v 0.241395 -0.000212 -0.338267
v 0.253286 0.170978 -0.242670
v 0.241395 0.170918 -0.338374
v 0.318343 -0.000176 -0.280104
v 0.296514 -0.000235 -0.374056
v 0.318343 0.170954 -0.280211
v 0.296514 0.170895 -0.374163
v 0.379091 -0.000203 -0.324250
v 0.347554 -0.000260 -0.415388
v 0.379091 0.170926 -0.324358
v 0.347554 0.170869 -0.415495
v 0.434900 -0.000235 -0.374515
v 0.394027 -0.000290 -0.461861
v 0.434900 0.170895 -0.374622
v 0.394027 0.170840 -0.461968
v 0.485164 -0.000270 -0.430323
v 0.435359 -0.000322 -0.512901
v 0.485164 0.170860 -0.430431
v 0.435359 0.170808 -0.513008
v 0.529311 -0.000308 -0.491072
v 0.471148 -0.000356 -0.567991
v 0.529311 0.170822 -0.491179
v 0.471148 0.170774 -0.568098
v 0.566852 -0.000349 -0.556100
v 0.500991 -0.000393 -0.626557
v 0.566852 0.170781 -0.556207
v 0.500991 0.170737 -0.626664
v 0.597384 -0.000392 -0.624718
v 0.524515 -0.000431 -0.687880
v 0.597384 0.170738 -0.624826
v 0.524515 0.170698 -0.687987
v 0.620592 -0.000437 -0.696152
v 0.541518 -0.000471 -0.751328
v 0.620592 0.170693 -0.696259
v 0.541518 0.170659 -0.751435
v 0.636217 -0.000483 -0.769596
v 0.551801 -0.000512 -0.816241
v 0.636217 0.170647 -0.769703
v 0.551801 0.170618 -0.816349
v 0.644058 -0.000529 -0.844303
v 0.644058 0.170600 -0.844411
v 1.353279 0.167697 -1.031796
v 1.359167 0.167744 -0.956973
v 1.361149 0.167791 -0.881949
v 1.361149 0.002262 -0.881846
v 1.359167 0.002215 -0.956869
v 1.353279 0.002168 -1.031692
v 1.329813 0.167604 -1.180005
v 1.343485 0.167650 -1.106216
v 1.343485 0.002121 -1.106112
v 1.329813 0.002075 -1.179901
v 1.290980 0.167513 -1.324939
v 1.312292 0.167558 -1.252989
v 1.312292 0.002029 -1.252885
v 1.290980 0.001984 -1.324836
v 1.237211 0.167425 -1.465020
v 1.265933 0.167468 -1.395683
v 1.265933 0.001940 -1.395580
v 1.237211 0.001896 -1.464916
v 1.169080 0.167341 -1.598724
v 1.204898 0.167383 -1.532777
v 1.204898 0.001854 -1.532673
v 1.169080 0.001812 -1.598620
v 1.087364 0.167262 -1.724587
v 1.129874 0.167301 -1.662718
v 1.129874 0.001772 -1.662614
v 1.087364 0.001733 -1.724483
v 0.992924 0.167189 -1.841201
v 1.041667 0.167225 -1.784129
v 1.041667 0.001696 -1.784025
v 0.992924 0.001660 -1.841097
v 0.886823 0.167123 -1.947303
v 0.941252 0.167155 -1.895631
v 0.941252 0.001626 -1.895527
v 0.886823 0.001594 -1.947199
v 0.770208 0.167063 -2.041743
v 0.829751 0.167092 -1.996045
v 0.829751 0.001563 -1.995941
v 0.770208 0.001535 -2.041639
v 0.644346 0.167012 -2.123459
v 0.708340 0.167037 -2.084253
v 0.708340 0.001508 -2.084149
v 0.644346 0.001483 -2.123355
v 0.510642 0.166969 -2.191589
v 0.578398 0.166990 -2.159276
v 0.578398 0.001461 -2.159172
v 0.510642 0.001441 -2.191485
v 0.370561 0.166936 -2.245358
v 0.441305 0.166951 -2.220312
v 0.441305 0.001423 -2.220208
v 0.370561 0.001407 -2.245254
v 0.225626 0.166911 -2.284191
v 0.298610 0.166922 -2.266670
v 0.298610 0.001393 -2.266566
v 0.225626 0.001382 -2.284087
v 0.077417 0.166897 -2.307657
v 0.151838 0.166903 -2.297863
v 0.151838 0.001374 -2.297759
v 0.077417 0.001368 -2.307554
v -0.072429 0.166892 -2.315528
v 0.002595 0.166893 -2.313546
v 0.002595 0.001364 -2.313442
v -0.072429 0.001363 -2.315424
v -0.222275 0.166897 -2.307657
v -0.147453 0.166893 -2.313546
v -0.147453 0.001364 -2.313442
v -0.222275 0.001368 -2.307554
v -0.370484 0.166911 -2.284191
v -0.296696 0.166903 -2.297863
v -0.296696 0.001374 -2.297759
v -0.370484 0.001382 -2.284087
v -0.515419 0.166936 -2.245358
v -0.443469 0.166922 -2.266670
v -0.443469 0.001393 -2.266566
v -0.515419 0.001407 -2.245254
v -0.655500 0.166969 -2.191589
v -0.586163 0.166951 -2.220312
v -0.586163 0.001423 -2.220208
v -0.655500 0.001441 -2.191485
v -0.789204 0.167012 -2.123459
v -0.723256 0.166990 -2.159276
v -0.723256 0.001461 -2.159172
v -0.789204 0.001483 -2.123355
v -0.915067 0.167063 -2.041743
v -0.853198 0.167037 -2.084253
v -0.853198 0.001508 -2.084149
v -0.915067 0.001535 -2.041639
v -1.031681 0.167123 -1.947303
v -0.974609 0.167092 -1.996045
v -0.974609 0.001563 -1.995941
v -1.031681 0.001594 -1.947199
v -1.137782 0.167189 -1.841201
v -1.086110 0.167155 -1.895631
v -1.086110 0.001626 -1.895527
v -1.137782 0.001660 -1.841097
v -1.232223 0.167262 -1.724587
v -1.186525 0.167225 -1.784129
v -1.186525 0.001696 -1.784025
v -1.232223 0.001733 -1.724483
v -1.313939 0.167341 -1.598724
v -1.274732 0.167301 -1.662718
v -1.274732 0.001772 -1.662614
v -1.313939 0.001812 -1.598620
v -1.382069 0.167425 -1.465020
v -1.349756 0.167383 -1.532777
v -1.349756 0.001854 -1.532673
v -1.382069 0.001896 -1.464916
v -1.435838 0.167513 -1.324939
v -1.410792 0.167468 -1.395683
v -1.410792 0.001940 -1.395580
v -1.435838 0.001984 -1.324836
v -1.474671 0.167604 -1.180005
v -1.457150 0.167558 -1.252989
v -1.457150 0.002029 -1.252885
v -1.474671 0.002075 -1.179901
v -1.498137 0.167697 -1.031796
v -1.488343 0.167650 -1.106216
v -1.488343 0.002121 -1.106112
v -1.498137 0.002168 -1.031692
v -1.506007 0.167791 -0.881949
v -1.504025 0.167744 -0.956973
v -1.504025 0.002215 -0.956869
v -1.506007 0.002262 -0.881846
v -1.498137 0.167885 -0.732103
v -1.504025 0.167838 -0.806926
v -1.504025 0.002309 -0.806822
v -1.498137 0.002356 -0.731999
v -1.474671 0.167978 -0.583894
v -1.488343 0.167931 -0.657683
v -1.488343 0.002402 -0.657579
v -1.474671 0.002449 -0.583790
v -1.435838 0.168068 -0.438959
v -1.457150 0.168023 -0.510910
v -1.457150 0.002495 -0.510806
v -1.435838 0.002540 -0.438856
v -1.382069 0.168156 -0.298879
v -1.410792 0.168113 -0.368216
v -1.410792 0.002584 -0.368112
v -1.382069 0.002627 -0.298775
v -1.313939 0.168240 -0.165175
v -1.349756 0.168199 -0.231122
v -1.349756 0.002670 -0.231018
v -1.313939 0.002711 -0.165071
v -1.232223 0.168319 -0.039312
v -1.274732 0.168280 -0.101181
v -1.274732 0.002751 -0.101077
v -1.232223 0.002790 -0.039208
v -1.137782 0.168392 0.077302
v -1.186525 0.168356 0.020230
v -1.186525 0.002828 0.020334
v -1.137782 0.002863 0.077406
v -1.031681 0.168459 0.183404
v -1.086110 0.168426 0.131732
v -1.086110 0.002898 0.131835
v -1.031681 0.002930 0.183507
v -0.915067 0.168518 0.277815
v -0.974609 0.168489 0.232146
v -0.974609 0.002961 0.232250
v -0.915067 0.002989 0.277919
v -0.789204 0.168569 0.359560
v -0.853198 0.168545 0.320325
v -0.853198 0.003016 0.320429
v -0.789204 0.003040 0.359664
v -0.655528 0.168612 0.427690
v -0.723256 0.168592 0.395377
v -0.723256 0.003063 0.395481
v -0.655528 0.003083 0.427794
v -0.515419 0.168646 0.481459
v -0.586163 0.168630 0.456384
v -0.586163 0.003101 0.456488
v -0.515419 0.003117 0.481563
v -0.370484 0.168670 0.520292
v -0.443469 0.168659 0.502771
v -0.443469 0.003130 0.502875
v -0.370484 0.003141 0.520396
v -0.222275 0.168685 0.543758
v -0.296696 0.168679 0.533964
v -0.296696 0.003150 0.534068
v -0.222275 0.003156 0.543862
v -0.072429 0.168690 0.551628
v -0.147453 0.168688 0.549647
v -0.147453 0.003160 0.549750
v -0.072429 0.003161 0.551732
v 0.077417 0.168685 0.543758
v 0.002595 0.168688 0.549647
v 0.002595 0.003160 0.549750
v 0.077417 0.003156 0.543862
v 0.225626 0.168670 0.520292
v 0.151838 0.168679 0.533964
v 0.151838 0.003150 0.534068
v 0.225626 0.003141 0.520396
v 0.370561 0.168646 0.481459
v 0.298610 0.168659 0.502771
v 0.298610 0.003130 0.502875
v 0.370561 0.003117 0.481563
v 0.510642 0.168612 0.427690
v 0.441305 0.168630 0.456413
v 0.441305 0.003101 0.456517
v 0.510642 0.003083 0.427794
v 0.644346 0.168569 0.359560
v 0.578398 0.168592 0.395377
v 0.578398 0.003063 0.395481
v 0.644346 0.003040 0.359664
v 0.770208 0.168518 0.277844
v 0.708340 0.168545 0.320353
v 0.708340 0.003016 0.320457
v 0.770208 0.002989 0.277948
v 0.886823 0.168459 0.183404
v 0.829751 0.168489 0.232146
v 0.829751 0.002961 0.232250
v 0.886823 0.002930 0.183507
v 0.992924 0.168392 0.077302
v 0.941252 0.168426 0.131732
v 0.941252 0.002898 0.131835
v 0.992924 0.002863 0.077406
v 1.087336 0.168319 -0.039312
v 1.041667 0.168356 0.020230
v 1.041667 0.002828 0.020334
v 1.087336 0.002790 -0.039208
v 1.169080 0.168240 -0.165175
v 1.129845 0.168280 -0.101181
v 1.129845 0.002751 -0.101077
v 1.169080 0.002711 -0.165071
v 1.237211 0.168156 -0.298850
v 1.204898 0.168199 -0.231122
v 1.204898 0.002670 -0.231018
v 1.237211 0.002627 -0.298746
v 1.290980 0.168068 -0.438959
v 1.265905 0.168113 -0.368187
v 1.265905 0.002584 -0.368083
v 1.290980 0.002540 -0.438856
v 1.329813 0.167978 -0.583894
v 1.312292 0.168023 -0.510910
v 1.312292 0.002495 -0.510806
v 1.329813 0.002449 -0.583790
v 1.353279 0.167885 -0.732103
v 1.343485 0.167931 -0.657683
v 1.343485 0.002402 -0.657579
v 1.353279 0.002356 -0.731999
v 1.359167 0.167838 -0.806926
v 1.359167 0.002309 -0.806822
v -0.450018 1.934723 -0.931024
v -0.450018 1.934773 -0.851376
v -0.532883 1.934773 -0.851376
v -0.532883 1.934723 -0.931024
v -0.367181 1.934723 -0.931024
v -0.367181 1.934773 -0.851376
v -0.450018 1.934823 -0.771728
v -0.367181 1.934823 -0.771728
v -0.532883 1.934823 -0.771728
v -0.367181 2.207397 -0.731688
v -0.450018 2.207397 -0.731688
v -0.450018 2.026301 -0.731574
v -0.367181 2.026301 -0.731574
v -0.367181 2.388523 -0.731801
v -0.450018 2.388523 -0.731801
v -0.532883 2.207397 -0.731688
v -0.532883 2.388523 -0.731801
v -0.532883 2.026301 -0.731574
v -0.325332 2.207272 -0.931195
v -0.325332 2.207322 -0.851547
v -0.325332 2.026226 -0.851434
v -0.325332 2.026176 -0.931082
v -0.325332 2.388398 -0.931309
v -0.325332 2.388448 -0.851661
v -0.325332 2.207372 -0.771899
v -0.325332 2.388497 -0.772013
v -0.325332 2.026276 -0.771786
v -0.532883 2.207247 -0.971407
v -0.450018 2.207247 -0.971407
v -0.450018 2.026151 -0.971294
v -0.532883 2.026151 -0.971294
v -0.532883 2.388372 -0.971521
v -0.450018 2.388372 -0.971521
v -0.367181 2.207247 -0.971407
v -0.367181 2.388372 -0.971521
v -0.367181 2.026151 -0.971294
v -0.574703 2.207372 -0.771899
v -0.574703 2.207322 -0.851547
v -0.574703 2.026226 -0.851434
v -0.574703 2.026276 -0.771786
v -0.574703 2.388497 -0.772013
v -0.574703 2.388448 -0.851661
v -0.574703 2.207272 -0.931195
v -0.574703 2.388398 -0.931309
v -0.574703 2.026176 -0.931082
v -0.534491 2.476933 -0.729559
v -0.450018 2.476933 -0.729559
v -0.450018 2.486473 -0.722585
v -0.539288 2.486473 -0.722585
v -0.365573 2.476933 -0.729559
v -0.360776 2.486473 -0.722585
v -0.450018 2.492337 -0.715638
v -0.355951 2.492337 -0.715638
v -0.544113 2.492337 -0.715638
v -0.322920 2.476907 -0.770546
v -0.322920 2.476856 -0.851716
v -0.315682 2.486392 -0.851722
v -0.315682 2.486445 -0.765928
v -0.322920 2.476805 -0.932915
v -0.315682 2.486338 -0.937546
v -0.308444 2.492251 -0.851726
v -0.308444 2.492194 -0.942174
v -0.308444 2.492308 -0.761307
v -0.365573 2.476779 -0.973903
v -0.450018 2.476779 -0.973903
v -0.450018 2.486311 -0.980860
v -0.360776 2.486311 -0.980860
v -0.534491 2.476779 -0.973903
v -0.539288 2.486311 -0.980860
v -0.450018 2.492166 -0.987843
v -0.544113 2.492166 -0.987843
v -0.355951 2.492166 -0.987843
v -0.577116 2.476805 -0.932915
v -0.577116 2.476856 -0.851716
v -0.584354 2.486392 -0.851722
v -0.584354 2.486338 -0.937546
v -0.577116 2.476907 -0.770546
v -0.584354 2.486445 -0.765928
v -0.591592 2.492251 -0.851726
v -0.591592 2.492308 -0.761307
v -0.591592 2.492194 -0.942174
v -0.354342 2.548721 -0.713347
v -0.450018 2.548721 -0.713347
v -0.450018 2.511697 -0.713323
v -0.354342 2.511697 -0.713323
v -0.354342 2.585773 -0.713370
v -0.450018 2.585773 -0.713370
v -0.545693 2.548721 -0.713347
v -0.545693 2.585773 -0.713370
v -0.545693 2.511697 -0.713323
v -0.306031 2.548576 -0.943731
v -0.306031 2.548634 -0.851761
v -0.306031 2.511610 -0.851738
v -0.306031 2.511553 -0.943708
v -0.306031 2.585629 -0.943755
v -0.306031 2.585686 -0.851785
v -0.306031 2.548692 -0.759791
v -0.306031 2.585744 -0.759815
v -0.306031 2.511668 -0.759768
v -0.545693 2.548547 -0.990176
v -0.450018 2.548547 -0.990176
v -0.450018 2.511523 -0.990153
v -0.545693 2.511523 -0.990153
v -0.545693 2.585599 -0.990199
v -0.450018 2.585599 -0.990199
v -0.354342 2.548547 -0.990176
v -0.354342 2.585599 -0.990199
v -0.354342 2.511523 -0.990153
v -0.594004 2.548692 -0.759791
v -0.594004 2.548634 -0.851761
v -0.594004 2.511610 -0.851738
v -0.594004 2.511668 -0.759768
v -0.594004 2.585744 -0.759815
v -0.594004 2.585686 -0.851785
v -0.594004 2.548576 -0.943731
v -0.594004 2.585629 -0.943755
v -0.594004 2.511553 -0.943708
v -0.450018 2.605361 -0.714646
v -0.450018 2.611879 -0.718355
v -0.542275 2.611879 -0.718355
v -0.544831 2.605361 -0.714646
v -0.355204 2.605361 -0.714646
v -0.357789 2.611879 -0.718355
v -0.366205 2.617443 -0.730566
v -0.450018 2.617443 -0.730566
v -0.533830 2.617443 -0.730566
v -0.307323 2.605275 -0.851797
v -0.311201 2.611795 -0.851801
v -0.311201 2.611851 -0.763134
v -0.307323 2.605332 -0.760660
v -0.307323 2.605218 -0.942963
v -0.311201 2.611740 -0.940468
v -0.323896 2.617317 -0.932372
v -0.323896 2.617367 -0.851804
v -0.323896 2.617418 -0.771237
v -0.450018 2.605189 -0.988976
v -0.450018 2.611712 -0.985247
v -0.357789 2.611712 -0.985247
v -0.355204 2.605189 -0.988976
v -0.544831 2.605189 -0.988976
v -0.542275 2.611712 -0.985247
v -0.533830 2.617291 -0.973072
v -0.450018 2.617291 -0.973072
v -0.366205 2.617291 -0.973072
v -0.592712 2.605275 -0.851797
v -0.588834 2.611795 -0.851801
v -0.588834 2.611740 -0.940468
v -0.592712 2.605218 -0.942963
v -0.592712 2.605332 -0.760660
v -0.588834 2.611851 -0.763134
v -0.576168 2.617418 -0.771237
v -0.576168 2.617367 -0.851804
v -0.576168 2.617317 -0.932372
v -0.450018 2.619294 -0.757164
v -0.515448 2.619294 -0.757164
v -0.384616 2.619294 -0.757164
v -0.402137 2.616147 -0.782553
v -0.450018 2.616147 -0.782553
v -0.497898 2.616147 -0.782553
v -0.351585 2.619234 -0.851806
v -0.351585 2.619274 -0.788932
v -0.351585 2.619195 -0.914708
v -0.377981 2.616075 -0.897846
v -0.377981 2.616103 -0.851804
v -0.377981 2.616132 -0.805790
v -0.450018 2.619175 -0.946447
v -0.384616 2.619175 -0.946447
v -0.515448 2.619175 -0.946447
v -0.497898 2.616060 -0.921083
v -0.450018 2.616060 -0.921083
v -0.402137 2.616060 -0.921083
v -0.548479 2.619234 -0.851806
v -0.548479 2.619195 -0.914708
v -0.548479 2.619274 -0.788932
v -0.522083 2.616132 -0.805790
v -0.522083 2.616103 -0.851804
v -0.522083 2.616075 -0.897846
v -0.407996 2.435447 -0.790884
v -0.450018 2.435447 -0.790884
v -0.450018 2.557576 -0.790961
v -0.407996 2.557576 -0.790961
v -0.407996 2.313290 -0.790808
v -0.450018 2.313290 -0.790808
v -0.492068 2.435447 -0.790884
v -0.492068 2.313290 -0.790808
v -0.492068 2.557576 -0.790961
v -0.386770 2.435384 -0.892103
v -0.386770 2.435409 -0.851690
v -0.386770 2.557538 -0.851767
v -0.386770 2.557513 -0.892180
v -0.386770 2.313226 -0.892027
v -0.386770 2.313251 -0.851614
v -0.386770 2.435434 -0.811306
v -0.386770 2.313277 -0.811230
v -0.386770 2.557563 -0.811383
v -0.492068 2.435371 -0.912496
v -0.450018 2.435371 -0.912496
v -0.450018 2.557500 -0.912573
v -0.492068 2.557500 -0.912573
v -0.492068 2.313213 -0.912420
v -0.450018 2.313213 -0.912420
v -0.407996 2.435371 -0.912496
v -0.407996 2.313213 -0.912420
v -0.407996 2.557500 -0.912573
v -0.513294 2.435434 -0.811306
v -0.513294 2.435409 -0.851690
v -0.513294 2.557538 -0.851767
v -0.513294 2.557563 -0.811383
v -0.513294 2.313277 -0.811230
v -0.513294 2.313251 -0.851614
v -0.513294 2.435384 -0.892103
v -0.513294 2.313226 -0.892027
v -0.513294 2.557513 -0.892180
v -0.450018 2.251581 -0.811191
v -0.450018 2.251555 -0.851575
v -0.492068 2.251555 -0.851575
v -0.492068 2.251581 -0.811191
v -0.407996 2.251581 -0.811191
v -0.407996 2.251555 -0.851575
v -0.450018 2.251530 -0.891988
v -0.407996 2.251530 -0.891988
v -0.492068 2.251530 -0.891988
v -0.450018 1.939352 -0.969200
v -0.450018 1.934703 -0.963050
v -0.532883 1.934703 -0.963050
v -0.532883 1.939352 -0.969200
v -0.367181 1.939352 -0.969200
v -0.367181 1.934703 -0.963050
v -0.450018 1.939500 -0.733588
v -0.450018 1.934843 -0.739731
v -0.367181 1.934843 -0.739731
v -0.367181 1.939500 -0.733588
v -0.532883 1.939500 -0.733588
v -0.532883 1.934843 -0.739731
v -0.327458 2.207248 -0.969368
v -0.325332 2.207252 -0.963221
v -0.325332 2.026156 -0.963108
v -0.327458 2.026152 -0.969254
v -0.327458 2.388374 -0.969481
v -0.325332 2.388377 -0.963335
v -0.327458 2.207396 -0.733756
v -0.325332 2.207392 -0.739902
v -0.325332 2.388517 -0.740016
v -0.327458 2.388521 -0.733869
v -0.327458 2.026300 -0.733642
v -0.325332 2.026296 -0.739789
v -0.572577 2.207396 -0.733756
v -0.574703 2.207392 -0.739902
v -0.574703 2.026296 -0.739789
v -0.572577 2.026300 -0.733642
v -0.572577 2.388521 -0.733869
v -0.574703 2.388517 -0.740016
v -0.572577 2.207248 -0.969368
v -0.574703 2.207252 -0.963221
v -0.574703 2.388377 -0.963335
v -0.572577 2.388374 -0.969481
v -0.572577 2.026152 -0.969254
v -0.574703 2.026156 -0.963108
v -0.322920 2.476785 -0.965544
v -0.315682 2.486316 -0.972042
v -0.325103 2.476781 -0.971806
v -0.317980 2.486312 -0.978648
v -0.308444 2.492172 -0.978508
v -0.310885 2.492167 -0.985488
v -0.308444 2.492331 -0.724944
v -0.315682 2.486467 -0.731432
v -0.310885 2.492335 -0.717964
v -0.317980 2.486471 -0.724797
v -0.325103 2.476931 -0.731627
v -0.322920 2.476927 -0.737917
v -0.577116 2.476927 -0.737917
v -0.584354 2.486467 -0.731432
v -0.574961 2.476931 -0.731627
v -0.582056 2.486471 -0.724797
v -0.591592 2.492331 -0.724944
v -0.589179 2.492335 -0.717964
v -0.591592 2.492172 -0.978508
v -0.584354 2.486316 -0.972042
v -0.589179 2.492167 -0.985488
v -0.582056 2.486312 -0.978648
v -0.574961 2.476781 -0.971806
v -0.577116 2.476785 -0.965544
v -0.308501 2.548549 -0.987821
v -0.306031 2.548553 -0.980726
v -0.306031 2.511529 -0.980703
v -0.308501 2.511525 -0.987797
v -0.308501 2.585601 -0.987844
v -0.306031 2.585605 -0.980749
v -0.308501 2.548719 -0.715731
v -0.306031 2.548715 -0.722825
v -0.306031 2.585767 -0.722848
v -0.308501 2.585771 -0.715754
v -0.308501 2.511695 -0.715708
v -0.306031 2.511691 -0.722802
v -0.591563 2.548719 -0.715731
v -0.594004 2.548715 -0.722825
v -0.594004 2.511691 -0.722802
v -0.591563 2.511695 -0.715708
v -0.591563 2.585771 -0.715754
v -0.594004 2.585767 -0.722848
v -0.591563 2.548549 -0.987821
v -0.594004 2.548553 -0.980726
v -0.594004 2.585605 -0.980749
v -0.591563 2.585601 -0.987844
v -0.591563 2.511525 -0.987797
v -0.594004 2.511529 -0.980703
v -0.307323 2.605195 -0.979584
v -0.311201 2.611717 -0.976113
v -0.309765 2.605191 -0.986621
v -0.313585 2.611713 -0.982978
v -0.326051 2.617292 -0.971004
v -0.323896 2.617296 -0.964771
v -0.323896 2.617438 -0.738867
v -0.311201 2.611873 -0.727489
v -0.326051 2.617442 -0.732634
v -0.313585 2.611877 -0.720653
v -0.307323 2.605355 -0.724010
v -0.309765 2.605360 -0.716973
v -0.592712 2.605355 -0.724010
v -0.588834 2.611873 -0.727489
v -0.590271 2.605360 -0.716973
v -0.586479 2.611877 -0.720653
v -0.574013 2.617442 -0.732634
v -0.576168 2.617438 -0.738867
v -0.576168 2.617296 -0.964771
v -0.588834 2.611717 -0.976113
v -0.574013 2.617292 -0.971004
v -0.586479 2.611713 -0.982978
v -0.592712 2.605195 -0.979584
v -0.590271 2.605191 -0.986621
v -0.351585 2.619179 -0.939984
v -0.353251 2.619176 -0.944838
v -0.379187 2.616061 -0.919905
v -0.377981 2.616063 -0.916344
v -0.377981 2.616144 -0.787293
v -0.351585 2.619290 -0.763656
v -0.379187 2.616146 -0.783731
v -0.353251 2.619293 -0.758802
v -0.548479 2.619290 -0.763656
v -0.546784 2.619293 -0.758802
v -0.520848 2.616146 -0.783731
v -0.522083 2.616144 -0.787293
v -0.522083 2.616063 -0.916344
v -0.548479 2.619179 -0.939984
v -0.520848 2.616061 -0.919905
v -0.546784 2.619176 -0.944838
v -0.387862 2.435371 -0.911462
v -0.386770 2.435374 -0.908360
v -0.386770 2.557503 -0.908437
v -0.387862 2.557500 -0.911539
v -0.387862 2.313214 -0.911386
v -0.386770 2.313216 -0.908284
v -0.387862 2.435447 -0.791918
v -0.386770 2.435445 -0.795049
v -0.386770 2.313287 -0.794973
v -0.387862 2.313289 -0.791842
v -0.387862 2.557575 -0.791995
v -0.386770 2.557574 -0.795126
v -0.512202 2.435447 -0.791918
v -0.513294 2.435445 -0.795049
v -0.513294 2.557574 -0.795126
v -0.512202 2.557575 -0.791995
v -0.512202 2.313289 -0.791842
v -0.513294 2.313287 -0.794973
v -0.512202 2.435371 -0.911462
v -0.513294 2.435374 -0.908360
v -0.513294 2.313216 -0.908284
v -0.512202 2.313214 -0.911386
v -0.512202 2.557500 -0.911539
v -0.513294 2.557503 -0.908437
v -0.450018 2.254752 -0.791805
v -0.450018 2.251591 -0.794934
v -0.492068 2.251591 -0.794934
v -0.492068 2.254752 -0.791805
v -0.407996 2.254752 -0.791805
v -0.407996 2.251591 -0.794934
v -0.450018 2.254677 -0.911349
v -0.450018 2.251520 -0.908245
v -0.407996 2.251520 -0.908245
v -0.407996 2.254677 -0.911349
v -0.492068 2.254677 -0.911349
v -0.492068 2.251520 -0.908245
v -0.333863 1.934723 -0.931024
v -0.333863 1.934773 -0.851376
v -0.327458 1.939376 -0.931027
v -0.327458 1.939426 -0.851379
v -0.333863 1.934823 -0.771728
v -0.327458 1.939476 -0.771731
v -0.566172 1.934823 -0.771728
v -0.566172 1.934773 -0.851376
v -0.572577 1.939476 -0.771731
v -0.572577 1.939426 -0.851379
v -0.566172 1.934723 -0.931024
v -0.572577 1.939376 -0.931027
v -0.333863 2.207397 -0.731688
v -0.333863 2.026301 -0.731574
v -0.333863 2.388523 -0.731801
v -0.566172 2.207397 -0.731688
v -0.566172 2.388523 -0.731801
v -0.566172 2.026301 -0.731574
v -0.566172 2.207247 -0.971407
v -0.566172 2.026151 -0.971294
v -0.566172 2.388372 -0.971521
v -0.333863 2.207247 -0.971407
v -0.333863 2.388372 -0.971521
v -0.333863 2.026151 -0.971294
v -0.331623 2.476933 -0.729559
v -0.324873 2.486473 -0.722585
v -0.318123 2.492337 -0.715638
v -0.581912 2.492337 -0.715638
v -0.575163 2.486473 -0.722585
v -0.568441 2.476933 -0.729559
v -0.568441 2.476779 -0.973903
v -0.575163 2.486311 -0.980860
v -0.581912 2.492166 -0.987843
v -0.318123 2.492166 -0.987843
v -0.324873 2.486311 -0.980860
v -0.331623 2.476779 -0.973903
v -0.315883 2.548721 -0.713347
v -0.315883 2.511697 -0.713323
v -0.315883 2.585773 -0.713370
v -0.584153 2.548721 -0.713347
v -0.584153 2.585773 -0.713370
v -0.584153 2.511697 -0.713323
v -0.584153 2.548547 -0.990176
v -0.584153 2.511523 -0.990153
v -0.584153 2.585599 -0.990199
v -0.315883 2.548547 -0.990176
v -0.315883 2.585599 -0.990199
v -0.315883 2.511523 -0.990153
v -0.317089 2.605361 -0.714646
v -0.320708 2.611879 -0.718355
v -0.332513 2.617443 -0.730566
v -0.567522 2.617443 -0.730566
v -0.579356 2.611879 -0.718355
v -0.582946 2.605361 -0.714646
v -0.582946 2.605189 -0.988976
v -0.579356 2.611712 -0.985247
v -0.567522 2.617291 -0.973072
v -0.332513 2.617291 -0.973072
v -0.320708 2.611712 -0.985247
v -0.317089 2.605189 -0.988976
v -0.358306 2.619294 -0.757164
v -0.382893 2.616147 -0.782553
v -0.517143 2.616147 -0.782553
v -0.541729 2.619294 -0.757164
v -0.541729 2.619175 -0.946447
v -0.517143 2.616060 -0.921083
v -0.382893 2.616060 -0.921083
v -0.358306 2.619175 -0.946447
v -0.391107 2.435447 -0.790884
v -0.391107 2.557576 -0.790961
v -0.391107 2.313290 -0.790808
v -0.508957 2.435447 -0.790884
v -0.508957 2.313290 -0.790808
v -0.508957 2.557576 -0.790961
v -0.508957 2.435371 -0.912496
v -0.508957 2.557500 -0.912573
v -0.508957 2.313213 -0.912420
v -0.391107 2.435371 -0.912496
v -0.391107 2.313213 -0.912420
v -0.391107 2.557500 -0.912573
v -0.391107 2.251581 -0.811191
v -0.391107 2.251555 -0.851575
v -0.387862 2.254740 -0.811193
v -0.387862 2.254715 -0.851577
v -0.391107 2.251530 -0.891988
v -0.387862 2.254689 -0.891990
v -0.508957 2.251530 -0.891988
v -0.508957 2.251555 -0.851575
v -0.512202 2.254689 -0.891990
v -0.512202 2.254715 -0.851577
v -0.508957 2.251581 -0.811191
v -0.512202 2.254740 -0.811193
v -0.333863 1.939352 -0.969200
v -0.333863 1.934703 -0.963050
v -0.329124 1.942972 -0.967594
v -0.327458 1.939356 -0.963053
v -0.566172 1.934703 -0.963050
v -0.572577 1.939356 -0.963053
v -0.566172 1.939352 -0.969200
v -0.570912 1.942972 -0.967594
v -0.566172 1.939500 -0.733588
v -0.566172 1.934843 -0.739731
v -0.570912 1.943118 -0.735170
v -0.572577 1.939496 -0.739734
v -0.333863 1.934843 -0.739731
v -0.327458 1.939496 -0.739734
v -0.333863 1.939500 -0.733588
v -0.329124 1.943118 -0.735170
v -0.391107 2.254752 -0.791805
v -0.391107 2.251591 -0.794934
v -0.388695 2.257193 -0.792640
v -0.387862 2.254750 -0.794936
v -0.508957 2.251591 -0.794934
v -0.512202 2.254750 -0.794936
v -0.508957 2.254752 -0.791805
v -0.511369 2.257193 -0.792640
v -0.508957 2.254677 -0.911349
v -0.508957 2.251520 -0.908245
v -0.511369 2.257119 -0.910546
v -0.512202 2.254679 -0.908247
v -0.391107 2.251520 -0.908245
v -0.387862 2.254679 -0.908247
v -0.391107 2.254677 -0.911349
v -0.388695 2.257119 -0.910546
v -0.367181 2.461306 -0.731847
v -0.450018 2.461306 -0.731847
v -0.532883 2.461306 -0.731847
v -0.532883 1.953489 -0.731528
v -0.450018 1.953489 -0.731528
v -0.367181 1.953489 -0.731528
v -0.325332 2.461181 -0.931355
v -0.325332 2.461231 -0.851707
v -0.325332 2.461281 -0.772059
v -0.325332 1.953464 -0.771740
v -0.325332 1.953414 -0.851388
v -0.325332 1.953364 -0.931036
v -0.532883 2.461155 -0.971566
v -0.450018 2.461155 -0.971566
v -0.367181 2.461155 -0.971566
v -0.367181 1.953339 -0.971248
v -0.450018 1.953339 -0.971248
v -0.532883 1.953339 -0.971248
v -0.574703 2.461281 -0.772059
v -0.574703 2.461231 -0.851707
v -0.574703 2.461181 -0.931355
v -0.574703 1.953364 -0.931036
v -0.574703 1.953414 -0.851388
v -0.574703 1.953464 -0.771740
v -0.327458 2.461157 -0.969527
v -0.325332 2.461161 -0.963380
v -0.325332 1.953344 -0.963062
v -0.327458 1.953340 -0.969209
v -0.327458 1.953488 -0.733596
v -0.325332 1.953484 -0.739743
v -0.325332 2.461301 -0.740061
v -0.327458 2.461305 -0.733915
v -0.572577 2.461305 -0.733915
v -0.574703 2.461301 -0.740061
v -0.574703 1.953484 -0.739743
v -0.572577 1.953488 -0.733596
v -0.572577 1.953340 -0.969209
v -0.574703 1.953344 -0.963062
v -0.574703 2.461161 -0.963380
v -0.572577 2.461157 -0.969527
v -0.333863 2.461306 -0.731847
v -0.333863 1.953489 -0.731528
v -0.566172 1.953489 -0.731528
v -0.566172 2.461306 -0.731847
v -0.566172 2.461155 -0.971566
v -0.566172 1.953339 -0.971248
v -0.333863 1.953339 -0.971248
v -0.333863 2.461155 -0.971566
v -0.354342 2.600651 -0.713379
v -0.450018 2.600651 -0.713379
v -0.545693 2.600651 -0.713379
v -0.545693 2.496819 -0.713314
v -0.450018 2.496819 -0.713314
v -0.354342 2.496819 -0.713314
v -0.306031 2.600507 -0.943764
v -0.306031 2.600564 -0.851794
v -0.306031 2.600622 -0.759824
v -0.306031 2.496790 -0.759759
v -0.306031 2.496732 -0.851729
v -0.306031 2.496674 -0.943699
v -0.545693 2.600478 -0.990209
v -0.450018 2.600478 -0.990209
v -0.354342 2.600478 -0.990209
v -0.354342 2.496645 -0.990143
v -0.450018 2.496645 -0.990143
v -0.545693 2.496645 -0.990143
v -0.594004 2.600622 -0.759824
v -0.594004 2.600564 -0.851794
v -0.594004 2.600507 -0.943764
v -0.594004 2.496674 -0.943699
v -0.594004 2.496732 -0.851729
v -0.594004 2.496790 -0.759759
v -0.407996 2.264174 -0.790777
v -0.450018 2.264174 -0.790777
v -0.492068 2.264174 -0.790777
v -0.492068 2.606692 -0.790992
v -0.450018 2.606692 -0.790992
v -0.407996 2.606692 -0.790992
v -0.386770 2.264111 -0.891996
v -0.386770 2.264136 -0.851583
v -0.386770 2.264161 -0.811199
v -0.386770 2.606679 -0.811414
v -0.386770 2.606654 -0.851798
v -0.386770 2.606628 -0.892211
v -0.492068 2.264098 -0.912389
v -0.450018 2.264098 -0.912389
v -0.407996 2.264098 -0.912389
v -0.407996 2.606616 -0.912604
v -0.450018 2.606616 -0.912604
v -0.492068 2.606616 -0.912604
v -0.513294 2.264161 -0.811199
v -0.513294 2.264136 -0.851583
v -0.513294 2.264111 -0.891996
v -0.513294 2.606628 -0.892211
v -0.513294 2.606654 -0.851798
v -0.513294 2.606679 -0.811414
v -0.308501 2.600479 -0.987853
v -0.306031 2.600483 -0.980759
v -0.306031 2.496651 -0.980694
v -0.308501 2.496647 -0.987788
v -0.308501 2.496817 -0.715698
v -0.306031 2.496813 -0.722793
v -0.306031 2.600645 -0.722858
v -0.308501 2.600650 -0.715763
v -0.591563 2.600650 -0.715763
v -0.594004 2.600645 -0.722858
v -0.594004 2.496813 -0.722793
v -0.591563 2.496817 -0.715698
v -0.591563 2.496647 -0.987788
v -0.594004 2.496651 -0.980694
v -0.594004 2.600483 -0.980759
v -0.591563 2.600479 -0.987853
v -0.387862 2.264098 -0.911355
v -0.386770 2.264101 -0.908253
v -0.386770 2.606618 -0.908468
v -0.387862 2.606616 -0.911570
v -0.387862 2.606691 -0.792026
v -0.386770 2.606689 -0.795157
v -0.386770 2.264172 -0.794942
v -0.387862 2.264174 -0.791811
v -0.512202 2.264174 -0.791811
v -0.513294 2.264172 -0.794942
v -0.513294 2.606689 -0.795157
v -0.512202 2.606691 -0.792026
v -0.512202 2.606616 -0.911570
v -0.513294 2.606618 -0.908468
v -0.513294 2.264101 -0.908253
v -0.512202 2.264098 -0.911355
v -0.315883 2.600651 -0.713379
v -0.315883 2.496819 -0.713314
v -0.584153 2.496819 -0.713314
v -0.584153 2.600651 -0.713379
v -0.584153 2.600478 -0.990209
v -0.584153 2.496645 -0.990143
v -0.315883 2.496645 -0.990143
v -0.315883 2.600478 -0.990209
v -0.391107 2.264174 -0.790777
v -0.391107 2.606692 -0.790992
v -0.508957 2.606692 -0.790992
v -0.508957 2.264174 -0.790777
v -0.508957 2.264098 -0.912389
v -0.508957 2.606616 -0.912604
v -0.391107 2.606616 -0.912604
v -0.391107 2.264098 -0.912389
v -0.160838 1.954120 -0.045746
v -0.160838 1.973134 -0.045758
v -0.160838 1.973123 -0.064600
v -0.160838 1.954108 -0.064588
v 0.075981 1.973123 -0.064600
v 0.075981 1.973134 -0.045758
v 0.075981 1.954120 -0.045746
v 0.075981 1.954108 -0.064588
v -0.141450 1.678612 -0.045257
v -0.160464 1.678612 -0.045257
v -0.160464 1.678600 -0.064070
v -0.141450 1.678600 -0.064070
v -0.160464 1.973382 -0.064255
v -0.160464 1.973393 -0.045442
v -0.141450 1.973393 -0.045442
v -0.141450 1.973382 -0.064255
v 0.075550 1.678612 -0.045257
v 0.056536 1.678612 -0.045257
v 0.056536 1.678600 -0.064070
v 0.075550 1.678600 -0.064070
v 0.056536 1.973382 -0.064255
v 0.056536 1.973393 -0.045442
v 0.075550 1.973393 -0.045442
v 0.075550 1.973382 -0.064255
v -0.160838 1.679962 -0.045574
v -0.160838 1.698977 -0.045586
v -0.160838 1.698965 -0.064428
v -0.160838 1.679950 -0.064416
v 0.075981 1.698965 -0.064428
v 0.075981 1.698977 -0.045586
v 0.075981 1.679962 -0.045574
v 0.075981 1.679950 -0.064416
v 0.189292 1.680296 -0.063009
v 0.073051 1.680296 -0.063009
v 0.073051 1.971486 -0.063191
v 0.189292 1.971486 -0.063191
v 0.073051 1.971500 -0.041075
v 0.073051 1.680310 -0.040892
v 0.189292 1.680310 -0.040892
v 0.189292 1.971500 -0.041075
v -0.160694 1.680296 -0.063009
v -0.276935 1.680296 -0.063009
v -0.276935 1.971486 -0.063191
v -0.160694 1.971486 -0.063191
v -0.276935 1.971500 -0.041075
v -0.276935 1.680310 -0.040892
v -0.160694 1.680310 -0.040892
v -0.160694 1.971500 -0.041075
v -0.160838 1.746455 -0.045615
v -0.160838 1.765469 -0.045627
v -0.160838 1.765458 -0.064469
v -0.160838 1.746443 -0.064457
v 0.075981 1.765458 -0.064469
v 0.075981 1.765469 -0.045627
v 0.075981 1.746455 -0.045615
v 0.075981 1.746443 -0.064457
v -1.123421 1.629785 -1.645597
v -1.123421 1.629755 -1.694943
v -1.123421 1.630755 -0.099168
v -1.123421 1.630299 -0.872383
v -1.106503 1.614207 -0.013306
v -1.059772 1.568280 -0.013277
v 0.989621 1.635240 -1.694947
v 0.989621 1.635271 -1.645601
v 0.989650 1.635756 -0.872386
v 0.989621 1.636241 -0.099172
v 0.921663 1.568308 -0.013277
v 0.969285 1.615931 -0.013307
v -1.105469 1.613150 -0.049783
v -1.105355 1.613005 -0.099157
v -1.105355 1.612520 -0.872372
v -1.105355 1.612035 -1.645586
v -1.105469 1.612119 -1.694932
v 0.970463 1.616082 -1.694935
v 0.970348 1.615970 -1.645589
v 0.970348 1.616483 -0.872374
v 0.970348 1.616940 -0.099159
v 0.970463 1.617114 -0.049785
vt 0.546400 0.571400
vt 0.546400 0.622000
vt 0.528800 0.605700
vt 0.528800 0.572200
vt 0.505300 0.605700
vt 0.496500 0.622000
vt 0.496500 0.571400
vt 0.505300 0.572200
vt 0.632900 0.536400
vt 0.613500 0.553200
vt 0.613500 0.502600
vt 0.632900 0.513100
vt 0.671700 0.502600
vt 0.671700 0.553200
vt 0.651200 0.536400
vt 0.651200 0.513100
vt 0.642000 0.553200
vt 0.642000 0.536400
vt 0.642000 0.502600
vt 0.642000 0.513100
vt 0.548700 0.653400
vt 0.545200 0.653400
vt 0.546400 0.625200
vt 0.593400 0.625200
vt 0.554100 0.491400
vt 0.509500 0.491400
vt 0.509500 0.489200
vt 0.554100 0.489200
vt 0.439200 0.653400
vt 0.394500 0.625200
vt 0.441500 0.625200
vt 0.442700 0.653400
vt 0.554100 0.554200
vt 0.509500 0.554200
vt 0.509500 0.523500
vt 0.554100 0.523500
vt 0.554100 0.556400
vt 0.509500 0.556400
vt 0.541700 0.653400
vt 0.496500 0.625200
vt 0.561200 0.489200
vt 0.606300 0.489200
vt 0.606300 0.491400
vt 0.561200 0.491400
vt 0.446200 0.653400
vt 0.491400 0.625200
vt 0.561200 0.523500
vt 0.606300 0.523500
vt 0.606300 0.554200
vt 0.561200 0.554200
vt 0.606300 0.556400
vt 0.561200 0.556400
vt 0.537800 0.766900
vt 0.446900 0.705600
vt 0.543100 0.705600
vt 0.543100 0.766900
vt 0.690200 0.791600
vt 0.594600 0.791600
vt 0.684900 0.728000
vt 0.690200 0.728000
vt 0.545500 0.432800
vt 0.543200 0.432800
vt 0.543200 0.425100
vt 0.545500 0.425100
vt 0.508400 0.432800
vt 0.473500 0.432800
vt 0.473500 0.425100
vt 0.508400 0.425100
vt 0.440200 0.702600
vt 0.537300 0.771100
vt 0.535500 0.791500
vt 0.412300 0.705200
vt 0.683700 0.704200
vt 0.685500 0.724600
vt 0.588400 0.793200
vt 0.560500 0.790600
vt 0.545500 0.432900
vt 0.543200 0.432900
vt 0.508400 0.432900
vt 0.473500 0.432900
vt 0.519000 0.592500
vt 0.519100 0.584800
vt 0.519100 0.592500
vt 0.471300 0.432800
vt 0.471300 0.425100
vt 0.471300 0.432900
vt 0.543100 0.770500
vt 0.543000 0.698500
vt 0.543000 0.702600
vt 0.434400 0.698500
vt 0.690200 0.724200
vt 0.691200 0.793200
vt 0.691200 0.797200
vt 0.582600 0.797200
vt 0.195600 0.788400
vt 0.205500 0.788400
vt 0.205500 0.794200
vt 0.195600 0.794200
vt 0.195600 0.607600
vt 0.205500 0.607600
vt 0.205500 0.698000
vt 0.195600 0.698000
vt 0.543000 0.775200
vt 0.543000 0.796700
vt 0.568300 0.797300
vt 0.562500 0.792300
vt 0.691200 0.720600
vt 0.691200 0.699100
vt 0.195600 0.601800
vt 0.205500 0.601800
vt 0.525500 0.483700
vt 0.525500 0.481900
vt 0.580400 0.481900
vt 0.580400 0.483700
vt 0.455800 0.385800
vt 0.455800 0.387600
vt 0.403800 0.387600
vt 0.403800 0.385800
vt 0.553200 0.385100
vt 0.553200 0.383300
vt 0.602300 0.383300
vt 0.602300 0.385100
vt 0.605200 0.383300
vt 0.605200 0.385100
vt 0.205500 0.597500
vt 0.195600 0.597500
vt 0.034200 0.601800
vt 0.034200 0.597500
vt 0.624100 0.405400
vt 0.624100 0.407100
vt 0.569200 0.407100
vt 0.569200 0.405400
vt 0.562000 0.407100
vt 0.562000 0.405400
vt 0.195600 0.798400
vt 0.205500 0.798400
vt 0.605200 0.398000
vt 0.605200 0.399800
vt 0.602300 0.399800
vt 0.602300 0.398000
vt 0.553200 0.399800
vt 0.553200 0.398000
vt 0.553200 0.392400
vt 0.553200 0.390700
vt 0.605200 0.390700
vt 0.605200 0.392400
vt 0.548500 0.766900
vt 0.639400 0.705600
vt 0.695600 0.728000
vt 0.785900 0.791600
vt 0.627400 0.415600
vt 0.627400 0.422500
vt 0.625200 0.422500
vt 0.625200 0.415600
vt 0.590300 0.415600
vt 0.590300 0.422500
vt 0.555400 0.422500
vt 0.555400 0.415600
vt 0.550600 0.791500
vt 0.548800 0.771100
vt 0.645900 0.702600
vt 0.672900 0.705700
vt 0.821200 0.790000
vt 0.818500 0.792300
vt 0.794100 0.793200
vt 0.625200 0.415500
vt 0.627400 0.415500
vt 0.555400 0.415500
vt 0.590300 0.415500
vt 0.524400 0.575200
vt 0.524400 0.575200
vt 0.524400 0.582200
vt 0.553200 0.422500
vt 0.553200 0.415600
vt 0.553200 0.415500
vt 0.651600 0.698500
vt 0.799800 0.797200
vt 0.215400 0.788400
vt 0.215400 0.794200
vt 0.215400 0.607600
vt 0.215400 0.698000
vt 0.812800 0.797300
vt 0.698800 0.704200
vt 0.697000 0.724600
vt 0.215400 0.601800
vt 0.598600 0.578900
vt 0.653400 0.578900
vt 0.653400 0.580600
vt 0.598600 0.580600
vt 0.679300 0.573300
vt 0.627300 0.573300
vt 0.627300 0.571500
vt 0.679300 0.571500
vt 0.608100 0.383300
vt 0.657200 0.383300
vt 0.657200 0.385100
vt 0.608100 0.385100
vt 0.215400 0.597500
vt 0.375800 0.597500
vt 0.375800 0.601800
vt 0.679000 0.407100
vt 0.679000 0.405400
vt 0.685500 0.405400
vt 0.685500 0.407100
vt 0.215400 0.798400
vt 0.608100 0.399800
vt 0.608100 0.398000
vt 0.657200 0.399800
vt 0.657200 0.398000
vt 0.657200 0.390700
vt 0.657200 0.392400
vt 0.679400 0.931800
vt 0.633400 0.978500
vt 0.633400 0.848900
vt 0.679400 0.851300
vt 0.740400 0.931800
vt 0.740400 0.851300
vt 0.775700 0.848900
vt 0.775700 0.978500
vt 0.611500 0.481400
vt 0.611500 0.480800
vt 0.642600 0.480800
vt 0.642600 0.481400
vt 0.434900 0.402200
vt 0.434900 0.402800
vt 0.403900 0.402800
vt 0.403900 0.402200
vt 0.622100 0.572600
vt 0.622100 0.573300
vt 0.598600 0.573300
vt 0.598600 0.572600
vt 0.635200 0.426700
vt 0.635200 0.426000
vt 0.658700 0.426000
vt 0.658700 0.426700
vt 0.611500 0.486800
vt 0.642600 0.486800
vt 0.434900 0.396800
vt 0.403900 0.396800
vt 0.622100 0.567300
vt 0.598600 0.567300
vt 0.635200 0.432000
vt 0.658700 0.432000
vt 0.611500 0.487600
vt 0.642500 0.487600
vt 0.434800 0.396000
vt 0.403800 0.396000
vt 0.622100 0.566400
vt 0.598600 0.566400
vt 0.635200 0.432900
vt 0.658700 0.432900
vt 0.418600 0.930700
vt 0.418600 0.874700
vt 0.485300 0.848900
vt 0.485300 0.978500
vt 0.371200 0.930700
vt 0.304500 0.978500
vt 0.304500 0.848900
vt 0.371200 0.874700
vt 0.394900 0.978500
vt 0.394900 0.930700
vt 0.394900 0.874700
vt 0.394900 0.848900
vt 0.515500 0.575200
vt 0.516500 0.575200
vt 0.516500 0.598500
vt 0.515500 0.598500
vt 0.471300 0.399500
vt 0.471300 0.398500
vt 0.492900 0.398500
vt 0.492900 0.399500
vt 0.500600 0.399500
vt 0.500600 0.398500
vt 0.509800 0.398500
vt 0.509800 0.399500
vt 0.673100 0.425300
vt 0.673100 0.424300
vt 0.682200 0.424300
vt 0.682200 0.425300
vt 0.518900 0.398500
vt 0.518900 0.399500
vt 0.663900 0.425300
vt 0.663900 0.424300
vt 0.509100 0.575200
vt 0.509100 0.598500
vt 0.471300 0.406400
vt 0.492900 0.406400
vt 0.500600 0.406400
vt 0.509800 0.406400
vt 0.673100 0.432200
vt 0.682200 0.432200
vt 0.518900 0.406400
vt 0.663900 0.432200
vt 0.508500 0.575200
vt 0.508500 0.598500
vt 0.471300 0.407100
vt 0.492900 0.407100
vt 0.500700 0.407100
vt 0.509800 0.407100
vt 0.673100 0.432900
vt 0.682200 0.432900
vt 0.519000 0.407100
vt 0.663900 0.432900
vt 0.034200 0.788400
vt 0.034200 0.794200
vt 0.034200 0.607600
vt 0.034200 0.698000
vt 0.521700 0.575200
vt 0.521800 0.575200
vt 0.521700 0.582900
vt 0.414200 0.703500
vt 0.420100 0.698500
vt 0.518300 0.481900
vt 0.518300 0.483700
vt 0.034200 0.798400
vt 0.375800 0.794200
vt 0.375800 0.788400
vt 0.375800 0.698000
vt 0.375800 0.607600
vt 0.695000 0.556400
vt 0.695000 0.556400
vt 0.688500 0.556400
vt 0.664600 0.698500
vt 0.670300 0.703400
vt 0.660000 0.580600
vt 0.660000 0.578900
vt 0.375800 0.798400
vt 0.002500 0.042100
vt 0.017700 0.042100
vt 0.017700 0.054700
vt 0.002500 0.054700
vt 0.157700 0.042100
vt 0.146800 0.042100
vt 0.146800 0.024400
vt 0.157700 0.024400
vt 0.017700 0.024400
vt 0.017700 0.011700
vt 0.146800 0.011700
vt 0.146800 0.072400
vt 0.017700 0.072400
vt 0.146800 0.054700
vt 0.001200 0.109900
vt 0.016500 0.109900
vt 0.016500 0.122600
vt 0.001200 0.122600
vt 0.156500 0.109900
vt 0.145600 0.109900
vt 0.145600 0.092200
vt 0.156500 0.092200
vt 0.016500 0.092200
vt 0.016500 0.079500
vt 0.145600 0.079500
vt 0.145600 0.140200
vt 0.016500 0.140200
vt 0.145600 0.122600
vt 0.004600 0.177100
vt 0.019900 0.177100
vt 0.019900 0.189800
vt 0.004600 0.189800
vt 0.159900 0.177100
vt 0.149000 0.177100
vt 0.149000 0.159400
vt 0.159900 0.159400
vt 0.019900 0.159400
vt 0.019900 0.146800
vt 0.149000 0.146800
vt 0.149000 0.207500
vt 0.019900 0.207500
vt 0.149000 0.189800
vt 0.288300 0.429700
vt 0.288300 0.435500
vt 0.281700 0.435500
vt 0.281700 0.429700
vt 0.354400 0.435500
vt 0.347900 0.435500
vt 0.347900 0.429700
vt 0.354400 0.429700
vt 0.288300 0.421700
vt 0.347900 0.421700
vt 0.288300 0.415800
vt 0.347900 0.415800
vt 0.347900 0.443500
vt 0.288300 0.443500
vt 0.288000 0.462100
vt 0.288000 0.467900
vt 0.281500 0.467900
vt 0.281500 0.462100
vt 0.354200 0.467900
vt 0.347600 0.467900
vt 0.347600 0.462100
vt 0.354200 0.462100
vt 0.288000 0.454100
vt 0.347600 0.454100
vt 0.288000 0.448200
vt 0.347600 0.448200
vt 0.347600 0.475900
vt 0.288000 0.475900
vt 0.188200 0.460100
vt 0.188200 0.454200
vt 0.194800 0.454200
vt 0.194800 0.460100
vt 0.273800 0.460100
vt 0.273800 0.468100
vt 0.269000 0.468100
vt 0.269000 0.460100
vt 0.269000 0.473900
vt 0.194800 0.473900
vt 0.194800 0.468100
vt 0.269000 0.454200
vt 0.194800 0.446200
vt 0.269000 0.446200
vt 0.194800 0.426700
vt 0.190000 0.426700
vt 0.190000 0.418700
vt 0.194800 0.418700
vt 0.273800 0.418700
vt 0.273800 0.426700
vt 0.269000 0.426700
vt 0.269000 0.418700
vt 0.269000 0.432500
vt 0.194800 0.432500
vt 0.194800 0.412900
vt 0.269000 0.412900
vt 0.194800 0.404900
vt 0.269000 0.404900
vt 0.216700 0.387900
vt 0.216700 0.393800
vt 0.210100 0.393800
vt 0.210100 0.387900
vt 0.282800 0.393800
vt 0.276300 0.393800
vt 0.276300 0.387900
vt 0.282800 0.387900
vt 0.216700 0.379900
vt 0.276300 0.379900
vt 0.216700 0.374100
vt 0.276300 0.374100
vt 0.276300 0.401800
vt 0.216700 0.401800
vt 0.103700 0.478500
vt 0.103700 0.442700
vt 0.176900 0.442700
vt 0.176900 0.478500
vt 0.176900 0.433300
vt 0.103700 0.433300
vt 0.103700 0.397600
vt 0.176900 0.397600
vt 0.095900 0.442700
vt 0.095900 0.478500
vt 0.103700 0.388200
vt 0.176900 0.388200
vt 0.184600 0.397600
vt 0.184600 0.433300
vt 0.017500 0.477600
vt 0.017500 0.441800
vt 0.090800 0.441800
vt 0.090800 0.477600
vt 0.091500 0.432400
vt 0.018200 0.432400
vt 0.018200 0.396700
vt 0.091500 0.396700
vt 0.010500 0.432400
vt 0.010500 0.396700
vt 0.018200 0.387300
vt 0.091500 0.387300
vt 0.099200 0.396700
vt 0.099200 0.432400
vt 0.285000 0.530900
vt 0.285000 0.536800
vt 0.278400 0.536800
vt 0.278400 0.530900
vt 0.351100 0.536800
vt 0.344600 0.536800
vt 0.344600 0.530900
vt 0.351100 0.530900
vt 0.285000 0.522900
vt 0.344600 0.522900
vt 0.285000 0.517100
vt 0.344600 0.517100
vt 0.344600 0.544800
vt 0.285000 0.544800
vt 0.285600 0.566100
vt 0.285600 0.571900
vt 0.279100 0.571900
vt 0.279100 0.566100
vt 0.351800 0.571900
vt 0.345200 0.571900
vt 0.345200 0.566100
vt 0.351800 0.566100
vt 0.285600 0.558100
vt 0.345200 0.558100
vt 0.285600 0.552300
vt 0.345200 0.552300
vt 0.345200 0.579900
vt 0.285600 0.579900
vt 0.185800 0.567800
vt 0.185800 0.561900
vt 0.192400 0.561900
vt 0.192400 0.567800
vt 0.271300 0.567800
vt 0.271300 0.575800
vt 0.266600 0.575800
vt 0.266600 0.567800
vt 0.266600 0.581600
vt 0.192400 0.581600
vt 0.192400 0.575800
vt 0.266600 0.561900
vt 0.192400 0.553900
vt 0.266600 0.553900
vt 0.192400 0.534400
vt 0.187600 0.534400
vt 0.187600 0.526400
vt 0.192400 0.526400
vt 0.271300 0.526400
vt 0.271300 0.534400
vt 0.266600 0.534400
vt 0.266600 0.526400
vt 0.266600 0.540200
vt 0.192400 0.540200
vt 0.192400 0.520600
vt 0.266600 0.520600
vt 0.192400 0.512600
vt 0.266600 0.512600
vt 0.200500 0.493800
vt 0.200500 0.499600
vt 0.194000 0.499600
vt 0.194000 0.493800
vt 0.266700 0.499600
vt 0.260100 0.499600
vt 0.260100 0.493800
vt 0.266700 0.493800
vt 0.200500 0.485800
vt 0.260100 0.485800
vt 0.200500 0.479900
vt 0.260100 0.479900
vt 0.260100 0.507600
vt 0.200500 0.507600
vt 0.101200 0.586200
vt 0.101200 0.550400
vt 0.174500 0.550400
vt 0.174500 0.586200
vt 0.174500 0.541000
vt 0.101200 0.541000
vt 0.101200 0.505300
vt 0.174500 0.505300
vt 0.093500 0.550400
vt 0.093500 0.586200
vt 0.101200 0.495900
vt 0.174500 0.495900
vt 0.182200 0.505300
vt 0.182200 0.541000
vt 0.015100 0.585300
vt 0.015100 0.549500
vt 0.088400 0.549500
vt 0.088400 0.585300
vt 0.089100 0.540100
vt 0.015800 0.540100
vt 0.015800 0.504400
vt 0.089100 0.504400
vt 0.008100 0.540100
vt 0.008100 0.504400
vt 0.015800 0.495000
vt 0.089100 0.495000
vt 0.096800 0.504400
vt 0.096800 0.540100
vt 0.645500 0.588400
vt 0.598600 0.588400
vt 0.598600 0.586200
vt 0.645500 0.586200
vt 0.593400 0.622000
vt 0.593400 0.571400
vt 0.673800 0.553200
vt 0.673800 0.502600
vt 0.441500 0.622000
vt 0.394500 0.622000
vt 0.394500 0.571400
vt 0.441500 0.571400
vt 0.645500 0.651200
vt 0.598600 0.651200
vt 0.598600 0.619100
vt 0.645500 0.619100
vt 0.611500 0.553200
vt 0.611500 0.502600
vt 0.645500 0.653400
vt 0.598600 0.653400
vt 0.546400 0.562000
vt 0.593400 0.562000
vt 0.673800 0.556400
vt 0.671700 0.556400
vt 0.671700 0.493200
vt 0.673800 0.493200
vt 0.394500 0.562000
vt 0.441500 0.562000
vt 0.642000 0.556400
vt 0.613500 0.556400
vt 0.613500 0.493200
vt 0.642000 0.493200
vt 0.611500 0.556400
vt 0.611500 0.493200
vt 0.695400 0.586200
vt 0.695400 0.588400
vt 0.405800 0.417800
vt 0.405800 0.468400
vt 0.403800 0.468400
vt 0.403800 0.417800
vt 0.491400 0.571400
vt 0.491400 0.622000
vt 0.695400 0.619100
vt 0.695400 0.651200
vt 0.464100 0.417800
vt 0.464100 0.468400
vt 0.435500 0.468400
vt 0.435500 0.417800
vt 0.466100 0.417800
vt 0.466100 0.468400
vt 0.695400 0.653400
vt 0.496500 0.562000
vt 0.405800 0.471600
vt 0.403800 0.471600
vt 0.403800 0.408400
vt 0.405800 0.408400
vt 0.491400 0.562000
vt 0.464100 0.471600
vt 0.435500 0.471600
vt 0.435500 0.408400
vt 0.464100 0.408400
vt 0.466100 0.471600
vt 0.466100 0.408400
vt 0.557600 0.554200
vt 0.557600 0.556400
vt 0.557600 0.523500
vt 0.557600 0.491400
vt 0.557600 0.489200
vt 0.394500 0.556400
vt 0.394500 0.554000
vt 0.449400 0.554000
vt 0.449400 0.556400
vt 0.491100 0.978500
vt 0.491100 0.848900
vt 0.298700 0.978500
vt 0.298700 0.848900
vt 0.156400 0.978500
vt 0.156400 0.848900
vt 0.394500 0.516400
vt 0.394500 0.478800
vt 0.449400 0.478800
vt 0.449400 0.516400
vt 0.394500 0.476400
vt 0.449400 0.476400
vt 0.633400 0.987000
vt 0.491100 0.987000
vt 0.491100 0.815300
vt 0.633400 0.815300
vt 0.304500 0.987000
vt 0.298700 0.987000
vt 0.298700 0.815300
vt 0.304500 0.815300
vt 0.156400 0.987000
vt 0.156400 0.815300
vt 0.485300 0.987000
vt 0.394900 0.987000
vt 0.394900 0.815300
vt 0.485300 0.815300
vt 0.504300 0.554000
vt 0.504300 0.556400
vt 0.968000 0.978500
vt 0.962200 0.978500
vt 0.962200 0.848900
vt 0.968000 0.848900
vt 0.014100 0.978500
vt 0.014100 0.848900
vt 0.504300 0.478800
vt 0.504300 0.516400
vt 0.871800 0.978500
vt 0.781400 0.978500
vt 0.781400 0.848900
vt 0.871800 0.848900
vt 0.504300 0.476400
vt 0.775700 0.987000
vt 0.775700 0.815300
vt 0.968000 0.987000
vt 0.962200 0.987000
vt 0.962200 0.815300
vt 0.968000 0.815300
vt 0.014100 0.987000
vt 0.014100 0.815300
vt 0.871800 0.987000
vt 0.781400 0.987000
vt 0.781400 0.815300
vt 0.871800 0.815300
vt 0.296800 0.314800
vt 0.296800 0.320600
vt 0.290200 0.320600
vt 0.290200 0.314800
vt 0.362900 0.320600
vt 0.356400 0.320600
vt 0.356400 0.314800
vt 0.362900 0.314800
vt 0.296800 0.306800
vt 0.356400 0.306800
vt 0.296800 0.300900
vt 0.356400 0.300900
vt 0.356400 0.328600
vt 0.296800 0.328600
vt 0.192400 0.354100
vt 0.192400 0.348300
vt 0.198900 0.348300
vt 0.198900 0.354100
vt 0.277900 0.354100
vt 0.277900 0.362100
vt 0.273100 0.362100
vt 0.273100 0.354100
vt 0.273100 0.368000
vt 0.198900 0.368000
vt 0.198900 0.362100
vt 0.273100 0.348300
vt 0.198900 0.340300
vt 0.273100 0.340300
vt 0.198900 0.320800
vt 0.194200 0.320800
vt 0.194200 0.312800
vt 0.198900 0.312800
vt 0.277900 0.312800
vt 0.277900 0.320800
vt 0.273100 0.320800
vt 0.273100 0.312800
vt 0.273100 0.326600
vt 0.198900 0.326600
vt 0.198900 0.306900
vt 0.273100 0.306900
vt 0.198900 0.298900
vt 0.273100 0.298900
vt 0.293300 0.359200
vt 0.293300 0.365100
vt 0.286700 0.365100
vt 0.286700 0.359200
vt 0.359500 0.365100
vt 0.352900 0.365100
vt 0.352900 0.359200
vt 0.359500 0.359200
vt 0.293300 0.351200
vt 0.352900 0.351200
vt 0.293300 0.345400
vt 0.352900 0.345400
vt 0.352900 0.373100
vt 0.293300 0.373100
vt 0.107800 0.372500
vt 0.107800 0.336800
vt 0.181100 0.336800
vt 0.181100 0.372500
vt 0.181100 0.327400
vt 0.107800 0.327400
vt 0.107800 0.291700
vt 0.181100 0.291700
vt 0.100100 0.336800
vt 0.100100 0.372500
vt 0.107800 0.282300
vt 0.181100 0.282300
vt 0.188800 0.291700
vt 0.188800 0.327400
vt 0.021700 0.371600
vt 0.021700 0.335900
vt 0.095000 0.335900
vt 0.095000 0.371600
vt 0.095000 0.326500
vt 0.021700 0.326500
vt 0.021700 0.290800
vt 0.095000 0.290800
vt 0.014700 0.326500
vt 0.014700 0.290800
vt 0.022400 0.281400
vt 0.095700 0.281400
vt 0.103400 0.290800
vt 0.103400 0.326500
vt 0.003400 0.244900
vt 0.018600 0.244900
vt 0.018600 0.257600
vt 0.003400 0.257600
vt 0.158600 0.244900
vt 0.147700 0.244900
vt 0.147700 0.227300
vt 0.158600 0.227300
vt 0.018600 0.227300
vt 0.018600 0.214600
vt 0.147700 0.214600
vt 0.147700 0.275300
vt 0.018600 0.275300
vt 0.147700 0.257600
vt 0.706200 0.419100
vt 0.711700 0.419100
vt 0.711700 0.425700
vt 0.706200 0.425700
vt 0.806300 0.425700
vt 0.806300 0.419100
vt 0.811800 0.419100
vt 0.811800 0.425700
vt 0.711700 0.412400
vt 0.806300 0.412400
vt 0.711700 0.405700
vt 0.806300 0.405700
vt 0.805500 0.432400
vt 0.710800 0.432400
vt 0.847900 0.379800
vt 0.847900 0.389000
vt 0.842500 0.389000
vt 0.842500 0.379800
vt 0.971700 0.395700
vt 0.971700 0.389000
vt 0.979300 0.389000
vt 0.979300 0.395700
vt 0.971700 0.379800
vt 0.847900 0.373200
vt 0.971700 0.373200
vt 0.971700 0.404900
vt 0.847900 0.404900
vt 0.847900 0.395700
vt 0.709100 0.378300
vt 0.709100 0.387600
vt 0.703700 0.387600
vt 0.703700 0.378300
vt 0.838300 0.387600
vt 0.832900 0.387600
vt 0.832900 0.378300
vt 0.838300 0.378300
vt 0.709100 0.371700
vt 0.832900 0.371700
vt 0.832900 0.403500
vt 0.709100 0.403500
vt 0.709100 0.394200
vt 0.832900 0.394200
vt 0.974300 0.636000
vt 0.974300 0.605000
vt 0.989000 0.605000
vt 0.989000 0.636000
vt 0.964200 0.636000
vt 0.964200 0.605000
vt 0.974300 0.580600
vt 0.963100 0.578100
vt 0.989000 0.580600
vt 0.974300 0.694400
vt 0.974300 0.666000
vt 0.989000 0.666000
vt 0.989000 0.694400
vt 0.964200 0.694400
vt 0.964200 0.666000
vt 0.974300 0.742500
vt 0.974300 0.720500
vt 0.989000 0.720400
vt 0.989000 0.742200
vt 0.964200 0.742500
vt 0.964200 0.720500
vt 0.947500 0.538200
vt 0.958200 0.538100
vt 0.958200 0.549700
vt 0.947500 0.549800
vt 0.964400 0.758600
vt 0.974400 0.758600
vt 0.989100 0.758200
vt 0.947500 0.566800
vt 0.958100 0.566700
vt 0.964500 0.542700
vt 0.974300 0.542700
vt 0.974300 0.561800
vt 0.964500 0.561800
vt 0.964500 0.523700
vt 0.974300 0.523700
vt 0.989000 0.542700
vt 0.989000 0.523700
vt 0.989000 0.561800
vt 0.947000 0.636000
vt 0.947000 0.605000
vt 0.956800 0.605000
vt 0.956800 0.636000
vt 0.940500 0.636000
vt 0.940500 0.605000
vt 0.947000 0.581500
vt 0.940500 0.581500
vt 0.956800 0.581500
vt 0.947000 0.694400
vt 0.947000 0.666000
vt 0.956800 0.666000
vt 0.956800 0.694400
vt 0.940500 0.694400
vt 0.940500 0.666000
vt 0.947100 0.742500
vt 0.947000 0.720500
vt 0.956800 0.720500
vt 0.956800 0.742500
vt 0.940500 0.742500
vt 0.940500 0.720500
vt 0.958200 0.510600
vt 0.958200 0.518200
vt 0.947500 0.518300
vt 0.947500 0.510600
vt 0.947100 0.758600
vt 0.940600 0.758600
vt 0.957000 0.758600
vt 0.958200 0.529500
vt 0.947500 0.529700
vt 0.977900 0.467100
vt 0.984500 0.467100
vt 0.984400 0.492600
vt 0.977900 0.492600
vt 0.977900 0.441500
vt 0.984600 0.441500
vt 0.994300 0.467100
vt 0.994400 0.441500
vt 0.994200 0.492600
vt 0.913900 0.621000
vt 0.892300 0.621000
vt 0.893100 0.590000
vt 0.915300 0.590000
vt 0.870700 0.621000
vt 0.871000 0.590000
vt 0.893100 0.566400
vt 0.871000 0.566400
vt 0.915300 0.566400
vt 0.903200 0.679200
vt 0.885600 0.679100
vt 0.889800 0.651000
vt 0.909800 0.651000
vt 0.868100 0.679100
vt 0.869700 0.651000
vt 0.883600 0.725700
vt 0.874200 0.724700
vt 0.880000 0.704600
vt 0.894000 0.704700
vt 0.863900 0.725600
vt 0.865900 0.704600
vt 0.939600 0.463800
vt 0.949400 0.463800
vt 0.949400 0.489300
vt 0.939600 0.489300
vt 0.939600 0.438200
vt 0.949400 0.438200
vt 0.964100 0.463800
vt 0.964100 0.438200
vt 0.964100 0.489300
vt 0.866800 0.513000
vt 0.883300 0.513000
vt 0.883300 0.538600
vt 0.866800 0.538600
vt 0.866800 0.487400
vt 0.883300 0.487400
vt 0.899800 0.513000
vt 0.899800 0.487400
vt 0.899800 0.538600
vt 0.862600 0.740300
vt 0.869500 0.737000
vt 0.872900 0.740400
vt 0.862500 0.750600
vt 0.804400 0.635200
vt 0.804300 0.666200
vt 0.797600 0.666200
vt 0.797600 0.635200
vt 0.814400 0.635200
vt 0.814300 0.666200
vt 0.814100 0.689800
vt 0.804300 0.689800
vt 0.797600 0.689800
vt 0.804500 0.577100
vt 0.804500 0.605200
vt 0.797700 0.605200
vt 0.797700 0.577100
vt 0.814500 0.577100
vt 0.814500 0.605200
vt 0.804400 0.530100
vt 0.804500 0.551600
vt 0.797700 0.551600
vt 0.797700 0.530100
vt 0.814400 0.530100
vt 0.814500 0.551600
vt 0.814200 0.503000
vt 0.814300 0.513800
vt 0.804400 0.513800
vt 0.804300 0.503000
vt 0.797600 0.513800
vt 0.797600 0.503000
vt 0.821700 0.728500
vt 0.831400 0.728500
vt 0.831300 0.747600
vt 0.821500 0.747600
vt 0.821800 0.709500
vt 0.831500 0.709500
vt 0.846100 0.728500
vt 0.846200 0.709500
vt 0.846000 0.747600
vt 0.821800 0.666200
vt 0.831800 0.666200
vt 0.831600 0.690600
vt 0.820500 0.693100
vt 0.821900 0.635200
vt 0.832000 0.635200
vt 0.846500 0.666200
vt 0.846600 0.635200
vt 0.846300 0.690600
vt 0.822000 0.605200
vt 0.832000 0.605200
vt 0.822000 0.577100
vt 0.832000 0.577100
vt 0.846700 0.605200
vt 0.846700 0.577100
vt 0.822000 0.551600
vt 0.832000 0.551600
vt 0.821900 0.530100
vt 0.832000 0.530100
vt 0.846600 0.530200
vt 0.846700 0.551600
vt 0.821800 0.513800
vt 0.831800 0.513800
vt 0.821600 0.503000
vt 0.831600 0.503000
vt 0.846300 0.503400
vt 0.846500 0.514000
vt 0.770600 0.726800
vt 0.764800 0.706800
vt 0.778900 0.706800
vt 0.781000 0.727600
vt 0.761300 0.727800
vt 0.750800 0.706900
vt 0.759200 0.681300
vt 0.741700 0.681300
vt 0.776800 0.681300
vt 0.755100 0.653100
vt 0.775200 0.653100
vt 0.735100 0.653100
vt 0.752600 0.623100
vt 0.731000 0.623100
vt 0.774200 0.623100
vt 0.751700 0.592200
vt 0.773900 0.592200
vt 0.729600 0.592200
vt 0.751700 0.567800
vt 0.729600 0.567800
vt 0.773900 0.567800
vt 0.751700 0.548900
vt 0.751700 0.529800
vt 0.773900 0.529800
vt 0.773900 0.548900
vt 0.729600 0.548900
vt 0.729600 0.529800
vt 0.751700 0.510800
vt 0.729600 0.510800
vt 0.773900 0.510800
vt 0.772000 0.742300
vt 0.770500 0.744300
vt 0.757500 0.728700
vt 0.781300 0.750300
vt 0.780900 0.754200
vt 0.957700 0.570500
vt 0.947300 0.570500
vt 0.911100 0.547300
vt 0.930400 0.547200
vt 0.930300 0.551200
vt 0.911500 0.551200
vt 0.937400 0.636000
vt 0.937400 0.605000
vt 0.936400 0.636000
vt 0.936400 0.605000
vt 0.927300 0.572500
vt 0.928000 0.566400
vt 0.929000 0.590000
vt 0.928000 0.590000
vt 0.937400 0.581500
vt 0.959900 0.581500
vt 0.959900 0.605000
vt 0.959900 0.636000
vt 0.937400 0.694400
vt 0.937400 0.666000
vt 0.936400 0.694400
vt 0.936400 0.666000
vt 0.959900 0.666000
vt 0.959900 0.694400
vt 0.937400 0.742500
vt 0.937400 0.720500
vt 0.936400 0.742300
vt 0.936400 0.720400
vt 0.959900 0.720500
vt 0.959900 0.742500
vt 0.947500 0.505800
vt 0.958100 0.505800
vt 0.958200 0.507000
vt 0.947500 0.507000
vt 0.933800 0.536600
vt 0.933800 0.537700
vt 0.914300 0.537700
vt 0.914400 0.536600
vt 0.937400 0.758600
vt 0.960100 0.758600
vt 0.947500 0.533300
vt 0.958200 0.533100
vt 0.893100 0.558600
vt 0.915300 0.558600
vt 0.871000 0.558600
vt 0.974800 0.467100
vt 0.974800 0.441500
vt 0.974800 0.492600
vt 0.998500 0.467100
vt 0.997400 0.467100
vt 0.997600 0.441500
vt 0.998600 0.441500
vt 0.998300 0.492600
vt 0.997300 0.492600
vt 0.817600 0.635200
vt 0.817500 0.666200
vt 0.817300 0.689800
vt 0.794400 0.689800
vt 0.794400 0.666200
vt 0.859000 0.572500
vt 0.858200 0.590000
vt 0.857300 0.590000
vt 0.858200 0.566400
vt 0.794400 0.635200
vt 0.793400 0.666200
vt 0.793400 0.635200
vt 0.817700 0.577100
vt 0.817700 0.605200
vt 0.794400 0.605200
vt 0.793400 0.605200
vt 0.794400 0.577100
vt 0.793400 0.577100
vt 0.817600 0.530100
vt 0.817700 0.551600
vt 0.794400 0.551600
vt 0.793400 0.551600
vt 0.794400 0.530100
vt 0.793400 0.530200
vt 0.817500 0.513800
vt 0.817400 0.503000
vt 0.794400 0.513800
vt 0.793400 0.513900
vt 0.793300 0.503500
vt 0.794400 0.503000
vt 0.964500 0.515100
vt 0.974300 0.515100
vt 0.967000 0.513300
vt 0.974300 0.512700
vt 0.986500 0.513300
vt 0.989000 0.515100
vt 0.989000 0.570300
vt 0.974300 0.570300
vt 0.964500 0.570300
vt 0.857300 0.513000
vt 0.859400 0.513000
vt 0.859400 0.538600
vt 0.857300 0.538600
vt 0.857300 0.487400
vt 0.859400 0.487400
vt 0.936400 0.463800
vt 0.936400 0.438200
vt 0.936400 0.489300
vt 0.907200 0.513000
vt 0.907200 0.538600
vt 0.907200 0.487400
vt 0.821900 0.700900
vt 0.831600 0.700900
vt 0.846200 0.700900
vt 0.845900 0.756100
vt 0.831200 0.756100
vt 0.843400 0.758000
vt 0.831200 0.758600
vt 0.824000 0.758000
vt 0.821500 0.756100
vt 0.751700 0.557400
vt 0.773900 0.557400
vt 0.729600 0.557400
vt 0.967400 0.463800
vt 0.967400 0.489300
vt 0.967300 0.438200
vt 0.751700 0.502200
vt 0.773900 0.502200
vt 0.729600 0.502200
vt 0.942800 0.566800
vt 0.942800 0.549900
vt 0.941800 0.563900
vt 0.941500 0.549900
vt 0.942800 0.538300
vt 0.941500 0.538300
vt 0.942800 0.529700
vt 0.942800 0.518300
vt 0.941500 0.529800
vt 0.941500 0.518300
vt 0.942800 0.510600
vt 0.941500 0.510600
vt 0.978000 0.430000
vt 0.984600 0.430000
vt 0.804200 0.697600
vt 0.797600 0.697600
vt 0.814100 0.697600
vt 0.994500 0.430000
vt 0.994200 0.504100
vt 0.984400 0.504100
vt 0.947100 0.573600
vt 0.956800 0.573600
vt 0.940500 0.573600
vt 0.977900 0.504100
vt 0.861000 0.621000
vt 0.861100 0.590000
vt 0.858200 0.621000
vt 0.861100 0.566400
vt 0.925200 0.566400
vt 0.925200 0.590000
vt 0.926400 0.621000
vt 0.923600 0.621000
vt 0.860300 0.679100
vt 0.860700 0.651000
vt 0.858000 0.679100
vt 0.858100 0.651000
vt 0.918800 0.651000
vt 0.921400 0.651000
vt 0.913100 0.679300
vt 0.910900 0.679300
vt 0.859100 0.725900
vt 0.859600 0.704600
vt 0.857700 0.726100
vt 0.857800 0.704600
vt 0.900000 0.705000
vt 0.901500 0.705300
vt 0.888200 0.727200
vt 0.887400 0.726600
vt 0.939600 0.426700
vt 0.949300 0.426700
vt 0.942200 0.424300
vt 0.949300 0.423400
vt 0.961500 0.424300
vt 0.964100 0.426700
vt 0.964100 0.500800
vt 0.949400 0.500800
vt 0.961600 0.503300
vt 0.949400 0.504100
vt 0.942200 0.503300
vt 0.939600 0.500800
vt 0.866800 0.475900
vt 0.883300 0.475900
vt 0.818600 0.709500
vt 0.818400 0.728500
vt 0.818300 0.747600
vt 0.899800 0.475900
vt 0.899800 0.550000
vt 0.883300 0.550000
vt 0.961300 0.542700
vt 0.961300 0.523700
vt 0.961300 0.561800
vt 0.866800 0.550000
vt 0.857800 0.742300
vt 0.859100 0.741800
vt 0.859200 0.751800
vt 0.858000 0.752700
vt 0.744900 0.707200
vt 0.992300 0.720100
vt 0.992300 0.741600
vt 0.992300 0.694300
vt 0.734000 0.681400
vt 0.784600 0.681300
vt 0.785300 0.706800
vt 0.849900 0.551600
vt 0.849900 0.577100
vt 0.849800 0.530300
vt 0.785700 0.728000
vt 0.726100 0.653100
vt 0.992300 0.666000
vt 0.992300 0.636000
vt 0.721300 0.623100
vt 0.783900 0.623100
vt 0.784200 0.653100
vt 0.849900 0.605200
vt 0.849800 0.635200
vt 0.719700 0.592200
vt 0.992300 0.605000
vt 0.992300 0.580600
vt 0.719700 0.567800
vt 0.783800 0.567800
vt 0.783800 0.592200
vt 0.849700 0.666200
vt 0.849500 0.690600
vt 0.719700 0.548900
vt 0.719700 0.529800
vt 0.992300 0.542700
vt 0.992300 0.561800
vt 0.992300 0.523700
vt 0.719700 0.510800
vt 0.783800 0.510800
vt 0.783800 0.529800
vt 0.849300 0.728500
vt 0.849200 0.747600
vt 0.849400 0.709500
vt 0.783800 0.548900
vt 0.846200 0.498500
vt 0.849400 0.499800
vt 0.849500 0.504500
vt 0.941400 0.566800
vt 0.942700 0.570500
vt 0.785600 0.753900
vt 0.785500 0.758600
vt 0.942800 0.507000
vt 0.941500 0.506900
vt 0.941800 0.506100
vt 0.942800 0.505800
vt 0.942800 0.533400
vt 0.941500 0.533400
vt 0.861100 0.558600
vt 0.794400 0.697600
vt 0.974800 0.430000
vt 0.974800 0.504100
vt 0.937400 0.573600
vt 0.925200 0.558600
vt 0.998300 0.504100
vt 0.997200 0.504100
vt 0.959900 0.573600
vt 0.960900 0.572800
vt 0.997600 0.430000
vt 0.817200 0.697600
vt 0.818300 0.698500
vt 0.998700 0.430000
vt 0.857300 0.475900
vt 0.859400 0.475900
vt 0.818600 0.700900
vt 0.859400 0.550000
vt 0.961300 0.570300
vt 0.857300 0.550000
vt 0.936400 0.500800
vt 0.939600 0.504100
vt 0.961300 0.515100
vt 0.907200 0.550000
vt 0.907200 0.475900
vt 0.818300 0.756100
vt 0.936400 0.426700
vt 0.939700 0.423400
vt 0.719700 0.557400
vt 0.992300 0.570300
vt 0.783800 0.557400
vt 0.849400 0.700900
vt 0.967300 0.426700
vt 0.964100 0.423400
vt 0.849200 0.756100
vt 0.783800 0.502200
vt 0.719700 0.502200
vt 0.992300 0.515100
vt 0.967400 0.500800
vt 0.964100 0.504100
vt 0.874400 0.742300
vt 0.874700 0.743300
vt 0.864000 0.752400
vt 0.864100 0.753500
vt 0.859400 0.756900
vt 0.859200 0.755800
vt 0.859400 0.758000
vt 0.858100 0.758000
vt 0.858500 0.758600
vt 0.858400 0.756800
vt 0.858800 0.755600
vt 0.857900 0.756700
vt 0.793300 0.499500
vt 0.794100 0.498300
vt 0.793100 0.499400
vt 0.793300 0.498200
vt 0.928000 0.543500
vt 0.927100 0.544000
vt 0.927100 0.542700
vt 0.928000 0.542700
vt 0.794300 0.497100
vt 0.797600 0.497000
vt 0.797500 0.498100
vt 0.804200 0.498100
vt 0.804200 0.497000
vt 0.814100 0.498100
vt 0.814100 0.497000
vt 0.817300 0.498100
vt 0.817300 0.497000
vt 0.821500 0.497000
vt 0.821600 0.498100
vt 0.831500 0.498100
vt 0.831500 0.497000
vt 0.843700 0.497700
vt 0.775400 0.738900
vt 0.782300 0.742100
vt 0.785700 0.743700
vt 0.849700 0.514700
vt 0.700100 0.291400
vt 0.710200 0.291400
vt 0.710200 0.300000
vt 0.700100 0.300000
vt 0.710200 0.308600
vt 0.700100 0.308700
vt 0.690000 0.308700
vt 0.690000 0.300000
vt 0.690000 0.291400
vt 0.720300 0.291300
vt 0.730300 0.291300
vt 0.730400 0.299900
vt 0.720300 0.300000
vt 0.730400 0.308500
vt 0.720300 0.308600
vt 0.740400 0.291200
vt 0.750500 0.291200
vt 0.750500 0.299700
vt 0.740400 0.299800
vt 0.750600 0.308300
vt 0.740500 0.308400
vt 0.760500 0.291100
vt 0.770500 0.290900
vt 0.770600 0.299500
vt 0.760600 0.299600
vt 0.770700 0.308100
vt 0.760600 0.308200
vt 0.780600 0.290800
vt 0.790600 0.290700
vt 0.790700 0.299300
vt 0.780600 0.299400
vt 0.790700 0.307800
vt 0.780700 0.308000
vt 0.800600 0.290500
vt 0.810600 0.290400
vt 0.810700 0.298900
vt 0.800700 0.299100
vt 0.810800 0.307500
vt 0.800800 0.307700
vt 0.820600 0.290200
vt 0.830700 0.290000
vt 0.830800 0.298600
vt 0.820700 0.298800
vt 0.830900 0.307100
vt 0.820800 0.307300
vt 0.840700 0.289800
vt 0.850700 0.289600
vt 0.850800 0.298200
vt 0.840800 0.298400
vt 0.850900 0.306800
vt 0.840900 0.307000
vt 0.860700 0.289400
vt 0.870700 0.289200
vt 0.870800 0.297800
vt 0.860800 0.298000
vt 0.870900 0.306300
vt 0.860900 0.306500
vt 0.880700 0.289000
vt 0.890800 0.288800
vt 0.890900 0.297300
vt 0.880900 0.297500
vt 0.891000 0.305900
vt 0.881000 0.306100
vt 0.900800 0.288500
vt 0.910800 0.288300
vt 0.910900 0.296900
vt 0.900900 0.297100
vt 0.911100 0.305400
vt 0.901000 0.305700
vt 0.920800 0.288000
vt 0.930900 0.287800
vt 0.931000 0.296400
vt 0.921000 0.296600
vt 0.931100 0.304900
vt 0.921100 0.305200
vt 0.940900 0.287500
vt 0.950900 0.287300
vt 0.951100 0.295900
vt 0.941000 0.296100
vt 0.951200 0.304500
vt 0.941200 0.304700
vt 0.961000 0.287100
vt 0.971000 0.286800
vt 0.971200 0.295400
vt 0.961100 0.295600
vt 0.971300 0.304000
vt 0.961200 0.304200
vt 0.981100 0.286600
vt 0.991100 0.286300
vt 0.991200 0.294900
vt 0.981200 0.295100
vt 0.991400 0.303500
vt 0.981300 0.303700
vt 0.399600 0.323300
vt 0.410000 0.323600
vt 0.409800 0.332500
vt 0.399500 0.332200
vt 0.409700 0.341300
vt 0.399300 0.341100
vt 0.388900 0.340800
vt 0.389100 0.331900
vt 0.389200 0.323100
vt 0.420400 0.323900
vt 0.430700 0.324100
vt 0.430600 0.333000
vt 0.420200 0.332700
vt 0.430400 0.341900
vt 0.420100 0.341600
vt 0.441100 0.324400
vt 0.451500 0.324700
vt 0.451300 0.333500
vt 0.441000 0.333300
vt 0.451200 0.342400
vt 0.440800 0.342100
vt 0.461800 0.324900
vt 0.472200 0.325200
vt 0.472100 0.334100
vt 0.461700 0.333800
vt 0.471900 0.342900
vt 0.461600 0.342700
vt 0.482600 0.325500
vt 0.492900 0.325700
vt 0.492800 0.334600
vt 0.482400 0.334300
vt 0.492700 0.343400
vt 0.482300 0.343200
vt 0.503300 0.326000
vt 0.513600 0.326200
vt 0.513500 0.335100
vt 0.503100 0.334800
vt 0.513400 0.343900
vt 0.503000 0.343700
vt 0.523900 0.326500
vt 0.534300 0.326700
vt 0.534100 0.335600
vt 0.523800 0.335300
vt 0.534000 0.344400
vt 0.523700 0.344100
vt 0.544600 0.327000
vt 0.554900 0.327200
vt 0.554800 0.336000
vt 0.544500 0.335800
vt 0.554700 0.344800
vt 0.544300 0.344600
vt 0.565200 0.327400
vt 0.575400 0.327600
vt 0.575300 0.336400
vt 0.565100 0.336200
vt 0.575200 0.345200
vt 0.565000 0.345000
vt 0.585700 0.327800
vt 0.596000 0.328000
vt 0.595900 0.336800
vt 0.585600 0.336600
vt 0.595800 0.345500
vt 0.585500 0.345400
vt 0.606200 0.328200
vt 0.616400 0.328300
vt 0.616400 0.337100
vt 0.606100 0.336900
vt 0.616300 0.345800
vt 0.606000 0.345700
vt 0.626700 0.328500
vt 0.636900 0.328600
vt 0.636800 0.337300
vt 0.626600 0.337200
vt 0.636700 0.346100
vt 0.626500 0.345900
vt 0.647100 0.328700
vt 0.657200 0.328800
vt 0.657200 0.337500
vt 0.647000 0.337400
vt 0.657100 0.346200
vt 0.646900 0.346200
vt 0.667400 0.328900
vt 0.677500 0.329000
vt 0.677500 0.337600
vt 0.667400 0.337600
vt 0.677500 0.346300
vt 0.667300 0.346300
vt 0.687700 0.329000
vt 0.697800 0.329000
vt 0.697800 0.337700
vt 0.687700 0.337700
vt 0.697800 0.346400
vt 0.687700 0.346400
vt 0.707900 0.329100
vt 0.718000 0.329100
vt 0.718000 0.337700
vt 0.707900 0.337700
vt 0.718100 0.346300
vt 0.707900 0.346300
vt 0.728100 0.329100
vt 0.738200 0.329100
vt 0.738200 0.337700
vt 0.728100 0.337700
vt 0.738200 0.346300
vt 0.728200 0.346300
vt 0.748300 0.329100
vt 0.758400 0.329100
vt 0.758400 0.337700
vt 0.748300 0.337700
vt 0.758400 0.346200
vt 0.748300 0.346300
vt 0.768400 0.329100
vt 0.778400 0.329100
vt 0.778400 0.337600
vt 0.768400 0.337600
vt 0.778500 0.346200
vt 0.768400 0.346200
vt 0.788500 0.329000
vt 0.798500 0.329000
vt 0.798500 0.337600
vt 0.788500 0.337600
vt 0.798500 0.346100
vt 0.788500 0.346200
vt 0.808500 0.329000
vt 0.818400 0.329000
vt 0.818400 0.337500
vt 0.808500 0.337600
vt 0.818500 0.346000
vt 0.808500 0.346100
vt 0.828400 0.329000
vt 0.838400 0.329000
vt 0.838400 0.337500
vt 0.828400 0.337500
vt 0.838400 0.346000
vt 0.828400 0.346000
vt 0.848300 0.328900
vt 0.858200 0.328900
vt 0.858200 0.337400
vt 0.848300 0.337400
vt 0.858300 0.345900
vt 0.848300 0.345900
vt 0.868200 0.328900
vt 0.878100 0.328900
vt 0.878100 0.337300
vt 0.868200 0.337400
vt 0.878100 0.345800
vt 0.868200 0.345800
vt 0.888000 0.328800
vt 0.897900 0.328800
vt 0.897900 0.337200
vt 0.888000 0.337300
vt 0.897900 0.345700
vt 0.888000 0.345700
vt 0.907800 0.328800
vt 0.917600 0.328700
vt 0.917700 0.337200
vt 0.907800 0.337200
vt 0.917700 0.345600
vt 0.907800 0.345700
vt 0.927500 0.328700
vt 0.937400 0.328600
vt 0.937400 0.337100
vt 0.927500 0.337100
vt 0.937500 0.345500
vt 0.927600 0.345600
vt 0.947300 0.328600
vt 0.957200 0.328600
vt 0.957200 0.337000
vt 0.947300 0.337000
vt 0.957200 0.345400
vt 0.947300 0.345500
vt 0.967000 0.328500
vt 0.976900 0.328500
vt 0.976900 0.336900
vt 0.967000 0.336900
vt 0.976900 0.345300
vt 0.967100 0.345400
vt 0.986800 0.328400
vt 0.996600 0.328400
vt 0.996700 0.336800
vt 0.986800 0.336900
vt 0.996700 0.345300
vt 0.986800 0.345300
vt 0.400800 0.292800
vt 0.410700 0.292800
vt 0.410700 0.301200
vt 0.400800 0.301300
vt 0.410700 0.309700
vt 0.400800 0.309700
vt 0.391000 0.309800
vt 0.390900 0.301300
vt 0.390900 0.292900
vt 0.420500 0.292700
vt 0.430400 0.292600
vt 0.430500 0.301100
vt 0.420600 0.301200
vt 0.430500 0.309500
vt 0.420600 0.309600
vt 0.440300 0.292600
vt 0.450200 0.292500
vt 0.450200 0.301000
vt 0.440300 0.301000
vt 0.450300 0.309400
vt 0.440400 0.309500
vt 0.460100 0.292500
vt 0.470000 0.292400
vt 0.470000 0.300800
vt 0.460100 0.300900
vt 0.470100 0.309300
vt 0.460200 0.309400
vt 0.479900 0.292300
vt 0.489800 0.292300
vt 0.489800 0.300700
vt 0.479900 0.300800
vt 0.489900 0.309200
vt 0.480000 0.309300
vt 0.499700 0.292200
vt 0.509600 0.292100
vt 0.509700 0.300600
vt 0.499800 0.300700
vt 0.509700 0.309100
vt 0.499800 0.309200
vt 0.519600 0.292100
vt 0.529500 0.292000
vt 0.529500 0.300500
vt 0.519600 0.300600
vt 0.529600 0.309000
vt 0.519600 0.309100
vt 0.539500 0.292000
vt 0.549400 0.291900
vt 0.549400 0.300400
vt 0.539500 0.300500
vt 0.549500 0.308900
vt 0.539500 0.309000
vt 0.559400 0.291900
vt 0.569400 0.291800
vt 0.569400 0.300300
vt 0.559400 0.300400
vt 0.569400 0.308900
vt 0.559400 0.308900
vt 0.579300 0.291800
vt 0.589300 0.291700
vt 0.589400 0.300300
vt 0.579400 0.300300
vt 0.589400 0.308800
vt 0.579400 0.308800
vt 0.599300 0.291700
vt 0.609400 0.291600
vt 0.609400 0.300200
vt 0.599400 0.300200
vt 0.609400 0.308800
vt 0.599400 0.308800
vt 0.619400 0.291600
vt 0.629400 0.291500
vt 0.629400 0.300100
vt 0.619400 0.300200
vt 0.629500 0.308700
vt 0.619400 0.308700
vt 0.639500 0.291500
vt 0.649600 0.291500
vt 0.649600 0.300100
vt 0.639500 0.300100
vt 0.649600 0.308700
vt 0.639500 0.308700
vt 0.659600 0.291500
vt 0.669700 0.291400
vt 0.669700 0.300100
vt 0.659600 0.300100
vt 0.669700 0.308700
vt 0.659700 0.308700
vt 0.679800 0.291400
vt 0.679800 0.300100
vt 0.679800 0.308700
vt 0.722400 0.126800
vt 0.722800 0.126800
vt 0.723900 0.133400
vt 0.723500 0.133500
vt 0.724700 0.140100
vt 0.724200 0.140100
vt 0.720000 0.140500
vt 0.719200 0.134100
vt 0.718200 0.127700
vt 0.982200 0.198100
vt 0.982600 0.198300
vt 0.979700 0.204300
vt 0.979300 0.204100
vt 0.976500 0.210200
vt 0.976100 0.210000
vt 0.972400 0.207800
vt 0.975500 0.202100
vt 0.978300 0.196300
vt 0.719200 0.113900
vt 0.719600 0.113700
vt 0.721400 0.120200
vt 0.720900 0.120300
vt 0.716800 0.121400
vt 0.715100 0.115100
vt 0.973000 0.215900
vt 0.972600 0.215600
vt 0.969200 0.221400
vt 0.968800 0.221100
vt 0.965400 0.218600
vt 0.969000 0.213300
vt 0.714600 0.101300
vt 0.715000 0.101100
vt 0.717500 0.107300
vt 0.717000 0.107500
vt 0.713000 0.109000
vt 0.710700 0.103000
vt 0.965100 0.226700
vt 0.964800 0.226400
vt 0.960800 0.231800
vt 0.960400 0.231500
vt 0.957300 0.228600
vt 0.961500 0.223700
vt 0.708800 0.089200
vt 0.709200 0.089000
vt 0.712300 0.095000
vt 0.711900 0.095200
vt 0.708000 0.097100
vt 0.705000 0.091300
vt 0.956200 0.236700
vt 0.955900 0.236300
vt 0.951400 0.241300
vt 0.951000 0.240900
vt 0.948200 0.237700
vt 0.952900 0.233300
vt 0.701700 0.077900
vt 0.702100 0.077600
vt 0.705800 0.083200
vt 0.705400 0.083500
vt 0.701800 0.085800
vt 0.698200 0.080400
vt 0.946300 0.245600
vt 0.946000 0.245300
vt 0.941000 0.249700
vt 0.940700 0.249300
vt 0.938200 0.245800
vt 0.943300 0.241900
vt 0.693600 0.067300
vt 0.693900 0.067000
vt 0.698100 0.072200
vt 0.697800 0.072500
vt 0.694400 0.075200
vt 0.690300 0.070200
vt 0.935500 0.253500
vt 0.935300 0.253100
vt 0.929800 0.257000
vt 0.929600 0.256600
vt 0.927500 0.252800
vt 0.932900 0.249500
vt 0.684300 0.057700
vt 0.684600 0.057400
vt 0.689400 0.062100
vt 0.689100 0.062400
vt 0.686000 0.065400
vt 0.681400 0.060900
vt 0.924000 0.260200
vt 0.923800 0.259700
vt 0.918000 0.263000
vt 0.917800 0.262600
vt 0.916000 0.258700
vt 0.921800 0.255900
vt 0.674100 0.049100
vt 0.674400 0.048700
vt 0.679600 0.052900
vt 0.679300 0.053300
vt 0.676600 0.056600
vt 0.671600 0.052600
vt 0.911800 0.265600
vt 0.911600 0.265100
vt 0.905500 0.267800
vt 0.905400 0.267400
vt 0.904100 0.263300
vt 0.910100 0.261100
vt 0.663100 0.041600
vt 0.663400 0.041200
vt 0.669000 0.044800
vt 0.668700 0.045200
vt 0.666400 0.048800
vt 0.660900 0.045300
vt 0.899100 0.269700
vt 0.899000 0.269200
vt 0.892700 0.271200
vt 0.892600 0.270800
vt 0.891700 0.266600
vt 0.897900 0.265100
vt 0.651400 0.035400
vt 0.651600 0.034900
vt 0.657600 0.037900
vt 0.657400 0.038300
vt 0.655400 0.042200
vt 0.649600 0.039300
vt 0.886100 0.272400
vt 0.886100 0.272000
vt 0.879500 0.273300
vt 0.879500 0.272800
vt 0.879000 0.268600
vt 0.885400 0.267700
vt 0.639100 0.030400
vt 0.639300 0.029900
vt 0.645500 0.032300
vt 0.645300 0.032700
vt 0.643700 0.036700
vt 0.637700 0.034400
vt 0.872900 0.273800
vt 0.872900 0.273300
vt 0.866200 0.274000
vt 0.866200 0.273500
vt 0.866300 0.269200
vt 0.872700 0.269000
vt 0.626300 0.026700
vt 0.626400 0.026200
vt 0.632900 0.027900
vt 0.632800 0.028400
vt 0.631600 0.032500
vt 0.625400 0.030900
vt 0.859600 0.273800
vt 0.859600 0.273300
vt 0.853000 0.273200
vt 0.853000 0.272800
vt 0.853500 0.268500
vt 0.859900 0.269000
vt 0.613300 0.024400
vt 0.613300 0.023900
vt 0.619900 0.024900
vt 0.619800 0.025400
vt 0.619100 0.029600
vt 0.612800 0.028700
vt 0.846400 0.272300
vt 0.846500 0.271900
vt 0.839800 0.271100
vt 0.839900 0.270600
vt 0.840800 0.266400
vt 0.847100 0.267600
vt 0.600000 0.023500
vt 0.600000 0.023000
vt 0.606700 0.023300
vt 0.606700 0.023800
vt 0.606400 0.028100
vt 0.600000 0.027800
vt 0.833400 0.269500
vt 0.833500 0.269000
vt 0.827000 0.267600
vt 0.827100 0.267100
vt 0.828500 0.263000
vt 0.834600 0.264900
vt 0.586800 0.024000
vt 0.586700 0.023500
vt 0.593400 0.023100
vt 0.593400 0.023500
vt 0.593600 0.027900
vt 0.587200 0.028300
vt 0.820700 0.265300
vt 0.820900 0.264900
vt 0.814600 0.262700
vt 0.814800 0.262300
vt 0.816500 0.258400
vt 0.822400 0.260900
vt 0.573600 0.025900
vt 0.573600 0.025400
vt 0.580100 0.024300
vt 0.580200 0.024700
vt 0.580800 0.029000
vt 0.574500 0.030100
vt 0.808600 0.259800
vt 0.808800 0.259400
vt 0.802800 0.256600
vt 0.803000 0.256200
vt 0.805100 0.252500
vt 0.810800 0.255600
vt 0.560800 0.029100
vt 0.560600 0.028700
vt 0.567100 0.026900
vt 0.567200 0.027300
vt 0.568200 0.031500
vt 0.562000 0.033200
vt 0.797100 0.253100
vt 0.797400 0.252700
vt 0.791600 0.249300
vt 0.791900 0.248900
vt 0.794400 0.245400
vt 0.799700 0.249100
vt 0.548300 0.033700
vt 0.548100 0.033300
vt 0.554300 0.030800
vt 0.554500 0.031300
vt 0.556000 0.035300
vt 0.550000 0.037700
vt 0.786400 0.245100
vt 0.786600 0.244800
vt 0.781300 0.240800
vt 0.781600 0.240400
vt 0.784500 0.237200
vt 0.789300 0.241400
vt 0.536400 0.039600
vt 0.536200 0.039200
vt 0.542100 0.036100
vt 0.542300 0.036500
vt 0.544200 0.040400
vt 0.538500 0.043400
vt 0.776500 0.236100
vt 0.776800 0.235800
vt 0.771900 0.231200
vt 0.772300 0.230900
vt 0.775500 0.228100
vt 0.779800 0.232800
vt 0.525200 0.046700
vt 0.524900 0.046400
vt 0.530400 0.042600
vt 0.530700 0.043000
vt 0.533000 0.046700
vt 0.527600 0.050300
vt 0.767600 0.226100
vt 0.768000 0.225800
vt 0.763600 0.220800
vt 0.764000 0.220500
vt 0.767400 0.218000
vt 0.771300 0.223100
vt 0.514700 0.055000
vt 0.514400 0.054700
vt 0.519500 0.050400
vt 0.519800 0.050700
vt 0.522500 0.054100
vt 0.517500 0.058300
vt 0.759800 0.215200
vt 0.760200 0.215000
vt 0.756400 0.209500
vt 0.756800 0.209300
vt 0.760500 0.207100
vt 0.763800 0.212600
vt 0.505200 0.064300
vt 0.504900 0.064000
vt 0.509500 0.059200
vt 0.509800 0.059500
vt 0.512800 0.062600
vt 0.508300 0.067300
vt 0.753200 0.203600
vt 0.753600 0.203400
vt 0.750400 0.197500
vt 0.750800 0.197300
vt 0.754700 0.195600
vt 0.757400 0.201400
vt 0.496700 0.074600
vt 0.496300 0.074300
vt 0.500400 0.069100
vt 0.500800 0.069400
vt 0.504100 0.072100
vt 0.500100 0.077200
vt 0.747800 0.191300
vt 0.748300 0.191100
vt 0.745600 0.185000
vt 0.746100 0.184800
vt 0.750100 0.183500
vt 0.752200 0.189600
vt 0.489300 0.085700
vt 0.488900 0.085500
vt 0.492500 0.079800
vt 0.492800 0.080100
vt 0.496400 0.082500
vt 0.492900 0.088000
vt 0.743700 0.178500
vt 0.744200 0.178400
vt 0.742200 0.172000
vt 0.742700 0.171900
vt 0.746800 0.171000
vt 0.748300 0.177300
vt 0.483100 0.097600
vt 0.482700 0.097400
vt 0.485600 0.091400
vt 0.486000 0.091600
vt 0.489800 0.093600
vt 0.487000 0.099400
vt 0.741000 0.165400
vt 0.741500 0.165300
vt 0.740200 0.158700
vt 0.740600 0.158600
vt 0.744900 0.158200
vt 0.745700 0.164600
vt 0.478100 0.110000
vt 0.477700 0.109900
vt 0.480000 0.103600
vt 0.480400 0.103700
vt 0.484400 0.105300
vt 0.482200 0.111400
vt 0.739600 0.152000
vt 0.740100 0.152000
vt 0.739500 0.145300
vt 0.740000 0.145300
vt 0.744200 0.145300
vt 0.744400 0.151700
vt 0.474500 0.122900
vt 0.474000 0.122800
vt 0.475700 0.116300
vt 0.476100 0.116400
vt 0.480300 0.117600
vt 0.478700 0.123900
vt 0.739700 0.138500
vt 0.740100 0.138600
vt 0.740200 0.131800
vt 0.740700 0.131900
vt 0.744900 0.132400
vt 0.744400 0.138800
vt 0.472200 0.136100
vt 0.471800 0.136000
vt 0.472700 0.129400
vt 0.473200 0.129500
vt 0.477400 0.130200
vt 0.476500 0.136600
vt 0.741100 0.125200
vt 0.741600 0.125300
vt 0.742300 0.118600
vt 0.742800 0.118700
vt 0.747000 0.119600
vt 0.745800 0.125900
vt 0.471300 0.149500
vt 0.470900 0.149500
vt 0.471100 0.142700
vt 0.471600 0.142800
vt 0.475900 0.143100
vt 0.475600 0.149500
vt 0.743900 0.112000
vt 0.744300 0.112200
vt 0.745800 0.105600
vt 0.746200 0.105700
vt 0.750300 0.107100
vt 0.748500 0.113300
vt 0.471800 0.162900
vt 0.471400 0.162900
vt 0.470900 0.156200
vt 0.471400 0.156200
vt 0.475700 0.156000
vt 0.476100 0.162500
vt 0.748000 0.099300
vt 0.748500 0.099400
vt 0.750600 0.093000
vt 0.751000 0.093200
vt 0.754900 0.095000
vt 0.752500 0.101000
vt 0.473700 0.176100
vt 0.473200 0.176200
vt 0.472100 0.169600
vt 0.472600 0.169500
vt 0.476800 0.168900
vt 0.477900 0.175300
vt 0.753500 0.087000
vt 0.753900 0.087200
vt 0.756700 0.081100
vt 0.757100 0.081300
vt 0.760800 0.083500
vt 0.757700 0.089200
vt 0.476900 0.189100
vt 0.476500 0.189300
vt 0.474700 0.182800
vt 0.475100 0.182700
vt 0.479300 0.181600
vt 0.481000 0.187900
vt 0.760200 0.075400
vt 0.760600 0.075600
vt 0.764000 0.069800
vt 0.764300 0.070100
vt 0.767800 0.072600
vt 0.764100 0.078000
vt 0.481500 0.201700
vt 0.481100 0.201900
vt 0.478600 0.195600
vt 0.479000 0.195500
vt 0.483100 0.194000
vt 0.485400 0.200000
vt 0.768000 0.064500
vt 0.768400 0.064800
vt 0.772400 0.059400
vt 0.772700 0.059700
vt 0.775900 0.062600
vt 0.771700 0.067500
vt 0.487300 0.213700
vt 0.486900 0.214000
vt 0.483800 0.208000
vt 0.484300 0.207800
vt 0.488100 0.205900
vt 0.491100 0.211600
vt 0.777000 0.054500
vt 0.777300 0.054900
vt 0.781800 0.049900
vt 0.782100 0.050300
vt 0.785000 0.053500
vt 0.780300 0.057900
vt 0.494400 0.225100
vt 0.494000 0.225300
vt 0.490300 0.219700
vt 0.490700 0.219500
vt 0.494300 0.217200
vt 0.497900 0.222600
vt 0.786900 0.045600
vt 0.787200 0.045900
vt 0.792200 0.041500
vt 0.792500 0.041900
vt 0.795000 0.045400
vt 0.789900 0.049300
vt 0.502600 0.235600
vt 0.502200 0.235900
vt 0.498000 0.230700
vt 0.498400 0.230500
vt 0.501700 0.227800
vt 0.505800 0.232800
vt 0.797700 0.037700
vt 0.797900 0.038100
vt 0.803400 0.034200
vt 0.803600 0.034600
vt 0.805700 0.038300
vt 0.800300 0.041700
vt 0.511800 0.245200
vt 0.511500 0.245600
vt 0.506700 0.240900
vt 0.507100 0.240500
vt 0.510100 0.237500
vt 0.514700 0.242100
vt 0.809200 0.031000
vt 0.809400 0.031400
vt 0.815300 0.028100
vt 0.815400 0.028600
vt 0.817200 0.032500
vt 0.811400 0.035300
vt 0.522000 0.253800
vt 0.521700 0.254200
vt 0.516500 0.250000
vt 0.516800 0.249700
vt 0.519500 0.246300
vt 0.524600 0.250400
vt 0.821400 0.025600
vt 0.821600 0.026000
vt 0.827700 0.023300
vt 0.827800 0.023800
vt 0.829200 0.027900
vt 0.823100 0.030000
vt 0.533000 0.261300
vt 0.532800 0.261700
vt 0.527200 0.258100
vt 0.527400 0.257700
vt 0.529800 0.254100
vt 0.535200 0.257600
vt 0.834100 0.021500
vt 0.834200 0.021900
vt 0.840600 0.019900
vt 0.840700 0.020400
vt 0.841500 0.024600
vt 0.835300 0.026100
vt 0.544700 0.267500
vt 0.544500 0.268000
vt 0.538600 0.265000
vt 0.538800 0.264600
vt 0.540800 0.260700
vt 0.546500 0.263600
vt 0.847100 0.018700
vt 0.847200 0.019200
vt 0.853700 0.017800
vt 0.853800 0.018300
vt 0.854200 0.022600
vt 0.847900 0.023400
vt 0.557100 0.272500
vt 0.556900 0.273000
vt 0.550700 0.270600
vt 0.550800 0.270200
vt 0.552400 0.266200
vt 0.558400 0.268400
vt 0.860400 0.017300
vt 0.860400 0.017800
vt 0.867000 0.017200
vt 0.867000 0.017600
vt 0.867000 0.022000
vt 0.860600 0.022100
vt 0.569800 0.276200
vt 0.569700 0.276600
vt 0.563300 0.275000
vt 0.563400 0.274500
vt 0.564500 0.270400
vt 0.570800 0.272000
vt 0.873700 0.017400
vt 0.873700 0.017800
vt 0.880300 0.017900
vt 0.880300 0.018400
vt 0.879800 0.022700
vt 0.873400 0.022200
vt 0.582900 0.278500
vt 0.582800 0.278900
vt 0.576200 0.278000
vt 0.576300 0.277500
vt 0.577000 0.273300
vt 0.583400 0.274200
vt 0.886900 0.018800
vt 0.886900 0.019300
vt 0.893500 0.020100
vt 0.893400 0.020500
vt 0.892500 0.024700
vt 0.886200 0.023500
vt 0.596100 0.279400
vt 0.596100 0.279800
vt 0.589400 0.279600
vt 0.589500 0.279100
vt 0.589800 0.274800
vt 0.596200 0.275100
vt 0.899900 0.021700
vt 0.899800 0.022100
vt 0.906300 0.023600
vt 0.906200 0.024000
vt 0.904800 0.028100
vt 0.898700 0.026300
vt 0.609400 0.278900
vt 0.609400 0.279300
vt 0.602800 0.279800
vt 0.602700 0.279300
vt 0.602600 0.275000
vt 0.609000 0.274600
vt 0.912600 0.025900
vt 0.912400 0.026300
vt 0.918700 0.028500
vt 0.918600 0.028900
vt 0.916800 0.032800
vt 0.910900 0.030300
vt 0.622500 0.277000
vt 0.622600 0.277400
vt 0.616000 0.278600
vt 0.615900 0.278100
vt 0.615300 0.273800
vt 0.621700 0.272800
vt 0.924700 0.031400
vt 0.924500 0.031800
vt 0.930600 0.034600
vt 0.930400 0.035000
vt 0.928200 0.038700
vt 0.922600 0.035600
vt 0.635300 0.273700
vt 0.635500 0.274200
vt 0.629100 0.276000
vt 0.629000 0.275500
vt 0.627900 0.271300
vt 0.634100 0.269600
vt 0.936300 0.038100
vt 0.936000 0.038500
vt 0.941700 0.042000
vt 0.941500 0.042300
vt 0.938900 0.045800
vt 0.933700 0.042100
vt 0.647800 0.269100
vt 0.648000 0.269500
vt 0.641800 0.272000
vt 0.641600 0.271600
vt 0.640200 0.267500
vt 0.646100 0.265100
vt 0.947000 0.046100
vt 0.946700 0.046400
vt 0.952100 0.050500
vt 0.951700 0.050800
vt 0.948900 0.054000
vt 0.944000 0.049800
vt 0.659700 0.263200
vt 0.659900 0.263600
vt 0.654000 0.266700
vt 0.653800 0.266300
vt 0.651900 0.262400
vt 0.657600 0.259400
vt 0.956900 0.055100
vt 0.956500 0.055400
vt 0.961400 0.060000
vt 0.961100 0.060300
vt 0.957900 0.063200
vt 0.953500 0.058500
vt 0.670900 0.256100
vt 0.671200 0.256500
vt 0.665600 0.260200
vt 0.665400 0.259800
vt 0.663100 0.256100
vt 0.668500 0.252600
vt 0.965700 0.065100
vt 0.965400 0.065400
vt 0.969800 0.070500
vt 0.969400 0.070800
vt 0.965900 0.073300
vt 0.962100 0.068100
vt 0.681300 0.247800
vt 0.681600 0.248200
vt 0.676500 0.252500
vt 0.676200 0.252100
vt 0.673600 0.248700
vt 0.678500 0.244600
vt 0.973500 0.076000
vt 0.973100 0.076300
vt 0.977000 0.081800
vt 0.976600 0.082000
vt 0.972900 0.084200
vt 0.969500 0.078600
vt 0.690900 0.238500
vt 0.691200 0.238800
vt 0.686500 0.243600
vt 0.686200 0.243300
vt 0.683200 0.240200
vt 0.687700 0.235600
vt 0.980100 0.087700
vt 0.979700 0.087900
vt 0.983000 0.093800
vt 0.982600 0.094000
vt 0.978700 0.095700
vt 0.975900 0.089900
vt 0.699300 0.228200
vt 0.699700 0.228500
vt 0.695600 0.233800
vt 0.695200 0.233500
vt 0.692000 0.230700
vt 0.695900 0.225600
vt 0.985500 0.100000
vt 0.985100 0.100200
vt 0.987700 0.106400
vt 0.987300 0.106500
vt 0.983200 0.107800
vt 0.981100 0.101700
vt 0.706700 0.217100
vt 0.707100 0.217400
vt 0.703600 0.223000
vt 0.703200 0.222800
vt 0.699600 0.220400
vt 0.703100 0.214900
vt 0.989600 0.112800
vt 0.989100 0.112900
vt 0.991100 0.119400
vt 0.990700 0.119400
vt 0.986500 0.120300
vt 0.985000 0.114000
vt 0.712900 0.205300
vt 0.713300 0.205500
vt 0.710400 0.211500
vt 0.710000 0.211300
vt 0.706200 0.209300
vt 0.709100 0.203500
vt 0.992300 0.126000
vt 0.991800 0.126000
vt 0.993100 0.132600
vt 0.992700 0.132700
vt 0.988400 0.133100
vt 0.987600 0.126700
vt 0.717900 0.192900
vt 0.718300 0.193000
vt 0.716000 0.199300
vt 0.715600 0.199200
vt 0.711600 0.197500
vt 0.713800 0.191500
vt 0.993600 0.139300
vt 0.993200 0.139400
vt 0.993800 0.146100
vt 0.993300 0.146100
vt 0.989100 0.146100
vt 0.988900 0.139600
vt 0.721500 0.180000
vt 0.722000 0.180100
vt 0.720300 0.186600
vt 0.719900 0.186500
vt 0.715800 0.185300
vt 0.717300 0.179100
vt 0.993600 0.152800
vt 0.993100 0.152800
vt 0.993000 0.159500
vt 0.992600 0.159500
vt 0.988300 0.159000
vt 0.988900 0.152500
vt 0.723800 0.166800
vt 0.724200 0.166900
vt 0.723300 0.173500
vt 0.722800 0.173500
vt 0.718600 0.172700
vt 0.719600 0.166300
vt 0.992100 0.166200
vt 0.991700 0.166100
vt 0.990900 0.172800
vt 0.990400 0.172700
vt 0.986300 0.171800
vt 0.987500 0.165400
vt 0.724700 0.153500
vt 0.725200 0.153500
vt 0.724900 0.160200
vt 0.724400 0.160200
vt 0.720200 0.159900
vt 0.720400 0.153400
vt 0.989300 0.179300
vt 0.988900 0.179200
vt 0.987400 0.185700
vt 0.987000 0.185600
vt 0.982900 0.184200
vt 0.984700 0.178000
vt 0.725100 0.146800
vt 0.724600 0.146800
vt 0.720400 0.146900
vt 0.985100 0.192100
vt 0.984700 0.191900
vt 0.980700 0.190300
vt 0.706800 0.129900
vt 0.707800 0.135700
vt 0.708400 0.141500
vt 0.687100 0.143400
vt 0.688600 0.138400
vt 0.685800 0.134100
vt 0.967700 0.191500
vt 0.965200 0.196800
vt 0.962400 0.201900
vt 0.943900 0.191000
vt 0.947900 0.187800
vt 0.948200 0.182600
vt 0.704000 0.118600
vt 0.705500 0.124200
vt 0.686700 0.129000
vt 0.683500 0.124900
vt 0.959300 0.206900
vt 0.956000 0.211700
vt 0.938800 0.198900
vt 0.943100 0.196100
vt 0.700000 0.107500
vt 0.702100 0.113000
vt 0.683900 0.119700
vt 0.680300 0.116000
vt 0.952500 0.216300
vt 0.948700 0.220800
vt 0.932900 0.206200
vt 0.937500 0.203900
vt 0.694900 0.097000
vt 0.697600 0.102200
vt 0.680200 0.110800
vt 0.676200 0.107500
vt 0.944700 0.225000
vt 0.940500 0.229000
vt 0.926200 0.212900
vt 0.931000 0.211100
vt 0.688700 0.087100
vt 0.692000 0.092000
vt 0.675500 0.102400
vt 0.671200 0.099500
vt 0.936100 0.232800
vt 0.931500 0.236300
vt 0.918900 0.218800
vt 0.923900 0.217500
vt 0.681600 0.077900
vt 0.685300 0.082400
vt 0.670000 0.094500
vt 0.665500 0.092100
vt 0.926700 0.239600
vt 0.921700 0.242700
vt 0.911100 0.223900
vt 0.916200 0.223200
vt 0.673500 0.069400
vt 0.677700 0.073600
vt 0.663700 0.087200
vt 0.658900 0.085300
vt 0.916600 0.245500
vt 0.911400 0.248000
vt 0.902700 0.228200
vt 0.907900 0.228000
vt 0.664600 0.061900
vt 0.669200 0.065600
vt 0.656700 0.080600
vt 0.651800 0.079200
vt 0.906000 0.250200
vt 0.900500 0.252100
vt 0.894000 0.231600
vt 0.899100 0.231900
vt 0.655000 0.055400
vt 0.659900 0.058500
vt 0.649100 0.074800
vt 0.644000 0.073900
vt 0.895000 0.253800
vt 0.889300 0.255100
vt 0.884900 0.234000
vt 0.890000 0.234800
vt 0.644700 0.049900
vt 0.649900 0.052500
vt 0.640800 0.069800
vt 0.635700 0.069500
vt 0.883600 0.256200
vt 0.877900 0.256900
vt 0.875700 0.235400
vt 0.880600 0.236800
vt 0.634000 0.045500
vt 0.639400 0.047600
vt 0.632200 0.065800
vt 0.627000 0.066000
vt 0.872100 0.257400
vt 0.866300 0.257500
vt 0.866400 0.235900
vt 0.871100 0.237800
vt 0.622800 0.042300
vt 0.628400 0.043800
vt 0.623100 0.062600
vt 0.618000 0.063400
vt 0.860500 0.257300
vt 0.854700 0.256800
vt 0.857000 0.235400
vt 0.861600 0.237800
vt 0.611400 0.040300
vt 0.617100 0.041200
vt 0.613800 0.060500
vt 0.608800 0.061800
vt 0.849000 0.256100
vt 0.843300 0.255000
vt 0.847800 0.233900
vt 0.852100 0.236700
vt 0.599800 0.039500
vt 0.605600 0.039700
vt 0.604300 0.059300
vt 0.599500 0.061100
vt 0.837600 0.253600
vt 0.832100 0.251900
vt 0.838800 0.231400
vt 0.842700 0.234700
vt 0.588200 0.039900
vt 0.594000 0.039600
vt 0.594700 0.059200
vt 0.590100 0.061500
vt 0.826600 0.249900
vt 0.821300 0.247700
vt 0.830000 0.228000
vt 0.833600 0.231700
vt 0.576700 0.041600
vt 0.582400 0.040600
vt 0.585200 0.060000
vt 0.580800 0.062800
vt 0.816000 0.245200
vt 0.811000 0.242300
vt 0.821700 0.223700
vt 0.824900 0.227700
vt 0.565400 0.044400
vt 0.571000 0.042900
vt 0.575800 0.061900
vt 0.571700 0.065100
vt 0.806000 0.239300
vt 0.801300 0.235900
vt 0.813900 0.218500
vt 0.816600 0.222900
vt 0.554500 0.048500
vt 0.559900 0.046300
vt 0.566600 0.064700
vt 0.562900 0.068400
vt 0.796700 0.232400
vt 0.792300 0.228600
vt 0.806600 0.212500
vt 0.808900 0.217200
vt 0.544100 0.053600
vt 0.549300 0.050900
vt 0.557800 0.068500
vt 0.554500 0.072500
vt 0.788100 0.224500
vt 0.784100 0.220300
vt 0.800000 0.205800
vt 0.801800 0.210700
vt 0.534300 0.059900
vt 0.539100 0.056600
vt 0.549400 0.073200
vt 0.546600 0.077500
vt 0.780300 0.215800
vt 0.776800 0.211100
vt 0.794200 0.198500
vt 0.795400 0.203500
vt 0.525200 0.067100
vt 0.529600 0.063300
vt 0.541600 0.078800
vt 0.539200 0.083400
vt 0.773500 0.206300
vt 0.770500 0.201300
vt 0.789100 0.190500
vt 0.789800 0.195700
vt 0.516800 0.075200
vt 0.520900 0.071100
vt 0.534400 0.085100
vt 0.532500 0.090000
vt 0.767800 0.196100
vt 0.765300 0.190800
vt 0.784800 0.182100
vt 0.785100 0.187300
vt 0.509400 0.084200
vt 0.513000 0.079600
vt 0.527900 0.092200
vt 0.526500 0.097200
vt 0.763100 0.185400
vt 0.761200 0.179900
vt 0.781500 0.173300
vt 0.781200 0.178500
vt 0.502900 0.094000
vt 0.506000 0.089000
vt 0.522100 0.099900
vt 0.521300 0.105100
vt 0.759500 0.174300
vt 0.758200 0.168600
vt 0.779100 0.164100
vt 0.778300 0.169300
vt 0.497500 0.104300
vt 0.500100 0.099100
vt 0.517200 0.108200
vt 0.516900 0.113400
vt 0.757100 0.162800
vt 0.756400 0.157000
vt 0.777700 0.154800
vt 0.776300 0.159800
vt 0.493100 0.115200
vt 0.495200 0.109700
vt 0.513200 0.117000
vt 0.513400 0.122200
vt 0.756000 0.151200
vt 0.755800 0.145300
vt 0.777200 0.145400
vt 0.775300 0.150200
vt 0.490000 0.126500
vt 0.491400 0.120800
vt 0.510100 0.126200
vt 0.510800 0.131300
vt 0.756000 0.139400
vt 0.756500 0.133600
vt 0.777700 0.135900
vt 0.775400 0.140500
vt 0.488000 0.138000
vt 0.488800 0.132200
vt 0.508000 0.135600
vt 0.509200 0.140600
vt 0.757200 0.127800
vt 0.758300 0.122000
vt 0.779200 0.126600
vt 0.776400 0.130900
vt 0.487200 0.149700
vt 0.487400 0.143900
vt 0.506800 0.145200
vt 0.508600 0.150100
vt 0.759700 0.116300
vt 0.761300 0.110700
vt 0.781700 0.117500
vt 0.778400 0.121500
vt 0.487600 0.161400
vt 0.487300 0.155600
vt 0.506700 0.154900
vt 0.508900 0.159500
vt 0.763300 0.105200
vt 0.765500 0.099800
vt 0.785000 0.108600
vt 0.781400 0.112300
vt 0.489300 0.173000
vt 0.488300 0.167300
vt 0.507500 0.164500
vt 0.510300 0.168900
vt 0.768000 0.094500
vt 0.770800 0.089400
vt 0.789300 0.100200
vt 0.785300 0.103500
vt 0.492100 0.184400
vt 0.490500 0.178800
vt 0.509400 0.174000
vt 0.512600 0.178000
vt 0.773900 0.084400
vt 0.777200 0.079600
vt 0.794400 0.092300
vt 0.790100 0.095100
vt 0.496100 0.195400
vt 0.494000 0.190000
vt 0.512200 0.183200
vt 0.515800 0.186900
vt 0.780700 0.074900
vt 0.784500 0.070500
vt 0.800400 0.085000
vt 0.795800 0.087300
vt 0.501200 0.205900
vt 0.498500 0.200700
vt 0.515900 0.192100
vt 0.519900 0.195400
vt 0.788500 0.066200
vt 0.792700 0.062200
vt 0.807000 0.078300
vt 0.802200 0.080100
vt 0.507400 0.215900
vt 0.504200 0.211000
vt 0.520600 0.200500
vt 0.524900 0.203400
vt 0.797100 0.058400
vt 0.801800 0.054900
vt 0.814300 0.072400
vt 0.809300 0.073700
vt 0.514500 0.225100
vt 0.510800 0.220600
vt 0.526100 0.208400
vt 0.530700 0.210800
vt 0.806500 0.051600
vt 0.811500 0.048500
vt 0.822200 0.067300
vt 0.817100 0.068000
vt 0.522600 0.233500
vt 0.518500 0.229400
vt 0.532400 0.215700
vt 0.537200 0.217600
vt 0.816600 0.045700
vt 0.821900 0.043200
vt 0.830500 0.063000
vt 0.825400 0.063200
vt 0.531500 0.241000
vt 0.527000 0.237400
vt 0.539400 0.222300
vt 0.544400 0.223700
vt 0.827200 0.041000
vt 0.832700 0.039000
vt 0.839300 0.059600
vt 0.834100 0.059300
vt 0.541200 0.247500
vt 0.536300 0.244400
vt 0.547100 0.228100
vt 0.552100 0.229000
vt 0.838300 0.037400
vt 0.843900 0.036100
vt 0.848300 0.057200
vt 0.843200 0.056400
vt 0.551400 0.253000
vt 0.546200 0.250400
vt 0.555300 0.233100
vt 0.560400 0.233400
vt 0.849600 0.035000
vt 0.855400 0.034300
vt 0.857600 0.055800
vt 0.852600 0.054400
vt 0.562200 0.257400
vt 0.556700 0.255300
vt 0.564000 0.237100
vt 0.569100 0.236900
vt 0.861200 0.033800
vt 0.867000 0.033700
vt 0.866900 0.055300
vt 0.862100 0.053400
vt 0.573300 0.260600
vt 0.567700 0.259100
vt 0.573000 0.240300
vt 0.578100 0.239500
vt 0.872800 0.033800
vt 0.878600 0.034300
vt 0.876300 0.055800
vt 0.871700 0.053400
vt 0.584800 0.262600
vt 0.579000 0.261700
vt 0.582400 0.242400
vt 0.587300 0.241100
vt 0.884300 0.035100
vt 0.890000 0.036200
vt 0.885500 0.057300
vt 0.881200 0.054500
vt 0.596300 0.263400
vt 0.590500 0.263100
vt 0.591900 0.243600
vt 0.596700 0.241700
vt 0.895700 0.037600
vt 0.901200 0.039300
vt 0.894500 0.059800
vt 0.890600 0.056500
vt 0.607900 0.262900
vt 0.602100 0.263300
vt 0.601400 0.243700
vt 0.606000 0.241400
vt 0.906700 0.041200
vt 0.912000 0.043500
vt 0.903300 0.063200
vt 0.899700 0.059500
vt 0.619400 0.261300
vt 0.613700 0.262200
vt 0.611000 0.242800
vt 0.615300 0.240100
vt 0.917300 0.046000
vt 0.922400 0.048900
vt 0.911600 0.067500
vt 0.908400 0.063500
vt 0.630700 0.258400
vt 0.625100 0.260000
vt 0.620300 0.241000
vt 0.624400 0.237800
vt 0.927300 0.051900
vt 0.932100 0.055300
vt 0.919400 0.072700
vt 0.916700 0.068300
vt 0.641600 0.254400
vt 0.636200 0.256500
vt 0.629500 0.238100
vt 0.633200 0.234500
vt 0.936700 0.058900
vt 0.941100 0.062700
vt 0.926700 0.078700
vt 0.924400 0.074000
vt 0.652000 0.249200
vt 0.646800 0.251900
vt 0.638300 0.234300
vt 0.641600 0.230300
vt 0.945300 0.066700
vt 0.949300 0.071000
vt 0.933300 0.085400
vt 0.931500 0.080500
vt 0.661800 0.243000
vt 0.657000 0.246200
vt 0.646600 0.229600
vt 0.649500 0.225300
vt 0.953000 0.075500
vt 0.956500 0.080100
vt 0.939200 0.092800
vt 0.937900 0.087700
vt 0.670900 0.235800
vt 0.666400 0.239500
vt 0.654500 0.224100
vt 0.656800 0.219500
vt 0.959800 0.085000
vt 0.962800 0.090000
vt 0.944200 0.100700
vt 0.943500 0.095600
vt 0.679200 0.227600
vt 0.675200 0.231800
vt 0.661700 0.217700
vt 0.663600 0.212900
vt 0.965600 0.095100
vt 0.968000 0.100400
vt 0.948500 0.109200
vt 0.948200 0.104000
vt 0.686700 0.218600
vt 0.683100 0.223200
vt 0.668200 0.210600
vt 0.669600 0.205700
vt 0.970200 0.105900
vt 0.972200 0.111400
vt 0.951800 0.118000
vt 0.952100 0.112800
vt 0.693100 0.208900
vt 0.690000 0.213800
vt 0.673900 0.202900
vt 0.674800 0.197800
vt 0.973800 0.117000
vt 0.975100 0.122700
vt 0.954200 0.127100
vt 0.955000 0.122000
vt 0.698600 0.198600
vt 0.696000 0.203800
vt 0.678800 0.194600
vt 0.679200 0.189500
vt 0.976200 0.128500
vt 0.976900 0.134300
vt 0.955600 0.136500
vt 0.957000 0.131500
vt 0.702900 0.187700
vt 0.700900 0.193200
vt 0.682900 0.185900
vt 0.682600 0.180700
vt 0.977300 0.140100
vt 0.977500 0.146000
vt 0.956100 0.145900
vt 0.957900 0.141100
vt 0.706100 0.176400
vt 0.704600 0.182100
vt 0.686000 0.176700
vt 0.685200 0.171600
vt 0.977300 0.151900
vt 0.976800 0.157700
vt 0.955500 0.155400
vt 0.957900 0.150800
vt 0.708100 0.164900
vt 0.707200 0.170700
vt 0.688100 0.167300
vt 0.686800 0.162300
vt 0.976000 0.163500
vt 0.974900 0.169300
vt 0.954000 0.164700
vt 0.956900 0.160400
vt 0.708800 0.153200
vt 0.708600 0.159100
vt 0.689200 0.157700
vt 0.687500 0.152900
vt 0.973600 0.175000
vt 0.971900 0.180600
vt 0.951600 0.173800
vt 0.954800 0.169800
vt 0.708800 0.147400
vt 0.689400 0.148100
vt 0.969900 0.186100
vt 0.951900 0.179000
vt 0.661100 0.142400
vt 0.652700 0.140600
vt 0.653600 0.146400
vt 0.598000 0.151400
vt 0.923300 0.175000
vt 0.917500 0.168700
vt 0.914800 0.173900
vt 0.866600 0.145600
vt 0.659800 0.135800
vt 0.651300 0.134900
vt 0.919900 0.180800
vt 0.911600 0.178800
vt 0.657900 0.129300
vt 0.649300 0.129400
vt 0.916000 0.186300
vt 0.907900 0.183400
vt 0.655300 0.123100
vt 0.646800 0.124100
vt 0.911500 0.191200
vt 0.903800 0.187600
vt 0.652000 0.117300
vt 0.643700 0.119100
vt 0.906600 0.195700
vt 0.899200 0.191200
vt 0.648200 0.111700
vt 0.640100 0.114400
vt 0.901200 0.199700
vt 0.894300 0.194400
vt 0.643800 0.106700
vt 0.636000 0.110200
vt 0.895400 0.203000
vt 0.889100 0.197100
vt 0.638900 0.102100
vt 0.631500 0.106400
vt 0.889300 0.205700
vt 0.883700 0.199200
vt 0.633600 0.098000
vt 0.626700 0.103100
vt 0.882900 0.207800
vt 0.878000 0.200700
vt 0.627900 0.094600
vt 0.621500 0.100400
vt 0.876400 0.209200
vt 0.872300 0.201600
vt 0.621800 0.091700
vt 0.616100 0.098200
vt 0.869800 0.209900
vt 0.866500 0.201900
vt 0.615500 0.089500
vt 0.610500 0.096600
vt 0.863100 0.209800
vt 0.860600 0.201600
vt 0.609000 0.088000
vt 0.604700 0.095600
vt 0.856500 0.209100
vt 0.854900 0.200600
vt 0.602400 0.087200
vt 0.598900 0.095100
vt 0.850000 0.207700
vt 0.849300 0.199100
vt 0.595700 0.087100
vt 0.593100 0.095400
vt 0.843600 0.205600
vt 0.843800 0.197000
vt 0.589100 0.087700
vt 0.587300 0.096200
vt 0.837500 0.202800
vt 0.838600 0.194300
vt 0.582500 0.089000
vt 0.581600 0.097600
vt 0.831800 0.199500
vt 0.833700 0.191000
vt 0.576100 0.091000
vt 0.576200 0.099700
vt 0.826400 0.195500
vt 0.829200 0.187300
vt 0.570000 0.093600
vt 0.570900 0.102300
vt 0.821500 0.191000
vt 0.825100 0.183200
vt 0.564200 0.096900
vt 0.566000 0.105400
vt 0.817000 0.186000
vt 0.821500 0.178600
vt 0.558700 0.100800
vt 0.561400 0.109000
vt 0.813100 0.180500
vt 0.818300 0.173600
vt 0.553700 0.105200
vt 0.557200 0.113100
vt 0.809800 0.174700
vt 0.815700 0.168400
vt 0.549100 0.110200
vt 0.553500 0.117600
vt 0.807100 0.168500
vt 0.813600 0.162900
vt 0.545100 0.115600
vt 0.550200 0.122500
vt 0.805100 0.162100
vt 0.812100 0.157200
vt 0.541700 0.121300
vt 0.547500 0.127700
vt 0.803700 0.155500
vt 0.811200 0.151300
vt 0.538900 0.127500
vt 0.545300 0.133200
vt 0.803000 0.148800
vt 0.810900 0.145500
vt 0.536700 0.133800
vt 0.543700 0.138900
vt 0.803000 0.142100
vt 0.811200 0.139600
vt 0.535300 0.140400
vt 0.542700 0.144700
vt 0.803700 0.135400
vt 0.812200 0.133800
vt 0.534500 0.147100
vt 0.542300 0.150600
vt 0.805100 0.128800
vt 0.813700 0.128100
vt 0.534400 0.153800
vt 0.542500 0.156500
vt 0.807200 0.122400
vt 0.815800 0.122600
vt 0.535000 0.160500
vt 0.543300 0.162300
vt 0.810000 0.116200
vt 0.818400 0.117300
vt 0.536200 0.167100
vt 0.544800 0.168000
vt 0.813300 0.110400
vt 0.821600 0.112400
vt 0.538200 0.173600
vt 0.546800 0.173600
vt 0.817200 0.105000
vt 0.825300 0.107800
vt 0.540800 0.179800
vt 0.549300 0.178800
vt 0.821700 0.100000
vt 0.829500 0.103700
vt 0.544100 0.185700
vt 0.552400 0.183800
vt 0.826700 0.095500
vt 0.834000 0.100000
vt 0.547900 0.191200
vt 0.556000 0.188500
vt 0.832100 0.091500
vt 0.838900 0.096800
vt 0.552300 0.196200
vt 0.560100 0.192700
vt 0.837900 0.088200
vt 0.844100 0.094100
vt 0.557200 0.200800
vt 0.564600 0.196500
vt 0.844000 0.085500
vt 0.849600 0.092000
vt 0.562500 0.204900
vt 0.569400 0.199800
vt 0.850300 0.083400
vt 0.855200 0.090500
vt 0.568200 0.208300
vt 0.574600 0.202500
vt 0.856900 0.082000
vt 0.861000 0.089600
vt 0.574300 0.211200
vt 0.580000 0.204700
vt 0.863500 0.081300
vt 0.866800 0.089300
vt 0.580600 0.213300
vt 0.585600 0.206300
vt 0.870200 0.081400
vt 0.872600 0.089600
vt 0.587100 0.214800
vt 0.591400 0.207300
vt 0.876800 0.082100
vt 0.878400 0.090600
vt 0.593700 0.215600
vt 0.597200 0.207700
vt 0.883300 0.083500
vt 0.884000 0.092100
vt 0.600400 0.215700
vt 0.603000 0.207500
vt 0.889700 0.085600
vt 0.889500 0.094300
vt 0.607000 0.215100
vt 0.608800 0.206700
vt 0.895700 0.088400
vt 0.894700 0.097000
vt 0.613600 0.213800
vt 0.614400 0.205200
vt 0.901500 0.091800
vt 0.899500 0.100200
vt 0.620000 0.211900
vt 0.619900 0.203200
vt 0.906900 0.095700
vt 0.904100 0.103900
vt 0.626100 0.209200
vt 0.625200 0.200600
vt 0.911800 0.100300
vt 0.908200 0.108100
vt 0.631900 0.205900
vt 0.630100 0.197500
vt 0.916300 0.105300
vt 0.911800 0.112700
vt 0.637400 0.202100
vt 0.634700 0.193900
vt 0.920200 0.110700
vt 0.915000 0.117600
vt 0.642400 0.197600
vt 0.638900 0.189800
vt 0.923500 0.116600
vt 0.917600 0.122900
vt 0.646900 0.192700
vt 0.642600 0.185200
vt 0.926200 0.122800
vt 0.919700 0.128400
vt 0.650900 0.187300
vt 0.645900 0.180300
vt 0.928200 0.129200
vt 0.921200 0.134100
vt 0.654400 0.181500
vt 0.648600 0.175100
vt 0.929600 0.135800
vt 0.922100 0.139900
vt 0.657200 0.175400
vt 0.650800 0.169700
vt 0.930300 0.142500
vt 0.922400 0.145800
vt 0.659300 0.169100
vt 0.652400 0.164000
vt 0.930200 0.149200
vt 0.922000 0.151700
vt 0.660800 0.162500
vt 0.653400 0.158200
vt 0.929500 0.155900
vt 0.921100 0.157500
vt 0.661600 0.155800
vt 0.653800 0.152300
vt 0.928100 0.162500
vt 0.919600 0.163200
vt 0.661700 0.149100
vt 0.926000 0.168900
vt 0.710200 0.311800
vt 0.700100 0.311800
vt 0.710200 0.312200
vt 0.700100 0.312200
vt 0.690000 0.312300
vt 0.690000 0.311900
vt 0.690000 0.288200
vt 0.700100 0.288300
vt 0.690000 0.287800
vt 0.700100 0.287800
vt 0.710200 0.287800
vt 0.710200 0.288200
vt 0.730400 0.311700
vt 0.720300 0.311700
vt 0.730400 0.312100
vt 0.720300 0.312100
vt 0.720300 0.288200
vt 0.720300 0.287800
vt 0.730300 0.287700
vt 0.730300 0.288200
vt 0.750600 0.311500
vt 0.740500 0.311600
vt 0.750600 0.311900
vt 0.740500 0.312000
vt 0.740400 0.288100
vt 0.740400 0.287700
vt 0.750400 0.287600
vt 0.750400 0.288000
vt 0.770700 0.311200
vt 0.760600 0.311400
vt 0.770700 0.311700
vt 0.760600 0.311800
vt 0.760500 0.287900
vt 0.760500 0.287500
vt 0.770500 0.287400
vt 0.770500 0.287800
vt 0.790800 0.311000
vt 0.780700 0.311100
vt 0.790800 0.311400
vt 0.780700 0.311500
vt 0.780500 0.287700
vt 0.780500 0.287300
vt 0.790600 0.287200
vt 0.790600 0.287600
vt 0.810800 0.310600
vt 0.800800 0.310800
vt 0.810800 0.311000
vt 0.800800 0.311200
vt 0.800600 0.287400
vt 0.800600 0.287000
vt 0.810600 0.286800
vt 0.810600 0.287300
vt 0.830900 0.310300
vt 0.820900 0.310500
vt 0.830900 0.310700
vt 0.820900 0.310900
vt 0.820600 0.287100
vt 0.820600 0.286700
vt 0.830600 0.286500
vt 0.830600 0.286900
vt 0.850900 0.309900
vt 0.840900 0.310100
vt 0.850900 0.310300
vt 0.840900 0.310500
vt 0.840600 0.286700
vt 0.840600 0.286300
vt 0.850600 0.286100
vt 0.850600 0.286500
vt 0.871000 0.309500
vt 0.861000 0.309700
vt 0.871000 0.309900
vt 0.861000 0.310100
vt 0.860700 0.286300
vt 0.860600 0.285900
vt 0.870700 0.285700
vt 0.870700 0.286100
vt 0.891000 0.309000
vt 0.881000 0.309200
vt 0.891000 0.309400
vt 0.881000 0.309600
vt 0.880700 0.285900
vt 0.880700 0.285500
vt 0.890700 0.285200
vt 0.890700 0.285600
vt 0.911100 0.308500
vt 0.901100 0.308800
vt 0.911100 0.309000
vt 0.901100 0.309200
vt 0.900700 0.285400
vt 0.900700 0.285000
vt 0.910800 0.284700
vt 0.910800 0.285200
vt 0.931200 0.308100
vt 0.921100 0.308300
vt 0.931200 0.308500
vt 0.921100 0.308700
vt 0.920800 0.284900
vt 0.920800 0.284500
vt 0.930800 0.284300
vt 0.930800 0.284700
vt 0.951300 0.307600
vt 0.941200 0.307800
vt 0.951300 0.308000
vt 0.941200 0.308200
vt 0.940900 0.284400
vt 0.940800 0.284000
vt 0.950900 0.283800
vt 0.950900 0.284200
vt 0.971300 0.307100
vt 0.961300 0.307300
vt 0.971300 0.307500
vt 0.961300 0.307700
vt 0.960900 0.283900
vt 0.960900 0.283500
vt 0.971000 0.283300
vt 0.971000 0.283700
vt 0.991400 0.306600
vt 0.981400 0.306800
vt 0.991400 0.307000
vt 0.981400 0.307200
vt 0.981000 0.283400
vt 0.981000 0.283000
vt 0.991000 0.282800
vt 0.991000 0.283200
vt 0.409600 0.344600
vt 0.399300 0.344300
vt 0.409600 0.345000
vt 0.399300 0.344700
vt 0.388900 0.344500
vt 0.388900 0.344000
vt 0.389300 0.319800
vt 0.399600 0.320100
vt 0.389300 0.319400
vt 0.399700 0.319700
vt 0.410000 0.320000
vt 0.410000 0.320400
vt 0.430400 0.345100
vt 0.420000 0.344800
vt 0.430400 0.345500
vt 0.420000 0.345300
vt 0.420400 0.320700
vt 0.420400 0.320200
vt 0.430800 0.320500
vt 0.430800 0.320900
vt 0.451100 0.345600
vt 0.440800 0.345400
vt 0.451100 0.346100
vt 0.440800 0.345800
vt 0.441200 0.321200
vt 0.441200 0.320800
vt 0.451500 0.321000
vt 0.451500 0.321500
vt 0.471900 0.346200
vt 0.461500 0.345900
vt 0.471900 0.346600
vt 0.461500 0.346300
vt 0.461900 0.321700
vt 0.461900 0.321300
vt 0.472300 0.321600
vt 0.472300 0.322000
vt 0.492600 0.346700
vt 0.482200 0.346400
vt 0.492600 0.347100
vt 0.482200 0.346800
vt 0.482600 0.322300
vt 0.482600 0.321800
vt 0.493000 0.322100
vt 0.493000 0.322500
vt 0.513300 0.347100
vt 0.503000 0.346900
vt 0.513300 0.347600
vt 0.503000 0.347300
vt 0.503300 0.322800
vt 0.503300 0.322300
vt 0.513700 0.322600
vt 0.513700 0.323000
vt 0.534000 0.347600
vt 0.523600 0.347400
vt 0.534000 0.348000
vt 0.523600 0.347800
vt 0.524000 0.323300
vt 0.524000 0.322900
vt 0.534300 0.323100
vt 0.534300 0.323500
vt 0.554600 0.348000
vt 0.544300 0.347800
vt 0.554600 0.348400
vt 0.544300 0.348200
vt 0.544600 0.323800
vt 0.544600 0.323300
vt 0.554900 0.323600
vt 0.554900 0.324000
vt 0.575200 0.348400
vt 0.564900 0.348200
vt 0.575200 0.348800
vt 0.564900 0.348600
vt 0.565200 0.324200
vt 0.565200 0.323800
vt 0.575500 0.324000
vt 0.575500 0.324400
vt 0.595800 0.348700
vt 0.585500 0.348600
vt 0.595700 0.349100
vt 0.585500 0.349000
vt 0.585700 0.324600
vt 0.585800 0.324200
vt 0.596000 0.324400
vt 0.596000 0.324800
vt 0.616300 0.349000
vt 0.606000 0.348900
vt 0.616300 0.349400
vt 0.606000 0.349300
vt 0.606200 0.325000
vt 0.606200 0.324600
vt 0.616500 0.324700
vt 0.616500 0.325200
vt 0.636700 0.349200
vt 0.626500 0.349100
vt 0.636700 0.349700
vt 0.626500 0.349600
vt 0.626700 0.325300
vt 0.626700 0.324900
vt 0.636900 0.325000
vt 0.636900 0.325400
vt 0.657100 0.349400
vt 0.646900 0.349300
vt 0.657100 0.349800
vt 0.646900 0.349800
vt 0.647100 0.325600
vt 0.647100 0.325100
vt 0.657200 0.325200
vt 0.657200 0.325700
vt 0.677500 0.349500
vt 0.667300 0.349500
vt 0.677500 0.349900
vt 0.667300 0.349900
vt 0.667400 0.325800
vt 0.667400 0.325300
vt 0.677600 0.325400
vt 0.677600 0.325800
vt 0.697800 0.349500
vt 0.687700 0.349500
vt 0.697800 0.349900
vt 0.687700 0.349900
vt 0.687700 0.325900
vt 0.687700 0.325400
vt 0.697800 0.325500
vt 0.697800 0.325900
vt 0.718100 0.349500
vt 0.707900 0.349500
vt 0.718100 0.349900
vt 0.707900 0.349900
vt 0.707900 0.325900
vt 0.707900 0.325500
vt 0.718100 0.325500
vt 0.718100 0.325900
vt 0.738200 0.349400
vt 0.728200 0.349500
vt 0.738200 0.349800
vt 0.728200 0.349900
vt 0.728100 0.325900
vt 0.728100 0.325500
vt 0.738200 0.325500
vt 0.738200 0.325900
vt 0.758400 0.349400
vt 0.748300 0.349400
vt 0.758400 0.349800
vt 0.748300 0.349800
vt 0.748300 0.325900
vt 0.748300 0.325500
vt 0.758400 0.325500
vt 0.758400 0.325900
vt 0.778500 0.349300
vt 0.768400 0.349300
vt 0.778500 0.349700
vt 0.768400 0.349800
vt 0.768400 0.325900
vt 0.768400 0.325500
vt 0.778400 0.325500
vt 0.778400 0.325900
vt 0.798500 0.349200
vt 0.788500 0.349300
vt 0.798500 0.349600
vt 0.788500 0.349700
vt 0.788500 0.325900
vt 0.788500 0.325500
vt 0.798500 0.325500
vt 0.798500 0.325900
vt 0.818500 0.349200
vt 0.808500 0.349200
vt 0.818500 0.349600
vt 0.808500 0.349600
vt 0.808500 0.325900
vt 0.808500 0.325500
vt 0.818400 0.325500
vt 0.818400 0.325900
vt 0.838400 0.349100
vt 0.828400 0.349100
vt 0.838400 0.349500
vt 0.828400 0.349500
vt 0.828400 0.325900
vt 0.828400 0.325500
vt 0.838400 0.325500
vt 0.838400 0.325900
vt 0.858300 0.349000
vt 0.848300 0.349000
vt 0.858300 0.349400
vt 0.848300 0.349400
vt 0.848300 0.325800
vt 0.848300 0.325400
vt 0.858200 0.325400
vt 0.858200 0.325800
vt 0.878100 0.348900
vt 0.868200 0.348900
vt 0.878100 0.349300
vt 0.868200 0.349300
vt 0.868100 0.325800
vt 0.868100 0.325400
vt 0.878100 0.325400
vt 0.878100 0.325800
vt 0.897900 0.348800
vt 0.888000 0.348800
vt 0.897900 0.349200
vt 0.888000 0.349200
vt 0.888000 0.325700
vt 0.888000 0.325300
vt 0.897900 0.325300
vt 0.897900 0.325700
vt 0.917700 0.348700
vt 0.907800 0.348700
vt 0.917700 0.349100
vt 0.907800 0.349100
vt 0.907800 0.325700
vt 0.907800 0.325300
vt 0.917600 0.325200
vt 0.917600 0.325600
vt 0.937500 0.348600
vt 0.927600 0.348600
vt 0.937500 0.349000
vt 0.927600 0.349000
vt 0.927500 0.325600
vt 0.927500 0.325200
vt 0.937400 0.325200
vt 0.937400 0.325600
vt 0.957200 0.348500
vt 0.947300 0.348500
vt 0.957200 0.348900
vt 0.947300 0.349000
vt 0.947300 0.325500
vt 0.947300 0.325100
vt 0.957100 0.325100
vt 0.957100 0.325500
vt 0.977000 0.348400
vt 0.967100 0.348500
vt 0.977000 0.348800
vt 0.967100 0.348900
vt 0.967000 0.325400
vt 0.967000 0.325000
vt 0.976900 0.325000
vt 0.976900 0.325400
vt 0.996700 0.348300
vt 0.986800 0.348400
vt 0.996700 0.348700
vt 0.986800 0.348800
vt 0.986800 0.325400
vt 0.986800 0.324900
vt 0.996600 0.324900
vt 0.996600 0.325300
vt 0.410700 0.312700
vt 0.400900 0.312800
vt 0.410700 0.313100
vt 0.400900 0.313200
vt 0.391000 0.313300
vt 0.391000 0.312900
vt 0.390900 0.289800
vt 0.400800 0.289700
vt 0.390900 0.289400
vt 0.400800 0.289300
vt 0.410600 0.289300
vt 0.410600 0.289700
vt 0.430500 0.312600
vt 0.420600 0.312700
vt 0.430500 0.313000
vt 0.420600 0.313100
vt 0.420500 0.289600
vt 0.420500 0.289200
vt 0.430400 0.289200
vt 0.430400 0.289600
vt 0.450300 0.312500
vt 0.440400 0.312600
vt 0.450300 0.312900
vt 0.440400 0.313000
vt 0.440300 0.289500
vt 0.440300 0.289100
vt 0.450200 0.289000
vt 0.450200 0.289400
vt 0.470100 0.312400
vt 0.460200 0.312400
vt 0.470100 0.312800
vt 0.460200 0.312900
vt 0.460100 0.289400
vt 0.460100 0.289000
vt 0.470000 0.288900
vt 0.470000 0.289300
vt 0.489900 0.312300
vt 0.480000 0.312300
vt 0.489900 0.312700
vt 0.480000 0.312700
vt 0.479900 0.289200
vt 0.479900 0.288800
vt 0.489800 0.288800
vt 0.489800 0.289200
vt 0.509700 0.312200
vt 0.499800 0.312200
vt 0.509700 0.312600
vt 0.499800 0.312600
vt 0.499700 0.289100
vt 0.499700 0.288700
vt 0.509600 0.288600
vt 0.509600 0.289100
vt 0.529600 0.312100
vt 0.519600 0.312100
vt 0.529600 0.312500
vt 0.519600 0.312600
vt 0.519600 0.289000
vt 0.519600 0.288600
vt 0.529500 0.288500
vt 0.529500 0.288900
vt 0.549500 0.312000
vt 0.539500 0.312100
vt 0.549500 0.312400
vt 0.539500 0.312500
vt 0.539400 0.288900
vt 0.539400 0.288500
vt 0.549400 0.288400
vt 0.549400 0.288800
vt 0.569400 0.312000
vt 0.559400 0.312000
vt 0.569400 0.312400
vt 0.559400 0.312400
vt 0.559400 0.288800
vt 0.559400 0.288300
vt 0.569300 0.288300
vt 0.569300 0.288700
vt 0.589400 0.311900
vt 0.579400 0.311900
vt 0.589400 0.312300
vt 0.579400 0.312300
vt 0.579300 0.288600
vt 0.579300 0.288200
vt 0.589300 0.288200
vt 0.589300 0.288600
vt 0.609400 0.311900
vt 0.599400 0.311900
vt 0.609400 0.312300
vt 0.599400 0.312300
vt 0.599300 0.288500
vt 0.599300 0.288100
vt 0.609400 0.288100
vt 0.609400 0.288500
vt 0.629500 0.311800
vt 0.619400 0.311900
vt 0.629500 0.312300
vt 0.619400 0.312300
vt 0.619400 0.288500
vt 0.619400 0.288000
vt 0.629400 0.288000
vt 0.629400 0.288400
vt 0.649600 0.311800
vt 0.639500 0.311800
vt 0.649600 0.312200
vt 0.639500 0.312200
vt 0.639500 0.288400
vt 0.639500 0.288000
vt 0.649500 0.287900
vt 0.649500 0.288300
vt 0.669700 0.311800
vt 0.659700 0.311800
vt 0.669700 0.312300
vt 0.659700 0.312200
vt 0.659600 0.288300
vt 0.659600 0.287900
vt 0.669700 0.287900
vt 0.669700 0.288300
vt 0.679800 0.311800
vt 0.679800 0.312300
vt 0.679800 0.288300
vt 0.679800 0.287800
vt 0.379600 0.111600
vt 0.379600 0.095900
vt 0.411800 0.095900
vt 0.411800 0.111600
vt 0.347400 0.111600
vt 0.347400 0.095900
vt 0.379600 0.080300
vt 0.347400 0.080300
vt 0.411800 0.080300
vt 0.240400 0.035000
vt 0.240400 0.057500
vt 0.189500 0.057500
vt 0.189500 0.035000
vt 0.291300 0.035000
vt 0.291300 0.057500
vt 0.240400 0.080000
vt 0.291300 0.080000
vt 0.189500 0.080000
vt 0.240400 0.211300
vt 0.240400 0.227000
vt 0.189500 0.227000
vt 0.189500 0.211300
vt 0.291300 0.211300
vt 0.291300 0.227000
vt 0.240400 0.242600
vt 0.291300 0.242600
vt 0.189500 0.242600
vt 0.240400 0.147900
vt 0.240400 0.170500
vt 0.189500 0.170500
vt 0.189500 0.147900
vt 0.291300 0.147900
vt 0.291300 0.170500
vt 0.240400 0.193000
vt 0.291300 0.193000
vt 0.189500 0.193000
vt 0.240400 0.098300
vt 0.240400 0.114000
vt 0.189500 0.114000
vt 0.189500 0.098300
vt 0.291300 0.098300
vt 0.291300 0.114000
vt 0.240400 0.129600
vt 0.291300 0.129600
vt 0.189500 0.129600
vt 0.316200 0.080400
vt 0.316200 0.057500
vt 0.318900 0.057500
vt 0.318900 0.081800
vt 0.316200 0.034500
vt 0.318900 0.033200
vt 0.380800 0.069800
vt 0.380800 0.071100
vt 0.346100 0.071100
vt 0.344200 0.069800
vt 0.417400 0.069800
vt 0.415500 0.071100
vt 0.331400 0.080600
vt 0.331400 0.096500
vt 0.328600 0.096500
vt 0.328600 0.079600
vt 0.331400 0.112500
vt 0.328600 0.113400
vt 0.325800 0.096500
vt 0.325800 0.114300
vt 0.325800 0.078700
vt 0.316200 0.193400
vt 0.316200 0.170500
vt 0.318900 0.170500
vt 0.318900 0.194700
vt 0.316200 0.147500
vt 0.318900 0.146200
vt 0.380800 0.123300
vt 0.380800 0.121900
vt 0.415500 0.121900
vt 0.417400 0.123300
vt 0.344200 0.123300
vt 0.346100 0.121900
vt 0.430200 0.112500
vt 0.430200 0.096500
vt 0.433000 0.096500
vt 0.433000 0.113400
vt 0.430200 0.080600
vt 0.433000 0.079600
vt 0.435800 0.096500
vt 0.435800 0.078700
vt 0.435800 0.114300
vt 0.451500 0.022200
vt 0.451500 0.055600
vt 0.442500 0.055600
vt 0.442500 0.022200
vt 0.460600 0.022200
vt 0.460600 0.055600
vt 0.451500 0.089000
vt 0.460600 0.089000
vt 0.442500 0.089000
vt 0.336200 0.251800
vt 0.336200 0.262800
vt 0.328900 0.262800
vt 0.328900 0.251800
vt 0.343500 0.251800
vt 0.343500 0.262800
vt 0.336200 0.273900
vt 0.343500 0.273900
vt 0.328900 0.273900
vt 0.451500 0.189600
vt 0.451500 0.223000
vt 0.442500 0.223000
vt 0.442500 0.189600
vt 0.460600 0.189600
vt 0.460600 0.223000
vt 0.451500 0.256400
vt 0.460600 0.256400
vt 0.442500 0.256400
vt 0.451500 0.116100
vt 0.451500 0.139300
vt 0.442500 0.139300
vt 0.442500 0.116100
vt 0.460600 0.116100
vt 0.460600 0.139300
vt 0.451500 0.162500
vt 0.460600 0.162500
vt 0.442500 0.162500
vt 0.465400 0.055600
vt 0.467000 0.055600
vt 0.467000 0.087800
vt 0.465400 0.088700
vt 0.465400 0.022500
vt 0.467000 0.023400
vt 0.349800 0.062300
vt 0.382400 0.062300
vt 0.382400 0.064700
vt 0.346600 0.064700
vt 0.415000 0.062300
vt 0.418300 0.064700
vt 0.347300 0.262800
vt 0.348600 0.262800
vt 0.348600 0.273500
vt 0.347300 0.273800
vt 0.347300 0.251900
vt 0.348600 0.252200
vt 0.333400 0.022600
vt 0.333400 0.038500
vt 0.328500 0.038500
vt 0.328500 0.021000
vt 0.333400 0.054300
vt 0.328500 0.055900
vt 0.465400 0.223000
vt 0.467000 0.223000
vt 0.467000 0.255200
vt 0.465400 0.256100
vt 0.465400 0.189900
vt 0.467000 0.190800
vt 0.415000 0.014600
vt 0.382400 0.014600
vt 0.382400 0.012200
vt 0.418300 0.012200
vt 0.349800 0.014600
vt 0.346600 0.012200
vt 0.465400 0.139300
vt 0.467000 0.139300
vt 0.467000 0.161700
vt 0.465400 0.162300
vt 0.465400 0.116300
vt 0.467000 0.116900
vt 0.431400 0.054300
vt 0.431400 0.038500
vt 0.436400 0.038500
vt 0.436400 0.055900
vt 0.431400 0.022600
vt 0.436400 0.021000
vt 0.382400 0.057100
vt 0.407800 0.057100
vt 0.357000 0.057100
vt 0.363800 0.052100
vt 0.382400 0.052100
vt 0.401000 0.052100
vt 0.344100 0.038500
vt 0.344100 0.050800
vt 0.344100 0.026100
vt 0.354400 0.029400
vt 0.354400 0.038500
vt 0.354400 0.047500
vt 0.382400 0.019800
vt 0.357000 0.019800
vt 0.407800 0.019800
vt 0.401000 0.024800
vt 0.382400 0.024800
vt 0.363800 0.024800
vt 0.420700 0.038500
vt 0.420700 0.026100
vt 0.420700 0.050800
vt 0.410400 0.047500
vt 0.410400 0.038500
vt 0.410400 0.029400
vt 0.378400 0.157700
vt 0.378400 0.146300
vt 0.412700 0.146300
vt 0.412700 0.157700
vt 0.344000 0.157700
vt 0.344000 0.146300
vt 0.378400 0.134900
vt 0.344000 0.134900
vt 0.412700 0.134900
vt 0.378400 0.182900
vt 0.378400 0.175000
vt 0.412700 0.175000
vt 0.412700 0.182900
vt 0.344000 0.182900
vt 0.344000 0.175000
vt 0.378400 0.167000
vt 0.344000 0.167000
vt 0.412700 0.167000
vt 0.378400 0.215000
vt 0.378400 0.203600
vt 0.412700 0.203600
vt 0.412700 0.215000
vt 0.344000 0.215000
vt 0.344000 0.203600
vt 0.378400 0.192200
vt 0.344000 0.192200
vt 0.412700 0.192200
vt 0.378400 0.240200
vt 0.378400 0.232300
vt 0.412700 0.232300
vt 0.412700 0.240200
vt 0.344000 0.240200
vt 0.344000 0.232300
vt 0.378400 0.224300
vt 0.344000 0.224300
vt 0.412700 0.224300
vt 0.382400 0.046300
vt 0.382400 0.038400
vt 0.398100 0.038400
vt 0.398100 0.046300
vt 0.366800 0.046300
vt 0.366800 0.038400
vt 0.382400 0.030500
vt 0.366800 0.030500
vt 0.398100 0.030500
vt 0.379600 0.119100
vt 0.379600 0.117900
vt 0.411800 0.117900
vt 0.411800 0.119100
vt 0.347400 0.119100
vt 0.347400 0.117900
vt 0.379600 0.072800
vt 0.379600 0.074000
vt 0.347400 0.074000
vt 0.347400 0.072800
vt 0.411800 0.072800
vt 0.411800 0.074000
vt 0.240400 0.203800
vt 0.240400 0.205000
vt 0.189500 0.205000
vt 0.189500 0.203800
vt 0.291300 0.203800
vt 0.291300 0.205000
vt 0.240400 0.250100
vt 0.240400 0.248900
vt 0.291300 0.248900
vt 0.291300 0.250100
vt 0.189500 0.250100
vt 0.189500 0.248900
vt 0.240400 0.090800
vt 0.240400 0.092000
vt 0.189500 0.092000
vt 0.189500 0.090800
vt 0.291300 0.090800
vt 0.291300 0.092000
vt 0.240400 0.137100
vt 0.240400 0.135900
vt 0.291300 0.135900
vt 0.291300 0.137100
vt 0.189500 0.137100
vt 0.189500 0.135900
vt 0.331400 0.118900
vt 0.328600 0.120200
vt 0.332200 0.120100
vt 0.329500 0.121500
vt 0.325800 0.121500
vt 0.326700 0.122800
vt 0.325800 0.071600
vt 0.328600 0.072900
vt 0.326700 0.070200
vt 0.329500 0.071600
vt 0.332200 0.072900
vt 0.331400 0.074100
vt 0.430200 0.074100
vt 0.433000 0.072900
vt 0.429400 0.072900
vt 0.432100 0.071600
vt 0.435800 0.071600
vt 0.434900 0.070200
vt 0.435800 0.121500
vt 0.433000 0.120200
vt 0.434900 0.122800
vt 0.432100 0.121500
vt 0.429400 0.120100
vt 0.430200 0.118900
vt 0.336200 0.246400
vt 0.336200 0.247300
vt 0.328900 0.247300
vt 0.328900 0.246400
vt 0.343500 0.246400
vt 0.343500 0.247300
vt 0.336200 0.279200
vt 0.336200 0.278400
vt 0.343500 0.278400
vt 0.343500 0.279200
vt 0.328900 0.279200
vt 0.328900 0.278400
vt 0.451500 0.105000
vt 0.451500 0.106700
vt 0.442500 0.106700
vt 0.442500 0.105000
vt 0.460600 0.105000
vt 0.460600 0.106700
vt 0.451500 0.173600
vt 0.451500 0.171900
vt 0.460600 0.171900
vt 0.460600 0.173600
vt 0.442500 0.173600
vt 0.442500 0.171900
vt 0.347300 0.247400
vt 0.348600 0.247900
vt 0.300800 0.013300
vt 0.298700 0.012800
vt 0.299900 0.011200
vt 0.301900 0.011700
vt 0.334200 0.015000
vt 0.333400 0.016200
vt 0.328500 0.014000
vt 0.329400 0.012700
vt 0.333400 0.060700
vt 0.328500 0.062900
vt 0.334200 0.061900
vt 0.329400 0.064200
vt 0.294500 0.012200
vt 0.293700 0.010600
vt 0.295400 0.010100
vt 0.296200 0.011800
vt 0.348600 0.277800
vt 0.347300 0.278200
vt 0.465400 0.107000
vt 0.467000 0.107900
vt 0.300800 0.018800
vt 0.298700 0.018300
vt 0.299900 0.016700
vt 0.301900 0.017200
vt 0.430600 0.061900
vt 0.431400 0.060700
vt 0.436400 0.062900
vt 0.435400 0.064200
vt 0.431400 0.016200
vt 0.436400 0.014000
vt 0.430600 0.015000
vt 0.435400 0.012700
vt 0.294500 0.017800
vt 0.293700 0.016100
vt 0.295400 0.015600
vt 0.296200 0.017300
vt 0.467000 0.170700
vt 0.465400 0.171600
vt 0.344100 0.021100
vt 0.344800 0.020200
vt 0.354900 0.025100
vt 0.354400 0.025800
vt 0.354400 0.051100
vt 0.344100 0.055800
vt 0.354900 0.051800
vt 0.344800 0.056700
vt 0.420700 0.055800
vt 0.420000 0.056700
vt 0.409900 0.051800
vt 0.410400 0.051100
vt 0.410400 0.025800
vt 0.420700 0.021100
vt 0.409900 0.025100
vt 0.420000 0.020200
vt 0.378400 0.186700
vt 0.378400 0.186100
vt 0.412700 0.186100
vt 0.412700 0.186700
vt 0.344000 0.186700
vt 0.344000 0.186100
vt 0.378400 0.163200
vt 0.378400 0.163800
vt 0.344000 0.163800
vt 0.344000 0.163200
vt 0.412700 0.163200
vt 0.412700 0.163800
vt 0.378400 0.244000
vt 0.378400 0.243400
vt 0.412700 0.243400
vt 0.412700 0.244000
vt 0.344000 0.244000
vt 0.344000 0.243400
vt 0.378400 0.220500
vt 0.378400 0.221100
vt 0.344000 0.221100
vt 0.344000 0.220500
vt 0.412700 0.220500
vt 0.412700 0.221100
vt 0.327600 0.146300
vt 0.326700 0.146300
vt 0.326700 0.134900
vt 0.327600 0.134900
vt 0.327600 0.157700
vt 0.326700 0.157700
vt 0.382400 0.049500
vt 0.366800 0.049500
vt 0.398100 0.049500
vt 0.327600 0.203600
vt 0.326700 0.203600
vt 0.326700 0.192200
vt 0.327600 0.192200
vt 0.327600 0.215000
vt 0.326700 0.215000
vt 0.382400 0.027400
vt 0.398100 0.027400
vt 0.366800 0.027400
vt 0.334500 0.111600
vt 0.334500 0.095900
vt 0.332000 0.111600
vt 0.332000 0.095900
vt 0.334500 0.080300
vt 0.332000 0.080300
vt 0.424800 0.080300
vt 0.424800 0.095900
vt 0.427300 0.080300
vt 0.427300 0.095900
vt 0.424800 0.111600
vt 0.427300 0.111600
vt 0.240400 0.024200
vt 0.240400 0.025900
vt 0.189500 0.025900
vt 0.189500 0.024200
vt 0.291300 0.024200
vt 0.291300 0.025900
vt 0.240400 0.089100
vt 0.291300 0.089100
vt 0.189500 0.089100
vt 0.240400 0.138900
vt 0.189500 0.138900
vt 0.291300 0.138900
vt 0.240400 0.202000
vt 0.291300 0.202000
vt 0.189500 0.202000
vt 0.316200 0.025300
vt 0.318900 0.023500
vt 0.316200 0.023500
vt 0.318900 0.021600
vt 0.329500 0.069800
vt 0.332200 0.071100
vt 0.432100 0.069800
vt 0.429400 0.071100
vt 0.316200 0.090900
vt 0.316200 0.089700
vt 0.318900 0.091500
vt 0.318900 0.093400
vt 0.316200 0.138300
vt 0.318900 0.136400
vt 0.316200 0.137000
vt 0.318900 0.134600
vt 0.432100 0.123300
vt 0.429400 0.121900
vt 0.329500 0.123300
vt 0.332200 0.121900
vt 0.316200 0.203900
vt 0.316200 0.202700
vt 0.318900 0.204500
vt 0.318900 0.206400
vt 0.451500 0.006200
vt 0.451500 0.008700
vt 0.442500 0.008700
vt 0.442500 0.006200
vt 0.460600 0.006200
vt 0.460600 0.008700
vt 0.451500 0.102400
vt 0.460600 0.102400
vt 0.442500 0.102400
vt 0.451500 0.176200
vt 0.442500 0.176200
vt 0.460600 0.176200
vt 0.451500 0.272400
vt 0.451500 0.269900
vt 0.460600 0.269900
vt 0.460600 0.272400
vt 0.442500 0.272400
vt 0.442500 0.269900
vt 0.465400 0.009200
vt 0.467000 0.010400
vt 0.465400 0.006600
vt 0.467000 0.007900
vt 0.336700 0.062300
vt 0.332100 0.064700
vt 0.428100 0.062300
vt 0.432700 0.064700
vt 0.465400 0.102000
vt 0.467000 0.100700
vt 0.467000 0.103200
vt 0.465400 0.104900
vt 0.465400 0.176600
vt 0.467000 0.177900
vt 0.465400 0.173700
vt 0.467000 0.175400
vt 0.428100 0.014600
vt 0.432700 0.012200
vt 0.336700 0.014600
vt 0.332100 0.012200
vt 0.465400 0.269400
vt 0.467000 0.268200
vt 0.467000 0.270700
vt 0.465400 0.272000
vt 0.346800 0.057100
vt 0.356300 0.052100
vt 0.408500 0.052100
vt 0.418100 0.057100
vt 0.418100 0.019800
vt 0.408500 0.024800
vt 0.356300 0.024800
vt 0.346800 0.019800
vt 0.378400 0.162300
vt 0.412700 0.162300
vt 0.344000 0.162300
vt 0.378400 0.129400
vt 0.378400 0.130300
vt 0.344000 0.130300
vt 0.344000 0.129400
vt 0.412700 0.129400
vt 0.412700 0.130300
vt 0.378400 0.219600
vt 0.412700 0.219600
vt 0.344000 0.219600
vt 0.378400 0.187600
vt 0.344000 0.187600
vt 0.412700 0.187600
vt 0.360500 0.046300
vt 0.360500 0.038400
vt 0.359300 0.046300
vt 0.359300 0.038400
vt 0.360500 0.030500
vt 0.359300 0.030500
vt 0.404400 0.030500
vt 0.404400 0.038400
vt 0.405600 0.030500
vt 0.405600 0.038400
vt 0.404400 0.046300
vt 0.405600 0.046300
vt 0.334500 0.119100
vt 0.334500 0.117900
vt 0.292300 0.021900
vt 0.292600 0.020400
vt 0.294400 0.020400
vt 0.294400 0.022300
vt 0.332000 0.117900
vt 0.424800 0.117900
vt 0.427300 0.117900
vt 0.297700 0.020800
vt 0.299800 0.020400
vt 0.299800 0.022300
vt 0.298100 0.022300
vt 0.424800 0.119100
vt 0.424800 0.072800
vt 0.424800 0.074000
vt 0.303100 0.017700
vt 0.303400 0.016200
vt 0.305100 0.016100
vt 0.305200 0.018100
vt 0.427300 0.074000
vt 0.334500 0.074000
vt 0.332000 0.074000
vt 0.303100 0.020800
vt 0.305200 0.020400
vt 0.305200 0.022300
vt 0.303400 0.022300
vt 0.334500 0.072800
vt 0.327600 0.162300
vt 0.326700 0.162300
vt 0.288300 0.007800
vt 0.288300 0.008800
vt 0.287500 0.008700
vt 0.287400 0.007500
vt 0.360500 0.049500
vt 0.359300 0.049500
vt 0.404400 0.049500
vt 0.405600 0.049500
vt 0.288300 0.016500
vt 0.287300 0.016800
vt 0.287500 0.015500
vt 0.288300 0.015500
vt 0.326700 0.130300
vt 0.327600 0.130300
vt 0.327600 0.219600
vt 0.326700 0.219600
vt 0.288300 0.011800
vt 0.288300 0.012800
vt 0.287500 0.012800
vt 0.287400 0.011500
vt 0.404400 0.027400
vt 0.405600 0.027400
vt 0.360500 0.027400
vt 0.359300 0.027400
vt 0.288300 0.020500
vt 0.287300 0.020800
vt 0.287500 0.019500
vt 0.288300 0.019500
vt 0.326700 0.187600
vt 0.327600 0.187600
vt 0.311800 0.035000
vt 0.311800 0.057500
vt 0.311800 0.080000
vt 0.169000 0.080000
vt 0.169000 0.057500
vt 0.165100 0.080000
vt 0.165100 0.057500
vt 0.169000 0.035000
vt 0.165100 0.035000
vt 0.311800 0.211300
vt 0.311800 0.227000
vt 0.316200 0.211000
vt 0.316200 0.227000
vt 0.311800 0.242600
vt 0.316200 0.242900
vt 0.169000 0.242600
vt 0.169000 0.227000
vt 0.165100 0.242600
vt 0.165100 0.227000
vt 0.169000 0.211300
vt 0.165100 0.211300
vt 0.311800 0.147900
vt 0.311800 0.170500
vt 0.311800 0.193000
vt 0.169000 0.193000
vt 0.169000 0.170500
vt 0.165100 0.193000
vt 0.165100 0.170500
vt 0.169000 0.147900
vt 0.165100 0.147900
vt 0.311800 0.098300
vt 0.311800 0.114000
vt 0.316200 0.098000
vt 0.316200 0.114000
vt 0.311800 0.129600
vt 0.316200 0.129900
vt 0.169000 0.129600
vt 0.169000 0.114000
vt 0.165100 0.129600
vt 0.165100 0.114000
vt 0.169000 0.098300
vt 0.165100 0.098300
vt 0.311800 0.203800
vt 0.311800 0.205000
vt 0.316200 0.204600
vt 0.169000 0.205000
vt 0.165100 0.205000
vt 0.166100 0.203700
vt 0.169000 0.203800
vt 0.169000 0.250100
vt 0.169000 0.248900
vt 0.166100 0.249800
vt 0.165100 0.248900
vt 0.311800 0.248900
vt 0.316200 0.249300
vt 0.311800 0.250100
vt 0.316200 0.250600
vt 0.311800 0.090800
vt 0.311800 0.092000
vt 0.316200 0.091600
vt 0.169000 0.092000
vt 0.165100 0.092000
vt 0.166100 0.090700
vt 0.169000 0.090800
vt 0.169000 0.137100
vt 0.169000 0.135900
vt 0.166100 0.137200
vt 0.165100 0.135900
vt 0.311800 0.135900
vt 0.316200 0.136400
vt 0.311800 0.137100
vt 0.311800 0.024200
vt 0.311800 0.025900
vt 0.169000 0.025900
vt 0.165100 0.025900
vt 0.166100 0.024600
vt 0.169000 0.024200
vt 0.169000 0.089100
vt 0.165100 0.089100
vt 0.311800 0.089100
vt 0.311800 0.138900
vt 0.169000 0.138900
vt 0.165100 0.138900
vt 0.169000 0.202000
vt 0.165100 0.202000
vt 0.311800 0.202000
vt 0.464300 0.022200
vt 0.464300 0.055600
vt 0.464300 0.089000
vt 0.438800 0.089000
vt 0.438800 0.055600
vt 0.437700 0.088400
vt 0.437700 0.055600
vt 0.437700 0.022700
vt 0.438800 0.022200
vt 0.346400 0.251800
vt 0.346400 0.262800
vt 0.346400 0.273900
vt 0.326000 0.273900
vt 0.326000 0.262800
vt 0.325100 0.273700
vt 0.325100 0.262800
vt 0.325100 0.251900
vt 0.326000 0.251800
vt 0.464300 0.189600
vt 0.464300 0.223000
vt 0.464300 0.256400
vt 0.438800 0.256400
vt 0.438800 0.223000
vt 0.437700 0.255900
vt 0.437700 0.223000
vt 0.437700 0.190200
vt 0.438800 0.189600
vt 0.464300 0.116100
vt 0.464300 0.139300
vt 0.464300 0.162500
vt 0.438800 0.162500
vt 0.438800 0.139300
vt 0.437700 0.162100
vt 0.437700 0.139300
vt 0.437700 0.116500
vt 0.438800 0.116100
vt 0.330200 0.157700
vt 0.330200 0.146300
vt 0.330200 0.134900
vt 0.426500 0.134900
vt 0.426500 0.146300
vt 0.429200 0.133300
vt 0.429200 0.146300
vt 0.426500 0.157700
vt 0.429200 0.159300
vt 0.330200 0.182900
vt 0.330200 0.175000
vt 0.327600 0.182900
vt 0.327600 0.175000
vt 0.330200 0.167000
vt 0.327600 0.167000
vt 0.426500 0.167000
vt 0.426500 0.175000
vt 0.357800 0.046400
vt 0.357800 0.038500
vt 0.357800 0.030500
vt 0.426500 0.182900
vt 0.330200 0.215000
vt 0.330200 0.203600
vt 0.330200 0.192200
vt 0.426500 0.192200
vt 0.426500 0.203600
vt 0.429200 0.190600
vt 0.429200 0.203600
vt 0.426500 0.215000
vt 0.429200 0.216600
vt 0.330200 0.240200
vt 0.330200 0.232300
vt 0.327600 0.240200
vt 0.327600 0.232300
vt 0.330200 0.224300
vt 0.327600 0.224300
vt 0.426500 0.224300
vt 0.426500 0.232300
vt 0.407000 0.030500
vt 0.407000 0.038500
vt 0.407000 0.046400
vt 0.426500 0.240200
vt 0.346400 0.246400
vt 0.346400 0.247300
vt 0.347300 0.246600
vt 0.326000 0.247300
vt 0.325100 0.247600
vt 0.305800 0.011200
vt 0.305100 0.010100
vt 0.307300 0.009600
vt 0.307900 0.010700
vt 0.326000 0.246400
vt 0.326000 0.279200
vt 0.326000 0.278400
vt 0.288800 0.002200
vt 0.288200 0.003600
vt 0.286900 0.003200
vt 0.287500 0.001800
vt 0.325100 0.278100
vt 0.346400 0.278400
vt 0.347300 0.279100
vt 0.346400 0.279200
vt 0.464300 0.105000
vt 0.464300 0.106700
vt 0.438800 0.106700
vt 0.437700 0.107300
vt 0.299100 0.008900
vt 0.298400 0.007800
vt 0.300500 0.007300
vt 0.301200 0.008400
vt 0.438800 0.105000
vt 0.438800 0.173600
vt 0.438800 0.171900
vt 0.295600 0.006700
vt 0.294000 0.006200
vt 0.294500 0.005100
vt 0.296200 0.005600
vt 0.437700 0.171300
vt 0.464300 0.171900
vt 0.464300 0.173600
vt 0.330200 0.186700
vt 0.330200 0.186100
vt 0.328300 0.186700
vt 0.327600 0.186100
vt 0.426500 0.186100
vt 0.357800 0.027300
vt 0.358200 0.026700
vt 0.426500 0.186700
vt 0.426500 0.163200
vt 0.426500 0.163800
vt 0.358200 0.050200
vt 0.357800 0.049600
vt 0.330200 0.163800
vt 0.327600 0.163800
vt 0.328300 0.163200
vt 0.330200 0.163200
vt 0.330200 0.244000
vt 0.330200 0.243400
vt 0.328300 0.243900
vt 0.327600 0.243400
vt 0.426500 0.243400
vt 0.407000 0.049600
vt 0.406600 0.050200
vt 0.426500 0.244000
vt 0.426500 0.220500
vt 0.426500 0.221100
vt 0.406600 0.026700
vt 0.407000 0.027300
vt 0.330200 0.221100
vt 0.327600 0.221100
vt 0.328300 0.220500
vt 0.330200 0.220500
vt 0.464300 0.006200
vt 0.464300 0.008700
vt 0.438800 0.008700
vt 0.437700 0.009500
vt 0.437700 0.007000
vt 0.438800 0.006200
vt 0.438800 0.102400
vt 0.437700 0.104100
vt 0.437700 0.101600
vt 0.464300 0.102400
vt 0.464300 0.176200
vt 0.438800 0.176200
vt 0.437700 0.177000
vt 0.437700 0.174500
vt 0.438800 0.272400
vt 0.438800 0.269900
vt 0.437700 0.271600
vt 0.437700 0.269100
vt 0.464300 0.269900
vt 0.464300 0.272400
vt 0.330200 0.162300
vt 0.426500 0.162300
vt 0.429200 0.164500
vt 0.359500 0.050400
vt 0.426500 0.129400
vt 0.426500 0.130300
vt 0.405300 0.050400
vt 0.429200 0.128000
vt 0.330200 0.130300
vt 0.328300 0.129600
vt 0.330200 0.129400
vt 0.330200 0.219600
vt 0.426500 0.219600
vt 0.429200 0.221900
vt 0.405300 0.026500
vt 0.426500 0.187600
vt 0.359500 0.026500
vt 0.429200 0.185400
vt 0.330200 0.187600
vt 0.827200 0.462400
vt 0.827200 0.465700
vt 0.824600 0.465700
vt 0.824600 0.462400
vt 0.853500 0.465700
vt 0.850900 0.465700
vt 0.850900 0.462400
vt 0.853500 0.462400
vt 0.827200 0.458000
vt 0.850900 0.458000
vt 0.827200 0.454700
vt 0.850900 0.454700
vt 0.850900 0.470200
vt 0.827200 0.470200
vt 0.786800 0.484100
vt 0.786800 0.480900
vt 0.789400 0.480900
vt 0.789400 0.484100
vt 0.820800 0.484100
vt 0.820800 0.488600
vt 0.818900 0.488600
vt 0.818900 0.484100
vt 0.818900 0.491800
vt 0.789400 0.491800
vt 0.789400 0.488600
vt 0.818900 0.480900
vt 0.789400 0.476400
vt 0.818900 0.476400
vt 0.789400 0.465500
vt 0.787500 0.465500
vt 0.787500 0.461100
vt 0.789400 0.461100
vt 0.820800 0.461100
vt 0.820800 0.465500
vt 0.818900 0.465500
vt 0.818900 0.461100
vt 0.818900 0.468800
vt 0.789400 0.468800
vt 0.789400 0.457800
vt 0.818900 0.457800
vt 0.789400 0.453400
vt 0.818900 0.453400
vt 0.792600 0.442900
vt 0.792600 0.446200
vt 0.790000 0.446200
vt 0.790000 0.442900
vt 0.818900 0.446200
vt 0.816300 0.446200
vt 0.816300 0.442900
vt 0.818900 0.442900
vt 0.792600 0.438400
vt 0.816300 0.438400
vt 0.792600 0.435200
vt 0.816300 0.435200
vt 0.816300 0.450600
vt 0.792600 0.450600
vt 0.753100 0.494400
vt 0.753100 0.474500
vt 0.783300 0.474500
vt 0.783300 0.494400
vt 0.783300 0.472300
vt 0.753100 0.472300
vt 0.753100 0.446900
vt 0.783300 0.446900
vt 0.750100 0.474500
vt 0.750100 0.494400
vt 0.753100 0.444100
vt 0.783300 0.444100
vt 0.786400 0.446900
vt 0.786400 0.472300
vt 0.717300 0.493900
vt 0.717300 0.474000
vt 0.747200 0.474000
vt 0.747200 0.493900
vt 0.747500 0.471300
vt 0.717500 0.471300
vt 0.717500 0.446000
vt 0.747500 0.446000
vt 0.714500 0.471300
vt 0.714500 0.446000
vt 0.717500 0.440700
vt 0.747500 0.440700
vt 0.750600 0.446000
vt 0.750600 0.471300
vt 0.826400 0.483200
vt 0.826400 0.486500
vt 0.823800 0.486500
vt 0.823800 0.483200
vt 0.852700 0.486500
vt 0.850100 0.486500
vt 0.850100 0.483200
vt 0.852700 0.483200
vt 0.826400 0.478700
vt 0.850100 0.478700
vt 0.826400 0.475500
vt 0.850100 0.475500
vt 0.850100 0.490900
vt 0.826400 0.490900
vt 0.681200 0.664200
vt 0.681200 0.658600
vt 0.686900 0.658700
vt 0.686900 0.664300
vt 0.673500 0.664200
vt 0.673500 0.658600
vt 0.553300 0.658600
vt 0.553300 0.664200
vt 0.433000 0.658600
vt 0.433000 0.664200
vt 0.425300 0.664200
vt 0.425300 0.658600
vt 0.419700 0.664300
vt 0.419700 0.658700
vt 0.686900 0.666300
vt 0.681200 0.666300
vt 0.673500 0.666300
vt 0.553300 0.666300
vt 0.433000 0.666300
vt 0.425300 0.666300
vt 0.419700 0.666300
vt 0.426400 0.677700
vt 0.420700 0.677700
vt 0.420700 0.672000
vt 0.426400 0.671800
vt 0.434100 0.671800
vt 0.434100 0.677800
vt 0.554300 0.677800
vt 0.554300 0.671800
vt 0.674600 0.677800
vt 0.674600 0.671800
vt 0.682300 0.671800
vt 0.682300 0.677700
vt 0.688000 0.672000
vt 0.688000 0.677700
vt 0.420700 0.669500
vt 0.426400 0.669500
vt 0.434100 0.669500
vt 0.554300 0.669500
vt 0.674600 0.669500
vt 0.682300 0.669500
vt 0.688000 0.669500
vn 0.0140 -0.0006 -0.9999
vn -0.0281 -0.0006 -0.9996
vn 0.0000 -0.0124 -0.9999
vn 0.0000 0.2197 -0.9756
vn 1.0000 -0.0000 -0.0021
vn 1.0000 0.0000 0.0020
vn 1.0000 -0.0027 0.0000
vn 1.0000 0.0043 -0.0000
vn 0.0000 -0.0006 -1.0000
vn 0.6290 -0.7774 0.0005
vn 0.0000 0.0006 1.0000
vn -0.6251 -0.7805 0.0005
vn 0.0012 -1.0000 -0.0042
vn 0.0033 -1.0000 0.0006
vn 0.6329 -0.7742 0.0005
vn 0.6330 -0.7742 0.0005
vn -0.0000 0.0007 1.0000
vn 0.0012 -1.0000 0.0054
vn 0.6329 -0.7743 0.0005
vn -0.6221 0.7829 -0.0009
vn -0.6222 0.7829 -0.0003
vn -0.6221 0.7829 -0.0000
vn -0.6222 0.7829 -0.0007
vn 0.0000 -1.0000 0.0006
vn 0.0000 1.0000 -0.0006
vn -0.6221 0.7829 -0.0005
vn -0.6302 0.7764 -0.0005
vn 0.0052 -1.0000 -0.0057
vn -0.0011 -1.0000 -0.0040
vn -0.0033 -1.0000 0.0006
vn -0.6327 -0.7744 0.0005
vn -0.0011 -1.0000 0.0053
vn 0.6221 0.7829 -0.0009
vn 0.6222 0.7829 -0.0003
vn 0.6221 0.7829 -0.0000
vn 0.6222 0.7829 -0.0007
vn -0.6329 -0.7742 0.0005
vn -0.6332 -0.7740 0.0005
vn 0.6221 0.7829 -0.0005
vn 0.6302 0.7764 -0.0005
vn -0.0053 -1.0000 -0.0053
vn 1.0000 0.0000 0.0000
vn -1.0000 0.0000 0.0000
vn 0.9995 -0.0000 -0.0319
vn -0.9984 0.0000 0.0563
vn 0.0000 -0.9983 -0.0583
vn 0.0000 0.9969 0.0785
vn -0.0921 -0.0006 -0.9957
vn 0.1041 0.0006 0.9946
vn -0.0301 -0.9995 0.0006
vn 0.0544 0.9985 -0.0006
vn -0.0300 -0.9996 0.0006
vn 0.0538 0.9985 -0.0006
vn -0.6302 0.7764 -0.0007
vn -0.6303 0.7764 -0.0004
vn -0.0000 -0.0005 -1.0000
vn -0.6302 0.7764 -0.0003
vn -0.6303 0.7764 -0.0006
vn 0.0052 -1.0000 0.0070
vn 0.6302 0.7764 -0.0007
vn 0.6303 0.7764 -0.0004
vn 0.6302 0.7764 -0.0003
vn 0.6303 0.7764 -0.0006
vn -0.0053 -1.0000 0.0066
vn 1.0000 -0.0000 -0.0001
vn 0.1727 -0.0299 0.9845
vn 0.0374 -0.0263 0.9990
vn 0.0386 -0.3777 0.9251
vn 0.1564 -0.3645 0.9180
vn 0.1737 0.0006 0.9848
vn 0.0196 0.0050 0.9998
vn -0.0000 -0.0043 1.0000
vn -0.1803 0.2575 0.9493
vn -0.0001 -0.3817 0.9243
vn 0.5080 -0.0200 0.8612
vn 0.3436 -0.0264 0.9388
vn 0.3154 -0.3346 0.8880
vn 0.4762 -0.2782 0.8341
vn 0.5097 0.0005 0.8604
vn 0.3453 0.0006 0.9385
vn 0.7547 -0.0090 0.6560
vn 0.6448 -0.0132 0.7642
vn 0.6228 -0.1971 0.7572
vn 0.7448 -0.1336 0.6538
vn 0.7549 0.0004 0.6558
vn 0.6459 0.0005 0.7634
vn 0.8556 0.0003 0.5176
vn 0.8307 0.0003 0.5568
vn 0.8306 -0.0084 0.5568
vn 0.8558 -0.0087 0.5173
vn 0.8239 -0.1203 0.5538
vn 0.8498 -0.1288 0.5111
vn 0.0001 0.3996 0.9167
vn -0.0000 0.0171 0.9999
vn -0.0000 0.3998 0.9166
vn 0.0002 0.3992 0.9169
vn -0.0001 -0.3824 0.9240
vn -0.0000 -0.3827 0.9239
vn 0.0001 -0.3818 0.9242
vn 0.0111 0.0006 0.9999
vn -0.2914 0.0006 0.9566
vn 0.3457 0.0006 0.9383
vn 0.8305 0.0003 0.5571
vn 0.8304 0.0003 0.5572
vn 0.8558 0.0003 0.5173
vn -0.0119 0.9999 -0.0007
vn -0.0118 0.9999 -0.0007
vn -0.0120 0.9999 -0.0006
vn -0.1165 0.9932 -0.0008
vn -0.1170 0.9931 -0.0007
vn -0.1161 0.9932 -0.0008
vn -0.9692 0.2464 -0.0002
vn -1.0000 0.0090 -0.0000
vn -0.9693 0.2460 -0.0002
vn -0.9691 0.2468 -0.0002
vn -0.9716 -0.2366 -0.0001
vn -0.9716 -0.2368 -0.0001
vn 0.0057 1.0000 -0.0055
vn 0.0058 1.0000 -0.0037
vn 0.0022 1.0000 -0.0036
vn 0.0024 1.0000 -0.0054
vn 0.0093 0.9999 -0.0056
vn 0.0092 1.0000 -0.0038
vn 0.0059 1.0000 -0.0021
vn 0.0088 1.0000 -0.0019
vn 0.0022 1.0000 -0.0019
vn -0.0007 -0.0006 -1.0000
vn -0.0324 -0.0006 -0.9995
vn -0.2914 -0.0006 -0.9566
vn -0.0018 -0.0006 -1.0000
vn -0.0013 -0.0006 -1.0000
vn 0.0096 -0.0006 -1.0000
vn -0.0001 -0.0006 -1.0000
vn 0.0281 -0.0006 -0.9996
vn 0.0227 -0.0007 -0.9997
vn 0.0226 -0.0006 -0.9997
vn 0.0282 -0.0006 -0.9996
vn 0.0227 -0.0006 -0.9997
vn 0.0280 -0.0004 -0.9996
vn 0.0044 0.3987 -0.9171
vn 0.0002 0.0160 -0.9999
vn 0.0043 0.3987 -0.9171
vn -0.0035 -0.3855 -0.9227
vn -0.0034 -0.3859 -0.9225
vn -0.0034 -0.3850 -0.9229
vn -0.0182 -0.0006 -0.9998
vn -0.0062 -0.0279 -0.9996
vn -0.0058 0.0004 -1.0000
vn -0.1887 0.2378 -0.9528
vn -0.0014 -0.0321 -0.9995
vn -0.0044 -0.3872 -0.9220
vn -0.0053 -0.3825 -0.9240
vn -0.0041 -0.3866 -0.9223
vn -0.0022 -0.0294 -0.9996
vn -0.0031 -0.0253 -0.9997
vn -0.0075 -0.3644 -0.9312
vn -0.0116 -0.3317 -0.9433
vn -0.0011 -0.0202 -0.9998
vn 0.0093 -0.0167 -0.9998
vn -0.0015 -0.2306 -0.9730
vn -0.0124 -0.2818 -0.9594
vn 0.0227 -0.0157 -0.9996
vn 0.0288 -0.0156 -0.9995
vn 0.0335 -0.2104 -0.9770
vn 0.0255 -0.2106 -0.9772
vn 0.0141 -0.9997 0.0192
vn 0.0068 -0.9999 0.0158
vn 0.0044 -0.9999 0.0158
vn 0.0122 -0.9998 0.0186
vn 0.0185 -0.9996 0.0204
vn 0.0100 -0.9998 0.0159
vn 0.0036 -0.9999 0.0130
vn 0.0058 -0.9999 0.0132
vn 0.0014 -0.9999 0.0128
vn 0.0013 -0.9999 0.0113
vn -0.0005 -0.9999 0.0111
vn 0.0028 -0.9999 0.0114
vn -0.0018 -1.0000 0.0097
vn 0.0000 -1.0000 0.0095
vn -0.0041 -0.9999 0.0096
vn -0.0047 -1.0000 0.0072
vn -0.0078 -0.9999 0.0071
vn -0.0017 -1.0000 0.0073
vn -0.0056 -1.0000 0.0050
vn -0.0025 -1.0000 0.0053
vn -0.0090 -0.9999 0.0048
vn -0.0044 -1.0000 0.0031
vn -0.0046 -1.0000 0.0017
vn -0.0071 -1.0000 0.0017
vn -0.0071 -1.0000 0.0030
vn -0.0017 -1.0000 0.0032
vn -0.0021 -1.0000 0.0018
vn -0.0045 -1.0000 0.0004
vn -0.0017 -1.0000 0.0003
vn -0.0073 -1.0000 0.0002
vn 0.0267 -0.9994 0.0228
vn 0.5361 -0.7611 0.3651
vn 0.4838 -0.7659 0.4234
vn 0.0283 -0.9994 0.0217
vn 0.5402 -0.7757 0.3262
vn 0.1602 0.3488 0.9234
vn 0.0056 0.3608 0.9326
vn 0.0855 0.8763 0.4742
vn -0.0041 0.8831 0.4691
vn -0.0550 0.9099 0.4112
vn -0.2673 0.5462 0.7938
vn -0.2458 0.1065 0.9634
vn 0.0110 0.0006 0.9999
vn 0.4835 0.2708 0.8324
vn 0.3217 0.3223 0.8903
vn 0.2989 0.8142 0.4977
vn 0.1816 0.8565 0.4831
vn 0.7457 0.1281 0.6538
vn 0.6282 0.1942 0.7534
vn 0.5726 0.6455 0.5054
vn 0.4329 0.7404 0.5141
vn 0.6869 0.5965 0.4151
vn 0.6652 0.5981 0.4470
vn 0.8262 0.1038 0.5537
vn 0.8514 0.1013 0.5146
vn 0.8304 0.0004 0.5572
vn 0.8559 0.0003 0.5172
vn -0.7772 0.6292 -0.0005
vn -0.7768 0.6298 -0.0006
vn -0.7775 0.6289 -0.0005
vn -0.6169 0.7870 -0.0052
vn -0.9739 0.2270 -0.0014
vn -0.9741 0.2260 -0.0014
vn -0.6165 0.7873 -0.0052
vn -0.6172 0.7868 -0.0052
vn -0.9737 0.2277 -0.0015
vn -0.0261 0.0039 -0.9997
vn -0.2498 0.1206 -0.9608
vn -0.2660 0.5119 -0.8168
vn -0.0302 0.3541 -0.9347
vn -0.0528 0.9252 -0.3758
vn -0.0221 0.8847 -0.4656
vn -0.0011 0.3495 -0.9370
vn -0.0014 0.8818 -0.4716
vn -0.0023 0.3314 -0.9435
vn -0.0029 0.8703 -0.4925
vn -0.0037 0.3004 -0.9538
vn -0.0049 0.8490 -0.5284
vn -0.0020 0.2530 -0.9675
vn -0.0048 0.8108 -0.5853
vn 0.0084 0.2084 -0.9780
vn 0.0039 0.7670 -0.6416
vn 0.0278 -0.0007 -0.9996
vn 0.0206 0.1927 -0.9810
vn 0.0106 0.7500 -0.6613
vn -0.0080 0.7358 -0.6772
vn 0.0192 0.1830 -0.9829
vn -0.4217 0.3818 0.8224
vn -0.2718 0.0131 0.9623
vn -0.8658 0.1169 0.4865
vn -0.8228 0.0148 0.5682
vn -0.8396 -0.1030 0.5334
vn -0.4552 -0.3738 0.8081
vn -0.0001 -0.3820 0.9242
vn -0.0064 0.0092 0.9999
vn -0.0843 0.3771 0.9223
vn -0.1053 0.9944 -0.0063
vn -0.1080 0.9941 -0.0063
vn -0.1023 0.9947 -0.0064
vn -0.5315 0.8471 -0.0008
vn -0.5296 0.8483 -0.0010
vn -0.5332 0.8460 -0.0009
vn -0.0644 0.3712 -0.9263
vn -0.0037 -0.3859 -0.9225
vn -0.4208 -0.3691 -0.8287
vn -0.2743 0.0223 -0.9614
vn -0.8521 -0.0913 -0.5154
vn -0.8199 0.0200 -0.5721
vn -0.8369 0.1287 -0.5320
vn -0.4552 0.3870 -0.8019
vn -0.0050 -1.0000 0.0039
vn -0.0081 -1.0000 0.0039
vn -0.0019 -1.0000 0.0039
vn -0.5364 -0.8440 -0.0002
vn -0.5354 -0.8446 -0.0002
vn -0.5378 -0.8430 -0.0003
vn 0.9571 -0.1762 0.2300
vn 0.9027 -0.0094 0.4302
vn 0.9623 -0.0501 -0.2673
vn 0.9497 -0.0202 -0.3125
vn 0.9024 0.0003 0.4308
vn 0.9517 -0.0004 -0.3071
vn 0.9021 0.0003 0.4315
vn 0.9019 0.0004 0.4319
vn 0.9523 -0.0004 -0.3051
vn 0.9529 0.0008 -0.3033
vn 0.9035 0.0017 0.4286
vn 0.9501 0.0039 -0.3120
vn -0.8668 -0.0003 -0.4986
vn -0.8668 0.0003 0.4986
vn -0.0005 0.9980 -0.0639
vn -0.0141 0.9979 -0.0636
vn -0.1319 0.9785 -0.1584
vn -0.1410 0.9691 0.2022
vn -0.0090 0.9981 0.0611
vn 0.0119 0.9978 0.0645
vn -0.0019 0.9970 -0.0780
vn -0.0011 0.9976 -0.0686
vn 0.0267 0.9972 0.0695
vn 0.0505 0.9954 0.0813
vn -0.0000 0.9925 -0.1222
vn -0.0023 0.9953 -0.0966
vn 0.0924 0.9901 0.1058
vn 0.1607 0.9775 0.1368
vn -0.9271 0.2792 -0.2500
vn -0.9959 0.0070 -0.0899
vn -0.9460 -0.2559 -0.1989
vn -0.9304 -0.2701 0.2478
vn -0.9957 0.0131 0.0917
vn -0.9437 0.2625 0.2014
vn 0.0097 0.9102 -0.4141
vn 0.0095 0.9107 -0.4129
vn 0.0096 0.9110 -0.4122
vn 0.0007 0.9119 0.4104
vn 0.0005 0.9124 0.4094
vn 0.0006 0.9128 0.4083
vn 0.0006 0.9912 -0.1327
vn -0.0069 0.9911 -0.1331
vn 0.3751 -0.8088 0.4528
vn 0.2627 -0.8527 0.4515
vn -0.0094 -0.8906 -0.4547
vn -0.0106 -0.8667 -0.4986
vn -0.0004 -0.8430 -0.5379
vn 0.1612 -0.8815 0.4438
vn 0.0760 -0.8958 0.4379
vn -0.0069 -0.9126 -0.4088
vn -0.0065 -0.9050 -0.4254
vn 0.0171 -0.9048 0.4254
vn -0.0008 -0.9097 0.4152
vn -0.0094 -0.9134 -0.4068
vn -0.0087 -0.9142 -0.4052
vn -0.0007 -0.9103 0.4140
vn -0.0007 -0.9107 0.4131
vn -0.0007 -0.9110 0.4123
vn -0.0079 -0.9118 -0.4105
vn -0.0077 -0.9124 -0.4091
vn -0.0076 -0.9129 -0.4082
vn 0.6253 -0.2576 -0.7367
vn 0.6136 -0.7412 -0.2721
vn 0.0396 -0.8371 -0.5457
vn 0.9041 0.1096 0.4130
vn 0.9151 0.2242 -0.3352
vn 0.8295 0.5508 -0.0921
vn 0.7342 0.6297 0.2539
vn 0.9021 0.0004 0.4314
vn 0.9520 -0.0005 -0.3060
vn -0.7364 0.5399 -0.4076
vn -0.7332 0.5434 0.4088
vn -0.4955 0.7302 0.4704
vn -0.8266 0.2050 0.5242
vn -0.8328 0.2270 -0.5048
vn -0.5238 0.6973 -0.4893
vn -0.0938 0.9005 -0.4246
vn -0.1180 0.9072 0.4037
vn -0.4704 0.8116 0.3463
vn -0.4707 0.8085 -0.3534
vn -0.0009 -0.9101 0.4145
vn -0.0087 -0.9132 -0.4075
vn -0.4744 -0.8094 -0.3461
vn -0.4761 -0.8055 0.3529
vn 0.2044 0.9691 0.1384
vn 0.2100 0.9695 0.1267
vn 0.2411 0.9701 0.0268
vn 0.0393 0.9981 -0.0468
vn 0.4801 0.7429 -0.4665
vn 0.0236 0.9822 -0.1864
vn 0.0995 0.9836 -0.1502
vn 0.0239 0.7009 -0.7129
vn 0.3220 0.2351 -0.9171
vn 0.3051 0.0013 -0.9523
vn 0.3118 -0.0000 -0.9501
vn 0.3100 -0.0007 -0.9507
vn 0.3092 -0.0008 -0.9510
vn 0.3086 -0.0007 -0.9512
vn 0.3091 -0.0198 -0.9508
vn 0.0224 -0.9995 0.0207
vn 0.0230 -0.9995 0.0205
vn 0.0301 -0.8358 -0.5483
vn 0.9986 -0.0000 -0.0524
vn 0.9945 -0.0001 -0.1045
vn 0.9877 -0.0001 -0.1564
vn 0.9782 -0.0001 -0.2079
vn 0.9659 -0.0002 -0.2588
vn 0.9511 -0.0002 -0.3090
vn 0.9336 -0.0002 -0.3584
vn 0.9136 -0.0003 -0.4067
vn 0.8910 -0.0003 -0.4540
vn 0.8660 -0.0003 -0.5000
vn 0.8387 -0.0003 -0.5445
vn 0.8090 -0.0004 -0.5878
vn 0.7771 -0.0004 -0.6294
vn 0.7431 -0.0004 -0.6692
vn 0.7071 -0.0004 -0.7071
vn 0.6692 -0.0005 -0.7431
vn 0.6294 -0.0005 -0.7771
vn 0.5878 -0.0005 -0.8090
vn 0.5445 -0.0005 -0.8387
vn 0.5000 -0.0005 -0.8660
vn 0.4540 -0.0006 -0.8910
vn 0.4067 -0.0006 -0.9136
vn 0.3584 -0.0006 -0.9336
vn 0.3090 -0.0006 -0.9511
vn 0.2588 -0.0006 -0.9659
vn 0.2079 -0.0006 -0.9782
vn 0.1564 -0.0006 -0.9877
vn 0.1045 -0.0006 -0.9945
vn 0.0524 -0.0006 -0.9986
vn -0.0524 -0.0006 -0.9986
vn -0.1045 -0.0006 -0.9945
vn -0.1564 -0.0006 -0.9877
vn -0.2079 -0.0006 -0.9782
vn -0.2588 -0.0006 -0.9659
vn -0.3090 -0.0006 -0.9511
vn -0.3583 -0.0006 -0.9336
vn -0.4067 -0.0006 -0.9136
vn -0.3584 -0.0006 -0.9336
vn -0.4540 -0.0006 -0.8910
vn -0.5000 -0.0005 -0.8660
vn -0.5445 -0.0005 -0.8387
vn -0.5878 -0.0005 -0.8090
vn -0.6294 -0.0005 -0.7771
vn -0.6692 -0.0005 -0.7431
vn -0.7071 -0.0004 -0.7071
vn -0.7431 -0.0004 -0.6692
vn -0.7771 -0.0004 -0.6294
vn -0.8090 -0.0004 -0.5878
vn -0.8387 -0.0003 -0.5445
vn -0.8660 -0.0003 -0.5000
vn -0.8910 -0.0003 -0.4540
vn -0.9136 -0.0003 -0.4067
vn -0.9336 -0.0002 -0.3584
vn -0.9511 -0.0002 -0.3090
vn -0.9659 -0.0002 -0.2588
vn -0.9782 -0.0001 -0.2079
vn -0.9877 -0.0001 -0.1564
vn -0.9945 -0.0001 -0.1045
vn -0.9986 -0.0000 -0.0524
vn -0.9986 0.0000 0.0524
vn -0.9945 0.0001 0.1045
vn -0.9877 0.0001 0.1564
vn -0.9782 0.0001 0.2079
vn -0.9659 0.0002 0.2588
vn -0.9511 0.0002 0.3090
vn -0.9336 0.0002 0.3584
vn -0.9136 0.0003 0.4067
vn -0.8910 0.0003 0.4540
vn -0.8660 0.0003 0.5000
vn -0.8387 0.0003 0.5445
vn -0.8090 0.0004 0.5878
vn -0.7771 0.0004 0.6294
vn -0.7431 0.0004 0.6692
vn -0.7071 0.0004 0.7071
vn -0.6692 0.0005 0.7431
vn -0.6292 0.0005 0.7772
vn -0.5877 0.0005 0.8091
vn -0.5447 0.0005 0.8386
vn -0.5001 0.0005 0.8659
vn -0.4541 0.0006 0.8910
vn -0.4066 0.0006 0.9136
vn -0.3583 0.0006 0.9336
vn -0.3088 0.0006 0.9511
vn -0.3092 0.0006 0.9510
vn -0.3087 0.0006 0.9512
vn -0.2588 0.0006 0.9659
vn -0.2079 0.0006 0.9782
vn -0.1564 0.0006 0.9877
vn -0.1045 0.0006 0.9945
vn -0.0524 0.0006 0.9986
vn 0.0524 0.0006 0.9986
vn 0.1045 0.0006 0.9945
vn 0.1564 0.0006 0.9877
vn 0.2079 0.0006 0.9782
vn 0.2588 0.0006 0.9659
vn 0.3090 0.0006 0.9511
vn 0.3583 0.0006 0.9336
vn 0.4067 0.0006 0.9136
vn 0.4540 0.0006 0.8910
vn 0.5000 0.0005 0.8660
vn 0.5445 0.0005 0.8387
vn 0.5878 0.0005 0.8090
vn 0.6294 0.0005 0.7771
vn 0.6692 0.0005 0.7431
vn 0.7071 0.0004 0.7071
vn 0.7431 0.0004 0.6692
vn 0.7772 0.0004 0.6292
vn 0.8091 0.0004 0.5877
vn 0.8386 0.0003 0.5447
vn 0.8659 0.0003 0.5002
vn 0.8910 0.0003 0.4541
vn 0.9136 0.0003 0.4066
vn 0.9336 0.0002 0.3583
vn 0.9510 0.0002 0.3091
vn 0.9659 0.0002 0.2588
vn 0.9782 0.0001 0.2079
vn 0.9877 0.0001 0.1564
vn 0.9945 0.0001 0.1045
vn 0.9986 0.0000 0.0521
vn 0.9986 0.0000 0.0524
vn 0.0684 -0.9976 -0.0066
vn 0.4909 -0.8697 -0.0511
vn 0.4929 -0.8697 -0.0253
vn 0.0686 -0.9976 -0.0030
vn 0.4938 -0.8696 0.0005
vn 0.0688 -0.9976 0.0006
vn 0.0688 0.9976 -0.0006
vn 0.4937 0.8696 -0.0005
vn 0.4927 0.8698 -0.0264
vn 0.0687 0.9976 -0.0042
vn 0.4907 0.8698 -0.0521
vn 0.0683 0.9976 -0.0078
vn 0.0672 -0.9976 -0.0136
vn 0.4829 -0.8697 -0.1020
vn 0.4876 -0.8697 -0.0767
vn 0.0678 -0.9976 -0.0102
vn 0.4876 0.8696 -0.0777
vn 0.0678 0.9976 -0.0114
vn 0.4829 0.8696 -0.1031
vn 0.0672 0.9976 -0.0149
vn 0.0654 -0.9976 -0.0206
vn 0.4697 -0.8697 -0.1521
vn 0.4768 -0.8697 -0.1273
vn 0.0663 -0.9976 -0.0172
vn 0.4767 0.8696 -0.1283
vn 0.0663 0.9976 -0.0184
vn 0.4695 0.8695 -0.1532
vn 0.0653 0.9976 -0.0218
vn 0.0627 -0.9977 -0.0273
vn 0.4510 -0.8697 -0.2003
vn 0.4608 -0.8698 -0.1764
vn 0.0641 -0.9977 -0.0240
vn 0.4608 0.8696 -0.1774
vn 0.0641 0.9976 -0.0252
vn 0.4509 0.8696 -0.2013
vn 0.0627 0.9976 -0.0286
vn 0.0595 -0.9977 -0.0338
vn 0.4274 -0.8699 -0.2462
vn 0.4396 -0.8700 -0.2235
vn 0.0612 -0.9977 -0.0305
vn 0.4398 0.8696 -0.2246
vn 0.0612 0.9976 -0.0318
vn 0.4275 0.8695 -0.2473
vn 0.0595 0.9976 -0.0350
vn 0.0555 -0.9977 -0.0397
vn 0.3994 -0.8698 -0.2896
vn 0.4140 -0.8698 -0.2684
vn 0.0576 -0.9977 -0.0367
vn 0.4140 0.8695 -0.2694
vn 0.0577 0.9976 -0.0380
vn 0.3994 0.8695 -0.2907
vn 0.0555 0.9976 -0.0410
vn 0.0511 -0.9977 -0.0454
vn 0.3669 -0.8698 -0.3299
vn 0.3836 -0.8699 -0.3101
vn 0.0533 -0.9977 -0.0426
vn 0.3836 0.8695 -0.3112
vn 0.0533 0.9976 -0.0439
vn 0.3669 0.8695 -0.3308
vn 0.0510 0.9976 -0.0466
vn 0.0460 -0.9977 -0.0504
vn 0.3304 -0.8698 -0.3664
vn 0.3490 -0.8699 -0.3484
vn 0.0486 -0.9977 -0.0480
vn 0.3491 0.8694 -0.3496
vn 0.0486 0.9976 -0.0492
vn 0.3303 0.8695 -0.3673
vn 0.0460 0.9976 -0.0517
vn 0.0404 -0.9977 -0.0549
vn 0.2901 -0.8699 -0.3988
vn 0.3107 -0.8699 -0.3831
vn 0.0432 -0.9977 -0.0527
vn 0.3106 0.8695 -0.3841
vn 0.0433 0.9976 -0.0540
vn 0.2901 0.8694 -0.3999
vn 0.0403 0.9976 -0.0561
vn 0.0344 -0.9977 -0.0590
vn 0.2467 -0.8700 -0.4268
vn 0.2687 -0.8701 -0.4132
vn 0.0374 -0.9977 -0.0571
vn 0.2689 0.8694 -0.4145
vn 0.0373 0.9976 -0.0582
vn 0.2468 0.8694 -0.4281
vn 0.0344 0.9976 -0.0602
vn 0.0279 -0.9977 -0.0620
vn 0.2009 -0.8699 -0.4505
vn 0.2241 -0.8699 -0.4393
vn 0.0312 -0.9977 -0.0606
vn 0.2241 0.8694 -0.4403
vn 0.0312 0.9976 -0.0619
vn 0.2008 0.8694 -0.4515
vn 0.0280 0.9976 -0.0633
vn 0.0212 -0.9977 -0.0647
vn 0.1525 -0.8700 -0.4690
vn 0.1769 -0.8699 -0.4604
vn 0.0246 -0.9977 -0.0636
vn 0.1769 0.8694 -0.4614
vn 0.0246 0.9976 -0.0649
vn 0.1525 0.8694 -0.4700
vn 0.0212 0.9976 -0.0659
vn 0.0143 -0.9977 -0.0666
vn 0.1027 -0.8700 -0.4823
vn 0.1277 -0.8699 -0.4763
vn 0.0178 -0.9977 -0.0658
vn 0.1278 0.8693 -0.4774
vn 0.0178 0.9976 -0.0669
vn 0.1026 0.8693 -0.4835
vn 0.0143 0.9976 -0.0679
vn 0.0072 -0.9977 -0.0676
vn 0.0516 -0.8699 -0.4905
vn 0.0772 -0.8700 -0.4869
vn 0.0108 -0.9977 -0.0672
vn 0.0772 0.8694 -0.4880
vn 0.0108 0.9976 -0.0685
vn 0.0516 0.8693 -0.4915
vn 0.0072 0.9976 -0.0689
vn -0.0000 -0.9977 -0.0681
vn -0.0000 -0.8699 -0.4932
vn 0.0258 -0.8700 -0.4924
vn 0.0036 -0.9977 -0.0681
vn 0.0258 0.8694 -0.4935
vn 0.0036 0.9976 -0.0693
vn -0.0000 0.8694 -0.4942
vn -0.0000 0.9976 -0.0694
vn -0.0072 -0.9977 -0.0676
vn -0.0516 -0.8699 -0.4905
vn -0.0258 -0.8700 -0.4923
vn -0.0036 -0.9977 -0.0681
vn -0.0258 0.8694 -0.4935
vn -0.0036 0.9976 -0.0693
vn -0.0516 0.8693 -0.4915
vn -0.0072 0.9976 -0.0688
vn -0.0143 -0.9977 -0.0667
vn -0.1027 -0.8700 -0.4823
vn -0.0772 -0.8700 -0.4870
vn -0.0108 -0.9977 -0.0672
vn -0.0772 0.8694 -0.4880
vn -0.0108 0.9976 -0.0684
vn -0.1026 0.8693 -0.4835
vn -0.0143 0.9976 -0.0679
vn -0.0212 -0.9977 -0.0648
vn -0.1525 -0.8699 -0.4690
vn -0.1277 -0.8699 -0.4763
vn -0.0178 -0.9977 -0.0658
vn -0.1278 0.8694 -0.4773
vn -0.0178 0.9976 -0.0669
vn -0.1525 0.8694 -0.4700
vn -0.0212 0.9976 -0.0659
vn -0.0280 -0.9977 -0.0621
vn -0.2009 -0.8699 -0.4505
vn -0.1769 -0.8700 -0.4603
vn -0.0246 -0.9977 -0.0636
vn -0.1769 0.8694 -0.4613
vn -0.0246 0.9976 -0.0648
vn -0.2008 0.8694 -0.4514
vn -0.0280 0.9976 -0.0633
vn -0.0344 -0.9977 -0.0590
vn -0.2468 -0.8700 -0.4268
vn -0.2240 -0.8701 -0.4390
vn -0.0312 -0.9977 -0.0606
vn -0.2241 0.8694 -0.4403
vn -0.0312 0.9976 -0.0618
vn -0.2468 0.8694 -0.4280
vn -0.0344 0.9976 -0.0602
vn -0.0403 -0.9977 -0.0549
vn -0.2901 -0.8700 -0.3987
vn -0.2687 -0.8701 -0.4132
vn -0.0373 -0.9977 -0.0570
vn -0.2689 0.8694 -0.4146
vn -0.0373 0.9976 -0.0582
vn -0.2902 0.8694 -0.3999
vn -0.0403 0.9976 -0.0561
vn -0.0460 -0.9977 -0.0504
vn -0.3304 -0.8698 -0.3664
vn -0.3106 -0.8700 -0.3830
vn -0.0433 -0.9977 -0.0528
vn -0.3106 0.8695 -0.3841
vn -0.0433 0.9976 -0.0540
vn -0.3303 0.8695 -0.3673
vn -0.0460 0.9976 -0.0517
vn -0.0511 -0.9977 -0.0454
vn -0.3669 -0.8698 -0.3299
vn -0.3491 -0.8699 -0.3485
vn -0.0486 -0.9977 -0.0480
vn -0.3491 0.8694 -0.3496
vn -0.0485 0.9976 -0.0492
vn -0.3669 0.8695 -0.3308
vn -0.0510 0.9976 -0.0466
vn -0.0555 -0.9977 -0.0397
vn -0.3993 -0.8699 -0.2896
vn -0.3836 -0.8699 -0.3101
vn -0.0533 -0.9977 -0.0426
vn -0.3837 0.8694 -0.3112
vn -0.0534 0.9976 -0.0439
vn -0.3994 0.8695 -0.2907
vn -0.0555 0.9976 -0.0410
vn -0.0595 -0.9977 -0.0338
vn -0.4274 -0.8699 -0.2462
vn -0.4138 -0.8700 -0.2682
vn -0.0576 -0.9977 -0.0367
vn -0.4140 0.8695 -0.2693
vn -0.0576 0.9976 -0.0381
vn -0.4275 0.8695 -0.2473
vn -0.0595 0.9976 -0.0350
vn -0.0627 -0.9977 -0.0273
vn -0.4510 -0.8697 -0.2003
vn -0.4395 -0.8700 -0.2235
vn -0.0612 -0.9977 -0.0305
vn -0.4398 0.8696 -0.2246
vn -0.0612 0.9976 -0.0318
vn -0.4509 0.8696 -0.2013
vn -0.0627 0.9976 -0.0286
vn -0.0653 -0.9977 -0.0206
vn -0.4696 -0.8697 -0.1520
vn -0.4610 -0.8697 -0.1764
vn -0.0641 -0.9977 -0.0240
vn -0.4609 0.8695 -0.1774
vn -0.0641 0.9976 -0.0252
vn -0.4695 0.8696 -0.1531
vn -0.0654 0.9976 -0.0218
vn -0.0672 -0.9976 -0.0137
vn -0.4828 -0.8697 -0.1021
vn -0.4769 -0.8697 -0.1272
vn -0.0663 -0.9976 -0.0172
vn -0.4768 0.8696 -0.1283
vn -0.0663 0.9976 -0.0184
vn -0.4828 0.8696 -0.1032
vn -0.0672 0.9976 -0.0149
vn -0.0684 -0.9976 -0.0066
vn -0.4909 -0.8697 -0.0511
vn -0.4877 -0.8697 -0.0767
vn -0.0678 -0.9976 -0.0102
vn -0.4876 0.8696 -0.0777
vn -0.0679 0.9976 -0.0114
vn -0.4908 0.8697 -0.0521
vn -0.0682 0.9976 -0.0078
vn -0.0687 -0.9976 0.0006
vn -0.4939 -0.8695 0.0005
vn -0.4930 -0.8697 -0.0252
vn -0.0686 -0.9976 -0.0030
vn -0.4930 0.8696 -0.0263
vn -0.0686 0.9976 -0.0042
vn -0.4937 0.8696 -0.0005
vn -0.0689 0.9976 -0.0006
vn -0.0684 -0.9976 0.0078
vn -0.4909 -0.8696 0.0521
vn -0.4930 -0.8696 0.0264
vn -0.0686 -0.9976 0.0042
vn -0.4930 0.8697 0.0253
vn -0.0687 0.9976 0.0030
vn -0.4908 0.8698 0.0510
vn -0.0683 0.9976 0.0066
vn -0.0672 -0.9976 0.0149
vn -0.4828 -0.8696 0.1032
vn -0.4876 -0.8696 0.0777
vn -0.0678 -0.9976 0.0114
vn -0.4876 0.8697 0.0767
vn -0.0679 0.9976 0.0102
vn -0.4828 0.8698 0.1020
vn -0.0672 0.9976 0.0137
vn -0.0653 -0.9976 0.0218
vn -0.4695 -0.8696 0.1531
vn -0.4769 -0.8695 0.1284
vn -0.0663 -0.9976 0.0184
vn -0.4767 0.8698 0.1272
vn -0.0663 0.9976 0.0172
vn -0.4695 0.8697 0.1521
vn -0.0653 0.9977 0.0206
vn -0.0627 -0.9976 0.0286
vn -0.4510 -0.8695 0.2014
vn -0.4609 -0.8695 0.1775
vn -0.0640 -0.9976 0.0252
vn -0.4609 0.8697 0.1764
vn -0.0641 0.9977 0.0240
vn -0.4509 0.8698 0.2002
vn -0.0627 0.9977 0.0273
vn -0.0595 -0.9976 0.0350
vn -0.4274 -0.8696 0.2473
vn -0.4395 -0.8697 0.2246
vn -0.0612 -0.9976 0.0318
vn -0.4398 0.8698 0.2235
vn -0.0612 0.9977 0.0305
vn -0.4275 0.8698 0.2462
vn -0.0595 0.9977 0.0338
vn -0.0555 -0.9976 0.0409
vn -0.3993 -0.8695 0.2907
vn -0.4138 -0.8696 0.2693
vn -0.0576 -0.9976 0.0379
vn -0.4139 0.8699 0.2682
vn -0.0577 0.9977 0.0368
vn -0.3994 0.8698 0.2896
vn -0.0555 0.9977 0.0397
vn -0.0511 -0.9976 0.0466
vn -0.3669 -0.8694 0.3310
vn -0.3835 -0.8696 0.3111
vn -0.0533 -0.9976 0.0439
vn -0.3836 0.8699 0.3101
vn -0.0533 0.9977 0.0426
vn -0.3669 0.8699 0.3297
vn -0.0510 0.9977 0.0453
vn -0.0460 -0.9976 0.0517
vn -0.3304 -0.8694 0.3674
vn -0.3491 -0.8694 0.3496
vn -0.0486 -0.9976 0.0492
vn -0.3490 0.8699 0.3484
vn -0.0485 0.9977 0.0479
vn -0.3303 0.8699 0.3663
vn -0.0460 0.9977 0.0505
vn -0.0403 -0.9976 0.0561
vn -0.2902 -0.8694 0.4000
vn -0.3106 -0.8695 0.3841
vn -0.0432 -0.9976 0.0540
vn -0.3106 0.8699 0.3830
vn -0.0432 0.9977 0.0527
vn -0.2902 0.8699 0.3988
vn -0.0403 0.9977 0.0549
vn -0.0344 -0.9976 0.0601
vn -0.2468 -0.8694 0.4281
vn -0.2689 -0.8694 0.4145
vn -0.0374 -0.9976 0.0583
vn -0.2688 0.8700 0.4134
vn -0.0373 0.9977 0.0570
vn -0.2468 0.8700 0.4269
vn -0.0343 0.9977 0.0588
vn -0.0279 -0.9976 0.0632
vn -0.2008 -0.8693 0.4517
vn -0.2241 -0.8694 0.4404
vn -0.0312 -0.9976 0.0618
vn -0.2241 0.8700 0.4392
vn -0.0312 0.9977 0.0606
vn -0.2008 0.8699 0.4504
vn -0.0280 0.9977 0.0621
vn -0.0212 -0.9976 0.0659
vn -0.1525 -0.8694 0.4700
vn -0.1769 -0.8694 0.4614
vn -0.0246 -0.9976 0.0648
vn -0.1769 0.8700 0.4602
vn -0.0245 0.9977 0.0634
vn -0.1525 0.8700 0.4689
vn -0.0212 0.9977 0.0647
vn -0.0143 -0.9976 0.0678
vn -0.1025 -0.8694 0.4833
vn -0.1277 -0.8694 0.4774
vn -0.0178 -0.9976 0.0670
vn -0.1278 0.8700 0.4762
vn -0.0178 0.9977 0.0657
vn -0.1026 0.8700 0.4823
vn -0.0143 0.9977 0.0666
vn -0.0072 -0.9976 0.0690
vn -0.0516 -0.8694 0.4914
vn -0.0772 -0.8693 0.4882
vn -0.0108 -0.9976 0.0685
vn -0.0772 0.8700 0.4870
vn -0.0108 0.9977 0.0673
vn -0.0516 0.8700 0.4903
vn -0.0072 0.9977 0.0678
vn 0.0000 -0.9976 0.0693
vn 0.0000 -0.8693 0.4943
vn -0.0258 -0.8694 0.4935
vn -0.0036 -0.9976 0.0694
vn -0.0258 0.8700 0.4924
vn -0.0036 0.9977 0.0680
vn 0.0000 0.8700 0.4930
vn -0.0000 0.9977 0.0681
vn 0.0072 -0.9976 0.0689
vn 0.0516 -0.8693 0.4915
vn 0.0258 -0.8693 0.4935
vn 0.0036 -0.9976 0.0694
vn 0.0258 0.8700 0.4923
vn 0.0036 0.9977 0.0681
vn 0.0516 0.8700 0.4904
vn 0.0072 0.9977 0.0677
vn 0.0143 -0.9976 0.0679
vn 0.1026 -0.8694 0.4833
vn 0.0772 -0.8693 0.4882
vn 0.0108 -0.9976 0.0685
vn 0.0772 0.8700 0.4870
vn 0.0108 0.9977 0.0672
vn 0.1026 0.8699 0.4824
vn 0.0143 0.9977 0.0666
vn 0.0212 -0.9976 0.0660
vn 0.1525 -0.8693 0.4701
vn 0.1278 -0.8693 0.4775
vn 0.0178 -0.9976 0.0670
vn 0.1278 0.8700 0.4762
vn 0.0178 0.9977 0.0657
vn 0.1525 0.8700 0.4689
vn 0.0212 0.9977 0.0647
vn 0.0280 -0.9976 0.0633
vn 0.2009 -0.8693 0.4516
vn 0.1769 -0.8694 0.4613
vn 0.0246 -0.9976 0.0648
vn 0.1769 0.8700 0.4603
vn 0.0246 0.9977 0.0635
vn 0.2008 0.8699 0.4504
vn 0.0280 0.9977 0.0621
vn 0.0344 -0.9976 0.0601
vn 0.2469 -0.8693 0.4282
vn 0.2241 -0.8694 0.4404
vn 0.0312 -0.9976 0.0618
vn 0.2241 0.8700 0.4392
vn 0.0312 0.9977 0.0606
vn 0.2468 0.8700 0.4269
vn 0.0344 0.9977 0.0589
vn 0.0404 -0.9976 0.0562
vn 0.2902 -0.8694 0.3999
vn 0.2688 -0.8695 0.4145
vn 0.0373 -0.9976 0.0582
vn 0.2689 0.8699 0.4135
vn 0.0374 0.9977 0.0570
vn 0.2902 0.8699 0.3988
vn 0.0404 0.9977 0.0549
vn 0.0460 -0.9976 0.0517
vn 0.3303 -0.8694 0.3674
vn 0.3106 -0.8695 0.3841
vn 0.0433 -0.9976 0.0540
vn 0.3106 0.8699 0.3831
vn 0.0433 0.9977 0.0528
vn 0.3303 0.8699 0.3663
vn 0.0460 0.9977 0.0505
vn 0.0510 -0.9976 0.0466
vn 0.3669 -0.8694 0.3310
vn 0.3491 -0.8694 0.3496
vn 0.0486 -0.9976 0.0492
vn 0.3490 0.8699 0.3486
vn 0.0486 0.9977 0.0480
vn 0.3669 0.8699 0.3297
vn 0.0511 0.9977 0.0454
vn 0.0555 -0.9976 0.0409
vn 0.3994 -0.8694 0.2908
vn 0.3836 -0.8694 0.3114
vn 0.0533 -0.9976 0.0439
vn 0.3836 0.8699 0.3101
vn 0.0533 0.9977 0.0426
vn 0.3993 0.8699 0.2896
vn 0.0555 0.9977 0.0397
vn 0.0595 -0.9976 0.0350
vn 0.4276 -0.8695 0.2474
vn 0.4140 -0.8695 0.2693
vn 0.0576 -0.9976 0.0380
vn 0.4139 0.8699 0.2682
vn 0.0576 0.9977 0.0367
vn 0.4275 0.8698 0.2463
vn 0.0595 0.9977 0.0338
vn 0.0627 -0.9976 0.0286
vn 0.4509 -0.8695 0.2015
vn 0.4396 -0.8697 0.2246
vn 0.0613 -0.9976 0.0318
vn 0.4398 0.8699 0.2235
vn 0.0613 0.9976 0.0306
vn 0.4510 0.8698 0.2002
vn 0.0627 0.9977 0.0273
vn 0.0654 -0.9976 0.0218
vn 0.4695 -0.8695 0.1531
vn 0.4608 -0.8696 0.1775
vn 0.0642 -0.9976 0.0252
vn 0.4608 0.8698 0.1764
vn 0.0641 0.9977 0.0239
vn 0.4695 0.8697 0.1521
vn 0.0653 0.9977 0.0206
vn 0.0673 -0.9976 0.0149
vn 0.4828 -0.8696 0.1031
vn 0.4769 -0.8695 0.1284
vn 0.0663 -0.9976 0.0184
vn 0.4768 0.8698 0.1272
vn 0.0664 0.9976 0.0172
vn 0.4829 0.8697 0.1021
vn 0.0672 0.9976 0.0137
vn 0.0683 -0.9976 0.0078
vn 0.4909 -0.8696 0.0521
vn 0.4876 -0.8696 0.0777
vn 0.0679 -0.9976 0.0114
vn 0.4875 0.8697 0.0766
vn 0.0679 0.9976 0.0102
vn 0.4908 0.8698 0.0510
vn 0.0683 0.9976 0.0066
vn 0.4929 -0.8697 0.0264
vn 0.0687 -0.9976 0.0042
vn 0.4929 0.8697 0.0253
vn 0.0686 0.9976 0.0030
vn 0.9374 0.3339 -0.0987
vn 0.9414 0.3337 -0.0495
vn 0.9427 0.3337 -0.0002
vn 0.9427 -0.3337 0.0002
vn 0.9414 -0.3338 -0.0491
vn 0.9375 -0.3339 -0.0983
vn 0.9220 0.3339 -0.1961
vn 0.9311 0.3337 -0.1477
vn 0.9311 -0.3338 -0.1473
vn 0.9221 -0.3338 -0.1958
vn 0.8965 0.3335 -0.2915
vn 0.9105 0.3338 -0.2442
vn 0.9105 -0.3339 -0.2438
vn 0.8966 -0.3338 -0.2911
vn 0.8611 0.3336 -0.3836
vn 0.8800 0.3337 -0.3380
vn 0.8801 -0.3340 -0.3376
vn 0.8612 -0.3339 -0.3832
vn 0.8164 0.3334 -0.4715
vn 0.8399 0.3335 -0.4282
vn 0.8400 -0.3338 -0.4278
vn 0.8164 -0.3340 -0.4711
vn 0.7626 0.3334 -0.5543
vn 0.7906 0.3334 -0.5136
vn 0.7906 -0.3339 -0.5132
vn 0.7628 -0.3337 -0.5539
vn 0.7005 0.3333 -0.6310
vn 0.7326 0.3333 -0.5934
vn 0.7326 -0.3340 -0.5931
vn 0.7005 -0.3340 -0.6306
vn 0.6308 0.3333 -0.7007
vn 0.6666 0.3333 -0.6668
vn 0.6666 -0.3340 -0.6664
vn 0.6308 -0.3341 -0.7003
vn 0.5541 0.3334 -0.7628
vn 0.5932 0.3333 -0.7328
vn 0.5933 -0.3340 -0.7324
vn 0.5541 -0.3341 -0.7624
vn 0.4713 0.3332 -0.8166
vn 0.5134 0.3332 -0.7908
vn 0.5134 -0.3343 -0.7904
vn 0.4713 -0.3341 -0.8162
vn 0.3834 0.3332 -0.8614
vn 0.4280 0.3332 -0.8401
vn 0.4280 -0.3343 -0.8397
vn 0.3834 -0.3343 -0.8610
vn 0.2913 0.3332 -0.8967
vn 0.3378 0.3332 -0.8803
vn 0.3378 -0.3342 -0.8799
vn 0.2913 -0.3342 -0.8964
vn 0.1960 0.3331 -0.9223
vn 0.2440 0.3332 -0.9107
vn 0.2440 -0.3342 -0.9104
vn 0.1960 -0.3343 -0.9219
vn 0.0985 0.3331 -0.9377
vn 0.1475 0.3333 -0.9312
vn 0.1475 -0.3343 -0.9308
vn 0.0985 -0.3343 -0.9373
vn -0.0000 0.3331 -0.9429
vn 0.0493 0.3331 -0.9416
vn 0.0493 -0.3343 -0.9412
vn -0.0000 -0.3342 -0.9425
vn -0.0985 0.3330 -0.9378
vn -0.0493 0.3331 -0.9416
vn -0.0493 -0.3343 -0.9412
vn -0.0985 -0.3343 -0.9373
vn -0.1960 0.3332 -0.9223
vn -0.1475 0.3333 -0.9312
vn -0.1475 -0.3343 -0.9308
vn -0.1960 -0.3342 -0.9219
vn -0.2913 0.3333 -0.8967
vn -0.2440 0.3333 -0.9107
vn -0.2440 -0.3344 -0.9103
vn -0.2913 -0.3342 -0.8964
vn -0.3834 0.3332 -0.8614
vn -0.3378 0.3334 -0.8802
vn -0.3378 -0.3343 -0.8798
vn -0.3834 -0.3343 -0.8610
vn -0.4713 0.3333 -0.8166
vn -0.4280 0.3332 -0.8401
vn -0.4280 -0.3339 -0.8398
vn -0.4713 -0.3341 -0.8162
vn -0.5541 0.3332 -0.7629
vn -0.5134 0.3332 -0.7908
vn -0.5134 -0.3341 -0.7904
vn -0.5541 -0.3343 -0.7624
vn -0.6308 0.3333 -0.7007
vn -0.5932 0.3334 -0.7328
vn -0.5932 -0.3343 -0.7324
vn -0.6309 -0.3340 -0.7004
vn -0.7005 0.3334 -0.6310
vn -0.6666 0.3333 -0.6668
vn -0.6666 -0.3341 -0.6664
vn -0.7005 -0.3340 -0.6306
vn -0.7626 0.3334 -0.5543
vn -0.7326 0.3334 -0.5935
vn -0.7326 -0.3340 -0.5931
vn -0.7628 -0.3337 -0.5539
vn -0.8164 0.3335 -0.4715
vn -0.7906 0.3335 -0.5136
vn -0.7906 -0.3342 -0.5132
vn -0.8163 -0.3342 -0.4711
vn -0.8612 0.3335 -0.3836
vn -0.8399 0.3336 -0.4282
vn -0.8399 -0.3341 -0.4278
vn -0.8612 -0.3340 -0.3832
vn -0.8965 0.3336 -0.2915
vn -0.8801 0.3335 -0.3380
vn -0.8801 -0.3339 -0.3376
vn -0.8966 -0.3338 -0.2911
vn -0.9221 0.3335 -0.1962
vn -0.9106 0.3335 -0.2442
vn -0.9106 -0.3338 -0.2438
vn -0.9221 -0.3337 -0.1958
vn -0.9374 0.3340 -0.0987
vn -0.9311 0.3336 -0.1477
vn -0.9311 -0.3337 -0.1473
vn -0.9375 -0.3339 -0.0983
vn -0.9427 0.3337 -0.0002
vn -0.9414 0.3337 -0.0495
vn -0.9414 -0.3337 -0.0491
vn -0.9427 -0.3335 0.0002
vn -0.9375 0.3338 0.0983
vn -0.9414 0.3337 0.0491
vn -0.9414 -0.3336 0.0495
vn -0.9375 -0.3337 0.0987
vn -0.9221 0.3337 0.1958
vn -0.9311 0.3338 0.1473
vn -0.9311 -0.3336 0.1477
vn -0.9221 -0.3335 0.1962
vn -0.8965 0.3340 0.2911
vn -0.9105 0.3339 0.2438
vn -0.9106 -0.3335 0.2442
vn -0.8966 -0.3335 0.2915
vn -0.8612 0.3339 0.3832
vn -0.8801 0.3339 0.3376
vn -0.8801 -0.3334 0.3380
vn -0.8612 -0.3336 0.3836
vn -0.8164 0.3340 0.4711
vn -0.8399 0.3341 0.4278
vn -0.8399 -0.3335 0.4282
vn -0.8164 -0.3334 0.4715
vn -0.7626 0.3341 0.5539
vn -0.7906 0.3341 0.5132
vn -0.7906 -0.3335 0.5136
vn -0.7626 -0.3333 0.5543
vn -0.7005 0.3341 0.6306
vn -0.7326 0.3342 0.5930
vn -0.7326 -0.3335 0.5934
vn -0.7005 -0.3332 0.6310
vn -0.6308 0.3342 0.7003
vn -0.6666 0.3342 0.6663
vn -0.6665 -0.3334 0.6668
vn -0.6308 -0.3334 0.7007
vn -0.5539 0.3346 0.7624
vn -0.5932 0.3342 0.7324
vn -0.5932 -0.3332 0.7328
vn -0.5541 -0.3332 0.7629
vn -0.4713 0.3342 0.8162
vn -0.5134 0.3342 0.7904
vn -0.5134 -0.3332 0.7908
vn -0.4713 -0.3333 0.8166
vn -0.3834 0.3342 0.8610
vn -0.4280 0.3343 0.8397
vn -0.4280 -0.3332 0.8401
vn -0.3834 -0.3332 0.8614
vn -0.2913 0.3344 0.8963
vn -0.3378 0.3343 0.8798
vn -0.3378 -0.3332 0.8803
vn -0.2913 -0.3331 0.8968
vn -0.1960 0.3342 0.9219
vn -0.2440 0.3344 0.9103
vn -0.2440 -0.3332 0.9107
vn -0.1960 -0.3331 0.9223
vn -0.0985 0.3342 0.9373
vn -0.1475 0.3342 0.9309
vn -0.1475 -0.3331 0.9313
vn -0.0985 -0.3332 0.9377
vn 0.0000 0.3344 0.9424
vn -0.0493 0.3344 0.9411
vn -0.0493 -0.3331 0.9416
vn 0.0000 -0.3330 0.9429
vn 0.0985 0.3343 0.9373
vn 0.0493 0.3344 0.9411
vn 0.0493 -0.3332 0.9416
vn 0.0985 -0.3331 0.9377
vn 0.1960 0.3343 0.9219
vn 0.1475 0.3345 0.9308
vn 0.1475 -0.3331 0.9313
vn 0.1960 -0.3332 0.9223
vn 0.2913 0.3344 0.8963
vn 0.2440 0.3345 0.9103
vn 0.2440 -0.3331 0.9108
vn 0.2913 -0.3331 0.8968
vn 0.3834 0.3342 0.8610
vn 0.3378 0.3345 0.8798
vn 0.3378 -0.3332 0.8803
vn 0.3834 -0.3331 0.8614
vn 0.4713 0.3342 0.8162
vn 0.4280 0.3342 0.8397
vn 0.4280 -0.3330 0.8402
vn 0.4713 -0.3332 0.8166
vn 0.5541 0.3342 0.7624
vn 0.5134 0.3342 0.7904
vn 0.5133 -0.3330 0.7909
vn 0.5541 -0.3333 0.7628
vn 0.6308 0.3343 0.7003
vn 0.5932 0.3342 0.7324
vn 0.5932 -0.3333 0.7328
vn 0.6308 -0.3333 0.7007
vn 0.7005 0.3341 0.6306
vn 0.6665 0.3344 0.6663
vn 0.6666 -0.3333 0.6668
vn 0.7005 -0.3332 0.6310
vn 0.7626 0.3345 0.5537
vn 0.7326 0.3341 0.5930
vn 0.7326 -0.3333 0.5934
vn 0.7626 -0.3334 0.5543
vn 0.8164 0.3341 0.4711
vn 0.7906 0.3340 0.5132
vn 0.7906 -0.3335 0.5136
vn 0.8164 -0.3334 0.4715
vn 0.8612 0.3339 0.3832
vn 0.8399 0.3340 0.4278
vn 0.8399 -0.3333 0.4282
vn 0.8612 -0.3335 0.3836
vn 0.8965 0.3340 0.2911
vn 0.8799 0.3344 0.3376
vn 0.8801 -0.3335 0.3380
vn 0.8965 -0.3336 0.2915
vn 0.9221 0.3338 0.1958
vn 0.9105 0.3341 0.2438
vn 0.9105 -0.3336 0.2442
vn 0.9221 -0.3336 0.1962
vn 0.9375 0.3337 0.0983
vn 0.9311 0.3338 0.1473
vn 0.9311 -0.3336 0.1477
vn 0.9375 -0.3337 0.0987
vn 0.9413 0.3339 0.0491
vn 0.9413 -0.3338 0.0495
vn 0.0000 -0.3786 0.9256
vn 0.0000 -0.3783 0.9257
vn 0.0000 -0.6820 0.7314
vn -0.0000 -0.3782 0.9257
vn 0.0000 -0.6241 0.7813
vn 0.9207 -0.3902 0.0002
vn 0.7181 -0.6960 0.0004
vn 0.7178 -0.6962 0.0004
vn 0.7697 -0.6384 0.0004
vn 0.7695 -0.6386 0.0004
vn 0.0000 -0.3794 -0.9252
vn 0.0000 -0.3797 -0.9251
vn 0.0000 -0.6829 -0.7305
vn 0.0000 -0.6252 -0.7805
vn -0.0000 -0.6251 -0.7805
vn -0.9208 -0.3901 0.0002
vn -0.9207 -0.3902 0.0002
vn -0.7181 -0.6960 0.0004
vn -0.7696 -0.6385 0.0004
vn -0.7695 -0.6386 0.0004
vn -0.7697 -0.6384 0.0004
vn -0.0000 0.3794 0.9252
vn 0.0000 0.7386 0.6741
vn -0.0000 0.7387 0.6740
vn -0.0000 0.3793 0.9253
vn 0.0000 0.7387 0.6741
vn 0.0000 0.9692 0.2463
vn 0.0000 0.9692 0.2465
vn 0.9202 0.3914 -0.0002
vn 0.6623 0.7492 -0.0005
vn 0.6627 0.7489 -0.0005
vn 0.2381 0.9712 -0.0006
vn 0.0000 0.3780 -0.9258
vn 0.0000 0.7381 -0.6747
vn 0.0000 0.7379 -0.6750
vn 0.0000 0.3783 -0.9257
vn -0.0000 0.9690 -0.2472
vn 0.0000 0.9690 -0.2471
vn -0.9202 0.3914 -0.0002
vn -0.6626 0.7489 -0.0005
vn -0.9204 0.3911 -0.0002
vn -0.2382 0.9712 -0.0006
vn -0.2386 0.9711 -0.0006
vn 0.0000 0.9996 -0.0269
vn 0.0000 0.8859 -0.4638
vn 0.0000 0.8860 -0.4638
vn -0.0259 0.9997 -0.0006
vn -0.0260 0.9997 -0.0006
vn -0.4523 0.8919 -0.0006
vn -0.4524 0.8918 -0.0006
vn -0.4527 0.8916 -0.0006
vn -0.0000 0.9997 0.0261
vn 0.0000 0.9997 0.0258
vn 0.0000 0.8867 0.4624
vn 0.0000 0.8865 0.4627
vn 0.0261 0.9997 -0.0006
vn 0.0259 0.9997 -0.0006
vn 0.0260 0.9997 -0.0006
vn 0.4527 0.8916 -0.0006
vn 0.4524 0.8918 -0.0006
vn 0.0000 -0.5093 -0.8606
vn 0.0000 -0.9482 -0.3178
vn -0.0000 -0.5096 -0.8604
vn 0.0000 -0.5098 -0.8603
vn -0.0000 -0.5083 0.8612
vn 0.0000 -0.9478 0.3189
vn 0.0000 -0.5084 0.8611
vn 0.6987 -0.0004 -0.7154
vn 0.9862 -0.0001 -0.1657
vn 0.9861 -0.0001 -0.1661
vn 0.6988 -0.0004 -0.7154
vn 0.6987 0.0004 0.7154
vn 0.9862 0.0001 0.1657
vn 0.9861 0.0001 0.1661
vn -0.6987 0.0004 0.7154
vn -0.9862 0.0001 0.1657
vn -0.9861 0.0001 0.1661
vn -0.6987 -0.0004 -0.7154
vn -0.9862 -0.0001 -0.1657
vn -0.9861 -0.0001 -0.1661
vn -0.6988 -0.0004 -0.7154
vn 0.8913 -0.4324 -0.1361
vn 0.6612 -0.7428 -0.1054
vn 0.5934 -0.5231 -0.6118
vn 0.4065 -0.8117 -0.4193
vn 0.7313 -0.6719 -0.1176
vn 0.4883 -0.7132 -0.5029
vn 0.7313 -0.6717 0.1187
vn 0.6611 -0.7427 0.1063
vn 0.4884 -0.7125 0.5038
vn 0.4065 -0.8111 0.4205
vn 0.5934 -0.5223 0.6124
vn 0.8912 -0.4326 0.1365
vn -0.8913 -0.4323 0.1365
vn -0.6612 -0.7427 0.1064
vn -0.5934 -0.5223 0.6124
vn -0.4065 -0.8112 0.4204
vn -0.7315 -0.6716 0.1182
vn -0.4886 -0.7125 0.5036
vn -0.7314 -0.6718 -0.1171
vn -0.6611 -0.7428 -0.1054
vn -0.4884 -0.7131 -0.5030
vn -0.4066 -0.8117 -0.4193
vn -0.5934 -0.5231 -0.6118
vn -0.8913 -0.4325 -0.1358
vn 0.9861 -0.0001 -0.1663
vn 0.6988 -0.0004 -0.7153
vn 0.9861 0.0001 0.1663
vn 0.6986 0.0004 0.7155
vn 0.9861 0.0001 0.1662
vn -0.9861 0.0001 0.1660
vn -0.9861 -0.0001 -0.1660
vn 0.8902 0.4291 -0.1531
vn 0.6363 0.7653 -0.0974
vn 0.6137 0.4774 -0.6289
vn 0.4289 0.7868 -0.4439
vn 0.1493 0.9762 -0.1576
vn 0.2338 0.9719 -0.0275
vn 0.2337 0.9719 0.0262
vn 0.6361 0.7656 0.0964
vn 0.1494 0.9764 0.1561
vn 0.4288 0.7873 0.4430
vn 0.8901 0.4294 0.1527
vn 0.6134 0.4777 0.6289
vn -0.8901 0.4295 0.1522
vn -0.6360 0.7656 0.0966
vn -0.6135 0.4778 0.6288
vn -0.4289 0.7873 0.4429
vn -0.1495 0.9764 0.1561
vn -0.2338 0.9719 0.0263
vn -0.2337 0.9719 -0.0276
vn -0.6361 0.7654 -0.0974
vn -0.1494 0.9761 -0.1575
vn -0.4289 0.7868 -0.4439
vn -0.8902 0.4292 -0.1530
vn -0.6136 0.4770 -0.6293
vn -0.0100 0.9999 0.0058
vn 0.0006 1.0000 -0.0022
vn -0.2037 0.9568 0.2074
vn -0.3788 0.9226 0.0722
vn -0.3788 0.9226 -0.0734
vn -0.0100 0.9999 -0.0070
vn -0.2037 0.9566 -0.2086
vn 0.0005 1.0000 0.0009
vn 0.0097 0.9999 -0.0071
vn -0.0004 1.0000 0.0008
vn 0.2036 0.9565 -0.2089
vn 0.3788 0.9226 -0.0733
vn 0.3789 0.9226 0.0721
vn 0.0097 0.9999 0.0058
vn 0.2037 0.9568 0.2075
vn -0.0002 1.0000 -0.0019
vn -0.9861 -0.0001 -0.1663
vn -0.9861 -0.0001 -0.1662
vn 0.9861 -0.0001 -0.1662
vn 0.0000 0.4303 -0.9027
vn 0.0000 0.9230 -0.3848
vn 0.0000 0.9230 -0.3849
vn 0.0000 0.4304 -0.9026
vn -0.0000 0.4316 0.9020
vn -0.0000 0.9234 0.3838
vn 0.3096 -0.9509 0.0006
vn 0.8544 -0.5196 0.0003
vn 0.8545 -0.5194 0.0003
vn 0.3097 -0.9509 0.0006
vn -0.3096 -0.9509 0.0006
vn -0.8544 -0.5196 0.0003
vn -0.8543 -0.5198 0.0003
vn 0.1544 0.0006 0.9880
vn 0.1543 0.0006 0.9880
vn -0.1544 0.0006 0.9880
vn -0.1545 0.0006 0.9880
vn -0.1544 -0.0006 -0.9880
vn -0.1545 -0.0006 -0.9880
vn 0.1545 -0.0006 -0.9880
vn 0.1267 -0.4188 0.8992
vn 0.1002 -0.7290 0.6772
vn 0.1117 -0.6600 0.7429
vn -0.1118 -0.6600 0.7429
vn -0.1004 -0.7292 0.6769
vn -0.1267 -0.4188 0.8992
vn -0.1267 -0.4199 -0.8987
vn -0.1008 -0.7301 -0.6758
vn -0.1116 -0.6609 -0.7421
vn 0.1116 -0.6610 -0.7421
vn 0.1009 -0.7302 -0.6757
vn 0.1268 -0.4199 -0.8987
vn -0.1543 0.0006 0.9880
vn 0.1544 -0.0006 -0.9880
vn 0.1434 0.4185 0.8968
vn 0.0913 0.7575 0.6464
vn 0.0250 0.9702 0.2408
vn -0.0250 0.9703 0.2408
vn -0.0913 0.7576 0.6463
vn -0.1434 0.4186 0.8968
vn -0.1431 0.4171 -0.8975
vn -0.0912 0.7569 -0.6472
vn -0.0248 0.9698 -0.2425
vn 0.0250 0.9699 -0.2422
vn 0.0911 0.7570 -0.6471
vn 0.1433 0.4173 -0.8974
vn -0.0067 0.9999 -0.0115
vn -0.0706 0.9174 -0.3917
vn 0.0706 0.9174 -0.3916
vn 0.0067 0.9999 -0.0113
vn 0.0067 0.9999 0.0100
vn 0.0704 0.9179 0.3906
vn -0.0707 0.9179 0.3904
vn -0.0067 0.9999 0.0100
vn 0.1545 0.0006 0.9880
vn -0.3754 0.9269 -0.0006
vn -0.8970 0.4420 -0.0003
vn -0.3753 0.9269 -0.0006
vn 0.3753 0.9269 -0.0006
vn 0.3754 0.9269 -0.0006
vn 0.8971 0.4418 -0.0003
vn 0.8972 0.4417 -0.0003
vn 0.2490 -0.5102 -0.8232
vn 0.2839 -0.9132 -0.2923
vn 0.6907 -0.2796 -0.6669
vn 0.8172 -0.5112 -0.2662
vn -0.2958 -0.9055 -0.3042
vn -0.7971 -0.5281 -0.2927
vn -0.2861 -0.5144 -0.8084
vn -0.6355 -0.3150 -0.7049
vn -0.2490 -0.5092 0.8239
vn -0.2839 -0.9128 0.2935
vn -0.6906 -0.2788 0.6673
vn -0.8172 -0.5108 0.2668
vn 0.2958 -0.9051 0.3053
vn 0.7971 -0.5277 0.2934
vn 0.2861 -0.5134 0.8091
vn 0.6355 -0.3141 0.7053
vn -0.2731 0.4359 -0.8575
vn -0.3349 0.8770 -0.3445
vn -0.7027 0.2044 -0.6815
vn -0.8501 0.4397 -0.2897
vn 0.3447 0.8693 -0.3542
vn 0.8286 0.4554 -0.3255
vn 0.3153 0.4426 -0.8395
vn 0.6534 0.2318 -0.7206
vn 0.2731 0.4370 0.8570
vn 0.3349 0.8774 0.3435
vn 0.7027 0.2052 0.6813
vn 0.8501 0.4401 0.2891
vn -0.3446 0.8698 0.3531
vn -0.8286 0.4558 0.3249
vn -0.3153 0.4436 0.8389
vn -0.6534 0.2327 0.7203
vn 0.0000 -0.0728 0.9973
vn 0.0000 -0.0729 0.9973
vn -0.0000 -0.0720 0.9974
vn 0.9971 -0.0765 0.0000
vn 0.9971 -0.0757 0.0000
vn 0.0000 -0.0745 -0.9972
vn 0.0000 -0.0734 -0.9973
vn -0.0000 -0.0735 -0.9973
vn -0.9971 -0.0765 0.0000
vn -0.9971 -0.0757 0.0000
vn 0.6938 -0.1071 -0.7121
vn 0.9834 -0.0867 -0.1595
vn 0.9815 -0.0837 -0.1721
vn 0.7015 -0.0952 -0.7063
vn 0.6907 -0.0937 0.7170
vn 0.9836 -0.0739 0.1645
vn 0.9834 -0.0866 0.1595
vn 0.6940 -0.1062 0.7121
vn -0.6939 -0.1062 0.7122
vn -0.9833 -0.0867 0.1598
vn -0.9815 -0.0835 0.1722
vn -0.7015 -0.0944 0.7064
vn -0.6906 -0.0946 -0.7170
vn -0.9836 -0.0741 -0.1643
vn -0.9834 -0.0869 -0.1594
vn -0.6939 -0.1073 -0.7121
vn 0.1482 -0.0829 0.9855
vn 0.1605 -0.0800 0.9838
vn -0.1530 -0.0708 0.9857
vn -0.1482 -0.0829 0.9855
vn -0.1478 -0.0843 -0.9854
vn -0.1605 -0.0812 -0.9837
vn 0.1530 -0.0720 -0.9856
vn 0.1476 -0.0842 -0.9855
vn 0.0000 0.1291 0.9916
vn -0.0000 -0.2357 0.9718
vn 0.0000 -0.2356 0.9718
vn 0.9911 0.1335 -0.0001
vn 0.9697 -0.2445 0.0002
vn 0.9697 -0.2441 0.0002
vn -0.0000 0.1278 -0.9918
vn 0.0000 -0.2367 -0.9716
vn -0.0000 -0.2368 -0.9716
vn -0.9911 0.1335 -0.0001
vn -0.9697 -0.2445 0.0002
vn -0.9697 -0.2441 0.0002
vn 0.0000 0.0543 -0.9985
vn 0.0000 0.0540 -0.9985
vn -0.0000 0.3569 -0.9341
vn -0.0000 0.3569 -0.9342
vn 0.0000 0.3568 -0.9342
vn -0.9984 0.0570 -0.0000
vn -0.9984 0.0572 -0.0000
vn -0.9304 0.3665 -0.0002
vn -0.9304 0.3666 -0.0002
vn -0.0000 0.0556 0.9985
vn 0.0000 0.3580 0.9337
vn 0.9984 0.0569 -0.0000
vn 0.9304 0.3665 -0.0002
vn 0.9303 0.3667 -0.0002
vn 0.6895 0.1691 -0.7043
vn 0.9735 0.1494 -0.1731
vn 0.9479 -0.2673 -0.1731
vn 0.6703 -0.2880 -0.6839
vn 0.6704 -0.2871 0.6842
vn 0.9479 -0.2671 0.1734
vn 0.9735 0.1495 0.1731
vn 0.6897 0.1699 0.7039
vn -0.6895 0.1700 0.7040
vn -0.9735 0.1497 0.1728
vn -0.9479 -0.2671 0.1733
vn -0.6704 -0.2871 0.6842
vn -0.6704 -0.2879 -0.6839
vn -0.9479 -0.2673 -0.1730
vn -0.9735 0.1495 -0.1730
vn -0.6895 0.1690 -0.7043
vn -0.6930 0.0716 0.7173
vn -0.9847 0.0561 0.1648
vn -0.9054 0.4037 0.1318
vn -0.6043 0.4950 0.6244
vn -0.6043 0.4942 -0.6250
vn -0.9054 0.4033 -0.1324
vn -0.9832 0.0639 -0.1710
vn -0.7016 0.0713 -0.7090
vn 0.6930 0.0707 -0.7175
vn 0.9847 0.0559 -0.1649
vn 0.9054 0.4035 -0.1323
vn 0.6042 0.4942 -0.6250
vn 0.6043 0.4950 0.6244
vn 0.9054 0.4036 0.1319
vn 0.9832 0.0641 0.1710
vn 0.7016 0.0721 0.7089
vn 0.1617 0.1453 0.9761
vn 0.1626 -0.2601 0.9518
vn -0.1626 -0.2601 0.9518
vn -0.1617 0.1455 0.9761
vn -0.1617 0.1442 -0.9763
vn -0.1627 -0.2613 -0.9514
vn 0.1626 -0.2614 -0.9514
vn 0.1617 0.1443 -0.9762
vn -0.1534 0.0533 -0.9867
vn -0.1218 0.3917 -0.9120
vn 0.1219 0.3917 -0.9120
vn 0.1594 0.0611 -0.9853
vn 0.1534 0.0546 0.9867
vn 0.1218 0.3929 0.9115
vn -0.1218 0.3929 0.9115
vn -0.1594 0.0623 0.9852
vn -0.7008 -0.7134 0.0007
vn -0.7009 -0.7133 0.0007
vn -0.7009 -0.7133 0.0004
vn -0.7007 -0.7134 0.0004
vn -0.7008 -0.7134 0.0003
vn -0.7008 -0.7134 0.0004
vn -0.7009 -0.7132 0.0004
vn -0.7007 -0.7134 0.0005
vn -0.7009 -0.7133 0.0005
vn -0.7008 -0.7133 0.0005
vn -0.7008 -0.7134 0.0005
vn -0.7010 -0.7132 0.0004
vn 0.7071 -0.7071 0.0005
vn 0.7072 -0.7070 0.0009
vn 0.7072 -0.7070 0.0005
vn 0.7072 -0.7070 0.0003
vn 0.7072 -0.7071 0.0002
vn 0.7072 -0.7070 0.0004
vn 0.7072 -0.7071 0.0004
vn 0.7072 -0.7071 0.0006
vn 0.7072 -0.7070 0.0006
vn 0.7071 -0.7071 0.0004
vn 0.7072 -0.7070 0.0000
vn 0.7074 -0.7068 0.0007
vn 0.7074 -0.7068 0.0005
vn 0.7074 -0.7068 0.0004
usemtl _20960_Front_Gable_House_v101___Default
s off
f 143/1/1 142/2/1 188/3/1 189/4/1
f 190/5/2 181/6/2 180/7/2 191/8/2
f 188/3/3 142/2/3 181/6/3 190/5/3
f 180/7/4 143/1/4 189/4/4 191/8/4
f 192/9/5 155/10/5 156/11/5 193/12/5
f 147/13/6 146/14/6 194/15/6 195/16/6
f 166/17/7 155/10/7 192/9/7 196/18/7
f 193/12/8 156/11/8 167/19/8 197/20/8
f 194/15/7 146/14/7 166/17/7 196/18/7
f 167/19/8 147/13/8 195/16/8 197/20/8
f 198/21/9 199/22/9 160/23/9 159/24/9
f 200/25/10 162/26/10 161/27/10 201/28/10
f 201/29/11 161/30/11 163/31/11 202/32/11
f 203/33/10 165/34/10 164/35/10 204/36/10
f 198/37/10 159/38/10 165/34/10 203/33/10
f 204/36/10 164/35/10 162/26/10 200/25/10
f 205/39/9 183/40/9 160/23/9 199/22/9
f 206/41/12 185/42/12 184/43/12 207/44/12
f 206/45/11 202/32/11 163/31/11 185/46/11
f 208/47/12 187/48/12 186/49/12 209/50/12
f 209/50/12 186/49/12 183/51/12 205/52/12
f 207/44/12 184/43/12 187/48/12 208/47/12
f 231/53/11 232/54/11 233/55/11 234/56/11
f 235/57/9 236/58/9 237/59/9 238/60/9
f 239/61/13 240/62/13 241/63/13 242/64/13
f 243/65/14 244/66/14 245/67/14 246/68/14
f 247/69/11 248/70/11 249/71/11 250/72/11
f 251/73/9 252/74/9 253/75/9 254/76/9
f 255/77/15 256/78/15 240/62/15 239/61/15
f 257/79/16 258/80/16 244/66/16 243/65/16
f 259/81/17 260/82/17 261/83/17
f 244/66/18 261/84/18 260/85/18 245/67/18
f 258/80/19 259/86/19 261/84/19 244/66/19
f 240/62/14 243/65/14 246/68/14 241/63/14
f 256/78/15 257/79/15 243/65/15 240/62/15
f 234/56/11 270/87/11 231/53/11
f 271/88/11 272/89/11 247/69/11 273/90/11
f 237/59/9 274/91/9 238/60/9
f 253/75/9 275/92/9 276/93/9 277/94/9
f 278/95/20 279/96/20 280/97/20 281/98/20
f 282/99/21 283/100/21 284/101/21 285/102/21
f 249/71/11 248/70/11 286/103/11 287/104/11
f 288/105/9 289/106/9 253/75/9 277/94/9
f 290/107/9 252/74/9 251/73/9 291/108/9
f 292/109/22 293/110/22 283/100/22 282/99/22
f 285/102/23 284/101/23 279/96/23 278/95/23
f 273/111/24 259/112/24 266/113/24 271/114/24
f 272/115/25 233/116/25 232/117/25 247/118/25
f 247/119/16 232/120/16 231/121/16 248/122/16
f 248/122/16 231/121/16 270/123/16 286/124/16
f 287/125/26 293/110/26 292/109/26 249/126/26
f 292/109/27 294/127/27 250/128/27 249/126/27
f 276/129/24 267/130/24 255/131/24 277/132/24
f 255/131/28 242/133/28 288/134/28 277/132/28
f 251/135/26 281/98/26 280/97/26 291/136/26
f 290/137/15 274/138/15 237/139/15 252/140/15
f 252/140/16 237/139/16 236/141/16 253/142/16
f 253/143/25 236/144/25 235/145/25 275/146/25
f 307/147/11 234/56/11 233/55/11 308/148/11
f 235/57/9 238/60/9 309/149/9 310/150/9
f 311/151/29 312/152/29 313/153/29 314/154/29
f 315/155/30 316/156/30 317/157/30 318/158/30
f 319/159/11 320/160/11 321/161/11 322/162/11
f 323/163/9 324/164/9 325/165/9
f 314/154/31 326/166/31 327/167/31 311/151/31
f 318/158/31 328/168/31 329/169/31 315/155/31
f 330/170/17 331/171/17 332/172/17
f 318/158/32 317/157/32 332/173/32 331/174/32
f 331/174/31 330/175/31 328/168/31 318/158/31
f 314/154/30 313/153/30 316/156/30 315/155/30
f 315/155/31 329/169/31 326/166/31 314/154/31
f 234/56/11 307/147/11 270/87/11
f 271/88/11 336/176/11 321/161/11 272/89/11
f 309/149/9 238/60/9 274/91/9
f 325/165/9 337/177/9 276/93/9 275/92/9
f 280/97/33 279/96/33 338/178/33 339/179/33
f 284/101/34 283/100/34 340/180/34 341/181/34
f 319/159/11 287/104/11 286/103/11 320/160/11
f 342/182/9 337/177/9 325/165/9 324/164/9
f 343/183/9 344/184/9 290/107/9 291/108/9
f 283/100/35 293/110/35 345/185/35 340/180/35
f 279/96/36 284/101/36 341/181/36 338/178/36
f 266/186/24 330/187/24 336/188/24 271/189/24
f 308/190/25 233/191/25 272/192/25 321/193/25
f 307/194/37 308/195/37 321/196/37 320/197/37
f 270/123/38 307/194/38 320/197/38 286/124/38
f 345/185/39 293/110/39 287/125/39 319/198/39
f 345/185/40 319/198/40 322/199/40 346/200/40
f 327/201/24 267/130/24 276/129/24 337/202/24
f 327/201/41 337/202/41 342/203/41 312/204/41
f 280/97/39 339/179/39 343/205/39 291/136/39
f 309/206/38 274/138/38 290/137/38 344/207/38
f 310/208/37 309/206/37 344/207/37 325/209/37
f 235/145/25 310/210/25 325/211/25 275/146/25
f 347/212/11 218/213/11 217/214/11 348/215/11
f 349/216/11 350/217/11 334/218/11 333/219/11
f 347/212/11 349/216/11 333/219/11 218/213/11
f 348/215/11 217/214/11 334/218/11 350/217/11
f 351/220/42 347/221/42 348/222/42 352/223/42
f 353/224/43 350/225/43 349/226/43 354/227/43
f 354/228/24 349/229/24 347/230/24 351/231/24
f 352/232/25 348/233/25 350/234/25 353/235/25
f 355/236/42 351/220/42 352/223/42 356/237/42
f 357/238/43 353/224/43 354/227/43 358/239/43
f 358/240/24 354/228/24 351/231/24 355/241/24
f 356/242/25 352/232/25 353/235/25 357/243/25
f 188/244/44 355/236/44 356/237/44 189/245/44
f 191/246/45 357/238/45 358/239/45 190/247/45
f 190/248/46 358/240/46 355/241/46 188/249/46
f 189/250/47 356/242/47 357/243/47 191/251/47
f 359/252/43 360/253/43 263/254/43 262/255/43
f 361/256/43 222/257/43 221/258/43 362/259/43
f 359/252/43 262/255/43 268/260/43 363/261/43
f 360/253/43 364/262/43 269/263/43 263/254/43
f 361/256/43 363/261/43 268/260/43 222/257/43
f 362/259/43 221/258/43 269/263/43 364/262/43
f 365/264/9 360/265/9 359/266/9 366/267/9
f 367/268/11 361/269/11 362/270/11 368/271/11
f 366/272/24 359/273/24 363/274/24 369/275/24
f 370/276/25 364/277/25 360/278/25 365/279/25
f 369/275/24 363/274/24 361/280/24 367/281/24
f 368/282/25 362/283/25 364/277/25 370/276/25
f 371/284/9 365/264/9 366/267/9 372/285/9
f 373/286/11 367/268/11 368/271/11 374/287/11
f 372/288/24 366/272/24 369/275/24 375/289/24
f 376/290/25 370/276/25 365/279/25 371/291/25
f 375/289/24 369/275/24 367/281/24 373/292/24
f 374/293/25 368/282/25 370/276/25 376/290/25
f 193/294/48 371/284/48 372/285/48 192/295/48
f 194/296/49 373/286/49 374/287/49 195/297/49
f 192/298/50 372/288/50 375/289/50 196/299/50
f 197/300/51 376/290/51 371/291/51 193/301/51
f 196/299/52 375/289/52 373/292/52 194/302/52
f 197/300/53 195/303/53 374/293/53 376/290/53
f 3617/304/54 278/95/54 281/98/54 3618/305/54
f 3619/306/55 282/99/55 285/102/55 3620/307/55
f 255/308/56 239/309/56 242/310/56
f 294/127/57 292/109/57 282/99/57 3619/306/57
f 3620/307/58 285/102/58 278/95/58 3617/304/58
f 247/69/11 3621/311/11 3622/312/11 273/90/11
f 260/313/59 259/112/59 273/111/59 3622/314/59
f 3618/305/27 281/98/27 251/135/27 254/315/27
f 3623/316/60 339/179/60 338/178/60 3624/317/60
f 3625/318/61 341/181/61 340/180/61 3626/319/61
f 311/320/56 327/321/56 312/322/56
f 3626/319/62 340/180/62 345/185/62 346/200/62
f 3624/317/63 338/178/63 341/181/63 3625/318/63
f 3627/323/11 3628/324/11 321/161/11 336/176/11
f 3627/325/64 336/188/64 330/187/64 332/326/64
f 323/327/40 343/205/40 339/179/40 3623/316/40
f 250/72/11 3621/311/11 247/69/11
f 321/161/11 3628/324/11 322/162/11
f 325/165/9 344/184/9 343/183/9 323/163/9
f 253/75/9 289/106/9 254/76/9
s 1
f 1/328/24 2/329/24 3/330/24 4/331/24
f 5/332/25 6/333/25 7/334/25 8/335/25
f 6/333/11 2/329/11 1/336/11 7/334/11
f 7/334/42 1/336/42 4/337/42 8/338/42
f 8/339/9 4/340/9 3/330/9 5/341/9
f 5/341/43 3/330/43 2/329/43 6/333/43
f 9/342/24 10/343/24 11/344/24 12/345/24
f 13/346/25 14/347/25 15/348/25 16/349/25
f 14/347/11 10/343/11 9/350/11 15/348/11
f 15/348/42 9/350/42 12/351/42 16/352/42
f 16/353/9 12/354/9 11/344/9 13/355/9
f 13/355/43 11/344/43 10/343/43 14/347/43
f 17/356/24 18/357/24 19/358/24 20/359/24
f 21/360/25 22/361/25 23/362/25 24/363/25
f 22/361/11 18/357/11 17/364/11 23/362/11
f 23/362/42 17/364/42 20/365/42 24/366/42
f 24/367/9 20/368/9 19/358/9 21/369/9
f 21/369/43 19/358/43 18/357/43 22/361/43
f 25/370/11 26/371/11 27/372/11 28/373/11
f 29/374/9 30/375/9 31/376/9 32/377/9
f 30/375/42 26/371/42 25/370/42 31/376/42
f 31/376/24 25/370/24 28/378/24 32/379/24
f 32/379/43 28/378/43 27/380/43 29/381/43
f 29/382/25 27/383/25 26/371/25 30/375/25
f 33/384/11 34/385/11 35/386/11 36/387/11
f 37/388/9 38/389/9 39/390/9 40/391/9
f 38/389/42 34/385/42 33/384/42 39/390/42
f 39/390/24 33/384/24 36/392/24 40/393/24
f 40/393/43 36/392/43 35/394/43 37/395/43
f 37/396/25 35/397/25 34/385/25 38/389/25
f 41/398/24 42/399/24 43/400/24 44/401/24
f 45/402/25 46/403/25 47/404/25 48/405/25
f 46/406/42 42/407/42 41/408/42 47/404/42
f 47/404/9 41/408/9 44/401/9 48/405/9
f 48/405/43 44/401/43 43/400/43 45/409/43
f 45/409/11 43/400/11 42/410/11 46/411/11
f 49/412/24 50/413/24 51/414/24 52/415/24
f 53/416/25 54/417/25 55/418/25 56/419/25
f 54/420/42 50/421/42 49/412/42 55/418/42
f 55/418/9 49/412/9 52/415/9 56/419/9
f 56/419/43 52/415/43 51/422/43 53/423/43
f 53/423/11 51/422/11 50/424/11 54/425/11
f 57/426/11 58/427/11 59/428/11 60/429/11
f 61/430/9 62/431/9 63/432/9 64/433/9
f 62/431/42 58/427/42 57/426/42 63/432/42
f 63/432/24 57/426/24 60/434/24 64/435/24
f 64/435/43 60/434/43 59/436/43 61/437/43
f 61/438/25 59/439/25 58/427/25 62/431/25
f 65/440/43 66/441/43 67/442/43 68/443/43
f 69/444/42 70/445/42 71/446/42 72/447/42
f 70/448/24 66/441/24 65/440/24 71/449/24
f 71/446/9 65/450/9 68/451/9 72/447/9
f 72/447/25 68/452/25 67/453/25 69/444/25
f 69/444/11 67/442/11 66/441/11 70/445/11
f 73/454/43 74/455/43 75/456/43 76/457/43
f 77/458/42 78/459/42 79/460/42 80/461/42
f 78/459/24 74/462/24 73/463/24 79/460/24
f 79/460/9 73/464/9 76/465/9 80/461/9
f 80/461/25 76/466/25 75/467/25 77/458/25
f 77/458/11 75/456/11 74/455/11 78/459/11
f 81/468/43 82/469/43 83/470/43 84/471/43
f 85/472/42 86/473/42 87/474/42 88/475/42
f 86/473/11 82/469/11 81/468/11 87/474/11
f 87/474/24 81/468/24 84/476/24 88/477/24
f 88/477/9 84/476/9 83/478/9 85/479/9
f 85/480/25 83/481/25 82/469/25 86/473/25
f 89/482/43 90/483/43 91/484/43 92/485/43
f 93/486/42 94/487/42 95/488/42 96/489/42
f 94/487/11 90/483/11 89/482/11 95/488/11
f 95/488/24 89/482/24 92/490/24 96/491/24
f 96/491/9 92/490/9 91/492/9 93/493/9
f 93/494/25 91/495/25 90/483/25 94/487/25
f 97/496/24 98/497/24 99/498/24 100/499/24
f 101/500/25 102/501/25 103/502/25 104/503/25
f 102/504/11 98/505/11 97/506/11 103/502/11
f 103/502/42 97/506/42 100/499/42 104/503/42
f 104/503/9 100/499/9 99/498/9 101/507/9
f 101/507/43 99/498/43 98/508/43 102/509/43
f 105/510/24 106/511/24 107/512/24 108/513/24
f 109/514/25 110/515/25 111/516/25 112/517/25
f 110/518/11 106/519/11 105/510/11 111/516/11
f 111/516/42 105/510/42 108/513/42 112/517/42
f 112/517/9 108/513/9 107/520/9 109/521/9
f 109/521/43 107/520/43 106/522/43 110/523/43
f 113/524/43 114/525/43 115/526/43 116/527/43
f 117/528/42 118/529/42 119/530/42 120/531/42
f 118/529/11 114/525/11 113/524/11 119/530/11
f 119/530/24 113/524/24 116/532/24 120/533/24
f 120/533/9 116/532/9 115/534/9 117/535/9
f 117/536/25 115/537/25 114/525/25 118/529/25
f 121/538/9 122/539/9 123/540/9 124/541/9
f 125/542/11 126/543/11 127/544/11 128/545/11
f 126/546/24 122/539/24 121/538/24 127/547/24
f 127/544/42 121/548/42 124/549/42 128/545/42
f 128/545/25 124/550/25 123/551/25 125/542/25
f 125/542/43 123/540/43 122/539/43 126/543/43
f 129/552/9 130/553/9 131/554/9 132/555/9
f 133/556/11 134/557/11 135/558/11 136/559/11
f 134/557/24 130/560/24 129/561/24 135/558/24
f 135/558/42 129/562/42 132/563/42 136/559/42
f 136/559/25 132/564/25 131/565/25 133/556/25
f 133/556/43 131/554/43 130/553/43 134/557/43
f 137/566/25 138/567/25 139/568/25 140/569/25
f 141/570/9 142/2/9 143/1/9 144/571/9
f 145/572/42 146/14/42 147/13/42 148/573/42
f 149/574/11 145/575/11 148/576/11 150/577/11
f 151/578/25 152/579/25 153/580/25 154/581/25
f 154/581/25 153/580/25 138/567/25 137/566/25
f 155/10/42 141/582/42 144/583/42 156/11/42
f 157/584/25 158/585/25 152/579/25 151/578/25
f 159/24/9 160/23/9 142/2/9 141/570/9
f 140/586/9 139/587/9 144/571/9 143/1/9
f 161/588/42 162/589/42 146/14/42 145/572/42
f 152/590/42 158/591/42 148/573/42 147/13/42
f 163/31/11 161/30/11 145/575/11 149/574/11
f 158/592/11 157/593/11 150/577/11 148/576/11
f 164/594/42 165/595/42 155/10/42 166/17/42
f 138/596/42 153/597/42 167/19/42 156/11/42
f 165/595/42 159/598/42 141/582/42 155/10/42
f 139/599/42 138/596/42 156/11/42 144/583/42
f 162/589/42 164/594/42 166/17/42 146/14/42
f 153/597/42 152/590/42 147/13/42 167/19/42
f 168/600/25 169/601/25 137/566/25 140/569/25
f 170/602/43 171/603/43 172/604/43 173/605/43
f 173/606/11 172/607/11 149/574/11 150/577/11
f 174/608/25 175/609/25 151/578/25 154/581/25
f 176/610/43 177/611/43 178/612/43 179/613/43
f 169/601/25 174/608/25 154/581/25 137/566/25
f 180/614/43 181/615/43 177/611/43 176/610/43
f 179/613/43 178/612/43 171/603/43 170/602/43
f 175/609/25 182/616/25 157/584/25 151/578/25
f 142/2/9 160/23/9 183/40/9 181/6/9
f 180/7/9 168/617/9 140/586/9 143/1/9
f 171/603/43 184/618/43 185/619/43 172/604/43
f 173/605/43 182/620/43 175/621/43 170/602/43
f 172/607/11 185/46/11 163/31/11 149/574/11
f 150/577/11 157/593/11 182/622/11 173/606/11
f 177/611/43 186/623/43 187/624/43 178/612/43
f 179/613/43 174/625/43 169/626/43 176/610/43
f 181/615/43 183/627/43 186/623/43 177/611/43
f 176/610/43 169/626/43 168/628/43 180/614/43
f 178/612/43 187/624/43 184/618/43 171/603/43
f 170/602/43 175/621/43 174/625/43 179/613/43
f 210/629/24 209/50/24 205/52/24 199/630/24
f 208/47/24 209/50/24 210/629/24 211/631/24
f 207/44/24 208/47/24 211/631/24 212/632/24
f 206/41/24 207/44/24 212/632/24 202/633/24
f 199/630/24 198/37/24 203/33/24 210/629/24
f 210/629/24 203/33/24 204/36/24 211/631/24
f 211/631/24 204/36/24 200/25/24 212/632/24
f 202/633/24 212/632/24 200/25/24 201/28/24
f 213/634/24 214/635/24 215/636/24 216/637/24
f 217/214/11 218/213/11 219/638/11 220/639/11
f 221/258/43 222/257/43 223/640/43 224/641/43
f 224/641/9 223/640/9 225/642/9 226/643/9
f 227/644/24 228/645/24 229/646/24 230/647/24
f 214/635/24 227/644/24 230/647/24 215/636/24
f 220/639/43 219/638/43 262/255/43 263/254/43
f 228/645/24 264/648/24 265/649/24 229/646/24
f 218/213/11 266/650/11 259/651/11 219/638/11
f 220/639/11 213/652/11 216/653/11 217/214/11
f 222/257/43 256/654/43 255/655/43 223/640/43
f 224/641/43 264/656/43 228/657/43 221/258/43
f 223/640/9 255/655/9 267/658/9 225/642/9
f 226/643/9 265/659/9 264/656/9 224/641/9
f 262/255/43 258/660/43 257/661/43 268/260/43
f 269/263/43 227/662/43 214/663/43 263/254/43
f 219/638/43 259/651/43 258/660/43 262/255/43
f 263/254/43 214/663/43 213/652/43 220/639/43
f 268/260/43 257/661/43 256/654/43 222/257/43
f 221/258/43 228/657/43 227/662/43 269/263/43
f 215/636/24 295/664/24 296/665/24 216/637/24
f 297/666/42 298/667/42 299/668/42 300/669/42
f 225/642/9 297/670/9 300/671/9 226/643/9
f 229/646/24 301/672/24 302/673/24 230/647/24
f 303/674/42 304/675/42 305/676/42 306/677/42
f 230/647/24 302/673/24 295/664/24 215/636/24
f 304/675/42 333/219/42 334/218/42 305/676/42
f 298/667/42 303/674/42 306/677/42 299/668/42
f 265/649/24 335/678/24 301/672/24 229/646/24
f 330/679/11 266/650/11 218/213/11 333/219/11
f 216/653/11 296/680/11 334/218/11 217/214/11
f 327/681/42 326/682/42 298/667/42 297/666/42
f 301/683/42 335/684/42 300/669/42 299/668/42
f 267/658/9 327/685/9 297/670/9 225/642/9
f 335/686/9 265/659/9 226/643/9 300/671/9
f 329/687/42 328/688/42 304/675/42 303/674/42
f 295/689/42 302/690/42 306/677/42 305/676/42
f 328/688/42 330/679/42 333/219/42 304/675/42
f 296/680/42 295/689/42 305/676/42 334/218/42
f 326/682/42 329/687/42 303/674/42 298/667/42
f 302/690/42 301/683/42 299/668/42 306/677/42
f 377/691/9 378/692/9 379/693/9 380/694/9
f 381/695/11 382/696/11 383/697/11 384/698/11
f 382/696/43 378/692/43 377/691/43 383/697/43
f 383/697/24 377/691/24 380/699/24 384/700/24
f 384/700/42 380/699/42 379/701/42 381/702/42
f 381/703/25 379/704/25 378/692/25 382/696/25
f 385/705/24 386/706/24 387/707/24 388/708/24
f 389/709/25 390/710/25 391/711/25 392/712/25
f 390/713/43 386/714/43 385/715/43 391/711/43
f 391/711/11 385/715/11 388/708/11 392/712/11
f 392/712/42 388/708/42 387/707/42 389/716/42
f 389/716/9 387/707/9 386/717/9 390/718/9
f 393/719/24 394/720/24 395/721/24 396/722/24
f 397/723/25 398/724/25 399/725/25 400/726/25
f 398/727/43 394/728/43 393/719/43 399/725/43
f 399/725/11 393/719/11 396/722/11 400/726/11
f 400/726/42 396/722/42 395/729/42 397/730/42
f 397/730/9 395/729/9 394/731/9 398/732/9
f 401/733/9 402/734/9 403/735/9 404/736/9
f 405/737/11 406/738/11 407/739/11 408/740/11
f 406/738/43 402/734/43 401/733/43 407/739/43
f 407/739/24 401/733/24 404/741/24 408/742/24
f 408/742/42 404/741/42 403/743/42 405/744/42
f 405/745/25 403/746/25 402/734/25 406/738/25
f 409/747/65 410/748/65 411/749/65 412/750/65
f 413/751/43 414/752/43 415/753/43 416/754/43
f 414/755/24 410/748/24 409/747/24 415/756/24
f 415/753/11 409/757/11 412/758/11 416/754/11
f 416/754/25 412/759/25 411/760/25 413/751/25
f 413/751/9 411/749/9 410/748/9 414/752/9
f 417/761/42 418/762/42 419/763/42 420/764/42
f 421/765/43 422/766/43 423/767/43 424/768/43
f 422/766/24 418/769/24 417/770/24 423/767/24
f 423/767/11 417/771/11 420/772/11 424/768/11
f 424/768/25 420/773/25 419/774/25 421/765/25
f 421/765/9 419/763/9 418/762/9 422/766/9
f 425/775/24 426/776/24 427/777/24 428/778/24
f 429/779/25 430/780/25 431/781/25 432/782/25
f 430/780/11 426/776/11 425/783/11 431/781/11
f 431/781/42 425/783/42 428/784/42 432/785/42
f 432/786/9 428/787/9 427/777/9 429/788/9
f 429/788/43 427/777/43 426/776/43 430/780/43
f 433/789/43 434/790/43 435/791/43 436/792/43
f 437/793/42 438/794/42 439/795/42 440/796/42
f 438/794/11 434/790/11 433/797/11 439/798/11
f 439/798/24 433/797/24 436/799/24 440/800/24
f 440/801/9 436/802/9 435/791/9 437/793/9
f 437/793/25 435/791/25 434/790/25 438/794/25
f 441/803/24 442/804/24 443/805/24 444/806/24
f 445/807/25 446/808/25 447/809/25 448/810/25
f 446/808/11 442/804/11 441/803/11 447/811/11
f 447/811/42 441/803/42 444/812/42 448/813/42
f 448/814/9 444/815/9 443/816/9 445/807/9
f 445/807/43 443/816/43 442/804/43 446/808/43
f 449/817/24 450/818/24 451/819/24 452/820/24
f 453/821/25 454/822/25 455/823/25 456/824/25
f 454/822/11 450/818/11 449/817/11 455/823/11
f 455/823/42 449/817/42 452/825/42 456/826/42
f 456/827/9 452/828/9 451/829/9 453/830/9
f 453/830/43 451/829/43 450/818/43 454/822/43
f 457/831/66 458/832/67 459/833/68 460/834/69
f 461/835/70 462/836/71 458/832/67 457/831/66
f 463/837/72 458/832/67 462/836/71 464/838/73
f 465/839/74 459/833/68 458/832/67 463/837/72
f 466/840/75 467/841/76 468/842/77 469/843/78
f 470/844/79 471/845/80 467/841/76 466/840/75
f 457/831/66 467/841/76 471/845/80 461/835/70
f 460/834/69 468/842/77 467/841/76 457/831/66
f 472/846/81 473/847/82 474/848/83 475/849/84
f 476/850/85 477/851/86 473/847/82 472/846/81
f 466/840/75 473/847/82 477/851/86 470/844/79
f 469/843/78 474/848/83 473/847/82 466/840/75
f 478/852/87 479/853/88 480/854/89 481/855/90
f 479/856/88 476/850/85 472/846/81 480/857/89
f 475/849/84 482/858/91 480/857/89 472/846/81
f 483/859/92 481/855/90 480/854/89 482/860/91
f 484/861/93 485/862/94 486/863/94 487/864/95
f 488/865/96 489/866/94 485/862/94 484/861/93
f 490/867/97 485/862/94 489/866/94 491/868/98
f 492/869/99 486/863/94 485/862/94 490/867/97
f 493/870/70 494/871/100 495/872/100 496/873/70
f 497/874/70 498/875/100 494/871/100 493/870/70
f 499/876/101 494/871/100 498/875/100 500/877/101
f 501/878/101 495/872/100 494/871/100 499/876/101
f 502/879/79 503/880/102 504/881/102 505/882/79
f 506/883/79 507/884/102 503/880/102 502/879/79
f 493/870/70 503/880/102 507/884/102 497/874/70
f 496/873/70 504/881/102 503/880/102 493/870/70
f 508/885/85 509/886/86 510/887/86 511/888/85
f 512/889/85 513/890/86 509/886/86 508/885/85
f 502/879/79 509/886/86 513/890/86 506/883/79
f 505/882/79 510/887/86 509/886/86 502/879/79
f 514/891/103 515/892/104 516/893/105 517/894/87
f 512/889/85 508/885/85 515/895/104 514/896/103
f 518/897/88 515/895/104 508/885/85 511/888/85
f 518/898/88 519/899/87 516/893/105 515/892/104
f 520/900/43 521/901/43 522/902/43 523/903/43
f 524/904/43 525/905/43 521/901/43 520/900/43
f 526/906/43 521/901/43 525/905/43 527/907/43
f 528/908/43 522/902/43 521/901/43 526/906/43
f 529/909/25 530/910/25 531/911/106 532/912/107
f 530/910/25 533/913/25 534/914/108 531/911/106
f 535/915/109 531/911/106 534/914/108 536/916/110
f 537/917/111 532/912/107 531/911/106 535/915/109
f 538/918/25 539/919/25 540/920/25 541/921/25
f 539/919/25 542/922/25 543/923/25 540/920/25
f 533/913/25 530/910/25 540/920/25 543/923/25
f 530/910/25 529/909/25 541/921/25 540/920/25
f 544/924/25 545/925/25 546/926/25 547/927/25
f 545/925/25 548/928/25 549/929/25 546/926/25
f 542/922/25 539/919/25 546/926/25 549/929/25
f 539/919/25 538/918/25 547/927/25 546/926/25
f 550/930/112 551/931/113 552/932/113 553/933/114
f 554/934/115 555/935/113 551/931/113 550/930/112
f 556/936/116 551/931/113 555/935/113 557/937/116
f 558/938/117 552/932/113 551/931/113 556/936/116
f 559/939/118 560/940/119 561/941/120 562/942/121
f 563/943/122 564/944/123 560/940/119 559/939/118
f 565/945/124 560/940/119 564/944/123 566/946/125
f 567/947/126 561/941/120 560/940/119 565/945/124
f 568/948/25 569/949/25 570/950/25 571/951/25
f 548/928/25 545/925/25 569/949/25 568/948/25
f 570/950/25 569/949/25 545/925/25 544/924/25
f 572/952/127 573/953/128 574/954/128 575/955/127
f 576/956/127 577/957/128 573/953/128 572/952/127
f 578/958/129 579/959/129 573/953/128 577/957/128
f 580/960/129 574/954/128 573/953/128 579/959/129
f 581/961/130 582/962/131 583/963/131 584/964/130
f 585/965/130 586/966/131 582/962/131 581/961/130
f 572/952/127 582/962/131 586/966/131 576/956/127
f 575/955/127 583/963/131 582/962/131 572/952/127
f 587/967/132 588/968/133 589/969/133 590/970/132
f 591/971/132 592/972/133 588/968/133 587/967/132
f 581/961/130 588/968/133 592/972/133 585/965/130
f 584/964/130 589/969/133 588/968/133 581/961/130
f 593/973/134 594/974/135 595/975/136 596/976/137
f 594/974/135 591/971/132 587/967/132 595/975/136
f 590/970/132 597/977/138 595/975/136 587/967/132
f 597/977/138 598/978/139 596/976/137 595/975/136
f 599/979/140 600/980/141 601/981/141 602/982/142
f 603/983/140 604/984/141 600/980/141 599/979/140
f 605/985/143 600/980/141 604/984/141 606/986/144
f 607/987/145 601/981/141 600/980/141 605/985/143
f 608/988/146 609/989/147 610/990/148 611/991/149
f 612/992/127 613/993/150 609/989/147 608/988/146
f 614/994/151 609/989/147 613/993/150 615/995/152
f 616/996/153 610/990/148 609/989/147 614/994/151
f 617/997/131 618/998/154 613/993/150 612/992/127
f 619/999/130 620/1000/155 618/998/154 617/997/131
f 621/1001/156 618/998/154 620/1000/155 622/1002/157
f 615/995/152 613/993/150 618/998/154 621/1001/156
f 623/1003/133 624/1004/158 620/1000/155 619/999/130
f 625/1005/132 626/1006/159 624/1004/158 623/1003/133
f 627/1007/160 628/1008/161 624/1004/158 626/1006/159
f 622/1002/157 620/1000/155 624/1004/158 628/1008/161
f 625/1005/132 629/1009/138 630/1010/162 626/1006/159
f 629/1009/138 631/1011/134 632/1012/163 630/1010/162
f 633/1013/164 634/1014/165 630/1010/162 632/1012/163
f 634/1014/165 627/1007/160 626/1006/159 630/1010/162
f 635/1015/166 636/1016/167 637/1017/168 638/1018/169
f 639/1019/170 640/1020/171 636/1016/167 635/1015/166
f 641/1021/172 636/1016/167 640/1020/171 642/1022/173
f 643/1023/174 637/1017/168 636/1016/167 641/1021/172
f 641/1021/172 644/1024/175 645/1025/176 643/1023/174
f 642/1022/173 646/1026/177 644/1024/175 641/1021/172
f 647/1027/178 644/1024/175 646/1026/177 648/1028/179
f 649/1029/180 645/1025/176 644/1024/175 647/1027/178
f 647/1027/178 650/1030/181 651/1031/182 649/1029/180
f 648/1028/179 652/1032/183 650/1030/181 647/1027/178
f 653/1033/184 650/1030/181 652/1032/183 654/1034/185
f 655/1035/186 651/1031/182 650/1030/181 653/1033/184
f 656/1036/187 657/1037/188 658/1038/189 659/1039/190
f 660/1040/191 661/1041/192 657/1037/188 656/1036/187
f 662/1042/193 657/1037/188 661/1041/192 663/1043/194
f 664/1044/195 658/1038/189 657/1037/188 662/1042/193
f 639/1019/170 665/1045/196 666/1046/197 667/1047/198
f 668/1048/199 669/1049/200 666/1046/197 665/1045/196
f 482/860/91 666/1050/197 669/1051/200 483/859/92
f 482/1052/91 475/1053/84 667/1054/198 666/1055/197
f 670/1056/201 671/1057/202 498/875/100 497/874/70
f 670/1056/201 672/1058/203 673/1059/204 671/1057/202
f 674/1060/205 675/1061/206 671/1062/202 673/1063/204
f 500/877/101 498/875/100 671/1057/202 675/1064/206
f 676/1065/207 677/1066/208 495/872/100 501/878/101
f 676/1065/207 464/838/73 462/836/71 677/1066/208
f 678/1067/70 677/1066/208 462/836/71 461/835/70
f 496/873/70 495/872/100 677/1066/208 678/1067/70
f 679/1068/209 680/1069/210 507/884/102 506/883/79
f 679/1068/209 681/1070/211 682/1071/212 680/1069/210
f 672/1058/203 670/1056/201 680/1069/210 682/1071/212
f 497/874/70 507/884/102 680/1069/210 670/1056/201
f 678/1067/70 683/1072/102 504/881/102 496/873/70
f 461/835/70 471/845/80 683/1072/102 678/1067/70
f 684/1073/79 683/1072/102 471/845/80 470/844/79
f 505/882/79 504/881/102 683/1072/102 684/1073/79
f 685/1074/213 686/1075/214 513/890/86 512/889/85
f 685/1074/213 687/1076/215 688/1077/216 686/1075/214
f 681/1070/211 679/1068/209 686/1075/214 688/1077/216
f 506/883/79 513/890/86 686/1075/214 679/1068/209
f 684/1073/79 689/1078/86 510/887/86 505/882/79
f 470/844/79 477/851/86 689/1078/86 684/1073/79
f 690/1079/85 689/1078/86 477/851/86 476/850/85
f 511/888/85 510/887/86 689/1078/86 690/1079/85
f 691/1080/217 692/1081/218 693/1082/219 694/1083/220
f 687/1084/215 685/1085/213 693/1086/219 692/1087/218
f 514/896/103 693/1088/219 685/1074/213 512/889/85
f 517/894/87 694/1083/220 693/1082/219 514/891/103
f 479/856/88 695/1089/221 690/1079/85 476/850/85
f 479/853/88 478/852/87 696/1090/222 695/1091/221
f 518/898/88 695/1091/221 696/1090/222 519/899/87
f 511/888/85 690/1079/85 695/1089/221 518/897/88
f 535/915/109 697/1092/223 698/1093/224 537/917/111
f 536/916/110 699/1094/225 697/1092/223 535/915/109
f 520/900/43 697/1095/223 699/1096/225 524/904/43
f 523/903/43 698/1097/224 697/1095/223 520/900/43
f 700/1098/226 701/1099/227 702/1100/228 703/1101/229
f 704/1102/230 705/1103/231 701/1099/227 700/1098/226
f 526/906/43 701/1099/227 705/1103/231 528/908/43
f 527/907/43 702/1100/228 701/1099/227 526/906/43
f 706/1104/127 707/1105/232 577/957/128 576/956/127
f 612/992/127 608/988/146 707/1105/232 706/1104/127
f 708/1106/233 707/1105/232 608/988/146 611/991/149
f 578/958/129 577/957/128 707/1105/232 708/1106/233
f 709/1107/234 710/1108/235 574/954/128 580/960/129
f 711/1109/236 712/1110/237 710/1111/235 709/1112/234
f 713/1113/238 710/1108/235 712/1114/237 714/1115/239
f 575/955/127 574/954/128 710/1108/235 713/1113/238
f 715/1116/130 716/1117/131 586/966/131 585/965/130
f 619/999/130 617/997/131 716/1117/131 715/1116/130
f 706/1104/127 716/1117/131 617/997/131 612/992/127
f 576/956/127 586/966/131 716/1117/131 706/1104/127
f 713/1113/238 717/1118/240 583/963/131 575/955/127
f 714/1115/239 718/1119/241 717/1118/240 713/1113/238
f 719/1120/242 717/1118/240 718/1119/241 720/1121/243
f 584/964/130 583/963/131 717/1118/240 719/1120/242
f 721/1122/132 722/1123/133 592/972/133 591/971/132
f 625/1005/132 623/1003/133 722/1123/133 721/1122/132
f 715/1116/130 722/1123/133 623/1003/133 619/999/130
f 585/965/130 592/972/133 722/1123/133 715/1116/130
f 719/1120/242 723/1124/244 589/969/133 584/964/130
f 720/1121/243 724/1125/245 723/1124/244 719/1120/242
f 725/1126/246 723/1124/244 724/1125/245 726/1127/247
f 590/970/132 589/969/133 723/1124/244 725/1126/246
f 631/1011/134 629/1009/138 727/1128/136 728/1129/248
f 629/1009/138 625/1005/132 721/1122/132 727/1128/136
f 591/971/132 594/974/135 727/1128/136 721/1122/132
f 594/974/135 593/973/134 728/1129/248 727/1128/136
f 725/1126/246 729/1130/249 597/977/138 590/970/132
f 725/1126/246 726/1127/247 730/1131/250 729/1130/249
f 731/1132/251 732/1133/252 729/1130/249 730/1131/250
f 598/978/139 597/977/138 729/1130/249 732/1133/252
f 733/1134/253 734/1135/254 489/866/94 488/865/96
f 735/1136/255 736/1137/256 734/1135/254 733/1134/253
f 737/1138/257 738/1139/258 734/1135/254 736/1137/256
f 491/868/98 489/866/94 734/1135/254 738/1139/258
f 739/1140/259 740/1141/260 486/863/94 492/869/99
f 465/839/74 463/837/72 740/1141/260 739/1140/259
f 741/1142/261 740/1141/260 463/837/72 464/838/73
f 487/864/95 486/863/94 740/1141/260 741/1142/261
f 700/1143/226 742/1144/262 743/1145/263 704/1146/230
f 703/1147/229 744/1148/264 742/1144/262 700/1143/226
f 559/939/118 742/1144/262 744/1148/264 563/943/122
f 562/942/121 743/1145/263 742/1144/262 559/939/118
f 550/930/112 745/1149/265 746/1150/266 554/934/115
f 553/933/114 747/1151/267 745/1149/265 550/930/112
f 565/945/124 745/1152/265 747/1153/267 567/947/126
f 566/946/125 746/1154/266 745/1152/265 565/945/124
f 748/1155/268 749/1156/141 604/984/141 603/983/140
f 748/1155/268 611/991/149 610/990/148 749/1156/141
f 750/1157/269 749/1156/141 610/990/148 616/996/153
f 606/986/144 604/984/141 749/1156/141 750/1157/269
f 751/1158/270 752/1159/271 601/981/141 607/987/145
f 753/1160/272 754/1161/273 752/1159/271 751/1158/270
f 755/1162/274 756/1163/275 752/1159/271 754/1161/273
f 602/982/142 601/981/141 752/1159/271 756/1163/275
f 653/1033/184 757/1164/276 758/1165/277 655/1035/186
f 654/1034/185 759/1166/278 757/1164/276 653/1033/184
f 656/1036/187 757/1164/276 759/1166/278 660/1040/191
f 659/1039/190 758/1165/277 757/1164/276 656/1036/187
f 556/936/116 760/1167/279 761/1168/280 558/938/117
f 557/937/116 762/1169/281 760/1167/279 556/936/116
f 662/1042/193 760/1170/279 762/1171/281 664/1044/195
f 663/1043/194 761/1172/280 760/1170/279 662/1042/193
f 763/1173/282 764/1174/283 481/855/90 483/859/92
f 765/1175/284 766/1176/285 764/1174/283 763/1173/282
f 767/1177/286 764/1174/283 766/1176/285 768/1178/287
f 767/1177/286 478/852/87 481/855/90 764/1174/283
f 519/899/87 769/1179/288 770/1180/289 516/893/105
f 771/1181/290 772/1182/291 770/1180/289 769/1179/288
f 773/1183/292 770/1180/289 772/1182/291 774/1184/293
f 517/894/87 516/893/105 770/1180/289 773/1183/292
f 775/1185/294 776/1186/294 525/905/43 524/904/43
f 580/960/129 579/959/129 776/1187/294 775/1188/294
f 777/1189/294 776/1187/294 579/959/129 578/958/129
f 527/907/43 525/905/43 776/1186/294 777/1190/294
f 778/1191/295 779/1192/295 522/902/43 528/908/43
f 501/878/101 499/876/101 779/1193/295 778/1194/295
f 780/1195/295 779/1193/295 499/876/101 500/877/101
f 523/903/43 522/902/43 779/1192/295 780/1196/295
f 533/913/25 781/1197/296 782/1198/297 534/914/108
f 714/1199/239 712/1110/237 782/1198/297 781/1197/296
f 711/1109/236 783/1200/298 782/1198/297 712/1110/237
f 536/916/110 534/914/108 782/1198/297 783/1200/298
f 784/1201/299 785/1202/300 532/912/107 537/917/111
f 674/1060/205 673/1063/204 785/1202/300 784/1201/299
f 672/1203/203 786/1204/301 785/1202/300 673/1063/204
f 786/1204/301 529/909/25 532/912/107 785/1202/300
f 542/922/25 787/1205/302 788/1206/303 543/923/25
f 720/1207/243 718/1208/241 788/1206/303 787/1205/302
f 781/1197/296 788/1206/303 718/1208/241 714/1199/239
f 781/1197/296 533/913/25 543/923/25 788/1206/303
f 529/909/25 786/1204/301 789/1209/304 541/921/25
f 786/1204/301 672/1203/203 682/1210/212 789/1209/304
f 681/1211/211 790/1212/305 789/1209/304 682/1210/212
f 790/1212/305 538/918/25 541/921/25 789/1209/304
f 548/928/25 791/1213/306 792/1214/307 549/929/25
f 791/1213/306 726/1215/247 724/1216/245 792/1214/307
f 720/1207/243 787/1205/302 792/1214/307 724/1216/245
f 787/1205/302 542/922/25 549/929/25 792/1214/307
f 538/918/25 790/1212/305 793/1217/308 547/927/25
f 790/1212/305 681/1211/211 688/1218/216 793/1217/308
f 687/1219/215 794/1220/309 793/1217/308 688/1218/216
f 794/1220/309 544/924/25 547/927/25 793/1217/308
f 795/1221/310 796/1222/311 555/935/113 554/934/115
f 755/1223/274 754/1224/273 796/1222/311 795/1221/310
f 753/1225/272 797/1226/312 796/1222/311 754/1224/273
f 557/937/116 555/935/113 796/1222/311 797/1226/312
f 798/1227/313 799/1228/314 552/932/113 558/938/117
f 737/1229/257 736/1230/256 799/1228/314 798/1227/313
f 735/1231/255 800/1232/315 799/1228/314 736/1230/256
f 553/933/114 552/932/113 799/1228/314 800/1232/315
f 801/1233/316 802/1234/317 564/944/123 563/943/122
f 801/1235/316 603/983/140 599/979/140 802/1236/317
f 602/982/142 803/1237/318 802/1236/317 599/979/140
f 566/946/125 564/944/123 802/1234/317 803/1238/318
f 804/1239/319 805/1240/320 561/941/120 567/947/126
f 488/865/96 484/861/93 805/1241/320 804/1242/319
f 806/1243/321 805/1241/320 484/861/93 487/864/95
f 562/942/121 561/941/120 805/1240/320 806/1244/321
f 730/1245/250 807/1246/322 808/1247/323 731/1248/251
f 726/1215/247 791/1213/306 807/1246/322 730/1245/250
f 568/948/25 807/1246/322 791/1213/306 548/928/25
f 571/951/25 808/1247/323 807/1246/322 568/948/25
f 667/1047/198 809/1249/324 640/1020/171 639/1019/170
f 475/849/84 474/848/83 809/1250/324 667/1251/198
f 810/1252/325 809/1250/324 474/848/83 469/843/78
f 642/1022/173 640/1020/171 809/1249/324 810/1253/325
f 811/1254/326 812/1255/327 637/1017/168 643/1023/174
f 622/1002/157 628/1008/161 812/1256/327 811/1257/326
f 813/1258/328 812/1256/327 628/1008/161 627/1007/160
f 638/1018/169 637/1017/168 812/1255/327 813/1259/328
f 810/1253/325 814/1260/329 646/1026/177 642/1022/173
f 469/843/78 468/842/77 814/1261/329 810/1252/325
f 815/1262/330 814/1261/329 468/842/77 460/834/69
f 648/1028/179 646/1026/177 814/1260/329 815/1263/330
f 816/1264/331 817/1265/332 645/1025/176 649/1029/180
f 615/995/152 621/1001/156 817/1266/332 816/1267/331
f 811/1257/326 817/1266/332 621/1001/156 622/1002/157
f 643/1023/174 645/1025/176 817/1265/332 811/1254/326
f 815/1263/330 818/1268/333 652/1032/183 648/1028/179
f 460/834/69 459/833/68 818/1269/333 815/1262/330
f 819/1270/334 818/1269/333 459/833/68 465/839/74
f 654/1034/185 652/1032/183 818/1268/333 819/1271/334
f 820/1272/335 821/1273/336 651/1031/182 655/1035/186
f 616/996/153 614/994/151 821/1274/336 820/1275/335
f 816/1267/331 821/1274/336 614/994/151 615/995/152
f 649/1029/180 651/1031/182 821/1273/336 816/1264/331
f 822/1276/337 823/1277/338 661/1041/192 660/1040/191
f 492/869/99 490/867/97 823/1278/338 822/1279/337
f 824/1280/339 823/1278/338 490/867/97 491/868/98
f 663/1043/194 661/1041/192 823/1277/338 824/1281/339
f 825/1282/340 826/1283/341 658/1038/189 664/1044/195
f 607/987/145 605/985/143 826/1284/341 825/1285/340
f 827/1286/342 826/1284/341 605/985/143 606/986/144
f 659/1039/190 658/1038/189 826/1283/341 827/1287/342
f 633/1013/164 828/1288/343 829/1289/344 830/1290/345
f 828/1291/343 765/1175/284 763/1173/282 829/1292/344
f 483/859/92 669/1051/200 829/1292/344 763/1173/282
f 669/1049/200 668/1048/199 830/1293/345 829/1294/344
f 773/1183/292 831/1295/346 694/1083/220 517/894/87
f 774/1184/293 832/1296/347 831/1295/346 773/1183/292
f 833/1297/348 834/1298/349 831/1295/346 832/1296/347
f 834/1298/349 691/1080/217 694/1083/220 831/1295/346
f 478/852/87 767/1177/286 835/1299/350 696/1090/222
f 767/1177/286 768/1178/287 836/1300/351 835/1299/350
f 771/1181/290 769/1179/288 835/1299/350 836/1300/351
f 769/1179/288 519/899/87 696/1090/222 835/1299/350
f 783/1200/298 837/1301/352 699/1094/225 536/916/110
f 783/1200/298 711/1109/236 709/1112/234 837/1301/352
f 775/1188/294 837/1302/352 709/1107/234 580/960/129
f 524/904/43 699/1096/225 837/1303/352 775/1185/294
f 780/1196/295 838/1304/353 698/1097/224 523/903/43
f 500/877/101 675/1064/206 838/1305/353 780/1195/295
f 784/1201/299 838/1306/353 675/1061/206 674/1060/205
f 537/917/111 698/1093/224 838/1306/353 784/1201/299
f 839/1307/354 840/1308/355 705/1103/231 704/1102/230
f 464/838/73 676/1065/207 840/1309/355 839/1310/354
f 778/1194/295 840/1309/355 676/1065/207 501/878/101
f 528/908/43 705/1103/231 840/1308/355 778/1191/295
f 777/1190/294 841/1311/356 702/1100/228 527/907/43
f 578/958/129 708/1106/233 841/1312/356 777/1189/294
f 611/991/149 842/1313/357 841/1312/356 708/1106/233
f 703/1101/229 702/1100/228 841/1311/356 842/1314/357
f 842/1315/357 843/1316/358 744/1148/264 703/1147/229
f 842/1313/357 611/991/149 748/1155/268 843/1317/358
f 603/983/140 801/1235/316 843/1317/358 748/1155/268
f 563/943/122 744/1148/264 843/1316/358 801/1233/316
f 806/1244/321 844/1318/359 743/1145/263 562/942/121
f 487/864/95 741/1142/261 844/1319/359 806/1243/321
f 839/1310/354 844/1319/359 741/1142/261 464/838/73
f 704/1146/230 743/1145/263 844/1318/359 839/1320/354
f 800/1232/315 845/1321/360 747/1151/267 553/933/114
f 800/1232/315 735/1231/255 733/1322/253 845/1321/360
f 804/1242/319 845/1323/360 733/1134/253 488/865/96
f 567/947/126 747/1153/267 845/1324/360 804/1239/319
f 803/1238/318 846/1325/361 746/1154/266 566/946/125
f 803/1237/318 602/982/142 756/1163/275 846/1326/361
f 795/1221/310 846/1327/361 756/1328/275 755/1223/274
f 554/934/115 746/1150/266 846/1327/361 795/1221/310
f 819/1271/334 847/1329/362 759/1166/278 654/1034/185
f 465/839/74 739/1140/259 847/1330/362 819/1270/334
f 822/1279/337 847/1330/362 739/1140/259 492/869/99
f 660/1040/191 759/1166/278 847/1329/362 822/1276/337
f 827/1287/342 848/1331/363 758/1165/277 659/1039/190
f 827/1286/342 606/986/144 750/1157/269 848/1332/363
f 616/996/153 820/1275/335 848/1332/363 750/1157/269
f 655/1035/186 758/1165/277 848/1331/363 820/1272/335
f 797/1226/312 849/1333/364 762/1169/281 557/937/116
f 797/1226/312 753/1225/272 751/1334/270 849/1333/364
f 607/987/145 825/1285/340 849/1335/364 751/1158/270
f 664/1044/195 762/1171/281 849/1336/364 825/1282/340
f 824/1281/339 850/1337/365 761/1172/280 663/1043/194
f 491/868/98 738/1139/258 850/1338/365 824/1280/339
f 798/1227/313 850/1339/365 738/1340/258 737/1229/257
f 558/938/117 761/1168/280 850/1339/365 798/1227/313
f 544/924/25 794/1220/309 851/1341/366 570/950/25
f 794/1220/309 687/1219/215 692/1342/218 851/1341/366
f 852/1343/367 851/1341/366 692/1342/218 691/1344/217
f 852/1343/367 571/951/25 570/950/25 851/1341/366
f 571/951/25 852/1343/367 853/1345/368 854/1346/369
f 691/1344/217 834/1347/349 853/1345/368 852/1343/367
f 855/1348/370 853/1345/368 834/1347/349 833/1349/348
f 856/1350/371 854/1346/369 853/1345/368 855/1348/370
f 854/1346/369 857/1351/372 808/1247/323 571/951/25
f 858/1352/373 857/1351/372 854/1346/369 856/1350/371
f 731/1248/251 808/1247/323 857/1351/372 858/1352/373
f 858/1353/373 859/1354/374 732/1133/252 731/1132/251
f 859/1354/374 858/1353/373 856/1355/371 855/1356/370
f 833/1357/348 832/1358/347 859/1359/374 855/1360/370
f 832/1361/347 774/1362/293 860/1363/375 859/1354/374
f 732/1133/252 859/1354/374 860/1363/375 598/978/139
f 598/978/139 860/1363/375 861/1364/376 596/976/137
f 774/1362/293 772/1365/291 861/1364/376 860/1363/375
f 862/1366/377 861/1364/376 772/1365/291 771/1367/290
f 862/1366/377 593/973/134 596/976/137 861/1364/376
f 593/973/134 862/1366/377 863/1368/378 728/1129/248
f 862/1366/377 771/1367/290 836/1369/351 863/1368/378
f 768/1370/287 864/1371/379 863/1368/378 836/1369/351
f 864/1371/379 631/1011/134 728/1129/248 863/1368/378
f 631/1011/134 864/1371/379 865/1372/380 632/1012/163
f 864/1371/379 768/1370/287 766/1373/285 865/1372/380
f 765/1374/284 828/1288/343 865/1372/380 766/1373/285
f 828/1288/343 633/1013/164 632/1012/163 865/1372/380
f 635/1015/166 866/1375/381 665/1045/196 639/1019/170
f 638/1018/169 867/1376/382 866/1375/381 635/1015/166
f 668/1048/199 665/1045/196 866/1375/381 867/1376/382
f 668/1048/199 867/1376/382 868/1377/383 830/1293/345
f 867/1376/382 638/1018/169 813/1259/328 868/1377/383
f 627/1007/160 634/1014/165 868/1378/383 813/1258/328
f 634/1014/165 633/1013/164 830/1290/345 868/1378/383
f 869/1379/384 870/1380/385 871/1381/385 872/1382/384
f 872/1382/384 871/1381/385 873/1383/385 874/1384/384
f 874/1384/384 875/1385/42 876/1386/42 872/1382/384
f 872/1382/384 876/1386/42 877/1387/42 869/1379/384
f 878/1388/386 879/1389/387 880/1390/387 881/1391/386
f 881/1391/386 880/1390/387 882/1392/387 883/1393/386
f 883/1393/386 873/1383/385 871/1381/385 881/1391/386
f 881/1391/386 871/1381/385 870/1380/385 878/1388/386
f 884/1394/388 885/1395/389 886/1396/389 887/1397/388
f 887/1397/388 886/1396/389 888/1398/389 889/1399/388
f 889/1399/388 882/1392/387 880/1390/387 887/1397/388
f 887/1397/388 880/1390/387 879/1389/387 884/1394/388
f 890/1400/390 891/1401/391 892/1402/391 893/1403/390
f 893/1403/390 892/1402/391 894/1404/391 895/1405/390
f 895/1405/390 888/1398/389 886/1396/389 893/1403/390
f 893/1403/390 886/1396/389 885/1395/389 890/1400/390
f 896/1406/392 897/1407/393 898/1408/393 899/1409/392
f 899/1409/392 898/1408/393 900/1410/393 901/1411/392
f 901/1411/392 894/1404/391 892/1402/391 899/1409/392
f 899/1409/392 892/1402/391 891/1401/391 896/1406/392
f 902/1412/394 903/1413/395 904/1414/395 905/1415/394
f 905/1415/394 904/1414/395 906/1416/395 907/1417/394
f 907/1417/394 900/1410/393 898/1408/393 905/1415/394
f 905/1415/394 898/1408/393 897/1407/393 902/1412/394
f 908/1418/396 909/1419/397 910/1420/397 911/1421/396
f 911/1421/396 910/1420/397 912/1422/397 913/1423/396
f 913/1423/396 906/1416/395 904/1414/395 911/1421/396
f 911/1421/396 904/1414/395 903/1413/395 908/1418/396
f 914/1424/398 915/1425/399 916/1426/399 917/1427/398
f 917/1427/398 916/1426/399 918/1428/399 919/1429/398
f 919/1429/398 912/1422/397 910/1420/397 917/1427/398
f 917/1427/398 910/1420/397 909/1419/397 914/1424/398
f 920/1430/400 921/1431/401 922/1432/401 923/1433/400
f 923/1433/400 922/1432/401 924/1434/401 925/1435/400
f 925/1435/400 918/1428/399 916/1426/399 923/1433/400
f 923/1433/400 916/1426/399 915/1425/399 920/1430/400
f 926/1436/402 927/1437/403 928/1438/403 929/1439/402
f 929/1439/402 928/1438/403 930/1440/403 931/1441/402
f 931/1441/402 924/1434/401 922/1432/401 929/1439/402
f 929/1439/402 922/1432/401 921/1431/401 926/1436/402
f 932/1442/404 933/1443/405 934/1444/405 935/1445/404
f 935/1445/404 934/1444/405 936/1446/405 937/1447/404
f 937/1447/404 930/1440/403 928/1438/403 935/1445/404
f 935/1445/404 928/1438/403 927/1437/403 932/1442/404
f 938/1448/406 939/1449/407 940/1450/407 941/1451/406
f 941/1451/406 940/1450/407 942/1452/407 943/1453/406
f 943/1453/406 936/1446/405 934/1444/405 941/1451/406
f 941/1451/406 934/1444/405 933/1443/405 938/1448/406
f 944/1454/408 945/1455/409 946/1456/409 947/1457/408
f 947/1457/408 946/1456/409 948/1458/409 949/1459/408
f 949/1459/408 942/1452/407 940/1450/407 947/1457/408
f 947/1457/408 940/1450/407 939/1449/407 944/1454/408
f 950/1460/410 951/1461/411 952/1462/411 953/1463/410
f 953/1463/410 952/1462/411 954/1464/411 955/1465/410
f 955/1465/410 948/1458/409 946/1456/409 953/1463/410
f 953/1463/410 946/1456/409 945/1455/409 950/1460/410
f 956/1466/412 957/1467/9 958/1468/9 959/1469/412
f 959/1469/412 958/1468/9 960/1470/9 961/1471/412
f 961/1471/412 954/1464/411 952/1462/411 959/1469/412
f 959/1469/412 952/1462/411 951/1461/411 956/1466/412
f 962/1472/413 963/1473/414 964/1474/414 965/1475/413
f 965/1475/413 964/1474/414 966/1476/414 967/1477/413
f 967/1477/413 960/1478/9 958/1479/9 965/1475/413
f 965/1475/413 958/1479/9 957/1480/9 962/1472/413
f 968/1481/415 969/1482/416 970/1483/416 971/1484/415
f 971/1484/415 970/1483/416 972/1485/416 973/1486/415
f 973/1486/415 966/1476/414 964/1474/414 971/1484/415
f 971/1484/415 964/1474/414 963/1473/414 968/1481/415
f 974/1487/417 975/1488/418 976/1489/418 977/1490/417
f 977/1490/417 976/1489/418 978/1491/418 979/1492/417
f 979/1492/417 972/1485/416 970/1483/416 977/1490/417
f 977/1490/417 970/1483/416 969/1482/416 974/1487/417
f 980/1493/419 981/1494/420 982/1495/420 983/1496/421
f 983/1496/421 982/1495/420 984/1497/420 985/1498/421
f 985/1498/421 978/1491/418 976/1489/418 983/1496/421
f 983/1496/421 976/1489/418 975/1488/418 980/1493/419
f 986/1499/422 987/1500/423 988/1501/423 989/1502/422
f 989/1502/422 988/1501/423 990/1503/423 991/1504/422
f 991/1504/422 984/1497/420 982/1495/420 989/1502/422
f 989/1502/422 982/1495/420 981/1494/420 986/1499/422
f 992/1505/424 993/1506/425 994/1507/425 995/1508/424
f 995/1508/424 994/1507/425 996/1509/425 997/1510/424
f 997/1510/424 990/1503/423 988/1501/423 995/1508/424
f 995/1508/424 988/1501/423 987/1500/423 992/1505/424
f 998/1511/426 999/1512/427 1000/1513/427 1001/1514/426
f 1001/1514/426 1000/1513/427 1002/1515/427 1003/1516/426
f 1003/1516/426 996/1509/425 994/1507/425 1001/1514/426
f 1001/1514/426 994/1507/425 993/1506/425 998/1511/426
f 1004/1517/428 1005/1518/429 1006/1519/429 1007/1520/428
f 1007/1520/428 1006/1519/429 1008/1521/429 1009/1522/428
f 1009/1522/428 1002/1515/427 1000/1513/427 1007/1520/428
f 1007/1520/428 1000/1513/427 999/1512/427 1004/1517/428
f 1010/1523/430 1011/1524/431 1012/1525/431 1013/1526/430
f 1013/1526/430 1012/1525/431 1014/1527/431 1015/1528/430
f 1015/1528/430 1008/1521/429 1006/1519/429 1013/1526/430
f 1013/1526/430 1006/1519/429 1005/1518/429 1010/1523/430
f 1016/1529/432 1017/1530/433 1018/1531/433 1019/1532/432
f 1019/1532/432 1018/1531/433 1020/1533/433 1021/1534/432
f 1021/1534/432 1014/1527/431 1012/1525/431 1019/1532/432
f 1019/1532/432 1012/1525/431 1011/1524/431 1016/1529/432
f 1022/1535/434 1023/1536/435 1024/1537/435 1025/1538/434
f 1025/1538/434 1024/1537/435 1026/1539/435 1027/1540/434
f 1027/1540/434 1020/1533/433 1018/1531/433 1025/1538/434
f 1025/1538/434 1018/1531/433 1017/1530/433 1022/1535/434
f 1028/1541/436 1029/1542/437 1030/1543/437 1031/1544/436
f 1031/1544/436 1030/1543/437 1032/1545/437 1033/1546/436
f 1033/1546/436 1026/1539/435 1024/1537/435 1031/1544/436
f 1031/1544/436 1024/1537/435 1023/1536/435 1028/1541/436
f 1034/1547/438 1035/1548/439 1036/1549/439 1037/1550/438
f 1037/1550/438 1036/1549/439 1038/1551/439 1039/1552/438
f 1039/1552/438 1032/1545/437 1030/1543/437 1037/1550/438
f 1037/1550/438 1030/1543/437 1029/1542/437 1034/1547/438
f 1040/1553/440 1041/1554/441 1042/1555/441 1043/1556/440
f 1043/1556/440 1042/1555/441 1044/1557/441 1045/1558/440
f 1045/1558/440 1038/1551/439 1036/1549/439 1043/1556/440
f 1043/1556/440 1036/1549/439 1035/1548/439 1040/1553/440
f 1046/1559/442 1047/1560/43 1048/1561/43 1049/1562/442
f 1049/1562/442 1048/1561/43 1050/1563/43 1051/1564/442
f 1051/1564/442 1044/1557/441 1042/1555/441 1049/1562/442
f 1049/1562/442 1042/1555/441 1041/1554/441 1046/1559/442
f 1052/1565/443 1053/1566/444 1054/1567/444 1055/1568/443
f 1055/1568/443 1054/1567/444 1056/1569/444 1057/1570/443
f 1057/1570/443 1050/1563/43 1048/1561/43 1055/1568/443
f 1055/1568/443 1048/1561/43 1047/1560/43 1052/1565/443
f 1058/1571/445 1059/1572/446 1060/1573/446 1061/1574/445
f 1061/1574/445 1060/1573/446 1062/1575/446 1063/1576/445
f 1063/1576/445 1056/1569/444 1054/1567/444 1061/1574/445
f 1061/1574/445 1054/1567/444 1053/1566/444 1058/1571/445
f 1064/1577/447 1065/1578/448 1066/1579/448 1067/1580/447
f 1067/1580/447 1066/1579/448 1068/1581/448 1069/1582/447
f 1069/1582/447 1062/1575/446 1060/1573/446 1067/1580/447
f 1067/1580/447 1060/1573/446 1059/1572/446 1064/1577/447
f 1070/1583/449 1071/1584/450 1072/1585/450 1073/1586/449
f 1073/1586/449 1072/1585/450 1074/1587/450 1075/1588/449
f 1075/1588/449 1068/1581/448 1066/1579/448 1073/1586/449
f 1073/1586/449 1066/1579/448 1065/1578/448 1070/1583/449
f 1076/1589/451 1077/1590/452 1078/1591/452 1079/1592/451
f 1079/1592/451 1078/1591/452 1080/1593/452 1081/1594/451
f 1081/1594/451 1074/1587/450 1072/1585/450 1079/1592/451
f 1079/1592/451 1072/1585/450 1071/1584/450 1076/1589/451
f 1082/1595/453 1083/1596/454 1084/1597/454 1085/1598/453
f 1085/1598/453 1084/1597/454 1086/1599/454 1087/1600/453
f 1087/1600/453 1080/1593/452 1078/1591/452 1085/1598/453
f 1085/1598/453 1078/1591/452 1077/1590/452 1082/1595/453
f 1088/1601/455 1089/1602/456 1090/1603/456 1091/1604/455
f 1091/1604/455 1090/1603/456 1092/1605/456 1093/1606/455
f 1093/1606/455 1086/1599/454 1084/1597/454 1091/1604/455
f 1091/1604/455 1084/1597/454 1083/1596/454 1088/1601/455
f 1094/1607/457 1095/1608/458 1096/1609/458 1097/1610/457
f 1097/1610/457 1096/1609/458 1098/1611/458 1099/1612/457
f 1099/1612/457 1092/1605/456 1090/1603/456 1097/1610/457
f 1097/1610/457 1090/1603/456 1089/1602/456 1094/1607/457
f 1100/1613/459 1101/1614/460 1102/1615/460 1103/1616/459
f 1103/1616/459 1102/1615/460 1104/1617/460 1105/1618/459
f 1105/1618/459 1098/1611/458 1096/1609/458 1103/1616/459
f 1103/1616/459 1096/1609/458 1095/1608/458 1100/1613/459
f 1106/1619/461 1107/1620/462 1108/1621/462 1109/1622/461
f 1109/1622/461 1108/1621/462 1110/1623/462 1111/1624/461
f 1111/1624/461 1104/1617/460 1102/1615/460 1109/1622/461
f 1109/1622/461 1102/1615/460 1101/1614/460 1106/1619/461
f 1112/1625/463 1113/1626/464 1114/1627/464 1115/1628/463
f 1115/1628/463 1114/1627/464 1116/1629/464 1117/1630/463
f 1117/1630/463 1110/1623/462 1108/1621/462 1115/1628/463
f 1115/1628/463 1108/1621/462 1107/1620/462 1112/1625/463
f 1118/1631/465 1119/1632/466 1120/1633/467 1121/1634/465
f 1121/1634/465 1120/1633/467 1122/1635/468 1123/1636/465
f 1123/1636/465 1116/1629/464 1114/1627/464 1121/1634/465
f 1121/1634/465 1114/1627/464 1113/1626/464 1118/1631/465
f 1124/1637/469 1125/1638/470 1126/1639/470 1127/1640/469
f 1127/1640/469 1126/1639/470 1128/1641/470 1129/1642/469
f 1129/1642/469 1122/1635/468 1120/1633/467 1127/1640/469
f 1127/1640/469 1120/1633/467 1119/1632/466 1124/1637/469
f 1130/1643/471 1131/1644/472 1132/1645/472 1133/1646/471
f 1133/1646/471 1132/1645/472 1134/1647/472 1135/1648/471
f 1135/1648/471 1128/1641/470 1126/1639/470 1133/1646/471
f 1133/1646/471 1126/1639/470 1125/1638/470 1130/1643/471
f 1136/1649/473 1137/1650/11 1138/1651/11 1139/1652/473
f 1139/1652/473 1138/1651/11 1140/1653/11 1141/1654/473
f 1141/1654/473 1134/1647/472 1132/1645/472 1139/1652/473
f 1139/1652/473 1132/1645/472 1131/1644/472 1136/1649/473
f 1142/1655/474 1143/1656/475 1144/1657/475 1145/1658/474
f 1145/1658/474 1144/1657/475 1146/1659/475 1147/1660/474
f 1147/1660/474 1140/1661/11 1138/1662/11 1145/1658/474
f 1145/1658/474 1138/1662/11 1137/1663/11 1142/1655/474
f 1148/1664/476 1149/1665/477 1150/1666/477 1151/1667/476
f 1151/1667/476 1150/1666/477 1152/1668/477 1153/1669/476
f 1153/1669/476 1146/1659/475 1144/1657/475 1151/1667/476
f 1151/1667/476 1144/1657/475 1143/1656/475 1148/1664/476
f 1154/1670/478 1155/1671/479 1156/1672/479 1157/1673/478
f 1157/1673/478 1156/1672/479 1158/1674/479 1159/1675/478
f 1159/1675/478 1152/1668/477 1150/1666/477 1157/1673/478
f 1157/1673/478 1150/1666/477 1149/1665/477 1154/1670/478
f 1160/1676/480 1161/1677/481 1162/1678/481 1163/1679/480
f 1163/1679/480 1162/1678/481 1164/1680/481 1165/1681/480
f 1165/1681/480 1158/1674/479 1156/1672/479 1163/1679/480
f 1163/1679/480 1156/1672/479 1155/1671/479 1160/1676/480
f 1166/1682/482 1167/1683/483 1168/1684/483 1169/1685/482
f 1169/1685/482 1168/1684/483 1170/1686/483 1171/1687/482
f 1171/1687/482 1164/1680/481 1162/1678/481 1169/1685/482
f 1169/1685/482 1162/1678/481 1161/1677/481 1166/1682/482
f 1172/1688/484 1173/1689/485 1174/1690/485 1175/1691/484
f 1175/1691/484 1174/1690/485 1176/1692/485 1177/1693/484
f 1177/1693/484 1170/1686/483 1168/1684/483 1175/1691/484
f 1175/1691/484 1168/1684/483 1167/1683/483 1172/1688/484
f 1178/1694/486 1179/1695/487 1180/1696/487 1181/1697/486
f 1181/1697/486 1180/1696/487 1182/1698/487 1183/1699/486
f 1183/1699/486 1176/1692/485 1174/1690/485 1181/1697/486
f 1181/1697/486 1174/1690/485 1173/1689/485 1178/1694/486
f 1184/1700/488 1185/1701/489 1186/1702/489 1187/1703/488
f 1187/1703/488 1186/1702/489 1188/1704/489 1189/1705/488
f 1189/1705/488 1182/1698/487 1180/1696/487 1187/1703/488
f 1187/1703/488 1180/1696/487 1179/1695/487 1184/1700/488
f 1190/1706/490 1191/1707/491 1192/1708/491 1193/1709/490
f 1193/1709/490 1192/1708/491 1194/1710/491 1195/1711/490
f 1195/1711/490 1188/1704/489 1186/1702/489 1193/1709/490
f 1193/1709/490 1186/1702/489 1185/1701/489 1190/1706/490
f 1196/1712/492 1197/1713/493 1198/1714/493 1199/1715/492
f 1199/1715/492 1198/1714/493 1200/1716/493 1201/1717/492
f 1201/1717/492 1194/1710/491 1192/1708/491 1199/1715/492
f 1199/1715/492 1192/1708/491 1191/1707/491 1196/1712/492
f 1202/1718/494 1203/1719/495 1204/1720/495 1205/1721/494
f 1205/1721/494 1204/1720/495 1206/1722/495 1207/1723/494
f 1207/1723/494 1200/1716/493 1198/1714/493 1205/1721/494
f 1205/1721/494 1198/1714/493 1197/1713/493 1202/1718/494
f 1208/1724/496 1209/1725/497 1210/1726/497 1211/1727/496
f 1211/1727/496 1210/1726/497 1212/1728/497 1213/1729/496
f 1213/1729/496 1206/1722/495 1204/1720/495 1211/1727/496
f 1211/1727/496 1204/1720/495 1203/1719/495 1208/1724/496
f 1214/1730/498 1215/1731/499 1216/1732/499 1217/1733/498
f 1217/1733/498 1216/1732/499 1218/1734/499 1219/1735/498
f 1219/1735/498 1212/1728/497 1210/1726/497 1217/1733/498
f 1217/1733/498 1210/1726/497 1209/1725/497 1214/1730/498
f 1220/1736/500 1221/1737/501 1222/1738/501 1223/1739/500
f 1223/1739/500 1222/1738/501 1224/1740/501 1225/1741/500
f 1225/1741/500 1218/1734/499 1216/1732/499 1223/1739/500
f 1223/1739/500 1216/1732/499 1215/1731/499 1220/1736/500
f 1226/1742/502 877/1387/42 876/1386/42 1227/1743/503
f 1227/1743/503 876/1386/42 875/1385/42 1228/1744/503
f 1228/1744/503 1224/1740/501 1222/1738/501 1227/1743/503
f 1227/1743/503 1222/1738/501 1221/1737/501 1226/1742/502
f 1229/1745/504 1230/1746/505 1231/1747/506 1232/1748/507
f 1232/1748/507 1231/1747/506 1233/1749/508 1234/1750/509
f 1234/1750/509 1235/1751/24 1236/1752/24 1232/1748/507
f 1232/1748/507 1236/1752/24 1237/1753/24 1229/1745/504
f 1238/1754/510 1239/1755/511 1240/1756/512 1241/1757/513
f 1241/1757/513 1240/1756/512 1242/1758/514 1243/1759/515
f 1243/1759/515 1244/1760/25 1245/1761/25 1241/1757/513
f 1241/1757/513 1245/1761/25 1246/1762/25 1238/1754/510
f 1247/1763/516 1248/1764/517 1249/1765/518 1250/1766/519
f 1250/1766/519 1249/1765/518 1230/1746/505 1229/1745/504
f 1229/1745/504 1237/1753/24 1251/1767/24 1250/1766/519
f 1250/1766/519 1251/1767/24 1252/1768/24 1247/1763/516
f 1243/1759/515 1242/1758/514 1253/1769/520 1254/1770/521
f 1254/1770/521 1253/1769/520 1255/1771/522 1256/1772/523
f 1256/1772/523 1257/1773/25 1258/1774/25 1254/1770/521
f 1254/1770/521 1258/1774/25 1244/1760/25 1243/1759/515
f 1259/1775/524 1260/1776/525 1261/1777/526 1262/1778/527
f 1262/1778/527 1261/1777/526 1248/1764/517 1247/1763/516
f 1247/1763/516 1252/1768/24 1263/1779/24 1262/1778/527
f 1262/1778/527 1263/1779/24 1264/1780/24 1259/1775/524
f 1256/1772/523 1255/1771/522 1265/1781/528 1266/1782/529
f 1266/1782/529 1265/1781/528 1267/1783/530 1268/1784/531
f 1268/1784/531 1269/1785/25 1270/1786/25 1266/1782/529
f 1266/1782/529 1270/1786/25 1257/1773/25 1256/1772/523
f 1271/1787/532 1272/1788/533 1273/1789/534 1274/1790/535
f 1274/1790/535 1273/1789/534 1260/1776/525 1259/1775/524
f 1259/1775/524 1264/1780/24 1275/1791/24 1274/1790/535
f 1274/1790/535 1275/1791/24 1276/1792/24 1271/1787/532
f 1268/1784/531 1267/1783/530 1277/1793/536 1278/1794/537
f 1278/1794/537 1277/1793/536 1279/1795/538 1280/1796/539
f 1280/1796/539 1281/1797/25 1282/1798/25 1278/1794/537
f 1278/1794/537 1282/1798/25 1269/1785/25 1268/1784/531
f 1283/1799/540 1284/1800/541 1285/1801/542 1286/1802/543
f 1286/1802/543 1285/1801/542 1272/1788/533 1271/1787/532
f 1271/1787/532 1276/1792/24 1287/1803/24 1286/1802/543
f 1286/1802/543 1287/1803/24 1288/1804/24 1283/1799/540
f 1280/1796/539 1279/1795/538 1289/1805/544 1290/1806/545
f 1290/1806/545 1289/1805/544 1291/1807/546 1292/1808/547
f 1292/1808/547 1293/1809/25 1294/1810/25 1290/1806/545
f 1290/1806/545 1294/1810/25 1281/1797/25 1280/1796/539
f 1295/1811/548 1296/1812/549 1297/1813/550 1298/1814/551
f 1298/1814/551 1297/1813/550 1284/1800/541 1283/1799/540
f 1283/1799/540 1288/1804/24 1299/1815/24 1298/1814/551
f 1298/1814/551 1299/1815/24 1300/1816/24 1295/1811/548
f 1292/1808/547 1291/1807/546 1301/1817/552 1302/1818/553
f 1302/1818/553 1301/1817/552 1303/1819/554 1304/1820/555
f 1304/1820/555 1305/1821/25 1306/1822/25 1302/1818/553
f 1302/1818/553 1306/1822/25 1293/1809/25 1292/1808/547
f 1307/1823/556 1308/1824/557 1309/1825/558 1310/1826/559
f 1310/1826/559 1309/1825/558 1296/1812/549 1295/1811/548
f 1295/1811/548 1300/1816/24 1311/1827/24 1310/1826/559
f 1310/1826/559 1311/1827/24 1312/1828/24 1307/1823/556
f 1304/1820/555 1303/1819/554 1313/1829/560 1314/1830/561
f 1314/1830/561 1313/1829/560 1315/1831/562 1316/1832/563
f 1316/1832/563 1317/1833/25 1318/1834/25 1314/1830/561
f 1314/1830/561 1318/1834/25 1305/1821/25 1304/1820/555
f 1319/1835/564 1320/1836/565 1321/1837/566 1322/1838/567
f 1322/1838/567 1321/1837/566 1308/1824/557 1307/1823/556
f 1307/1823/556 1312/1828/24 1323/1839/24 1322/1838/567
f 1322/1838/567 1323/1839/24 1324/1840/24 1319/1835/564
f 1316/1832/563 1315/1831/562 1325/1841/568 1326/1842/569
f 1326/1842/569 1325/1841/568 1327/1843/570 1328/1844/571
f 1328/1844/571 1329/1845/25 1330/1846/25 1326/1842/569
f 1326/1842/569 1330/1846/25 1317/1833/25 1316/1832/563
f 1331/1847/572 1332/1848/573 1333/1849/574 1334/1850/575
f 1334/1850/575 1333/1849/574 1320/1836/565 1319/1835/564
f 1319/1835/564 1324/1840/24 1335/1851/24 1334/1850/575
f 1334/1850/575 1335/1851/24 1336/1852/24 1331/1847/572
f 1328/1844/571 1327/1843/570 1337/1853/576 1338/1854/577
f 1338/1854/577 1337/1853/576 1339/1855/578 1340/1856/579
f 1340/1856/579 1341/1857/25 1342/1858/25 1338/1854/577
f 1338/1854/577 1342/1858/25 1329/1845/25 1328/1844/571
f 1343/1859/580 1344/1860/581 1345/1861/582 1346/1862/583
f 1346/1862/583 1345/1861/582 1332/1848/573 1331/1847/572
f 1331/1847/572 1336/1852/24 1347/1863/24 1346/1862/583
f 1346/1862/583 1347/1863/24 1348/1864/24 1343/1859/580
f 1340/1856/579 1339/1855/578 1349/1865/584 1350/1866/585
f 1350/1866/585 1349/1865/584 1351/1867/586 1352/1868/587
f 1352/1868/587 1353/1869/25 1354/1870/25 1350/1866/585
f 1350/1866/585 1354/1870/25 1341/1857/25 1340/1856/579
f 1355/1871/588 1356/1872/589 1357/1873/590 1358/1874/591
f 1358/1874/591 1357/1873/590 1344/1860/581 1343/1859/580
f 1343/1859/580 1348/1864/24 1359/1875/24 1358/1874/591
f 1358/1874/591 1359/1875/24 1360/1876/24 1355/1871/588
f 1352/1868/587 1351/1867/586 1361/1877/592 1362/1878/593
f 1362/1878/593 1361/1877/592 1363/1879/594 1364/1880/595
f 1364/1880/595 1365/1881/25 1366/1882/25 1362/1878/593
f 1362/1878/593 1366/1882/25 1353/1869/25 1352/1868/587
f 1367/1883/596 1368/1884/597 1369/1885/598 1370/1886/599
f 1370/1886/599 1369/1885/598 1356/1872/589 1355/1871/588
f 1355/1871/588 1360/1876/24 1371/1887/24 1370/1886/599
f 1370/1886/599 1371/1887/24 1372/1888/24 1367/1883/596
f 1364/1880/595 1363/1879/594 1373/1889/600 1374/1890/601
f 1374/1890/601 1373/1889/600 1375/1891/602 1376/1892/603
f 1376/1892/603 1377/1893/25 1378/1894/25 1374/1890/601
f 1374/1890/601 1378/1894/25 1365/1881/25 1364/1880/595
f 1379/1895/604 1380/1896/605 1381/1897/606 1382/1898/607
f 1382/1898/607 1381/1897/606 1368/1884/597 1367/1883/596
f 1367/1883/596 1372/1888/24 1383/1899/24 1382/1898/607
f 1382/1898/607 1383/1899/24 1384/1900/24 1379/1895/604
f 1376/1892/603 1375/1891/602 1385/1901/608 1386/1902/609
f 1386/1902/609 1385/1901/608 1387/1903/610 1388/1904/611
f 1388/1904/611 1389/1905/25 1390/1906/25 1386/1902/609
f 1386/1902/609 1390/1906/25 1377/1893/25 1376/1892/603
f 1391/1907/612 1392/1908/613 1393/1909/614 1394/1910/615
f 1394/1910/615 1393/1909/614 1380/1896/605 1379/1895/604
f 1379/1895/604 1384/1900/24 1395/1911/24 1394/1910/615
f 1394/1910/615 1395/1911/24 1396/1912/24 1391/1907/612
f 1388/1904/611 1387/1903/610 1397/1913/616 1398/1914/617
f 1398/1914/617 1397/1913/616 1399/1915/618 1400/1916/619
f 1400/1916/619 1401/1917/25 1402/1918/25 1398/1914/617
f 1398/1914/617 1402/1918/25 1389/1905/25 1388/1904/611
f 1403/1919/620 1404/1920/621 1405/1921/622 1406/1922/623
f 1406/1922/623 1405/1921/622 1392/1908/613 1391/1907/612
f 1391/1907/612 1396/1912/24 1407/1923/24 1406/1922/623
f 1406/1922/623 1407/1923/24 1408/1924/24 1403/1919/620
f 1400/1916/619 1399/1915/618 1409/1925/624 1410/1926/625
f 1410/1926/625 1409/1925/624 1411/1927/626 1412/1928/627
f 1412/1928/627 1413/1929/25 1414/1930/25 1410/1926/625
f 1410/1926/625 1414/1930/25 1401/1917/25 1400/1916/619
f 1415/1931/628 1416/1932/629 1417/1933/630 1418/1934/631
f 1418/1934/631 1417/1933/630 1404/1920/621 1403/1919/620
f 1403/1919/620 1408/1924/24 1419/1935/24 1418/1934/631
f 1418/1934/631 1419/1935/24 1420/1936/24 1415/1931/628
f 1412/1928/627 1411/1927/626 1421/1937/632 1422/1938/633
f 1422/1938/633 1421/1937/632 1423/1939/634 1424/1940/635
f 1424/1940/635 1425/1941/25 1426/1942/25 1422/1938/633
f 1422/1938/633 1426/1942/25 1413/1929/25 1412/1928/627
f 1427/1943/636 1428/1944/637 1429/1945/638 1430/1946/639
f 1430/1946/639 1429/1945/638 1416/1932/629 1415/1931/628
f 1415/1931/628 1420/1936/24 1431/1947/24 1430/1946/639
f 1430/1946/639 1431/1947/24 1432/1948/24 1427/1943/636
f 1424/1940/635 1423/1939/634 1433/1949/640 1434/1950/641
f 1434/1950/641 1433/1949/640 1435/1951/642 1436/1952/643
f 1436/1952/643 1437/1953/25 1438/1954/25 1434/1950/641
f 1434/1950/641 1438/1954/25 1425/1941/25 1424/1940/635
f 1439/1955/644 1440/1956/645 1441/1957/646 1442/1958/647
f 1442/1958/647 1441/1957/646 1428/1944/637 1427/1943/636
f 1427/1943/636 1432/1948/24 1443/1959/24 1442/1958/647
f 1442/1958/647 1443/1959/24 1444/1960/24 1439/1955/644
f 1436/1952/643 1435/1951/642 1445/1961/648 1446/1962/649
f 1446/1962/649 1445/1961/648 1447/1963/650 1448/1964/651
f 1448/1964/651 1449/1965/25 1450/1966/25 1446/1962/649
f 1446/1962/649 1450/1966/25 1437/1953/25 1436/1952/643
f 1451/1967/652 1452/1968/653 1453/1969/654 1454/1970/655
f 1454/1970/655 1453/1969/654 1440/1956/645 1439/1955/644
f 1439/1955/644 1444/1960/24 1455/1971/24 1454/1970/655
f 1454/1970/655 1455/1971/24 1456/1972/24 1451/1967/652
f 1448/1964/651 1447/1963/650 1457/1973/656 1458/1974/657
f 1458/1974/657 1457/1973/656 1459/1975/658 1460/1976/659
f 1460/1976/659 1461/1977/25 1462/1978/25 1458/1974/657
f 1458/1974/657 1462/1978/25 1449/1965/25 1448/1964/651
f 1463/1979/660 1464/1980/661 1465/1981/662 1466/1982/663
f 1466/1982/663 1465/1981/662 1452/1968/653 1451/1967/652
f 1451/1967/652 1456/1972/24 1467/1983/24 1466/1982/663
f 1466/1982/663 1467/1983/24 1468/1984/24 1463/1979/660
f 1460/1976/659 1459/1975/658 1469/1985/664 1470/1986/665
f 1470/1986/665 1469/1985/664 1471/1987/666 1472/1988/667
f 1472/1988/667 1473/1989/25 1474/1990/25 1470/1986/665
f 1470/1986/665 1474/1990/25 1461/1977/25 1460/1976/659
f 1475/1991/668 1476/1992/669 1477/1993/670 1478/1994/671
f 1478/1994/671 1477/1993/670 1464/1980/661 1463/1979/660
f 1463/1979/660 1468/1984/24 1479/1995/24 1478/1994/671
f 1478/1994/671 1479/1995/24 1480/1996/24 1475/1991/668
f 1472/1988/667 1471/1987/666 1481/1997/672 1482/1998/673
f 1482/1998/673 1481/1997/672 1483/1999/674 1484/2000/675
f 1484/2000/675 1485/2001/25 1486/2002/25 1482/1998/673
f 1482/1998/673 1486/2002/25 1473/1989/25 1472/1988/667
f 1487/2003/676 1488/2004/677 1489/2005/678 1490/2006/679
f 1490/2006/679 1489/2005/678 1476/1992/669 1475/1991/668
f 1475/1991/668 1480/1996/24 1491/2007/24 1490/2006/679
f 1490/2006/679 1491/2007/24 1492/2008/24 1487/2003/676
f 1484/2000/675 1483/1999/674 1493/2009/680 1494/2010/681
f 1494/2010/681 1493/2009/680 1495/2011/682 1496/2012/683
f 1496/2012/683 1497/2013/25 1498/2014/25 1494/2010/681
f 1494/2010/681 1498/2014/25 1485/2001/25 1484/2000/675
f 1499/2015/684 1500/2016/685 1501/2017/686 1502/2018/687
f 1502/2018/687 1501/2017/686 1488/2004/677 1487/2003/676
f 1487/2003/676 1492/2008/24 1503/2019/24 1502/2018/687
f 1502/2018/687 1503/2019/24 1504/2020/24 1499/2015/684
f 1496/2012/683 1495/2011/682 1505/2021/688 1506/2022/689
f 1506/2022/689 1505/2021/688 1507/2023/690 1508/2024/691
f 1508/2024/691 1509/2025/25 1510/2026/25 1506/2022/689
f 1506/2022/689 1510/2026/25 1497/2013/25 1496/2012/683
f 1511/2027/692 1512/2028/693 1513/2029/694 1514/2030/695
f 1514/2030/695 1513/2029/694 1500/2016/685 1499/2015/684
f 1499/2015/684 1504/2020/24 1515/2031/24 1514/2030/695
f 1514/2030/695 1515/2031/24 1516/2032/24 1511/2027/692
f 1508/2024/691 1507/2023/690 1517/2033/696 1518/2034/697
f 1518/2034/697 1517/2033/696 1519/2035/698 1520/2036/699
f 1520/2036/699 1521/2037/25 1522/2038/25 1518/2034/697
f 1518/2034/697 1522/2038/25 1509/2025/25 1508/2024/691
f 1523/2039/700 1524/2040/701 1525/2041/702 1526/2042/703
f 1526/2042/703 1525/2041/702 1512/2028/693 1511/2027/692
f 1511/2027/692 1516/2032/24 1527/2043/24 1526/2042/703
f 1526/2042/703 1527/2043/24 1528/2044/24 1523/2039/700
f 1520/2036/699 1519/2035/698 1529/2045/704 1530/2046/705
f 1530/2046/705 1529/2045/704 1531/2047/706 1532/2048/707
f 1532/2048/707 1533/2049/25 1534/2050/25 1530/2046/705
f 1530/2046/705 1534/2050/25 1521/2037/25 1520/2036/699
f 1535/2051/708 1536/2052/709 1537/2053/710 1538/2054/711
f 1538/2054/711 1537/2053/710 1524/2040/701 1523/2039/700
f 1523/2039/700 1528/2044/24 1539/2055/24 1538/2054/711
f 1538/2054/711 1539/2055/24 1540/2056/24 1535/2051/708
f 1532/2048/707 1531/2047/706 1541/2057/712 1542/2058/713
f 1542/2058/713 1541/2057/712 1543/2059/714 1544/2060/715
f 1544/2060/715 1545/2061/25 1546/2062/25 1542/2058/713
f 1542/2058/713 1546/2062/25 1533/2049/25 1532/2048/707
f 1547/2063/716 1548/2064/717 1549/2065/718 1550/2066/719
f 1550/2066/719 1549/2065/718 1536/2052/709 1535/2051/708
f 1535/2051/708 1540/2056/24 1551/2067/24 1550/2066/719
f 1550/2066/719 1551/2067/24 1552/2068/24 1547/2063/716
f 1544/2060/715 1543/2059/714 1553/2069/720 1554/2070/721
f 1554/2070/721 1553/2069/720 1555/2071/722 1556/2072/723
f 1556/2072/723 1557/2073/25 1558/2074/25 1554/2070/721
f 1554/2070/721 1558/2074/25 1545/2061/25 1544/2060/715
f 1559/2075/724 1560/2076/725 1561/2077/726 1562/2078/727
f 1562/2078/727 1561/2077/726 1548/2064/717 1547/2063/716
f 1547/2063/716 1552/2068/24 1563/2079/24 1562/2078/727
f 1562/2078/727 1563/2079/24 1564/2080/24 1559/2075/724
f 1556/2072/723 1555/2071/722 1565/2081/728 1566/2082/729
f 1566/2082/729 1565/2081/728 1567/2083/730 1568/2084/731
f 1568/2084/731 1569/2085/25 1570/2086/25 1566/2082/729
f 1566/2082/729 1570/2086/25 1557/2073/25 1556/2072/723
f 1571/2087/732 1572/2088/733 1573/2089/734 1574/2090/735
f 1574/2090/735 1573/2089/734 1560/2076/725 1559/2075/724
f 1559/2075/724 1564/2080/24 1575/2091/24 1574/2090/735
f 1574/2090/735 1575/2091/24 1576/2092/24 1571/2087/732
f 1568/2084/731 1567/2083/730 1577/2093/736 1578/2094/737
f 1578/2094/737 1577/2093/736 1579/2095/738 1580/2096/739
f 1580/2096/739 1581/2097/25 1582/2098/25 1578/2094/737
f 1578/2094/737 1582/2098/25 1569/2085/25 1568/2084/731
f 1583/2099/740 1584/2100/741 1585/2101/742 1586/2102/743
f 1586/2102/743 1585/2101/742 1572/2088/733 1571/2087/732
f 1571/2087/732 1576/2092/24 1587/2103/24 1586/2102/743
f 1586/2102/743 1587/2103/24 1588/2104/24 1583/2099/740
f 1580/2096/739 1579/2095/738 1589/2105/744 1590/2106/745
f 1590/2106/745 1589/2105/744 1591/2107/746 1592/2108/747
f 1592/2108/747 1593/2109/25 1594/2110/25 1590/2106/745
f 1590/2106/745 1594/2110/25 1581/2097/25 1580/2096/739
f 1595/2111/748 1596/2112/749 1597/2113/750 1598/2114/751
f 1598/2114/751 1597/2113/750 1584/2100/741 1583/2099/740
f 1583/2099/740 1588/2104/24 1599/2115/24 1598/2114/751
f 1598/2114/751 1599/2115/24 1600/2116/24 1595/2111/748
f 1592/2108/747 1591/2107/746 1601/2117/752 1602/2118/753
f 1602/2118/753 1601/2117/752 1603/2119/754 1604/2120/755
f 1604/2120/755 1605/2121/25 1606/2122/25 1602/2118/753
f 1602/2118/753 1606/2122/25 1593/2109/25 1592/2108/747
f 1607/2123/756 1608/2124/757 1609/2125/758 1610/2126/759
f 1610/2126/759 1609/2125/758 1596/2112/749 1595/2111/748
f 1595/2111/748 1600/2116/24 1611/2127/24 1610/2126/759
f 1610/2126/759 1611/2127/24 1612/2128/24 1607/2123/756
f 1604/2120/755 1603/2119/754 1613/2129/760 1614/2130/761
f 1614/2130/761 1613/2129/760 1615/2131/762 1616/2132/763
f 1616/2132/763 1617/2133/25 1618/2134/25 1614/2130/761
f 1614/2130/761 1618/2134/25 1605/2121/25 1604/2120/755
f 1619/2135/764 1620/2136/765 1621/2137/766 1622/2138/767
f 1622/2138/767 1621/2137/766 1608/2124/757 1607/2123/756
f 1607/2123/756 1612/2128/24 1623/2139/24 1622/2138/767
f 1622/2138/767 1623/2139/24 1624/2140/24 1619/2135/764
f 1616/2132/763 1615/2131/762 1625/2141/768 1626/2142/769
f 1626/2142/769 1625/2141/768 1627/2143/770 1628/2144/771
f 1628/2144/771 1629/2145/25 1630/2146/25 1626/2142/769
f 1626/2142/769 1630/2146/25 1617/2133/25 1616/2132/763
f 1631/2147/772 1632/2148/773 1633/2149/774 1634/2150/775
f 1634/2150/775 1633/2149/774 1620/2136/765 1619/2135/764
f 1619/2135/764 1624/2140/24 1635/2151/24 1634/2150/775
f 1634/2150/775 1635/2151/24 1636/2152/24 1631/2147/772
f 1628/2144/771 1627/2143/770 1637/2153/776 1638/2154/777
f 1638/2154/777 1637/2153/776 1639/2155/778 1640/2156/779
f 1640/2156/779 1641/2157/25 1642/2158/25 1638/2154/777
f 1638/2154/777 1642/2158/25 1629/2145/25 1628/2144/771
f 1643/2159/780 1644/2160/781 1645/2161/782 1646/2162/783
f 1646/2162/783 1645/2161/782 1632/2148/773 1631/2147/772
f 1631/2147/772 1636/2152/24 1647/2163/24 1646/2162/783
f 1646/2162/783 1647/2163/24 1648/2164/24 1643/2159/780
f 1640/2156/779 1639/2155/778 1649/2165/784 1650/2166/785
f 1650/2166/785 1649/2165/784 1651/2167/786 1652/2168/787
f 1652/2168/787 1653/2169/25 1654/2170/25 1650/2166/785
f 1650/2166/785 1654/2170/25 1641/2157/25 1640/2156/779
f 1655/2171/788 1656/2172/789 1657/2173/790 1658/2174/791
f 1658/2174/791 1657/2173/790 1644/2160/781 1643/2159/780
f 1643/2159/780 1648/2164/24 1659/2175/24 1658/2174/791
f 1658/2174/791 1659/2175/24 1660/2176/24 1655/2171/788
f 1652/2168/787 1651/2167/786 1661/2177/792 1662/2178/793
f 1662/2178/793 1661/2177/792 1663/2179/794 1664/2180/795
f 1664/2180/795 1665/2181/25 1666/2182/25 1662/2178/793
f 1662/2178/793 1666/2182/25 1653/2169/25 1652/2168/787
f 1667/2183/796 1668/2184/797 1669/2185/798 1670/2186/799
f 1670/2186/799 1669/2185/798 1656/2172/789 1655/2171/788
f 1655/2171/788 1660/2176/24 1671/2187/24 1670/2186/799
f 1670/2186/799 1671/2187/24 1672/2188/24 1667/2183/796
f 1664/2180/795 1663/2179/794 1673/2189/800 1674/2190/801
f 1674/2190/801 1673/2189/800 1675/2191/802 1676/2192/803
f 1676/2192/803 1677/2193/25 1678/2194/25 1674/2190/801
f 1674/2190/801 1678/2194/25 1665/2181/25 1664/2180/795
f 1679/2195/804 1680/2196/805 1681/2197/806 1682/2198/807
f 1682/2198/807 1681/2197/806 1668/2184/797 1667/2183/796
f 1667/2183/796 1672/2188/24 1683/2199/24 1682/2198/807
f 1682/2198/807 1683/2199/24 1684/2200/24 1679/2195/804
f 1676/2192/803 1675/2191/802 1685/2201/808 1686/2202/809
f 1686/2202/809 1685/2201/808 1687/2203/810 1688/2204/811
f 1688/2204/811 1689/2205/25 1690/2206/25 1686/2202/809
f 1686/2202/809 1690/2206/25 1677/2193/25 1676/2192/803
f 1691/2207/812 1692/2208/813 1693/2209/814 1694/2210/815
f 1694/2210/815 1693/2209/814 1680/2196/805 1679/2195/804
f 1679/2195/804 1684/2200/24 1695/2211/24 1694/2210/815
f 1694/2210/815 1695/2211/24 1696/2212/24 1691/2207/812
f 1688/2204/811 1687/2203/810 1697/2213/816 1698/2214/817
f 1698/2214/817 1697/2213/816 1699/2215/818 1700/2216/819
f 1700/2216/819 1701/2217/25 1702/2218/25 1698/2214/817
f 1698/2214/817 1702/2218/25 1689/2205/25 1688/2204/811
f 1703/2219/820 1704/2220/821 1705/2221/822 1706/2222/823
f 1706/2222/823 1705/2221/822 1692/2208/813 1691/2207/812
f 1691/2207/812 1696/2212/24 1707/2223/24 1706/2222/823
f 1706/2222/823 1707/2223/24 1708/2224/24 1703/2219/820
f 1700/2216/819 1699/2215/818 1709/2225/824 1710/2226/825
f 1710/2226/825 1709/2225/824 1711/2227/826 1712/2228/827
f 1712/2228/827 1713/2229/25 1714/2230/25 1710/2226/825
f 1710/2226/825 1714/2230/25 1701/2217/25 1700/2216/819
f 1715/2231/828 1716/2232/829 1717/2233/830 1718/2234/831
f 1718/2234/831 1717/2233/830 1704/2220/821 1703/2219/820
f 1703/2219/820 1708/2224/24 1719/2235/24 1718/2234/831
f 1718/2234/831 1719/2235/24 1720/2236/24 1715/2231/828
f 1712/2228/827 1711/2227/826 1721/2237/832 1722/2238/833
f 1722/2238/833 1721/2237/832 1723/2239/834 1724/2240/835
f 1724/2240/835 1725/2241/25 1726/2242/25 1722/2238/833
f 1722/2238/833 1726/2242/25 1713/2229/25 1712/2228/827
f 1727/2243/836 1728/2244/837 1729/2245/838 1730/2246/839
f 1730/2246/839 1729/2245/838 1716/2232/829 1715/2231/828
f 1715/2231/828 1720/2236/24 1731/2247/24 1730/2246/839
f 1730/2246/839 1731/2247/24 1732/2248/24 1727/2243/836
f 1724/2240/835 1723/2239/834 1733/2249/840 1734/2250/841
f 1734/2250/841 1733/2249/840 1735/2251/842 1736/2252/843
f 1736/2252/843 1737/2253/25 1738/2254/25 1734/2250/841
f 1734/2250/841 1738/2254/25 1725/2241/25 1724/2240/835
f 1739/2255/844 1740/2256/845 1741/2257/846 1742/2258/847
f 1742/2258/847 1741/2257/846 1728/2244/837 1727/2243/836
f 1727/2243/836 1732/2248/24 1743/2259/24 1742/2258/847
f 1742/2258/847 1743/2259/24 1744/2260/24 1739/2255/844
f 1736/2252/843 1735/2251/842 1745/2261/848 1746/2262/849
f 1746/2262/849 1745/2261/848 1747/2263/850 1748/2264/851
f 1748/2264/851 1749/2265/25 1750/2266/25 1746/2262/849
f 1746/2262/849 1750/2266/25 1737/2253/25 1736/2252/843
f 1751/2267/852 1752/2268/853 1753/2269/854 1754/2270/855
f 1754/2270/855 1753/2269/854 1740/2256/845 1739/2255/844
f 1739/2255/844 1744/2260/24 1755/2271/24 1754/2270/855
f 1754/2270/855 1755/2271/24 1756/2272/24 1751/2267/852
f 1748/2264/851 1747/2263/850 1757/2273/856 1758/2274/857
f 1758/2274/857 1757/2273/856 1759/2275/858 1760/2276/859
f 1760/2276/859 1761/2277/25 1762/2278/25 1758/2274/857
f 1758/2274/857 1762/2278/25 1749/2265/25 1748/2264/851
f 1763/2279/860 1764/2280/861 1765/2281/862 1766/2282/863
f 1766/2282/863 1765/2281/862 1752/2268/853 1751/2267/852
f 1751/2267/852 1756/2272/24 1767/2283/24 1766/2282/863
f 1766/2282/863 1767/2283/24 1768/2284/24 1763/2279/860
f 1760/2276/859 1759/2275/858 1769/2285/864 1770/2286/865
f 1770/2286/865 1769/2285/864 1771/2287/866 1772/2288/867
f 1772/2288/867 1773/2289/25 1774/2290/25 1770/2286/865
f 1770/2286/865 1774/2290/25 1761/2277/25 1760/2276/859
f 1775/2291/868 1776/2292/869 1777/2293/870 1778/2294/871
f 1778/2294/871 1777/2293/870 1764/2280/861 1763/2279/860
f 1763/2279/860 1768/2284/24 1779/2295/24 1778/2294/871
f 1778/2294/871 1779/2295/24 1780/2296/24 1775/2291/868
f 1772/2288/867 1771/2287/866 1781/2297/872 1782/2298/873
f 1782/2298/873 1781/2297/872 1783/2299/874 1784/2300/875
f 1784/2300/875 1785/2301/25 1786/2302/25 1782/2298/873
f 1782/2298/873 1786/2302/25 1773/2289/25 1772/2288/867
f 1787/2303/876 1788/2304/877 1789/2305/878 1790/2306/879
f 1790/2306/879 1789/2305/878 1776/2292/869 1775/2291/868
f 1775/2291/868 1780/2296/24 1791/2307/24 1790/2306/879
f 1790/2306/879 1791/2307/24 1792/2308/24 1787/2303/876
f 1784/2300/875 1783/2299/874 1793/2309/880 1794/2310/881
f 1794/2310/881 1793/2309/880 1795/2311/882 1796/2312/883
f 1796/2312/883 1797/2313/25 1798/2314/25 1794/2310/881
f 1794/2310/881 1798/2314/25 1785/2301/25 1784/2300/875
f 1799/2315/884 1800/2316/885 1801/2317/886 1802/2318/887
f 1802/2318/887 1801/2317/886 1788/2304/877 1787/2303/876
f 1787/2303/876 1792/2308/24 1803/2319/24 1802/2318/887
f 1802/2318/887 1803/2319/24 1804/2320/24 1799/2315/884
f 1796/2312/883 1795/2311/882 1805/2321/888 1806/2322/889
f 1806/2322/889 1805/2321/888 1807/2323/890 1808/2324/891
f 1808/2324/891 1809/2325/25 1810/2326/25 1806/2322/889
f 1806/2322/889 1810/2326/25 1797/2313/25 1796/2312/883
f 1811/2327/892 1812/2328/893 1813/2329/894 1814/2330/895
f 1814/2330/895 1813/2329/894 1800/2316/885 1799/2315/884
f 1799/2315/884 1804/2320/24 1815/2331/24 1814/2330/895
f 1814/2330/895 1815/2331/24 1816/2332/24 1811/2327/892
f 1808/2324/891 1807/2323/890 1817/2333/896 1818/2334/897
f 1818/2334/897 1817/2333/896 1819/2335/898 1820/2336/899
f 1820/2336/899 1821/2337/25 1822/2338/25 1818/2334/897
f 1818/2334/897 1822/2338/25 1809/2325/25 1808/2324/891
f 1823/2339/900 1824/2340/901 1825/2341/902 1826/2342/903
f 1826/2342/903 1825/2341/902 1812/2328/893 1811/2327/892
f 1811/2327/892 1816/2332/24 1827/2343/24 1826/2342/903
f 1826/2342/903 1827/2343/24 1828/2344/24 1823/2339/900
f 1820/2336/899 1819/2335/898 1829/2345/904 1830/2346/905
f 1830/2346/905 1829/2345/904 1831/2347/906 1832/2348/907
f 1832/2348/907 1833/2349/25 1834/2350/25 1830/2346/905
f 1830/2346/905 1834/2350/25 1821/2337/25 1820/2336/899
f 1835/2351/908 1836/2352/909 1837/2353/910 1838/2354/911
f 1838/2354/911 1837/2353/910 1824/2340/901 1823/2339/900
f 1823/2339/900 1828/2344/24 1839/2355/24 1838/2354/911
f 1838/2354/911 1839/2355/24 1840/2356/24 1835/2351/908
f 1832/2348/907 1831/2347/906 1841/2357/912 1842/2358/913
f 1842/2358/913 1841/2357/912 1843/2359/914 1844/2360/915
f 1844/2360/915 1845/2361/25 1846/2362/25 1842/2358/913
f 1842/2358/913 1846/2362/25 1833/2349/25 1832/2348/907
f 1847/2363/916 1848/2364/917 1849/2365/918 1850/2366/919
f 1850/2366/919 1849/2365/918 1836/2352/909 1835/2351/908
f 1835/2351/908 1840/2356/24 1851/2367/24 1850/2366/919
f 1850/2366/919 1851/2367/24 1852/2368/24 1847/2363/916
f 1844/2360/915 1843/2359/914 1853/2369/920 1854/2370/921
f 1854/2370/921 1853/2369/920 1855/2371/922 1856/2372/923
f 1856/2372/923 1857/2373/25 1858/2374/25 1854/2370/921
f 1854/2370/921 1858/2374/25 1845/2361/25 1844/2360/915
f 1859/2375/924 1860/2376/925 1861/2377/926 1862/2378/927
f 1862/2378/927 1861/2377/926 1848/2364/917 1847/2363/916
f 1847/2363/916 1852/2368/24 1863/2379/24 1862/2378/927
f 1862/2378/927 1863/2379/24 1864/2380/24 1859/2375/924
f 1856/2372/923 1855/2371/922 1865/2381/928 1866/2382/929
f 1866/2382/929 1865/2381/928 1867/2383/930 1868/2384/931
f 1868/2384/931 1869/2385/25 1870/2386/25 1866/2382/929
f 1866/2382/929 1870/2386/25 1857/2373/25 1856/2372/923
f 1871/2387/932 1872/2388/933 1873/2389/934 1874/2390/935
f 1874/2390/935 1873/2389/934 1860/2376/925 1859/2375/924
f 1859/2375/924 1864/2380/24 1875/2391/24 1874/2390/935
f 1874/2390/935 1875/2391/24 1876/2392/24 1871/2387/932
f 1868/2384/931 1867/2383/930 1877/2393/936 1878/2394/937
f 1878/2394/937 1877/2393/936 1879/2395/938 1880/2396/939
f 1880/2396/939 1881/2397/25 1882/2398/25 1878/2394/937
f 1878/2394/937 1882/2398/25 1869/2385/25 1868/2384/931
f 1883/2399/940 1884/2400/941 1885/2401/942 1886/2402/943
f 1886/2402/943 1885/2401/942 1872/2388/933 1871/2387/932
f 1871/2387/932 1876/2392/24 1887/2403/24 1886/2402/943
f 1886/2402/943 1887/2403/24 1888/2404/24 1883/2399/940
f 1880/2396/939 1879/2395/938 1889/2405/944 1890/2406/945
f 1890/2406/945 1889/2405/944 1891/2407/946 1892/2408/947
f 1892/2408/947 1893/2409/25 1894/2410/25 1890/2406/945
f 1890/2406/945 1894/2410/25 1881/2397/25 1880/2396/939
f 1895/2411/948 1896/2412/949 1897/2413/950 1898/2414/951
f 1898/2414/951 1897/2413/950 1884/2400/941 1883/2399/940
f 1883/2399/940 1888/2404/24 1899/2415/24 1898/2414/951
f 1898/2414/951 1899/2415/24 1900/2416/24 1895/2411/948
f 1892/2408/947 1891/2407/946 1901/2417/952 1902/2418/953
f 1902/2418/953 1901/2417/952 1903/2419/954 1904/2420/955
f 1904/2420/955 1905/2421/25 1906/2422/25 1902/2418/953
f 1902/2418/953 1906/2422/25 1893/2409/25 1892/2408/947
f 1907/2423/956 1908/2424/957 1909/2425/958 1910/2426/959
f 1910/2426/959 1909/2425/958 1896/2412/949 1895/2411/948
f 1895/2411/948 1900/2416/24 1911/2427/24 1910/2426/959
f 1910/2426/959 1911/2427/24 1912/2428/24 1907/2423/956
f 1904/2420/955 1903/2419/954 1913/2429/960 1914/2430/961
f 1914/2430/961 1913/2429/960 1915/2431/962 1916/2432/963
f 1916/2432/963 1917/2433/25 1918/2434/25 1914/2430/961
f 1914/2430/961 1918/2434/25 1905/2421/25 1904/2420/955
f 1919/2435/964 1920/2436/965 1921/2437/966 1922/2438/967
f 1922/2438/967 1921/2437/966 1908/2424/957 1907/2423/956
f 1907/2423/956 1912/2428/24 1923/2439/24 1922/2438/967
f 1922/2438/967 1923/2439/24 1924/2440/24 1919/2435/964
f 1916/2432/963 1915/2431/962 1925/2441/968 1926/2442/969
f 1926/2442/969 1925/2441/968 1927/2443/970 1928/2444/971
f 1928/2444/971 1929/2445/25 1930/2446/25 1926/2442/969
f 1926/2442/969 1930/2446/25 1917/2433/25 1916/2432/963
f 1931/2447/972 1932/2448/973 1933/2449/974 1934/2450/975
f 1934/2450/975 1933/2449/974 1920/2436/965 1919/2435/964
f 1919/2435/964 1924/2440/24 1935/2451/24 1934/2450/975
f 1934/2450/975 1935/2451/24 1936/2452/24 1931/2447/972
f 1928/2444/971 1927/2443/970 1937/2453/976 1938/2454/977
f 1938/2454/977 1937/2453/976 1939/2455/978 1940/2456/979
f 1940/2456/979 1941/2457/25 1942/2458/25 1938/2454/977
f 1938/2454/977 1942/2458/25 1929/2445/25 1928/2444/971
f 1234/1750/509 1233/1749/508 1943/2459/980 1944/2460/981
f 1944/2460/981 1943/2459/980 1932/2448/973 1931/2447/972
f 1931/2447/972 1936/2452/24 1945/2461/24 1944/2460/981
f 1944/2460/981 1945/2461/24 1235/1751/24 1234/1750/509
f 1940/2456/979 1939/2455/978 1946/2462/982 1947/2463/983
f 1947/2463/983 1946/2462/982 1239/1755/511 1238/1754/510
f 1238/1754/510 1246/1762/25 1948/2464/25 1947/2463/983
f 1947/2463/983 1948/2464/25 1941/2457/25 1940/2456/979
f 1949/2465/24 1237/1753/24 1236/1752/24 1950/2466/24
f 1950/2466/24 1236/1752/24 1235/1751/24 1951/2467/24
f 1951/2467/24 1952/2468/24 1953/2469/24 1950/2466/24
f 1949/2465/24 1950/2466/24 1953/2469/24 1954/2470/24
f 1955/2471/25 1246/1762/25 1245/1761/25 1956/2472/25
f 1956/2472/25 1245/1761/25 1244/1760/25 1957/2473/25
f 1957/2473/25 1958/2474/25 1959/2475/25 1956/2472/25
f 1955/2471/25 1956/2472/25 1959/2475/25 1960/2476/25
f 1961/2477/24 1252/1768/24 1251/1767/24 1962/2478/24
f 1962/2478/24 1251/1767/24 1237/1753/24 1949/2465/24
f 1949/2465/24 1954/2470/24 1963/2479/24 1962/2478/24
f 1961/2477/24 1962/2478/24 1963/2479/24 1964/2480/24
f 1957/2473/25 1244/1760/25 1258/1774/25 1965/2481/25
f 1965/2481/25 1258/1774/25 1257/1773/25 1966/2482/25
f 1966/2482/25 1967/2483/25 1968/2484/25 1965/2481/25
f 1957/2473/25 1965/2481/25 1968/2484/25 1958/2474/25
f 1969/2485/24 1264/1780/24 1263/1779/24 1970/2486/24
f 1970/2486/24 1263/1779/24 1252/1768/24 1961/2477/24
f 1961/2477/24 1964/2480/24 1971/2487/24 1970/2486/24
f 1969/2485/24 1970/2486/24 1971/2487/24 1972/2488/24
f 1966/2482/25 1257/1773/25 1270/1786/25 1973/2489/25
f 1973/2489/25 1270/1786/25 1269/1785/25 1974/2490/25
f 1974/2490/25 1975/2491/25 1976/2492/25 1973/2489/25
f 1966/2482/25 1973/2489/25 1976/2492/25 1967/2483/25
f 1977/2493/24 1276/1792/24 1275/1791/24 1978/2494/24
f 1978/2494/24 1275/1791/24 1264/1780/24 1969/2485/24
f 1969/2485/24 1972/2488/24 1979/2495/24 1978/2494/24
f 1977/2493/24 1978/2494/24 1979/2495/24 1980/2496/24
f 1974/2490/25 1269/1785/25 1282/1798/25 1981/2497/25
f 1981/2497/25 1282/1798/25 1281/1797/25 1982/2498/25
f 1982/2498/25 1983/2499/25 1984/2500/25 1981/2497/25
f 1974/2490/25 1981/2497/25 1984/2500/25 1975/2491/25
f 1985/2501/24 1288/1804/24 1287/1803/24 1986/2502/24
f 1986/2502/24 1287/1803/24 1276/1792/24 1977/2493/24
f 1977/2493/24 1980/2496/24 1987/2503/24 1986/2502/24
f 1985/2501/24 1986/2502/24 1987/2503/24 1988/2504/24
f 1982/2498/25 1281/1797/25 1294/1810/25 1989/2505/25
f 1989/2505/25 1294/1810/25 1293/1809/25 1990/2506/25
f 1990/2506/25 1991/2507/25 1992/2508/25 1989/2505/25
f 1982/2498/25 1989/2505/25 1992/2508/25 1983/2499/25
f 1993/2509/24 1300/1816/24 1299/1815/24 1994/2510/24
f 1994/2510/24 1299/1815/24 1288/1804/24 1985/2501/24
f 1985/2501/24 1988/2504/24 1995/2511/24 1994/2510/24
f 1993/2509/24 1994/2510/24 1995/2511/24 1996/2512/24
f 1990/2506/25 1293/1809/25 1306/1822/25 1997/2513/25
f 1997/2513/25 1306/1822/25 1305/1821/25 1998/2514/25
f 1998/2514/25 1999/2515/25 2000/2516/25 1997/2513/25
f 1990/2506/25 1997/2513/25 2000/2516/25 1991/2507/25
f 2001/2517/24 1312/1828/24 1311/1827/24 2002/2518/24
f 2002/2518/24 1311/1827/24 1300/1816/24 1993/2509/24
f 1993/2509/24 1996/2512/24 2003/2519/24 2002/2518/24
f 2001/2517/24 2002/2518/24 2003/2519/24 2004/2520/24
f 1998/2514/25 1305/1821/25 1318/1834/25 2005/2521/25
f 2005/2521/25 1318/1834/25 1317/1833/25 2006/2522/25
f 2006/2522/25 2007/2523/25 2008/2524/25 2005/2521/25
f 1998/2514/25 2005/2521/25 2008/2524/25 1999/2515/25
f 2009/2525/24 1324/1840/24 1323/1839/24 2010/2526/24
f 2010/2526/24 1323/1839/24 1312/1828/24 2001/2517/24
f 2001/2517/24 2004/2520/24 2011/2527/24 2010/2526/24
f 2009/2525/24 2010/2526/24 2011/2527/24 2012/2528/24
f 2006/2522/25 1317/1833/25 1330/1846/25 2013/2529/25
f 2013/2529/25 1330/1846/25 1329/1845/25 2014/2530/25
f 2014/2530/25 2015/2531/25 2016/2532/25 2013/2529/25
f 2006/2522/25 2013/2529/25 2016/2532/25 2007/2523/25
f 2017/2533/24 1336/1852/24 1335/1851/24 2018/2534/24
f 2018/2534/24 1335/1851/24 1324/1840/24 2009/2525/24
f 2009/2525/24 2012/2528/24 2019/2535/24 2018/2534/24
f 2017/2533/24 2018/2534/24 2019/2535/24 2020/2536/24
f 2014/2530/25 1329/1845/25 1342/1858/25 2021/2537/25
f 2021/2537/25 1342/1858/25 1341/1857/25 2022/2538/25
f 2022/2538/25 2023/2539/25 2024/2540/25 2021/2537/25
f 2014/2530/25 2021/2537/25 2024/2540/25 2015/2531/25
f 2025/2541/24 1348/1864/24 1347/1863/24 2026/2542/24
f 2026/2542/24 1347/1863/24 1336/1852/24 2017/2533/24
f 2017/2533/24 2020/2536/24 2027/2543/24 2026/2542/24
f 2025/2541/24 2026/2542/24 2027/2543/24 2028/2544/24
f 2022/2538/25 1341/1857/25 1354/1870/25 2029/2545/25
f 2029/2545/25 1354/1870/25 1353/1869/25 2030/2546/25
f 2030/2546/25 2031/2547/25 2032/2548/25 2029/2545/25
f 2022/2538/25 2029/2545/25 2032/2548/25 2023/2539/25
f 2033/2549/24 1360/1876/24 1359/1875/24 2034/2550/24
f 2034/2550/24 1359/1875/24 1348/1864/24 2025/2541/24
f 2025/2541/24 2028/2544/24 2035/2551/24 2034/2550/24
f 2033/2549/24 2034/2550/24 2035/2551/24 2036/2552/24
f 2030/2546/25 1353/1869/25 1366/1882/25 2037/2553/25
f 2037/2553/25 1366/1882/25 1365/1881/25 2038/2554/25
f 2038/2554/25 2039/2555/25 2040/2556/25 2037/2553/25
f 2030/2546/25 2037/2553/25 2040/2556/25 2031/2547/25
f 2041/2557/24 1372/1888/24 1371/1887/24 2042/2558/24
f 2042/2558/24 1371/1887/24 1360/1876/24 2033/2549/24
f 2033/2549/24 2036/2552/24 2043/2559/24 2042/2558/24
f 2041/2557/24 2042/2558/24 2043/2559/24 2044/2560/24
f 2038/2554/25 1365/1881/25 1378/1894/25 2045/2561/25
f 2045/2561/25 1378/1894/25 1377/1893/25 2046/2562/25
f 2046/2562/25 2047/2563/25 2048/2564/25 2045/2561/25
f 2038/2554/25 2045/2561/25 2048/2564/25 2039/2555/25
f 2049/2565/24 1384/1900/24 1383/1899/24 2050/2566/24
f 2050/2566/24 1383/1899/24 1372/1888/24 2041/2557/24
f 2041/2557/24 2044/2560/24 2051/2567/24 2050/2566/24
f 2049/2565/24 2050/2566/24 2051/2567/24 2052/2568/24
f 2046/2562/25 1377/1893/25 1390/1906/25 2053/2569/25
f 2053/2569/25 1390/1906/25 1389/1905/25 2054/2570/25
f 2054/2570/25 2055/2571/25 2056/2572/25 2053/2569/25
f 2046/2562/25 2053/2569/25 2056/2572/25 2047/2563/25
f 2057/2573/24 1396/1912/24 1395/1911/24 2058/2574/24
f 2058/2574/24 1395/1911/24 1384/1900/24 2049/2565/24
f 2049/2565/24 2052/2568/24 2059/2575/24 2058/2574/24
f 2057/2573/24 2058/2574/24 2059/2575/24 2060/2576/24
f 2054/2570/25 1389/1905/25 1402/1918/25 2061/2577/25
f 2061/2577/25 1402/1918/25 1401/1917/25 2062/2578/25
f 2062/2578/25 2063/2579/25 2064/2580/25 2061/2577/25
f 2054/2570/25 2061/2577/25 2064/2580/25 2055/2571/25
f 2065/2581/24 1408/1924/24 1407/1923/24 2066/2582/24
f 2066/2582/24 1407/1923/24 1396/1912/24 2057/2573/24
f 2057/2573/24 2060/2576/24 2067/2583/24 2066/2582/24
f 2065/2581/24 2066/2582/24 2067/2583/24 2068/2584/24
f 2062/2578/25 1401/1917/25 1414/1930/25 2069/2585/25
f 2069/2585/25 1414/1930/25 1413/1929/25 2070/2586/25
f 2070/2586/25 2071/2587/25 2072/2588/25 2069/2585/25
f 2062/2578/25 2069/2585/25 2072/2588/25 2063/2579/25
f 2073/2589/24 1420/1936/24 1419/1935/24 2074/2590/24
f 2074/2590/24 1419/1935/24 1408/1924/24 2065/2581/24
f 2065/2581/24 2068/2584/24 2075/2591/24 2074/2590/24
f 2073/2589/24 2074/2590/24 2075/2591/24 2076/2592/24
f 2070/2586/25 1413/1929/25 1426/1942/25 2077/2593/25
f 2077/2593/25 1426/1942/25 1425/1941/25 2078/2594/25
f 2078/2594/25 2079/2595/25 2080/2596/25 2077/2593/25
f 2070/2586/25 2077/2593/25 2080/2596/25 2071/2587/25
f 2081/2597/24 1432/1948/24 1431/1947/24 2082/2598/24
f 2082/2598/24 1431/1947/24 1420/1936/24 2073/2589/24
f 2073/2589/24 2076/2592/24 2083/2599/24 2082/2598/24
f 2081/2597/24 2082/2598/24 2083/2599/24 2084/2600/24
f 2078/2594/25 1425/1941/25 1438/1954/25 2085/2601/25
f 2085/2601/25 1438/1954/25 1437/1953/25 2086/2602/25
f 2086/2602/25 2087/2603/25 2088/2604/25 2085/2601/25
f 2078/2594/25 2085/2601/25 2088/2604/25 2079/2595/25
f 2089/2605/24 1444/1960/24 1443/1959/24 2090/2606/24
f 2090/2606/24 1443/1959/24 1432/1948/24 2081/2597/24
f 2081/2597/24 2084/2600/24 2091/2607/24 2090/2606/24
f 2089/2605/24 2090/2606/24 2091/2607/24 2092/2608/24
f 2086/2602/25 1437/1953/25 1450/1966/25 2093/2609/25
f 2093/2609/25 1450/1966/25 1449/1965/25 2094/2610/25
f 2094/2610/25 2095/2611/25 2096/2612/25 2093/2609/25
f 2086/2602/25 2093/2609/25 2096/2612/25 2087/2603/25
f 2097/2613/24 1456/1972/24 1455/1971/24 2098/2614/24
f 2098/2614/24 1455/1971/24 1444/1960/24 2089/2605/24
f 2089/2605/24 2092/2608/24 2099/2615/24 2098/2614/24
f 2097/2613/24 2098/2614/24 2099/2615/24 2100/2616/24
f 2094/2610/25 1449/1965/25 1462/1978/25 2101/2617/25
f 2101/2617/25 1462/1978/25 1461/1977/25 2102/2618/25
f 2102/2618/25 2103/2619/25 2104/2620/25 2101/2617/25
f 2094/2610/25 2101/2617/25 2104/2620/25 2095/2611/25
f 2105/2621/24 1468/1984/24 1467/1983/24 2106/2622/24
f 2106/2622/24 1467/1983/24 1456/1972/24 2097/2613/24
f 2097/2613/24 2100/2616/24 2107/2623/24 2106/2622/24
f 2105/2621/24 2106/2622/24 2107/2623/24 2108/2624/24
f 2102/2618/25 1461/1977/25 1474/1990/25 2109/2625/25
f 2109/2625/25 1474/1990/25 1473/1989/25 2110/2626/25
f 2110/2626/25 2111/2627/25 2112/2628/25 2109/2625/25
f 2102/2618/25 2109/2625/25 2112/2628/25 2103/2619/25
f 2113/2629/24 1480/1996/24 1479/1995/24 2114/2630/24
f 2114/2630/24 1479/1995/24 1468/1984/24 2105/2621/24
f 2105/2621/24 2108/2624/24 2115/2631/24 2114/2630/24
f 2113/2629/24 2114/2630/24 2115/2631/24 2116/2632/24
f 2110/2626/25 1473/1989/25 1486/2002/25 2117/2633/25
f 2117/2633/25 1486/2002/25 1485/2001/25 2118/2634/25
f 2118/2634/25 2119/2635/25 2120/2636/25 2117/2633/25
f 2110/2626/25 2117/2633/25 2120/2636/25 2111/2627/25
f 2121/2637/24 1492/2008/24 1491/2007/24 2122/2638/24
f 2122/2638/24 1491/2007/24 1480/1996/24 2113/2629/24
f 2113/2629/24 2116/2632/24 2123/2639/24 2122/2638/24
f 2121/2637/24 2122/2638/24 2123/2639/24 2124/2640/24
f 2118/2634/25 1485/2001/25 1498/2014/25 2125/2641/25
f 2125/2641/25 1498/2014/25 1497/2013/25 2126/2642/25
f 2126/2642/25 2127/2643/25 2128/2644/25 2125/2641/25
f 2118/2634/25 2125/2641/25 2128/2644/25 2119/2635/25
f 2129/2645/24 1504/2020/24 1503/2019/24 2130/2646/24
f 2130/2646/24 1503/2019/24 1492/2008/24 2121/2637/24
f 2121/2637/24 2124/2640/24 2131/2647/24 2130/2646/24
f 2129/2645/24 2130/2646/24 2131/2647/24 2132/2648/24
f 2126/2642/25 1497/2013/25 1510/2026/25 2133/2649/25
f 2133/2649/25 1510/2026/25 1509/2025/25 2134/2650/25
f 2134/2650/25 2135/2651/25 2136/2652/25 2133/2649/25
f 2126/2642/25 2133/2649/25 2136/2652/25 2127/2643/25
f 2137/2653/24 1516/2032/24 1515/2031/24 2138/2654/24
f 2138/2654/24 1515/2031/24 1504/2020/24 2129/2645/24
f 2129/2645/24 2132/2648/24 2139/2655/24 2138/2654/24
f 2137/2653/24 2138/2654/24 2139/2655/24 2140/2656/24
f 2134/2650/25 1509/2025/25 1522/2038/25 2141/2657/25
f 2141/2657/25 1522/2038/25 1521/2037/25 2142/2658/25
f 2142/2658/25 2143/2659/25 2144/2660/25 2141/2657/25
f 2134/2650/25 2141/2657/25 2144/2660/25 2135/2651/25
f 2145/2661/24 1528/2044/24 1527/2043/24 2146/2662/24
f 2146/2662/24 1527/2043/24 1516/2032/24 2137/2653/24
f 2137/2653/24 2140/2656/24 2147/2663/24 2146/2662/24
f 2145/2661/24 2146/2662/24 2147/2663/24 2148/2664/24
f 2142/2658/25 1521/2037/25 1534/2050/25 2149/2665/25
f 2149/2665/25 1534/2050/25 1533/2049/25 2150/2666/25
f 2150/2666/25 2151/2667/25 2152/2668/25 2149/2665/25
f 2142/2658/25 2149/2665/25 2152/2668/25 2143/2659/25
f 2153/2669/24 1540/2056/24 1539/2055/24 2154/2670/24
f 2154/2670/24 1539/2055/24 1528/2044/24 2145/2661/24
f 2145/2661/24 2148/2664/24 2155/2671/24 2154/2670/24
f 2153/2669/24 2154/2670/24 2155/2671/24 2156/2672/24
f 2150/2666/25 1533/2049/25 1546/2062/25 2157/2673/25
f 2157/2673/25 1546/2062/25 1545/2061/25 2158/2674/25
f 2158/2674/25 2159/2675/25 2160/2676/25 2157/2673/25
f 2150/2666/25 2157/2673/25 2160/2676/25 2151/2667/25
f 2161/2677/24 1552/2068/24 1551/2067/24 2162/2678/24
f 2162/2678/24 1551/2067/24 1540/2056/24 2153/2669/24
f 2153/2669/24 2156/2672/24 2163/2679/24 2162/2678/24
f 2161/2677/24 2162/2678/24 2163/2679/24 2164/2680/24
f 2158/2674/25 1545/2061/25 1558/2074/25 2165/2681/25
f 2165/2681/25 1558/2074/25 1557/2073/25 2166/2682/25
f 2166/2682/25 2167/2683/25 2168/2684/25 2165/2681/25
f 2158/2674/25 2165/2681/25 2168/2684/25 2159/2675/25
f 2169/2685/24 1564/2080/24 1563/2079/24 2170/2686/24
f 2170/2686/24 1563/2079/24 1552/2068/24 2161/2677/24
f 2161/2677/24 2164/2680/24 2171/2687/24 2170/2686/24
f 2169/2685/24 2170/2686/24 2171/2687/24 2172/2688/24
f 2166/2682/25 1557/2073/25 1570/2086/25 2173/2689/25
f 2173/2689/25 1570/2086/25 1569/2085/25 2174/2690/25
f 2174/2690/25 2175/2691/25 2176/2692/25 2173/2689/25
f 2166/2682/25 2173/2689/25 2176/2692/25 2167/2683/25
f 2177/2693/24 1576/2092/24 1575/2091/24 2178/2694/24
f 2178/2694/24 1575/2091/24 1564/2080/24 2169/2685/24
f 2169/2685/24 2172/2688/24 2179/2695/24 2178/2694/24
f 2177/2693/24 2178/2694/24 2179/2695/24 2180/2696/24
f 2174/2690/25 1569/2085/25 1582/2098/25 2181/2697/25
f 2181/2697/25 1582/2098/25 1581/2097/25 2182/2698/25
f 2182/2698/25 2183/2699/25 2184/2700/25 2181/2697/25
f 2174/2690/25 2181/2697/25 2184/2700/25 2175/2691/25
f 2185/2701/24 1588/2104/24 1587/2103/24 2186/2702/24
f 2186/2702/24 1587/2103/24 1576/2092/24 2177/2693/24
f 2177/2693/24 2180/2696/24 2187/2703/24 2186/2702/24
f 2185/2701/24 2186/2702/24 2187/2703/24 2188/2704/24
f 2182/2698/25 1581/2097/25 1594/2110/25 2189/2705/25
f 2189/2705/25 1594/2110/25 1593/2109/25 2190/2706/25
f 2190/2706/25 2191/2707/25 2192/2708/25 2189/2705/25
f 2182/2698/25 2189/2705/25 2192/2708/25 2183/2699/25
f 2193/2709/24 1600/2116/24 1599/2115/24 2194/2710/24
f 2194/2710/24 1599/2115/24 1588/2104/24 2185/2701/24
f 2185/2701/24 2188/2704/24 2195/2711/24 2194/2710/24
f 2193/2709/24 2194/2710/24 2195/2711/24 2196/2712/24
f 2190/2706/25 1593/2109/25 1606/2122/25 2197/2713/25
f 2197/2713/25 1606/2122/25 1605/2121/25 2198/2714/25
f 2198/2714/25 2199/2715/25 2200/2716/25 2197/2713/25
f 2190/2706/25 2197/2713/25 2200/2716/25 2191/2707/25
f 2201/2717/24 1612/2128/24 1611/2127/24 2202/2718/24
f 2202/2718/24 1611/2127/24 1600/2116/24 2193/2709/24
f 2193/2709/24 2196/2712/24 2203/2719/24 2202/2718/24
f 2201/2717/24 2202/2718/24 2203/2719/24 2204/2720/24
f 2198/2714/25 1605/2121/25 1618/2134/25 2205/2721/25
f 2205/2721/25 1618/2134/25 1617/2133/25 2206/2722/25
f 2206/2722/25 2207/2723/25 2208/2724/25 2205/2721/25
f 2198/2714/25 2205/2721/25 2208/2724/25 2199/2715/25
f 2209/2725/24 1624/2140/24 1623/2139/24 2210/2726/24
f 2210/2726/24 1623/2139/24 1612/2128/24 2201/2717/24
f 2201/2717/24 2204/2720/24 2211/2727/24 2210/2726/24
f 2209/2725/24 2210/2726/24 2211/2727/24 2212/2728/24
f 2206/2722/25 1617/2133/25 1630/2146/25 2213/2729/25
f 2213/2729/25 1630/2146/25 1629/2145/25 2214/2730/25
f 2214/2730/25 2215/2731/25 2216/2732/25 2213/2729/25
f 2206/2722/25 2213/2729/25 2216/2732/25 2207/2723/25
f 2217/2733/24 1636/2152/24 1635/2151/24 2218/2734/24
f 2218/2734/24 1635/2151/24 1624/2140/24 2209/2725/24
f 2209/2725/24 2212/2728/24 2219/2735/24 2218/2734/24
f 2217/2733/24 2218/2734/24 2219/2735/24 2220/2736/24
f 2214/2730/25 1629/2145/25 1642/2158/25 2221/2737/25
f 2221/2737/25 1642/2158/25 1641/2157/25 2222/2738/25
f 2222/2738/25 2223/2739/25 2224/2740/25 2221/2737/25
f 2214/2730/25 2221/2737/25 2224/2740/25 2215/2731/25
f 2225/2741/24 1648/2164/24 1647/2163/24 2226/2742/24
f 2226/2742/24 1647/2163/24 1636/2152/24 2217/2733/24
f 2217/2733/24 2220/2736/24 2227/2743/24 2226/2742/24
f 2225/2741/24 2226/2742/24 2227/2743/24 2228/2744/24
f 2222/2738/25 1641/2157/25 1654/2170/25 2229/2745/25
f 2229/2745/25 1654/2170/25 1653/2169/25 2230/2746/25
f 2230/2746/25 2231/2747/25 2232/2748/25 2229/2745/25
f 2222/2738/25 2229/2745/25 2232/2748/25 2223/2739/25
f 2233/2749/24 1660/2176/24 1659/2175/24 2234/2750/24
f 2234/2750/24 1659/2175/24 1648/2164/24 2225/2741/24
f 2225/2741/24 2228/2744/24 2235/2751/24 2234/2750/24
f 2233/2749/24 2234/2750/24 2235/2751/24 2236/2752/24
f 2230/2746/25 1653/2169/25 1666/2182/25 2237/2753/25
f 2237/2753/25 1666/2182/25 1665/2181/25 2238/2754/25
f 2238/2754/25 2239/2755/25 2240/2756/25 2237/2753/25
f 2230/2746/25 2237/2753/25 2240/2756/25 2231/2747/25
f 2241/2757/24 1672/2188/24 1671/2187/24 2242/2758/24
f 2242/2758/24 1671/2187/24 1660/2176/24 2233/2749/24
f 2233/2749/24 2236/2752/24 2243/2759/24 2242/2758/24
f 2241/2757/24 2242/2758/24 2243/2759/24 2244/2760/24
f 2238/2754/25 1665/2181/25 1678/2194/25 2245/2761/25
f 2245/2761/25 1678/2194/25 1677/2193/25 2246/2762/25
f 2246/2762/25 2247/2763/25 2248/2764/25 2245/2761/25
f 2238/2754/25 2245/2761/25 2248/2764/25 2239/2755/25
f 2249/2765/24 1684/2200/24 1683/2199/24 2250/2766/24
f 2250/2766/24 1683/2199/24 1672/2188/24 2241/2757/24
f 2241/2757/24 2244/2760/24 2251/2767/24 2250/2766/24
f 2249/2765/24 2250/2766/24 2251/2767/24 2252/2768/24
f 2246/2762/25 1677/2193/25 1690/2206/25 2253/2769/25
f 2253/2769/25 1690/2206/25 1689/2205/25 2254/2770/25
f 2254/2770/25 2255/2771/25 2256/2772/25 2253/2769/25
f 2246/2762/25 2253/2769/25 2256/2772/25 2247/2763/25
f 2257/2773/24 1696/2212/24 1695/2211/24 2258/2774/24
f 2258/2774/24 1695/2211/24 1684/2200/24 2249/2765/24
f 2249/2765/24 2252/2768/24 2259/2775/24 2258/2774/24
f 2257/2773/24 2258/2774/24 2259/2775/24 2260/2776/24
f 2254/2770/25 1689/2205/25 1702/2218/25 2261/2777/25
f 2261/2777/25 1702/2218/25 1701/2217/25 2262/2778/25
f 2262/2778/25 2263/2779/25 2264/2780/25 2261/2777/25
f 2254/2770/25 2261/2777/25 2264/2780/25 2255/2771/25
f 2265/2781/24 1708/2224/24 1707/2223/24 2266/2782/24
f 2266/2782/24 1707/2223/24 1696/2212/24 2257/2773/24
f 2257/2773/24 2260/2776/24 2267/2783/24 2266/2782/24
f 2265/2781/24 2266/2782/24 2267/2783/24 2268/2784/24
f 2262/2778/25 1701/2217/25 1714/2230/25 2269/2785/25
f 2269/2785/25 1714/2230/25 1713/2229/25 2270/2786/25
f 2270/2786/25 2271/2787/25 2272/2788/25 2269/2785/25
f 2262/2778/25 2269/2785/25 2272/2788/25 2263/2779/25
f 2273/2789/24 1720/2236/24 1719/2235/24 2274/2790/24
f 2274/2790/24 1719/2235/24 1708/2224/24 2265/2781/24
f 2265/2781/24 2268/2784/24 2275/2791/24 2274/2790/24
f 2273/2789/24 2274/2790/24 2275/2791/24 2276/2792/24
f 2270/2786/25 1713/2229/25 1726/2242/25 2277/2793/25
f 2277/2793/25 1726/2242/25 1725/2241/25 2278/2794/25
f 2278/2794/25 2279/2795/25 2280/2796/25 2277/2793/25
f 2270/2786/25 2277/2793/25 2280/2796/25 2271/2787/25
f 2281/2797/24 1732/2248/24 1731/2247/24 2282/2798/24
f 2282/2798/24 1731/2247/24 1720/2236/24 2273/2789/24
f 2273/2789/24 2276/2792/24 2283/2799/24 2282/2798/24
f 2281/2797/24 2282/2798/24 2283/2799/24 2284/2800/24
f 2278/2794/25 1725/2241/25 1738/2254/25 2285/2801/25
f 2285/2801/25 1738/2254/25 1737/2253/25 2286/2802/25
f 2286/2802/25 2287/2803/25 2288/2804/25 2285/2801/25
f 2278/2794/25 2285/2801/25 2288/2804/25 2279/2795/25
f 2289/2805/24 1744/2260/24 1743/2259/24 2290/2806/24
f 2290/2806/24 1743/2259/24 1732/2248/24 2281/2797/24
f 2281/2797/24 2284/2800/24 2291/2807/24 2290/2806/24
f 2289/2805/24 2290/2806/24 2291/2807/24 2292/2808/24
f 2286/2802/25 1737/2253/25 1750/2266/25 2293/2809/25
f 2293/2809/25 1750/2266/25 1749/2265/25 2294/2810/25
f 2294/2810/25 2295/2811/25 2296/2812/25 2293/2809/25
f 2286/2802/25 2293/2809/25 2296/2812/25 2287/2803/25
f 2297/2813/24 1756/2272/24 1755/2271/24 2298/2814/24
f 2298/2814/24 1755/2271/24 1744/2260/24 2289/2805/24
f 2289/2805/24 2292/2808/24 2299/2815/24 2298/2814/24
f 2297/2813/24 2298/2814/24 2299/2815/24 2300/2816/24
f 2294/2810/25 1749/2265/25 1762/2278/25 2301/2817/25
f 2301/2817/25 1762/2278/25 1761/2277/25 2302/2818/25
f 2302/2818/25 2303/2819/25 2304/2820/25 2301/2817/25
f 2294/2810/25 2301/2817/25 2304/2820/25 2295/2811/25
f 2305/2821/24 1768/2284/24 1767/2283/24 2306/2822/24
f 2306/2822/24 1767/2283/24 1756/2272/24 2297/2813/24
f 2297/2813/24 2300/2816/24 2307/2823/24 2306/2822/24
f 2305/2821/24 2306/2822/24 2307/2823/24 2308/2824/24
f 2302/2818/25 1761/2277/25 1774/2290/25 2309/2825/25
f 2309/2825/25 1774/2290/25 1773/2289/25 2310/2826/25
f 2310/2826/25 2311/2827/25 2312/2828/25 2309/2825/25
f 2302/2818/25 2309/2825/25 2312/2828/25 2303/2819/25
f 2313/2829/24 1780/2296/24 1779/2295/24 2314/2830/24
f 2314/2830/24 1779/2295/24 1768/2284/24 2305/2821/24
f 2305/2821/24 2308/2824/24 2315/2831/24 2314/2830/24
f 2313/2829/24 2314/2830/24 2315/2831/24 2316/2832/24
f 2310/2826/25 1773/2289/25 1786/2302/25 2317/2833/25
f 2317/2833/25 1786/2302/25 1785/2301/25 2318/2834/25
f 2318/2834/25 2319/2835/25 2320/2836/25 2317/2833/25
f 2310/2826/25 2317/2833/25 2320/2836/25 2311/2827/25
f 2321/2837/24 1792/2308/24 1791/2307/24 2322/2838/24
f 2322/2838/24 1791/2307/24 1780/2296/24 2313/2829/24
f 2313/2829/24 2316/2832/24 2323/2839/24 2322/2838/24
f 2321/2837/24 2322/2838/24 2323/2839/24 2324/2840/24
f 2318/2834/25 1785/2301/25 1798/2314/25 2325/2841/25
f 2325/2841/25 1798/2314/25 1797/2313/25 2326/2842/25
f 2326/2842/25 2327/2843/25 2328/2844/25 2325/2841/25
f 2318/2834/25 2325/2841/25 2328/2844/25 2319/2835/25
f 2329/2845/24 1804/2320/24 1803/2319/24 2330/2846/24
f 2330/2846/24 1803/2319/24 1792/2308/24 2321/2837/24
f 2321/2837/24 2324/2840/24 2331/2847/24 2330/2846/24
f 2329/2845/24 2330/2846/24 2331/2847/24 2332/2848/24
f 2326/2842/25 1797/2313/25 1810/2326/25 2333/2849/25
f 2333/2849/25 1810/2326/25 1809/2325/25 2334/2850/25
f 2334/2850/25 2335/2851/25 2336/2852/25 2333/2849/25
f 2326/2842/25 2333/2849/25 2336/2852/25 2327/2843/25
f 2337/2853/24 1816/2332/24 1815/2331/24 2338/2854/24
f 2338/2854/24 1815/2331/24 1804/2320/24 2329/2845/24
f 2329/2845/24 2332/2848/24 2339/2855/24 2338/2854/24
f 2337/2853/24 2338/2854/24 2339/2855/24 2340/2856/24
f 2334/2850/25 1809/2325/25 1822/2338/25 2341/2857/25
f 2341/2857/25 1822/2338/25 1821/2337/25 2342/2858/25
f 2342/2858/25 2343/2859/25 2344/2860/25 2341/2857/25
f 2334/2850/25 2341/2857/25 2344/2860/25 2335/2851/25
f 2345/2861/24 1828/2344/24 1827/2343/24 2346/2862/24
f 2346/2862/24 1827/2343/24 1816/2332/24 2337/2853/24
f 2337/2853/24 2340/2856/24 2347/2863/24 2346/2862/24
f 2345/2861/24 2346/2862/24 2347/2863/24 2348/2864/24
f 2342/2858/25 1821/2337/25 1834/2350/25 2349/2865/25
f 2349/2865/25 1834/2350/25 1833/2349/25 2350/2866/25
f 2350/2866/25 2351/2867/25 2352/2868/25 2349/2865/25
f 2342/2858/25 2349/2865/25 2352/2868/25 2343/2859/25
f 2353/2869/24 1840/2356/24 1839/2355/24 2354/2870/24
f 2354/2870/24 1839/2355/24 1828/2344/24 2345/2861/24
f 2345/2861/24 2348/2864/24 2355/2871/24 2354/2870/24
f 2353/2869/24 2354/2870/24 2355/2871/24 2356/2872/24
f 2350/2866/25 1833/2349/25 1846/2362/25 2357/2873/25
f 2357/2873/25 1846/2362/25 1845/2361/25 2358/2874/25
f 2358/2874/25 2359/2875/25 2360/2876/25 2357/2873/25
f 2350/2866/25 2357/2873/25 2360/2876/25 2351/2867/25
f 2361/2877/24 1852/2368/24 1851/2367/24 2362/2878/24
f 2362/2878/24 1851/2367/24 1840/2356/24 2353/2869/24
f 2353/2869/24 2356/2872/24 2363/2879/24 2362/2878/24
f 2361/2877/24 2362/2878/24 2363/2879/24 2364/2880/24
f 2358/2874/25 1845/2361/25 1858/2374/25 2365/2881/25
f 2365/2881/25 1858/2374/25 1857/2373/25 2366/2882/25
f 2366/2882/25 2367/2883/25 2368/2884/25 2365/2881/25
f 2358/2874/25 2365/2881/25 2368/2884/25 2359/2875/25
f 2369/2885/24 1864/2380/24 1863/2379/24 2370/2886/24
f 2370/2886/24 1863/2379/24 1852/2368/24 2361/2877/24
f 2361/2877/24 2364/2880/24 2371/2887/24 2370/2886/24
f 2369/2885/24 2370/2886/24 2371/2887/24 2372/2888/24
f 2366/2882/25 1857/2373/25 1870/2386/25 2373/2889/25
f 2373/2889/25 1870/2386/25 1869/2385/25 2374/2890/25
f 2374/2890/25 2375/2891/25 2376/2892/25 2373/2889/25
f 2366/2882/25 2373/2889/25 2376/2892/25 2367/2883/25
f 2377/2893/24 1876/2392/24 1875/2391/24 2378/2894/24
f 2378/2894/24 1875/2391/24 1864/2380/24 2369/2885/24
f 2369/2885/24 2372/2888/24 2379/2895/24 2378/2894/24
f 2377/2893/24 2378/2894/24 2379/2895/24 2380/2896/24
f 2374/2890/25 1869/2385/25 1882/2398/25 2381/2897/25
f 2381/2897/25 1882/2398/25 1881/2397/25 2382/2898/25
f 2382/2898/25 2383/2899/25 2384/2900/25 2381/2897/25
f 2374/2890/25 2381/2897/25 2384/2900/25 2375/2891/25
f 2385/2901/24 1888/2404/24 1887/2403/24 2386/2902/24
f 2386/2902/24 1887/2403/24 1876/2392/24 2377/2893/24
f 2377/2893/24 2380/2896/24 2387/2903/24 2386/2902/24
f 2385/2901/24 2386/2902/24 2387/2903/24 2388/2904/24
f 2382/2898/25 1881/2397/25 1894/2410/25 2389/2905/25
f 2389/2905/25 1894/2410/25 1893/2409/25 2390/2906/25
f 2390/2906/25 2391/2907/25 2392/2908/25 2389/2905/25
f 2382/2898/25 2389/2905/25 2392/2908/25 2383/2899/25
f 2393/2909/24 1900/2416/24 1899/2415/24 2394/2910/24
f 2394/2910/24 1899/2415/24 1888/2404/24 2385/2901/24
f 2385/2901/24 2388/2904/24 2395/2911/24 2394/2910/24
f 2393/2909/24 2394/2910/24 2395/2911/24 2396/2912/24
f 2390/2906/25 1893/2409/25 1906/2422/25 2397/2913/25
f 2397/2913/25 1906/2422/25 1905/2421/25 2398/2914/25
f 2398/2914/25 2399/2915/25 2400/2916/25 2397/2913/25
f 2390/2906/25 2397/2913/25 2400/2916/25 2391/2907/25
f 2401/2917/24 1912/2428/24 1911/2427/24 2402/2918/24
f 2402/2918/24 1911/2427/24 1900/2416/24 2393/2909/24
f 2393/2909/24 2396/2912/24 2403/2919/24 2402/2918/24
f 2401/2917/24 2402/2918/24 2403/2919/24 2404/2920/24
f 2398/2914/25 1905/2421/25 1918/2434/25 2405/2921/25
f 2405/2921/25 1918/2434/25 1917/2433/25 2406/2922/25
f 2406/2922/25 2407/2923/25 2408/2924/25 2405/2921/25
f 2398/2914/25 2405/2921/25 2408/2924/25 2399/2915/25
f 2409/2925/24 1924/2440/24 1923/2439/24 2410/2926/24
f 2410/2926/24 1923/2439/24 1912/2428/24 2401/2917/24
f 2401/2917/24 2404/2920/24 2411/2927/24 2410/2926/24
f 2409/2925/24 2410/2926/24 2411/2927/24 2412/2928/24
f 2406/2922/25 1917/2433/25 1930/2446/25 2413/2929/25
f 2413/2929/25 1930/2446/25 1929/2445/25 2414/2930/25
f 2414/2930/25 2415/2931/25 2416/2932/25 2413/2929/25
f 2406/2922/25 2413/2929/25 2416/2932/25 2407/2923/25
f 2417/2933/24 1936/2452/24 1935/2451/24 2418/2934/24
f 2418/2934/24 1935/2451/24 1924/2440/24 2409/2925/24
f 2409/2925/24 2412/2928/24 2419/2935/24 2418/2934/24
f 2417/2933/24 2418/2934/24 2419/2935/24 2420/2936/24
f 2414/2930/25 1929/2445/25 1942/2458/25 2421/2937/25
f 2421/2937/25 1942/2458/25 1941/2457/25 2422/2938/25
f 2422/2938/25 2423/2939/25 2424/2940/25 2421/2937/25
f 2414/2930/25 2421/2937/25 2424/2940/25 2415/2931/25
f 1951/2467/24 1235/1751/24 1945/2461/24 2425/2941/24
f 2425/2941/24 1945/2461/24 1936/2452/24 2417/2933/24
f 2417/2933/24 2420/2936/24 2426/2942/24 2425/2941/24
f 1951/2467/24 2425/2941/24 2426/2942/24 1952/2468/24
f 2422/2938/25 1941/2457/25 1948/2464/25 2427/2943/25
f 2427/2943/25 1948/2464/25 1246/1762/25 1955/2471/25
f 1955/2471/25 1960/2476/25 2428/2944/25 2427/2943/25
f 2422/2938/25 2427/2943/25 2428/2944/25 2423/2939/25
f 2429/2945/24 2430/2946/24 1954/2470/24 1953/2469/24
f 2429/2945/24 1953/2469/24 1952/2468/24 2431/2947/24
f 2431/2947/24 2432/2948/24 2430/2946/24 2429/2945/24
f 2433/2949/25 2434/2950/25 1960/2476/25 1959/2475/25
f 2433/2949/25 1959/2475/25 1958/2474/25 2435/2951/25
f 2435/2951/25 2436/2952/25 2434/2950/25 2433/2949/25
f 2437/2953/24 2438/2954/24 1964/2480/24 1963/2479/24
f 2437/2953/24 1963/2479/24 1954/2470/24 2430/2946/24
f 2430/2946/24 2432/2948/24 2438/2954/24 2437/2953/24
f 2439/2955/25 2435/2951/25 1958/2474/25 1968/2484/25
f 2439/2955/25 1968/2484/25 1967/2483/25 2440/2956/25
f 2440/2956/25 2436/2952/25 2435/2951/25 2439/2955/25
f 2441/2957/24 2442/2958/24 1972/2488/24 1971/2487/24
f 2441/2957/24 1971/2487/24 1964/2480/24 2438/2954/24
f 2438/2954/24 2432/2948/24 2442/2958/24 2441/2957/24
f 2443/2959/25 2440/2956/25 1967/2483/25 1976/2492/25
f 2443/2959/25 1976/2492/25 1975/2491/25 2444/2960/25
f 2444/2960/25 2436/2952/25 2440/2956/25 2443/2959/25
f 2445/2961/24 2446/2962/24 1980/2496/24 1979/2495/24
f 2445/2961/24 1979/2495/24 1972/2488/24 2442/2958/24
f 2442/2958/24 2432/2948/24 2446/2962/24 2445/2961/24
f 2447/2963/25 2444/2960/25 1975/2491/25 1984/2500/25
f 2447/2963/25 1984/2500/25 1983/2499/25 2448/2964/25
f 2448/2964/25 2436/2952/25 2444/2960/25 2447/2963/25
f 2449/2965/24 2450/2966/24 1988/2504/24 1987/2503/24
f 2449/2965/24 1987/2503/24 1980/2496/24 2446/2962/24
f 2446/2962/24 2432/2948/24 2450/2966/24 2449/2965/24
f 2451/2967/25 2448/2964/25 1983/2499/25 1992/2508/25
f 2451/2967/25 1992/2508/25 1991/2507/25 2452/2968/25
f 2452/2968/25 2436/2952/25 2448/2964/25 2451/2967/25
f 2453/2969/24 2454/2970/24 1996/2512/24 1995/2511/24
f 2453/2969/24 1995/2511/24 1988/2504/24 2450/2966/24
f 2450/2966/24 2432/2948/24 2454/2970/24 2453/2969/24
f 2455/2971/25 2452/2968/25 1991/2507/25 2000/2516/25
f 2455/2971/25 2000/2516/25 1999/2515/25 2456/2972/25
f 2456/2972/25 2436/2952/25 2452/2968/25 2455/2971/25
f 2457/2973/24 2458/2974/24 2004/2520/24 2003/2519/24
f 2457/2973/24 2003/2519/24 1996/2512/24 2454/2970/24
f 2454/2970/24 2432/2948/24 2458/2974/24 2457/2973/24
f 2459/2975/25 2456/2972/25 1999/2515/25 2008/2524/25
f 2459/2975/25 2008/2524/25 2007/2523/25 2460/2976/25
f 2460/2976/25 2436/2952/25 2456/2972/25 2459/2975/25
f 2461/2977/24 2462/2978/24 2012/2528/24 2011/2527/24
f 2461/2977/24 2011/2527/24 2004/2520/24 2458/2974/24
f 2458/2974/24 2432/2948/24 2462/2978/24 2461/2977/24
f 2463/2979/25 2460/2976/25 2007/2523/25 2016/2532/25
f 2463/2979/25 2016/2532/25 2015/2531/25 2464/2980/25
f 2464/2980/25 2436/2952/25 2460/2976/25 2463/2979/25
f 2465/2981/24 2466/2982/24 2020/2536/24 2019/2535/24
f 2465/2981/24 2019/2535/24 2012/2528/24 2462/2978/24
f 2462/2978/24 2432/2948/24 2466/2982/24 2465/2981/24
f 2467/2983/25 2464/2980/25 2015/2531/25 2024/2540/25
f 2467/2983/25 2024/2540/25 2023/2539/25 2468/2984/25
f 2468/2984/25 2436/2952/25 2464/2980/25 2467/2983/25
f 2469/2985/24 2470/2986/24 2028/2544/24 2027/2543/24
f 2469/2985/24 2027/2543/24 2020/2536/24 2466/2982/24
f 2466/2982/24 2432/2948/24 2470/2986/24 2469/2985/24
f 2471/2987/25 2468/2984/25 2023/2539/25 2032/2548/25
f 2471/2987/25 2032/2548/25 2031/2547/25 2472/2988/25
f 2472/2988/25 2436/2952/25 2468/2984/25 2471/2987/25
f 2473/2989/24 2474/2990/24 2036/2552/24 2035/2551/24
f 2473/2989/24 2035/2551/24 2028/2544/24 2470/2986/24
f 2470/2986/24 2432/2948/24 2474/2990/24 2473/2989/24
f 2475/2991/25 2472/2988/25 2031/2547/25 2040/2556/25
f 2475/2991/25 2040/2556/25 2039/2555/25 2476/2992/25
f 2476/2992/25 2436/2952/25 2472/2988/25 2475/2991/25
f 2477/2993/24 2478/2994/24 2044/2560/24 2043/2559/24
f 2477/2993/24 2043/2559/24 2036/2552/24 2474/2990/24
f 2474/2990/24 2432/2948/24 2478/2994/24 2477/2993/24
f 2479/2995/25 2476/2992/25 2039/2555/25 2048/2564/25
f 2479/2995/25 2048/2564/25 2047/2563/25 2480/2996/25
f 2480/2996/25 2436/2952/25 2476/2992/25 2479/2995/25
f 2481/2997/24 2482/2998/24 2052/2568/24 2051/2567/24
f 2481/2997/24 2051/2567/24 2044/2560/24 2478/2994/24
f 2478/2994/24 2432/2948/24 2482/2998/24 2481/2997/24
f 2483/2999/25 2480/2996/25 2047/2563/25 2056/2572/25
f 2483/2999/25 2056/2572/25 2055/2571/25 2484/3000/25
f 2484/3000/25 2436/2952/25 2480/2996/25 2483/2999/25
f 2485/3001/24 2486/3002/24 2060/2576/24 2059/2575/24
f 2485/3001/24 2059/2575/24 2052/2568/24 2482/2998/24
f 2482/2998/24 2432/2948/24 2486/3002/24 2485/3001/24
f 2487/3003/25 2484/3000/25 2055/2571/25 2064/2580/25
f 2487/3003/25 2064/2580/25 2063/2579/25 2488/3004/25
f 2488/3004/25 2436/2952/25 2484/3000/25 2487/3003/25
f 2489/3005/24 2490/3006/24 2068/2584/24 2067/2583/24
f 2489/3005/24 2067/2583/24 2060/2576/24 2486/3002/24
f 2486/3002/24 2432/2948/24 2490/3006/24 2489/3005/24
f 2491/3007/25 2488/3004/25 2063/2579/25 2072/2588/25
f 2491/3007/25 2072/2588/25 2071/2587/25 2492/3008/25
f 2492/3008/25 2436/2952/25 2488/3004/25 2491/3007/25
f 2493/3009/24 2494/3010/24 2076/2592/24 2075/2591/24
f 2493/3009/24 2075/2591/24 2068/2584/24 2490/3006/24
f 2490/3006/24 2432/2948/24 2494/3010/24 2493/3009/24
f 2495/3011/25 2492/3008/25 2071/2587/25 2080/2596/25
f 2495/3011/25 2080/2596/25 2079/2595/25 2496/3012/25
f 2496/3012/25 2436/2952/25 2492/3008/25 2495/3011/25
f 2497/3013/24 2498/3014/24 2084/2600/24 2083/2599/24
f 2497/3013/24 2083/2599/24 2076/2592/24 2494/3010/24
f 2494/3010/24 2432/2948/24 2498/3014/24 2497/3013/24
f 2499/3015/25 2496/3012/25 2079/2595/25 2088/2604/25
f 2499/3015/25 2088/2604/25 2087/2603/25 2500/3016/25
f 2500/3016/25 2436/2952/25 2496/3012/25 2499/3015/25
f 2501/3017/24 2502/3018/24 2092/2608/24 2091/2607/24
f 2501/3017/24 2091/2607/24 2084/2600/24 2498/3014/24
f 2498/3014/24 2432/2948/24 2502/3018/24 2501/3017/24
f 2503/3019/25 2500/3016/25 2087/2603/25 2096/2612/25
f 2503/3019/25 2096/2612/25 2095/2611/25 2504/3020/25
f 2504/3020/25 2436/2952/25 2500/3016/25 2503/3019/25
f 2505/3021/24 2506/3022/24 2100/2616/24 2099/2615/24
f 2505/3021/24 2099/2615/24 2092/2608/24 2502/3018/24
f 2502/3018/24 2432/2948/24 2506/3022/24 2505/3021/24
f 2507/3023/25 2504/3020/25 2095/2611/25 2104/2620/25
f 2507/3023/25 2104/2620/25 2103/2619/25 2508/3024/25
f 2508/3024/25 2436/2952/25 2504/3020/25 2507/3023/25
f 2509/3025/24 2510/3026/24 2108/2624/24 2107/2623/24
f 2509/3025/24 2107/2623/24 2100/2616/24 2506/3022/24
f 2506/3022/24 2432/2948/24 2510/3026/24 2509/3025/24
f 2511/3027/25 2508/3024/25 2103/2619/25 2112/2628/25
f 2511/3027/25 2112/2628/25 2111/2627/25 2512/3028/25
f 2512/3028/25 2436/2952/25 2508/3024/25 2511/3027/25
f 2513/3029/24 2514/3030/24 2116/2632/24 2115/2631/24
f 2513/3029/24 2115/2631/24 2108/2624/24 2510/3026/24
f 2510/3026/24 2432/2948/24 2514/3030/24 2513/3029/24
f 2515/3031/25 2512/3028/25 2111/2627/25 2120/2636/25
f 2515/3031/25 2120/2636/25 2119/2635/25 2516/3032/25
f 2516/3032/25 2436/2952/25 2512/3028/25 2515/3031/25
f 2517/3033/24 2518/3034/24 2124/2640/24 2123/2639/24
f 2517/3033/24 2123/2639/24 2116/2632/24 2514/3030/24
f 2514/3030/24 2432/2948/24 2518/3034/24 2517/3033/24
f 2519/3035/25 2516/3032/25 2119/2635/25 2128/2644/25
f 2519/3035/25 2128/2644/25 2127/2643/25 2520/3036/25
f 2520/3036/25 2436/2952/25 2516/3032/25 2519/3035/25
f 2521/3037/24 2522/3038/24 2132/2648/24 2131/2647/24
f 2521/3037/24 2131/2647/24 2124/2640/24 2518/3034/24
f 2518/3034/24 2432/2948/24 2522/3038/24 2521/3037/24
f 2523/3039/25 2520/3036/25 2127/2643/25 2136/2652/25
f 2523/3039/25 2136/2652/25 2135/2651/25 2524/3040/25
f 2524/3040/25 2436/2952/25 2520/3036/25 2523/3039/25
f 2525/3041/24 2526/3042/24 2140/2656/24 2139/2655/24
f 2525/3041/24 2139/2655/24 2132/2648/24 2522/3038/24
f 2522/3038/24 2432/2948/24 2526/3042/24 2525/3041/24
f 2527/3043/25 2524/3040/25 2135/2651/25 2144/2660/25
f 2527/3043/25 2144/2660/25 2143/2659/25 2528/3044/25
f 2528/3044/25 2436/2952/25 2524/3040/25 2527/3043/25
f 2529/3045/24 2530/3046/24 2148/2664/24 2147/2663/24
f 2529/3045/24 2147/2663/24 2140/2656/24 2526/3042/24
f 2526/3042/24 2432/2948/24 2530/3046/24 2529/3045/24
f 2531/3047/25 2528/3044/25 2143/2659/25 2152/2668/25
f 2531/3047/25 2152/2668/25 2151/2667/25 2532/3048/25
f 2532/3048/25 2436/2952/25 2528/3044/25 2531/3047/25
f 2533/3049/24 2534/3050/24 2156/2672/24 2155/2671/24
f 2533/3049/24 2155/2671/24 2148/2664/24 2530/3046/24
f 2530/3046/24 2432/2948/24 2534/3050/24 2533/3049/24
f 2535/3051/25 2532/3048/25 2151/2667/25 2160/2676/25
f 2535/3051/25 2160/2676/25 2159/2675/25 2536/3052/25
f 2536/3052/25 2436/2952/25 2532/3048/25 2535/3051/25
f 2537/3053/24 2538/3054/24 2164/2680/24 2163/2679/24
f 2537/3053/24 2163/2679/24 2156/2672/24 2534/3050/24
f 2534/3050/24 2432/2948/24 2538/3054/24 2537/3053/24
f 2539/3055/25 2536/3052/25 2159/2675/25 2168/2684/25
f 2539/3055/25 2168/2684/25 2167/2683/25 2540/3056/25
f 2540/3056/25 2436/2952/25 2536/3052/25 2539/3055/25
f 2541/3057/24 2542/3058/24 2172/2688/24 2171/2687/24
f 2541/3057/24 2171/2687/24 2164/2680/24 2538/3054/24
f 2538/3054/24 2432/2948/24 2542/3058/24 2541/3057/24
f 2543/3059/25 2540/3056/25 2167/2683/25 2176/2692/25
f 2543/3059/25 2176/2692/25 2175/2691/25 2544/3060/25
f 2544/3060/25 2436/2952/25 2540/3056/25 2543/3059/25
f 2545/3061/24 2546/3062/24 2180/2696/24 2179/2695/24
f 2545/3061/24 2179/2695/24 2172/2688/24 2542/3058/24
f 2542/3058/24 2432/2948/24 2546/3062/24 2545/3061/24
f 2547/3063/25 2544/3060/25 2175/2691/25 2184/2700/25
f 2547/3063/25 2184/2700/25 2183/2699/25 2548/3064/25
f 2548/3064/25 2436/2952/25 2544/3060/25 2547/3063/25
f 2549/3065/24 2550/3066/24 2188/2704/24 2187/2703/24
f 2549/3065/24 2187/2703/24 2180/2696/24 2546/3062/24
f 2546/3062/24 2432/2948/24 2550/3066/24 2549/3065/24
f 2551/3067/25 2548/3064/25 2183/2699/25 2192/2708/25
f 2551/3067/25 2192/2708/25 2191/2707/25 2552/3068/25
f 2552/3068/25 2436/2952/25 2548/3064/25 2551/3067/25
f 2553/3069/24 2554/3070/24 2196/2712/24 2195/2711/24
f 2553/3069/24 2195/2711/24 2188/2704/24 2550/3066/24
f 2550/3066/24 2432/2948/24 2554/3070/24 2553/3069/24
f 2555/3071/25 2552/3068/25 2191/2707/25 2200/2716/25
f 2555/3071/25 2200/2716/25 2199/2715/25 2556/3072/25
f 2556/3072/25 2436/2952/25 2552/3068/25 2555/3071/25
f 2557/3073/24 2558/3074/24 2204/2720/24 2203/2719/24
f 2557/3073/24 2203/2719/24 2196/2712/24 2554/3070/24
f 2554/3070/24 2432/2948/24 2558/3074/24 2557/3073/24
f 2559/3075/25 2556/3072/25 2199/2715/25 2208/2724/25
f 2559/3075/25 2208/2724/25 2207/2723/25 2560/3076/25
f 2560/3076/25 2436/2952/25 2556/3072/25 2559/3075/25
f 2561/3077/24 2562/3078/24 2212/2728/24 2211/2727/24
f 2561/3077/24 2211/2727/24 2204/2720/24 2558/3074/24
f 2558/3074/24 2432/2948/24 2562/3078/24 2561/3077/24
f 2563/3079/25 2560/3076/25 2207/2723/25 2216/2732/25
f 2563/3079/25 2216/2732/25 2215/2731/25 2564/3080/25
f 2564/3080/25 2436/2952/25 2560/3076/25 2563/3079/25
f 2565/3081/24 2566/3082/24 2220/2736/24 2219/2735/24
f 2565/3081/24 2219/2735/24 2212/2728/24 2562/3078/24
f 2562/3078/24 2432/2948/24 2566/3082/24 2565/3081/24
f 2567/3083/25 2564/3080/25 2215/2731/25 2224/2740/25
f 2567/3083/25 2224/2740/25 2223/2739/25 2568/3084/25
f 2568/3084/25 2436/2952/25 2564/3080/25 2567/3083/25
f 2569/3085/24 2570/3086/24 2228/2744/24 2227/2743/24
f 2569/3085/24 2227/2743/24 2220/2736/24 2566/3082/24
f 2566/3082/24 2432/2948/24 2570/3086/24 2569/3085/24
f 2571/3087/25 2568/3084/25 2223/2739/25 2232/2748/25
f 2571/3087/25 2232/2748/25 2231/2747/25 2572/3088/25
f 2572/3088/25 2436/2952/25 2568/3084/25 2571/3087/25
f 2573/3089/24 2574/3090/24 2236/2752/24 2235/2751/24
f 2573/3089/24 2235/2751/24 2228/2744/24 2570/3086/24
f 2570/3086/24 2432/2948/24 2574/3090/24 2573/3089/24
f 2575/3091/25 2572/3088/25 2231/2747/25 2240/2756/25
f 2575/3091/25 2240/2756/25 2239/2755/25 2576/3092/25
f 2576/3092/25 2436/2952/25 2572/3088/25 2575/3091/25
f 2577/3093/24 2578/3094/24 2244/2760/24 2243/2759/24
f 2577/3093/24 2243/2759/24 2236/2752/24 2574/3090/24
f 2574/3090/24 2432/2948/24 2578/3094/24 2577/3093/24
f 2579/3095/25 2576/3092/25 2239/2755/25 2248/2764/25
f 2579/3095/25 2248/2764/25 2247/2763/25 2580/3096/25
f 2580/3096/25 2436/2952/25 2576/3092/25 2579/3095/25
f 2581/3097/24 2582/3098/24 2252/2768/24 2251/2767/24
f 2581/3097/24 2251/2767/24 2244/2760/24 2578/3094/24
f 2578/3094/24 2432/2948/24 2582/3098/24 2581/3097/24
f 2583/3099/25 2580/3096/25 2247/2763/25 2256/2772/25
f 2583/3099/25 2256/2772/25 2255/2771/25 2584/3100/25
f 2584/3100/25 2436/2952/25 2580/3096/25 2583/3099/25
f 2585/3101/24 2586/3102/24 2260/2776/24 2259/2775/24
f 2585/3101/24 2259/2775/24 2252/2768/24 2582/3098/24
f 2582/3098/24 2432/2948/24 2586/3102/24 2585/3101/24
f 2587/3103/25 2584/3100/25 2255/2771/25 2264/2780/25
f 2587/3103/25 2264/2780/25 2263/2779/25 2588/3104/25
f 2588/3104/25 2436/2952/25 2584/3100/25 2587/3103/25
f 2589/3105/24 2590/3106/24 2268/2784/24 2267/2783/24
f 2589/3105/24 2267/2783/24 2260/2776/24 2586/3102/24
f 2586/3102/24 2432/2948/24 2590/3106/24 2589/3105/24
f 2591/3107/25 2588/3104/25 2263/2779/25 2272/2788/25
f 2591/3107/25 2272/2788/25 2271/2787/25 2592/3108/25
f 2592/3108/25 2436/2952/25 2588/3104/25 2591/3107/25
f 2593/3109/24 2594/3110/24 2276/2792/24 2275/2791/24
f 2593/3109/24 2275/2791/24 2268/2784/24 2590/3106/24
f 2590/3106/24 2432/2948/24 2594/3110/24 2593/3109/24
f 2595/3111/25 2592/3108/25 2271/2787/25 2280/2796/25
f 2595/3111/25 2280/2796/25 2279/2795/25 2596/3112/25
f 2596/3112/25 2436/2952/25 2592/3108/25 2595/3111/25
f 2597/3113/24 2598/3114/24 2284/2800/24 2283/2799/24
f 2597/3113/24 2283/2799/24 2276/2792/24 2594/3110/24
f 2594/3110/24 2432/2948/24 2598/3114/24 2597/3113/24
f 2599/3115/25 2596/3112/25 2279/2795/25 2288/2804/25
f 2599/3115/25 2288/2804/25 2287/2803/25 2600/3116/25
f 2600/3116/25 2436/2952/25 2596/3112/25 2599/3115/25
f 2601/3117/24 2602/3118/24 2292/2808/24 2291/2807/24
f 2601/3117/24 2291/2807/24 2284/2800/24 2598/3114/24
f 2598/3114/24 2432/2948/24 2602/3118/24 2601/3117/24
f 2603/3119/25 2600/3116/25 2287/2803/25 2296/2812/25
f 2603/3119/25 2296/2812/25 2295/2811/25 2604/3120/25
f 2604/3120/25 2436/2952/25 2600/3116/25 2603/3119/25
f 2605/3121/24 2606/3122/24 2300/2816/24 2299/2815/24
f 2605/3121/24 2299/2815/24 2292/2808/24 2602/3118/24
f 2602/3118/24 2432/2948/24 2606/3122/24 2605/3121/24
f 2607/3123/25 2604/3120/25 2295/2811/25 2304/2820/25
f 2607/3123/25 2304/2820/25 2303/2819/25 2608/3124/25
f 2608/3124/25 2436/2952/25 2604/3120/25 2607/3123/25
f 2609/3125/24 2610/3126/24 2308/2824/24 2307/2823/24
f 2609/3125/24 2307/2823/24 2300/2816/24 2606/3122/24
f 2606/3122/24 2432/2948/24 2610/3126/24 2609/3125/24
f 2611/3127/25 2608/3124/25 2303/2819/25 2312/2828/25
f 2611/3127/25 2312/2828/25 2311/2827/25 2612/3128/25
f 2612/3128/25 2436/2952/25 2608/3124/25 2611/3127/25
f 2613/3129/24 2614/3130/24 2316/2832/24 2315/2831/24
f 2613/3129/24 2315/2831/24 2308/2824/24 2610/3126/24
f 2610/3126/24 2432/2948/24 2614/3130/24 2613/3129/24
f 2615/3131/25 2612/3128/25 2311/2827/25 2320/2836/25
f 2615/3131/25 2320/2836/25 2319/2835/25 2616/3132/25
f 2616/3132/25 2436/2952/25 2612/3128/25 2615/3131/25
f 2617/3133/24 2618/3134/24 2324/2840/24 2323/2839/24
f 2617/3133/24 2323/2839/24 2316/2832/24 2614/3130/24
f 2614/3130/24 2432/2948/24 2618/3134/24 2617/3133/24
f 2619/3135/25 2616/3132/25 2319/2835/25 2328/2844/25
f 2619/3135/25 2328/2844/25 2327/2843/25 2620/3136/25
f 2620/3136/25 2436/2952/25 2616/3132/25 2619/3135/25
f 2621/3137/24 2622/3138/24 2332/2848/24 2331/2847/24
f 2621/3137/24 2331/2847/24 2324/2840/24 2618/3134/24
f 2618/3134/24 2432/2948/24 2622/3138/24 2621/3137/24
f 2623/3139/25 2620/3136/25 2327/2843/25 2336/2852/25
f 2623/3139/25 2336/2852/25 2335/2851/25 2624/3140/25
f 2624/3140/25 2436/2952/25 2620/3136/25 2623/3139/25
f 2625/3141/24 2626/3142/24 2340/2856/24 2339/2855/24
f 2625/3141/24 2339/2855/24 2332/2848/24 2622/3138/24
f 2622/3138/24 2432/2948/24 2626/3142/24 2625/3141/24
f 2627/3143/25 2624/3140/25 2335/2851/25 2344/2860/25
f 2627/3143/25 2344/2860/25 2343/2859/25 2628/3144/25
f 2628/3144/25 2436/2952/25 2624/3140/25 2627/3143/25
f 2629/3145/24 2630/3146/24 2348/2864/24 2347/2863/24
f 2629/3145/24 2347/2863/24 2340/2856/24 2626/3142/24
f 2626/3142/24 2432/2948/24 2630/3146/24 2629/3145/24
f 2631/3147/25 2628/3144/25 2343/2859/25 2352/2868/25
f 2631/3147/25 2352/2868/25 2351/2867/25 2632/3148/25
f 2632/3148/25 2436/2952/25 2628/3144/25 2631/3147/25
f 2633/3149/24 2634/3150/24 2356/2872/24 2355/2871/24
f 2633/3149/24 2355/2871/24 2348/2864/24 2630/3146/24
f 2630/3146/24 2432/2948/24 2634/3150/24 2633/3149/24
f 2635/3151/25 2632/3148/25 2351/2867/25 2360/2876/25
f 2635/3151/25 2360/2876/25 2359/2875/25 2636/3152/25
f 2636/3152/25 2436/2952/25 2632/3148/25 2635/3151/25
f 2637/3153/24 2638/3154/24 2364/2880/24 2363/2879/24
f 2637/3153/24 2363/2879/24 2356/2872/24 2634/3150/24
f 2634/3150/24 2432/2948/24 2638/3154/24 2637/3153/24
f 2639/3155/25 2636/3152/25 2359/2875/25 2368/2884/25
f 2639/3155/25 2368/2884/25 2367/2883/25 2640/3156/25
f 2640/3156/25 2436/2952/25 2636/3152/25 2639/3155/25
f 2641/3157/24 2642/3158/24 2372/2888/24 2371/2887/24
f 2641/3157/24 2371/2887/24 2364/2880/24 2638/3154/24
f 2638/3154/24 2432/2948/24 2642/3158/24 2641/3157/24
f 2643/3159/25 2640/3156/25 2367/2883/25 2376/2892/25
f 2643/3159/25 2376/2892/25 2375/2891/25 2644/3160/25
f 2644/3160/25 2436/2952/25 2640/3156/25 2643/3159/25
f 2645/3161/24 2646/3162/24 2380/2896/24 2379/2895/24
f 2645/3161/24 2379/2895/24 2372/2888/24 2642/3158/24
f 2642/3158/24 2432/2948/24 2646/3162/24 2645/3161/24
f 2647/3163/25 2644/3160/25 2375/2891/25 2384/2900/25
f 2647/3163/25 2384/2900/25 2383/2899/25 2648/3164/25
f 2648/3164/25 2436/2952/25 2644/3160/25 2647/3163/25
f 2649/3165/24 2650/3166/24 2388/2904/24 2387/2903/24
f 2649/3165/24 2387/2903/24 2380/2896/24 2646/3162/24
f 2646/3162/24 2432/2948/24 2650/3166/24 2649/3165/24
f 2651/3167/25 2648/3164/25 2383/2899/25 2392/2908/25
f 2651/3167/25 2392/2908/25 2391/2907/25 2652/3168/25
f 2652/3168/25 2436/2952/25 2648/3164/25 2651/3167/25
f 2653/3169/24 2654/3170/24 2396/2912/24 2395/2911/24
f 2653/3169/24 2395/2911/24 2388/2904/24 2650/3166/24
f 2650/3166/24 2432/2948/24 2654/3170/24 2653/3169/24
f 2655/3171/25 2652/3168/25 2391/2907/25 2400/2916/25
f 2655/3171/25 2400/2916/25 2399/2915/25 2656/3172/25
f 2656/3172/25 2436/2952/25 2652/3168/25 2655/3171/25
f 2657/3173/24 2658/3174/24 2404/2920/24 2403/2919/24
f 2657/3173/24 2403/2919/24 2396/2912/24 2654/3170/24
f 2654/3170/24 2432/2948/24 2658/3174/24 2657/3173/24
f 2659/3175/25 2656/3172/25 2399/2915/25 2408/2924/25
f 2659/3175/25 2408/2924/25 2407/2923/25 2660/3176/25
f 2660/3176/25 2436/2952/25 2656/3172/25 2659/3175/25
f 2661/3177/24 2662/3178/24 2412/2928/24 2411/2927/24
f 2661/3177/24 2411/2927/24 2404/2920/24 2658/3174/24
f 2658/3174/24 2432/2948/24 2662/3178/24 2661/3177/24
f 2663/3179/25 2660/3176/25 2407/2923/25 2416/2932/25
f 2663/3179/25 2416/2932/25 2415/2931/25 2664/3180/25
f 2664/3180/25 2436/2952/25 2660/3176/25 2663/3179/25
f 2665/3181/24 2666/3182/24 2420/2936/24 2419/2935/24
f 2665/3181/24 2419/2935/24 2412/2928/24 2662/3178/24
f 2662/3178/24 2432/2948/24 2666/3182/24 2665/3181/24
f 2667/3183/25 2664/3180/25 2415/2931/25 2424/2940/25
f 2667/3183/25 2424/2940/25 2423/2939/25 2668/3184/25
f 2668/3184/25 2436/2952/25 2664/3180/25 2667/3183/25
f 2669/3185/24 2431/2947/24 1952/2468/24 2426/2942/24
f 2669/3185/24 2426/2942/24 2420/2936/24 2666/3182/24
f 2666/3182/24 2432/2948/24 2431/2947/24 2669/3185/24
f 2670/3186/25 2668/3184/25 2423/2939/25 2428/2944/25
f 2670/3186/25 2428/2944/25 1960/2476/25 2434/2950/25
f 2434/2950/25 2436/2952/25 2668/3184/25 2670/3186/25
f 874/1384/384 873/1383/385 2671/3187/984 2672/3188/985
f 2672/3188/985 2671/3187/984 1242/3189/514 1240/3190/512
f 1240/3190/512 1239/3191/511 2673/3192/986 2672/3188/985
f 2672/3188/985 2673/3192/986 875/1385/42 874/1384/384
f 869/1379/384 877/1387/42 2674/3193/987 2675/3194/988
f 2675/3194/988 2674/3193/987 1233/3195/508 1231/3196/506
f 1231/3196/506 1230/3197/505 2676/3198/989 2675/3194/988
f 2675/3194/988 2676/3198/989 870/1380/385 869/1379/384
f 883/1393/386 882/1392/387 2677/3199/990 2678/3200/991
f 2678/3200/991 2677/3199/990 1255/3201/522 1253/3202/520
f 1253/3202/520 1242/3189/514 2671/3187/984 2678/3200/991
f 2678/3200/991 2671/3187/984 873/1383/385 883/1393/386
f 878/1388/386 870/1380/385 2676/3198/989 2679/3203/992
f 2679/3203/992 2676/3198/989 1230/3197/505 1249/3204/518
f 1249/3204/518 1248/3205/517 2680/3206/993 2679/3203/992
f 2679/3203/992 2680/3206/993 879/1389/387 878/1388/386
f 889/1399/388 888/1398/389 2681/3207/994 2682/3208/995
f 2682/3208/995 2681/3207/994 1267/3209/530 1265/3210/528
f 1265/3210/528 1255/3201/522 2677/3199/990 2682/3208/995
f 2682/3208/995 2677/3199/990 882/1392/387 889/1399/388
f 884/1394/388 879/1389/387 2680/3206/993 2683/3211/996
f 2683/3211/996 2680/3206/993 1248/3205/517 1261/3212/526
f 1261/3212/526 1260/3213/525 2684/3214/997 2683/3211/996
f 2683/3211/996 2684/3214/997 885/1395/389 884/1394/388
f 895/1405/390 894/1404/391 2685/3215/998 2686/3216/999
f 2686/3216/999 2685/3215/998 1279/3217/538 1277/3218/536
f 1277/3218/536 1267/3209/530 2681/3207/994 2686/3216/999
f 2686/3216/999 2681/3207/994 888/1398/389 895/1405/390
f 890/1400/390 885/1395/389 2684/3214/997 2687/3219/1000
f 2687/3219/1000 2684/3214/997 1260/3213/525 1273/3220/534
f 1273/3220/534 1272/3221/533 2688/3222/1001 2687/3219/1000
f 2687/3219/1000 2688/3222/1001 891/1401/391 890/1400/390
f 901/1411/392 900/1410/393 2689/3223/1002 2690/3224/1003
f 2690/3224/1003 2689/3223/1002 1291/3225/546 1289/3226/544
f 1289/3226/544 1279/3217/538 2685/3215/998 2690/3224/1003
f 2690/3224/1003 2685/3215/998 894/1404/391 901/1411/392
f 896/1406/392 891/1401/391 2688/3222/1001 2691/3227/1004
f 2691/3227/1004 2688/3222/1001 1272/3221/533 1285/3228/542
f 1285/3228/542 1284/3229/541 2692/3230/1005 2691/3227/1004
f 2691/3227/1004 2692/3230/1005 897/1407/393 896/1406/392
f 907/1417/394 906/1416/395 2693/3231/1006 2694/3232/1007
f 2694/3232/1007 2693/3231/1006 1303/3233/554 1301/3234/552
f 1301/3234/552 1291/3225/546 2689/3223/1002 2694/3232/1007
f 2694/3232/1007 2689/3223/1002 900/1410/393 907/1417/394
f 902/1412/394 897/1407/393 2692/3230/1005 2695/3235/1008
f 2695/3235/1008 2692/3230/1005 1284/3229/541 1297/3236/550
f 1297/3236/550 1296/3237/549 2696/3238/1009 2695/3235/1008
f 2695/3235/1008 2696/3238/1009 903/1413/395 902/1412/394
f 913/1423/396 912/1422/397 2697/3239/1010 2698/3240/1011
f 2698/3240/1011 2697/3239/1010 1315/3241/562 1313/3242/560
f 1313/3242/560 1303/3233/554 2693/3231/1006 2698/3240/1011
f 2698/3240/1011 2693/3231/1006 906/1416/395 913/1423/396
f 908/1418/396 903/1413/395 2696/3238/1009 2699/3243/1012
f 2699/3243/1012 2696/3238/1009 1296/3237/549 1309/3244/558
f 1309/3244/558 1308/3245/557 2700/3246/1013 2699/3243/1012
f 2699/3243/1012 2700/3246/1013 909/1419/397 908/1418/396
f 919/1429/398 918/1428/399 2701/3247/1014 2702/3248/1015
f 2702/3248/1015 2701/3247/1014 1327/3249/570 1325/3250/568
f 1325/3250/568 1315/3241/562 2697/3239/1010 2702/3248/1015
f 2702/3248/1015 2697/3239/1010 912/1422/397 919/1429/398
f 914/1424/398 909/1419/397 2700/3246/1013 2703/3251/1016
f 2703/3251/1016 2700/3246/1013 1308/3245/557 1321/3252/566
f 1321/3252/566 1320/3253/565 2704/3254/1017 2703/3251/1016
f 2703/3251/1016 2704/3254/1017 915/1425/399 914/1424/398
f 925/1435/400 924/1434/401 2705/3255/1018 2706/3256/1019
f 2706/3256/1019 2705/3255/1018 1339/3257/578 1337/3258/576
f 1337/3258/576 1327/3249/570 2701/3247/1014 2706/3256/1019
f 2706/3256/1019 2701/3247/1014 918/1428/399 925/1435/400
f 920/1430/400 915/1425/399 2704/3254/1017 2707/3259/1020
f 2707/3259/1020 2704/3254/1017 1320/3253/565 1333/3260/574
f 1333/3260/574 1332/3261/573 2708/3262/1021 2707/3259/1020
f 2707/3259/1020 2708/3262/1021 921/1431/401 920/1430/400
f 931/1441/402 930/1440/403 2709/3263/1022 2710/3264/1023
f 2710/3264/1023 2709/3263/1022 1351/3265/586 1349/3266/584
f 1349/3266/584 1339/3257/578 2705/3255/1018 2710/3264/1023
f 2710/3264/1023 2705/3255/1018 924/1434/401 931/1441/402
f 926/1436/402 921/1431/401 2708/3262/1021 2711/3267/1024
f 2711/3267/1024 2708/3262/1021 1332/3261/573 1345/3268/582
f 1345/3268/582 1344/3269/581 2712/3270/1025 2711/3267/1024
f 2711/3267/1024 2712/3270/1025 927/1437/403 926/1436/402
f 937/1447/404 936/1446/405 2713/3271/1026 2714/3272/1027
f 2714/3272/1027 2713/3271/1026 1363/3273/594 1361/3274/592
f 1361/3274/592 1351/3265/586 2709/3263/1022 2714/3272/1027
f 2714/3272/1027 2709/3263/1022 930/1440/403 937/1447/404
f 932/1442/404 927/1437/403 2712/3270/1025 2715/3275/1028
f 2715/3275/1028 2712/3270/1025 1344/3269/581 1357/3276/590
f 1357/3276/590 1356/3277/589 2716/3278/1029 2715/3275/1028
f 2715/3275/1028 2716/3278/1029 933/1443/405 932/1442/404
f 943/1453/406 942/1452/407 2717/3279/1030 2718/3280/1031
f 2718/3280/1031 2717/3279/1030 1375/3281/602 1373/3282/600
f 1373/3282/600 1363/3273/594 2713/3271/1026 2718/3280/1031
f 2718/3280/1031 2713/3271/1026 936/1446/405 943/1453/406
f 938/1448/406 933/1443/405 2716/3278/1029 2719/3283/1032
f 2719/3283/1032 2716/3278/1029 1356/3277/589 1369/3284/598
f 1369/3284/598 1368/3285/597 2720/3286/1033 2719/3283/1032
f 2719/3283/1032 2720/3286/1033 939/1449/407 938/1448/406
f 949/1459/408 948/1458/409 2721/3287/1034 2722/3288/1035
f 2722/3288/1035 2721/3287/1034 1387/3289/610 1385/3290/608
f 1385/3290/608 1375/3281/602 2717/3279/1030 2722/3288/1035
f 2722/3288/1035 2717/3279/1030 942/1452/407 949/1459/408
f 944/1454/408 939/1449/407 2720/3286/1033 2723/3291/1036
f 2723/3291/1036 2720/3286/1033 1368/3285/597 1381/3292/606
f 1381/3292/606 1380/3293/605 2724/3294/1037 2723/3291/1036
f 2723/3291/1036 2724/3294/1037 945/1455/409 944/1454/408
f 955/1465/410 954/1464/411 2725/3295/1038 2726/3296/1039
f 2726/3296/1039 2725/3295/1038 1399/3297/618 1397/3298/616
f 1397/3298/616 1387/3289/610 2721/3287/1034 2726/3296/1039
f 2726/3296/1039 2721/3287/1034 948/1458/409 955/1465/410
f 950/1460/410 945/1455/409 2724/3294/1037 2727/3299/1040
f 2727/3299/1040 2724/3294/1037 1380/3293/605 1393/3300/614
f 1393/3300/614 1392/3301/613 2728/3302/1041 2727/3299/1040
f 2727/3299/1040 2728/3302/1041 951/1461/411 950/1460/410
f 961/1471/412 960/1470/9 2729/3303/1042 2730/3304/1043
f 2730/3304/1043 2729/3303/1042 1411/3305/626 1409/3306/624
f 1409/3306/624 1399/3297/618 2725/3295/1038 2730/3304/1043
f 2730/3304/1043 2725/3295/1038 954/1464/411 961/1471/412
f 956/1466/412 951/1461/411 2728/3302/1041 2731/3307/1044
f 2731/3307/1044 2728/3302/1041 1392/3301/613 1405/3308/622
f 1405/3308/622 1404/3309/621 2732/3310/1045 2731/3307/1044
f 2731/3307/1044 2732/3310/1045 957/1467/9 956/1466/412
f 967/1477/413 966/1476/414 2733/3311/1046 2734/3312/1047
f 2734/3312/1047 2733/3311/1046 1423/3313/634 1421/3314/632
f 1421/3314/632 1411/3315/626 2729/3316/1042 2734/3312/1047
f 2734/3312/1047 2729/3316/1042 960/1478/9 967/1477/413
f 962/1472/413 957/1480/9 2732/3317/1045 2735/3318/1048
f 2735/3318/1048 2732/3317/1045 1404/3319/621 1417/3320/630
f 1417/3320/630 1416/3321/629 2736/3322/1049 2735/3318/1048
f 2735/3318/1048 2736/3322/1049 963/1473/414 962/1472/413
f 973/1486/415 972/1485/416 2737/3323/1050 2738/3324/1051
f 2738/3324/1051 2737/3323/1050 1435/3325/642 1433/3326/640
f 1433/3326/640 1423/3313/634 2733/3311/1046 2738/3324/1051
f 2738/3324/1051 2733/3311/1046 966/1476/414 973/1486/415
f 968/1481/415 963/1473/414 2736/3322/1049 2739/3327/1052
f 2739/3327/1052 2736/3322/1049 1416/3321/629 1429/3328/638
f 1429/3328/638 1428/3329/637 2740/3330/1053 2739/3327/1052
f 2739/3327/1052 2740/3330/1053 969/1482/416 968/1481/415
f 979/1492/417 978/1491/418 2741/3331/1054 2742/3332/1055
f 2742/3332/1055 2741/3331/1054 1447/3333/650 1445/3334/648
f 1445/3334/648 1435/3325/642 2737/3323/1050 2742/3332/1055
f 2742/3332/1055 2737/3323/1050 972/1485/416 979/1492/417
f 974/1487/417 969/1482/416 2740/3330/1053 2743/3335/1056
f 2743/3335/1056 2740/3330/1053 1428/3329/637 1441/3336/646
f 1441/3336/646 1440/3337/645 2744/3338/1057 2743/3335/1056
f 2743/3335/1056 2744/3338/1057 975/1488/418 974/1487/417
f 985/1498/421 984/1497/420 2745/3339/1058 2746/3340/1059
f 2746/3340/1059 2745/3339/1058 1459/3341/658 1457/3342/656
f 1457/3342/656 1447/3333/650 2741/3331/1054 2746/3340/1059
f 2746/3340/1059 2741/3331/1054 978/1491/418 985/1498/421
f 980/1493/419 975/1488/418 2744/3338/1057 2747/3343/1060
f 2747/3343/1060 2744/3338/1057 1440/3337/645 1453/3344/654
f 1453/3344/654 1452/3345/653 2748/3346/1061 2747/3343/1060
f 2747/3343/1060 2748/3346/1061 981/1494/420 980/1493/419
f 991/1504/422 990/1503/423 2749/3347/1062 2750/3348/1063
f 2750/3348/1063 2749/3347/1062 1471/3349/666 1469/3350/664
f 1469/3350/664 1459/3341/658 2745/3339/1058 2750/3348/1063
f 2750/3348/1063 2745/3339/1058 984/1497/420 991/1504/422
f 986/1499/422 981/1494/420 2748/3346/1061 2751/3351/1064
f 2751/3351/1064 2748/3346/1061 1452/3345/653 1465/3352/662
f 1465/3352/662 1464/3353/661 2752/3354/1065 2751/3351/1064
f 2751/3351/1064 2752/3354/1065 987/1500/423 986/1499/422
f 997/1510/424 996/1509/425 2753/3355/1066 2754/3356/1067
f 2754/3356/1067 2753/3355/1066 1483/3357/674 1481/3358/672
f 1481/3358/672 1471/3349/666 2749/3347/1062 2754/3356/1067
f 2754/3356/1067 2749/3347/1062 990/1503/423 997/1510/424
f 992/1505/424 987/1500/423 2752/3354/1065 2755/3359/1068
f 2755/3359/1068 2752/3354/1065 1464/3353/661 1477/3360/670
f 1477/3360/670 1476/3361/669 2756/3362/1069 2755/3359/1068
f 2755/3359/1068 2756/3362/1069 993/1506/425 992/1505/424
f 1003/1516/426 1002/1515/427 2757/3363/1070 2758/3364/1071
f 2758/3364/1071 2757/3363/1070 1495/3365/682 1493/3366/680
f 1493/3366/680 1483/3357/674 2753/3355/1066 2758/3364/1071
f 2758/3364/1071 2753/3355/1066 996/1509/425 1003/1516/426
f 998/1511/426 993/1506/425 2756/3362/1069 2759/3367/1072
f 2759/3367/1072 2756/3362/1069 1476/3361/669 1489/3368/678
f 1489/3368/678 1488/3369/677 2760/3370/1073 2759/3367/1072
f 2759/3367/1072 2760/3370/1073 999/1512/427 998/1511/426
f 1009/1522/428 1008/1521/429 2761/3371/1074 2762/3372/1075
f 2762/3372/1075 2761/3371/1074 1507/3373/690 1505/3374/688
f 1505/3374/688 1495/3365/682 2757/3363/1070 2762/3372/1075
f 2762/3372/1075 2757/3363/1070 1002/1515/427 1009/1522/428
f 1004/1517/428 999/1512/427 2760/3370/1073 2763/3375/1076
f 2763/3375/1076 2760/3370/1073 1488/3369/677 1501/3376/686
f 1501/3376/686 1500/3377/685 2764/3378/1077 2763/3375/1076
f 2763/3375/1076 2764/3378/1077 1005/1518/429 1004/1517/428
f 1015/1528/430 1014/1527/431 2765/3379/1078 2766/3380/1079
f 2766/3380/1079 2765/3379/1078 1519/3381/698 1517/3382/696
f 1517/3382/696 1507/3373/690 2761/3371/1074 2766/3380/1079
f 2766/3380/1079 2761/3371/1074 1008/1521/429 1015/1528/430
f 1010/1523/430 1005/1518/429 2764/3378/1077 2767/3383/1080
f 2767/3383/1080 2764/3378/1077 1500/3377/685 1513/3384/694
f 1513/3384/694 1512/3385/693 2768/3386/1081 2767/3383/1080
f 2767/3383/1080 2768/3386/1081 1011/1524/431 1010/1523/430
f 1021/1534/432 1020/1533/433 2769/3387/1082 2770/3388/1083
f 2770/3388/1083 2769/3387/1082 1531/3389/706 1529/3390/704
f 1529/3390/704 1519/3381/698 2765/3379/1078 2770/3388/1083
f 2770/3388/1083 2765/3379/1078 1014/1527/431 1021/1534/432
f 1016/1529/432 1011/1524/431 2768/3386/1081 2771/3391/1084
f 2771/3391/1084 2768/3386/1081 1512/3385/693 1525/3392/702
f 1525/3392/702 1524/3393/701 2772/3394/1085 2771/3391/1084
f 2771/3391/1084 2772/3394/1085 1017/1530/433 1016/1529/432
f 1027/1540/434 1026/1539/435 2773/3395/1086 2774/3396/1087
f 2774/3396/1087 2773/3395/1086 1543/3397/714 1541/3398/712
f 1541/3398/712 1531/3389/706 2769/3387/1082 2774/3396/1087
f 2774/3396/1087 2769/3387/1082 1020/1533/433 1027/1540/434
f 1022/1535/434 1017/1530/433 2772/3394/1085 2775/3399/1088
f 2775/3399/1088 2772/3394/1085 1524/3393/701 1537/3400/710
f 1537/3400/710 1536/3401/709 2776/3402/1089 2775/3399/1088
f 2775/3399/1088 2776/3402/1089 1023/1536/435 1022/1535/434
f 1033/1546/436 1032/1545/437 2777/3403/1090 2778/3404/1091
f 2778/3404/1091 2777/3403/1090 1555/3405/722 1553/3406/720
f 1553/3406/720 1543/3397/714 2773/3395/1086 2778/3404/1091
f 2778/3404/1091 2773/3395/1086 1026/1539/435 1033/1546/436
f 1028/1541/436 1023/1536/435 2776/3402/1089 2779/3407/1092
f 2779/3407/1092 2776/3402/1089 1536/3401/709 1549/3408/718
f 1549/3408/718 1548/3409/717 2780/3410/1093 2779/3407/1092
f 2779/3407/1092 2780/3410/1093 1029/1542/437 1028/1541/436
f 1039/1552/438 1038/1551/439 2781/3411/1094 2782/3412/1095
f 2782/3412/1095 2781/3411/1094 1567/3413/730 1565/3414/728
f 1565/3414/728 1555/3405/722 2777/3403/1090 2782/3412/1095
f 2782/3412/1095 2777/3403/1090 1032/1545/437 1039/1552/438
f 1034/1547/438 1029/1542/437 2780/3410/1093 2783/3415/1096
f 2783/3415/1096 2780/3410/1093 1548/3409/717 1561/3416/726
f 1561/3416/726 1560/3417/725 2784/3418/1097 2783/3415/1096
f 2783/3415/1096 2784/3418/1097 1035/1548/439 1034/1547/438
f 1045/1558/440 1044/1557/441 2785/3419/1098 2786/3420/1099
f 2786/3420/1099 2785/3419/1098 1579/3421/738 1577/3422/736
f 1577/3422/736 1567/3413/730 2781/3411/1094 2786/3420/1099
f 2786/3420/1099 2781/3411/1094 1038/1551/439 1045/1558/440
f 1040/1553/440 1035/1548/439 2784/3418/1097 2787/3423/1100
f 2787/3423/1100 2784/3418/1097 1560/3417/725 1573/3424/734
f 1573/3424/734 1572/3425/733 2788/3426/1101 2787/3423/1100
f 2787/3423/1100 2788/3426/1101 1041/1554/441 1040/1553/440
f 1051/1564/442 1050/1563/43 2789/3427/1102 2790/3428/1103
f 2790/3428/1103 2789/3427/1102 1591/3429/746 1589/3430/744
f 1589/3430/744 1579/3421/738 2785/3419/1098 2790/3428/1103
f 2790/3428/1103 2785/3419/1098 1044/1557/441 1051/1564/442
f 1046/1559/442 1041/1554/441 2788/3426/1101 2791/3431/1104
f 2791/3431/1104 2788/3426/1101 1572/3425/733 1585/3432/742
f 1585/3432/742 1584/3433/741 2792/3434/1105 2791/3431/1104
f 2791/3431/1104 2792/3434/1105 1047/1560/43 1046/1559/442
f 1057/1570/443 1056/1569/444 2793/3435/1106 2794/3436/1107
f 2794/3436/1107 2793/3435/1106 1603/3437/754 1601/3438/752
f 1601/3438/752 1591/3429/746 2789/3427/1102 2794/3436/1107
f 2794/3436/1107 2789/3427/1102 1050/1563/43 1057/1570/443
f 1052/1565/443 1047/1560/43 2792/3434/1105 2795/3439/1108
f 2795/3439/1108 2792/3434/1105 1584/3433/741 1597/3440/750
f 1597/3440/750 1596/3441/749 2796/3442/1109 2795/3439/1108
f 2795/3439/1108 2796/3442/1109 1053/1566/444 1052/1565/443
f 1063/1576/445 1062/1575/446 2797/3443/1110 2798/3444/1111
f 2798/3444/1111 2797/3443/1110 1615/3445/762 1613/3446/760
f 1613/3446/760 1603/3437/754 2793/3435/1106 2798/3444/1111
f 2798/3444/1111 2793/3435/1106 1056/1569/444 1063/1576/445
f 1058/1571/445 1053/1566/444 2796/3442/1109 2799/3447/1112
f 2799/3447/1112 2796/3442/1109 1596/3441/749 1609/3448/758
f 1609/3448/758 1608/3449/757 2800/3450/1113 2799/3447/1112
f 2799/3447/1112 2800/3450/1113 1059/1572/446 1058/1571/445
f 1069/1582/447 1068/1581/448 2801/3451/1114 2802/3452/1115
f 2802/3452/1115 2801/3451/1114 1627/3453/770 1625/3454/768
f 1625/3454/768 1615/3445/762 2797/3443/1110 2802/3452/1115
f 2802/3452/1115 2797/3443/1110 1062/1575/446 1069/1582/447
f 1064/1577/447 1059/1572/446 2800/3450/1113 2803/3455/1116
f 2803/3455/1116 2800/3450/1113 1608/3449/757 1621/3456/766
f 1621/3456/766 1620/3457/765 2804/3458/1117 2803/3455/1116
f 2803/3455/1116 2804/3458/1117 1065/1578/448 1064/1577/447
f 1075/1588/449 1074/1587/450 2805/3459/1118 2806/3460/1119
f 2806/3460/1119 2805/3459/1118 1639/3461/778 1637/3462/776
f 1637/3462/776 1627/3453/770 2801/3451/1114 2806/3460/1119
f 2806/3460/1119 2801/3451/1114 1068/1581/448 1075/1588/449
f 1070/1583/449 1065/1578/448 2804/3458/1117 2807/3463/1120
f 2807/3463/1120 2804/3458/1117 1620/3457/765 1633/3464/774
f 1633/3464/774 1632/3465/773 2808/3466/1121 2807/3463/1120
f 2807/3463/1120 2808/3466/1121 1071/1584/450 1070/1583/449
f 1081/1594/451 1080/1593/452 2809/3467/1122 2810/3468/1123
f 2810/3468/1123 2809/3467/1122 1651/3469/786 1649/3470/784
f 1649/3470/784 1639/3461/778 2805/3459/1118 2810/3468/1123
f 2810/3468/1123 2805/3459/1118 1074/1587/450 1081/1594/451
f 1076/1589/451 1071/1584/450 2808/3466/1121 2811/3471/1124
f 2811/3471/1124 2808/3466/1121 1632/3465/773 1645/3472/782
f 1645/3472/782 1644/3473/781 2812/3474/1125 2811/3471/1124
f 2811/3471/1124 2812/3474/1125 1077/1590/452 1076/1589/451
f 1087/1600/453 1086/1599/454 2813/3475/1126 2814/3476/1127
f 2814/3476/1127 2813/3475/1126 1663/3477/794 1661/3478/792
f 1661/3478/792 1651/3469/786 2809/3467/1122 2814/3476/1127
f 2814/3476/1127 2809/3467/1122 1080/1593/452 1087/1600/453
f 1082/1595/453 1077/1590/452 2812/3474/1125 2815/3479/1128
f 2815/3479/1128 2812/3474/1125 1644/3473/781 1657/3480/790
f 1657/3480/790 1656/3481/789 2816/3482/1129 2815/3479/1128
f 2815/3479/1128 2816/3482/1129 1083/1596/454 1082/1595/453
f 1093/1606/455 1092/1605/456 2817/3483/1130 2818/3484/1131
f 2818/3484/1131 2817/3483/1130 1675/3485/802 1673/3486/800
f 1673/3486/800 1663/3477/794 2813/3475/1126 2818/3484/1131
f 2818/3484/1131 2813/3475/1126 1086/1599/454 1093/1606/455
f 1088/1601/455 1083/1596/454 2816/3482/1129 2819/3487/1132
f 2819/3487/1132 2816/3482/1129 1656/3481/789 1669/3488/798
f 1669/3488/798 1668/3489/797 2820/3490/1133 2819/3487/1132
f 2819/3487/1132 2820/3490/1133 1089/1602/456 1088/1601/455
f 1099/1612/457 1098/1611/458 2821/3491/1134 2822/3492/1135
f 2822/3492/1135 2821/3491/1134 1687/3493/810 1685/3494/808
f 1685/3494/808 1675/3485/802 2817/3483/1130 2822/3492/1135
f 2822/3492/1135 2817/3483/1130 1092/1605/456 1099/1612/457
f 1094/1607/457 1089/1602/456 2820/3490/1133 2823/3495/1136
f 2823/3495/1136 2820/3490/1133 1668/3489/797 1681/3496/806
f 1681/3496/806 1680/3497/805 2824/3498/1137 2823/3495/1136
f 2823/3495/1136 2824/3498/1137 1095/1608/458 1094/1607/457
f 1105/1618/459 1104/1617/460 2825/3499/1138 2826/3500/1139
f 2826/3500/1139 2825/3499/1138 1699/3501/818 1697/3502/816
f 1697/3502/816 1687/3493/810 2821/3491/1134 2826/3500/1139
f 2826/3500/1139 2821/3491/1134 1098/1611/458 1105/1618/459
f 1100/1613/459 1095/1608/458 2824/3498/1137 2827/3503/1140
f 2827/3503/1140 2824/3498/1137 1680/3497/805 1693/3504/814
f 1693/3504/814 1692/3505/813 2828/3506/1141 2827/3503/1140
f 2827/3503/1140 2828/3506/1141 1101/1614/460 1100/1613/459
f 1111/1624/461 1110/1623/462 2829/3507/1142 2830/3508/1143
f 2830/3508/1143 2829/3507/1142 1711/3509/826 1709/3510/824
f 1709/3510/824 1699/3501/818 2825/3499/1138 2830/3508/1143
f 2830/3508/1143 2825/3499/1138 1104/1617/460 1111/1624/461
f 1106/1619/461 1101/1614/460 2828/3506/1141 2831/3511/1144
f 2831/3511/1144 2828/3506/1141 1692/3505/813 1705/3512/822
f 1705/3512/822 1704/3513/821 2832/3514/1145 2831/3511/1144
f 2831/3511/1144 2832/3514/1145 1107/1620/462 1106/1619/461
f 1117/1630/463 1116/1629/464 2833/3515/1146 2834/3516/1147
f 2834/3516/1147 2833/3515/1146 1723/3517/834 1721/3518/832
f 1721/3518/832 1711/3509/826 2829/3507/1142 2834/3516/1147
f 2834/3516/1147 2829/3507/1142 1110/1623/462 1117/1630/463
f 1112/1625/463 1107/1620/462 2832/3514/1145 2835/3519/1148
f 2835/3519/1148 2832/3514/1145 1704/3513/821 1717/3520/830
f 1717/3520/830 1716/3521/829 2836/3522/1149 2835/3519/1148
f 2835/3519/1148 2836/3522/1149 1113/1626/464 1112/1625/463
f 1123/1636/465 1122/1635/468 2837/3523/1150 2838/3524/1151
f 2838/3524/1151 2837/3523/1150 1735/3525/842 1733/3526/840
f 1733/3526/840 1723/3517/834 2833/3515/1146 2838/3524/1151
f 2838/3524/1151 2833/3515/1146 1116/1629/464 1123/1636/465
f 1118/1631/465 1113/1626/464 2836/3522/1149 2839/3527/1152
f 2839/3527/1152 2836/3522/1149 1716/3521/829 1729/3528/838
f 1729/3528/838 1728/3529/837 2840/3530/1153 2839/3527/1152
f 2839/3527/1152 2840/3530/1153 1119/1632/466 1118/1631/465
f 1129/1642/469 1128/1641/470 2841/3531/1154 2842/3532/1155
f 2842/3532/1155 2841/3531/1154 1747/3533/850 1745/3534/848
f 1745/3534/848 1735/3525/842 2837/3523/1150 2842/3532/1155
f 2842/3532/1155 2837/3523/1150 1122/1635/468 1129/1642/469
f 1124/1637/469 1119/1632/466 2840/3530/1153 2843/3535/1156
f 2843/3535/1156 2840/3530/1153 1728/3529/837 1741/3536/846
f 1741/3536/846 1740/3537/845 2844/3538/1157 2843/3535/1156
f 2843/3535/1156 2844/3538/1157 1125/1638/470 1124/1637/469
f 1135/1648/471 1134/1647/472 2845/3539/1158 2846/3540/1159
f 2846/3540/1159 2845/3539/1158 1759/3541/858 1757/3542/856
f 1757/3542/856 1747/3533/850 2841/3531/1154 2846/3540/1159
f 2846/3540/1159 2841/3531/1154 1128/1641/470 1135/1648/471
f 1130/1643/471 1125/1638/470 2844/3538/1157 2847/3543/1160
f 2847/3543/1160 2844/3538/1157 1740/3537/845 1753/3544/854
f 1753/3544/854 1752/3545/853 2848/3546/1161 2847/3543/1160
f 2847/3543/1160 2848/3546/1161 1131/1644/472 1130/1643/471
f 1141/1654/473 1140/1653/11 2849/3547/1162 2850/3548/1163
f 2850/3548/1163 2849/3547/1162 1771/3549/866 1769/3550/864
f 1769/3550/864 1759/3541/858 2845/3539/1158 2850/3548/1163
f 2850/3548/1163 2845/3539/1158 1134/1647/472 1141/1654/473
f 1136/1649/473 1131/1644/472 2848/3546/1161 2851/3551/1164
f 2851/3551/1164 2848/3546/1161 1752/3545/853 1765/3552/862
f 1765/3552/862 1764/3553/861 2852/3554/1165 2851/3551/1164
f 2851/3551/1164 2852/3554/1165 1137/1650/11 1136/1649/473
f 1147/1660/474 1146/1659/475 2853/3555/1166 2854/3556/1167
f 2854/3556/1167 2853/3555/1166 1783/3557/874 1781/3558/872
f 1781/3558/872 1771/3559/866 2849/3560/1162 2854/3556/1167
f 2854/3556/1167 2849/3560/1162 1140/1661/11 1147/1660/474
f 1142/1655/474 1137/1663/11 2852/3561/1165 2855/3562/1168
f 2855/3562/1168 2852/3561/1165 1764/3563/861 1777/3564/870
f 1777/3564/870 1776/3565/869 2856/3566/1169 2855/3562/1168
f 2855/3562/1168 2856/3566/1169 1143/1656/475 1142/1655/474
f 1153/1669/476 1152/1668/477 2857/3567/1170 2858/3568/1171
f 2858/3568/1171 2857/3567/1170 1795/3569/882 1793/3570/880
f 1793/3570/880 1783/3557/874 2853/3555/1166 2858/3568/1171
f 2858/3568/1171 2853/3555/1166 1146/1659/475 1153/1669/476
f 1148/1664/476 1143/1656/475 2856/3566/1169 2859/3571/1172
f 2859/3571/1172 2856/3566/1169 1776/3565/869 1789/3572/878
f 1789/3572/878 1788/3573/877 2860/3574/1173 2859/3571/1172
f 2859/3571/1172 2860/3574/1173 1149/1665/477 1148/1664/476
f 1159/1675/478 1158/1674/479 2861/3575/1174 2862/3576/1175
f 2862/3576/1175 2861/3575/1174 1807/3577/890 1805/3578/888
f 1805/3578/888 1795/3569/882 2857/3567/1170 2862/3576/1175
f 2862/3576/1175 2857/3567/1170 1152/1668/477 1159/1675/478
f 1154/1670/478 1149/1665/477 2860/3574/1173 2863/3579/1176
f 2863/3579/1176 2860/3574/1173 1788/3573/877 1801/3580/886
f 1801/3580/886 1800/3581/885 2864/3582/1177 2863/3579/1176
f 2863/3579/1176 2864/3582/1177 1155/1671/479 1154/1670/478
f 1165/1681/480 1164/1680/481 2865/3583/1178 2866/3584/1179
f 2866/3584/1179 2865/3583/1178 1819/3585/898 1817/3586/896
f 1817/3586/896 1807/3577/890 2861/3575/1174 2866/3584/1179
f 2866/3584/1179 2861/3575/1174 1158/1674/479 1165/1681/480
f 1160/1676/480 1155/1671/479 2864/3582/1177 2867/3587/1180
f 2867/3587/1180 2864/3582/1177 1800/3581/885 1813/3588/894
f 1813/3588/894 1812/3589/893 2868/3590/1181 2867/3587/1180
f 2867/3587/1180 2868/3590/1181 1161/1677/481 1160/1676/480
f 1171/1687/482 1170/1686/483 2869/3591/1182 2870/3592/1183
f 2870/3592/1183 2869/3591/1182 1831/3593/906 1829/3594/904
f 1829/3594/904 1819/3585/898 2865/3583/1178 2870/3592/1183
f 2870/3592/1183 2865/3583/1178 1164/1680/481 1171/1687/482
f 1166/1682/482 1161/1677/481 2868/3590/1181 2871/3595/1184
f 2871/3595/1184 2868/3590/1181 1812/3589/893 1825/3596/902
f 1825/3596/902 1824/3597/901 2872/3598/1185 2871/3595/1184
f 2871/3595/1184 2872/3598/1185 1167/1683/483 1166/1682/482
f 1177/1693/484 1176/1692/485 2873/3599/1186 2874/3600/1187
f 2874/3600/1187 2873/3599/1186 1843/3601/914 1841/3602/912
f 1841/3602/912 1831/3593/906 2869/3591/1182 2874/3600/1187
f 2874/3600/1187 2869/3591/1182 1170/1686/483 1177/1693/484
f 1172/1688/484 1167/1683/483 2872/3598/1185 2875/3603/1188
f 2875/3603/1188 2872/3598/1185 1824/3597/901 1837/3604/910
f 1837/3604/910 1836/3605/909 2876/3606/1189 2875/3603/1188
f 2875/3603/1188 2876/3606/1189 1173/1689/485 1172/1688/484
f 1183/1699/486 1182/1698/487 2877/3607/1190 2878/3608/1191
f 2878/3608/1191 2877/3607/1190 1855/3609/922 1853/3610/920
f 1853/3610/920 1843/3601/914 2873/3599/1186 2878/3608/1191
f 2878/3608/1191 2873/3599/1186 1176/1692/485 1183/1699/486
f 1178/1694/486 1173/1689/485 2876/3606/1189 2879/3611/1192
f 2879/3611/1192 2876/3606/1189 1836/3605/909 1849/3612/918
f 1849/3612/918 1848/3613/917 2880/3614/1193 2879/3611/1192
f 2879/3611/1192 2880/3614/1193 1179/1695/487 1178/1694/486
f 1189/1705/488 1188/1704/489 2881/3615/1194 2882/3616/1195
f 2882/3616/1195 2881/3615/1194 1867/3617/930 1865/3618/928
f 1865/3618/928 1855/3609/922 2877/3607/1190 2882/3616/1195
f 2882/3616/1195 2877/3607/1190 1182/1698/487 1189/1705/488
f 1184/1700/488 1179/1695/487 2880/3614/1193 2883/3619/1196
f 2883/3619/1196 2880/3614/1193 1848/3613/917 1861/3620/926
f 1861/3620/926 1860/3621/925 2884/3622/1197 2883/3619/1196
f 2883/3619/1196 2884/3622/1197 1185/1701/489 1184/1700/488
f 1195/1711/490 1194/1710/491 2885/3623/1198 2886/3624/1199
f 2886/3624/1199 2885/3623/1198 1879/3625/938 1877/3626/936
f 1877/3626/936 1867/3617/930 2881/3615/1194 2886/3624/1199
f 2886/3624/1199 2881/3615/1194 1188/1704/489 1195/1711/490
f 1190/1706/490 1185/1701/489 2884/3622/1197 2887/3627/1200
f 2887/3627/1200 2884/3622/1197 1860/3621/925 1873/3628/934
f 1873/3628/934 1872/3629/933 2888/3630/1201 2887/3627/1200
f 2887/3627/1200 2888/3630/1201 1191/1707/491 1190/1706/490
f 1201/1717/492 1200/1716/493 2889/3631/1202 2890/3632/1203
f 2890/3632/1203 2889/3631/1202 1891/3633/946 1889/3634/944
f 1889/3634/944 1879/3625/938 2885/3623/1198 2890/3632/1203
f 2890/3632/1203 2885/3623/1198 1194/1710/491 1201/1717/492
f 1196/1712/492 1191/1707/491 2888/3630/1201 2891/3635/1204
f 2891/3635/1204 2888/3630/1201 1872/3629/933 1885/3636/942
f 1885/3636/942 1884/3637/941 2892/3638/1205 2891/3635/1204
f 2891/3635/1204 2892/3638/1205 1197/1713/493 1196/1712/492
f 1207/1723/494 1206/1722/495 2893/3639/1206 2894/3640/1207
f 2894/3640/1207 2893/3639/1206 1903/3641/954 1901/3642/952
f 1901/3642/952 1891/3633/946 2889/3631/1202 2894/3640/1207
f 2894/3640/1207 2889/3631/1202 1200/1716/493 1207/1723/494
f 1202/1718/494 1197/1713/493 2892/3638/1205 2895/3643/1208
f 2895/3643/1208 2892/3638/1205 1884/3637/941 1897/3644/950
f 1897/3644/950 1896/3645/949 2896/3646/1209 2895/3643/1208
f 2895/3643/1208 2896/3646/1209 1203/1719/495 1202/1718/494
f 1213/1729/496 1212/1728/497 2897/3647/1210 2898/3648/1211
f 2898/3648/1211 2897/3647/1210 1915/3649/962 1913/3650/960
f 1913/3650/960 1903/3641/954 2893/3639/1206 2898/3648/1211
f 2898/3648/1211 2893/3639/1206 1206/1722/495 1213/1729/496
f 1208/1724/496 1203/1719/495 2896/3646/1209 2899/3651/1212
f 2899/3651/1212 2896/3646/1209 1896/3645/949 1909/3652/958
f 1909/3652/958 1908/3653/957 2900/3654/1213 2899/3651/1212
f 2899/3651/1212 2900/3654/1213 1209/1725/497 1208/1724/496
f 1219/1735/498 1218/1734/499 2901/3655/1214 2902/3656/1215
f 2902/3656/1215 2901/3655/1214 1927/3657/970 1925/3658/968
f 1925/3658/968 1915/3649/962 2897/3647/1210 2902/3656/1215
f 2902/3656/1215 2897/3647/1210 1212/1728/497 1219/1735/498
f 1214/1730/498 1209/1725/497 2900/3654/1213 2903/3659/1216
f 2903/3659/1216 2900/3654/1213 1908/3653/957 1921/3660/966
f 1921/3660/966 1920/3661/965 2904/3662/1217 2903/3659/1216
f 2903/3659/1216 2904/3662/1217 1215/1731/499 1214/1730/498
f 1225/1741/500 1224/1740/501 2905/3663/1218 2906/3664/1219
f 2906/3664/1219 2905/3663/1218 1939/3665/978 1937/3666/976
f 1937/3666/976 1927/3657/970 2901/3655/1214 2906/3664/1219
f 2906/3664/1219 2901/3655/1214 1218/1734/499 1225/1741/500
f 1220/1736/500 1215/1731/499 2904/3662/1217 2907/3667/1220
f 2907/3667/1220 2904/3662/1217 1920/3661/965 1933/3668/974
f 1933/3668/974 1932/3669/973 2908/3670/1221 2907/3667/1220
f 2907/3667/1220 2908/3670/1221 1221/1737/501 1220/1736/500
f 1228/1744/503 875/1385/42 2673/3192/986 2909/3671/1222
f 2909/3671/1222 2673/3192/986 1239/3191/511 1946/3672/982
f 1946/3672/982 1939/3665/978 2905/3663/1218 2909/3671/1222
f 2909/3671/1222 2905/3663/1218 1224/1740/501 1228/1744/503
f 1226/1742/502 1221/1737/501 2908/3670/1221 2910/3673/1223
f 2910/3673/1223 2908/3670/1221 1932/3669/973 1943/3674/980
f 1943/3674/980 1233/3195/508 2674/3193/987 2910/3673/1223
f 2910/3673/1223 2674/3193/987 877/1387/42 1226/1742/502
f 2911/3675/24 2912/3676/24 2913/3677/24 2914/3678/24
f 2915/3679/24 2916/3680/24 2912/3676/24 2911/3675/24
f 2917/3681/24 2912/3676/24 2916/3680/24 2918/3682/24
f 2919/3683/24 2913/3677/24 2912/3676/24 2917/3681/24
f 2920/3684/11 2921/3685/11 2922/3686/11 2923/3687/11
f 2924/3688/11 2925/3689/11 2921/3685/11 2920/3684/11
f 2926/3690/11 2921/3685/11 2925/3689/11 2927/3691/11
f 2928/3692/11 2922/3686/11 2921/3685/11 2926/3690/11
f 2929/3693/42 2930/3694/42 2931/3695/42 2932/3696/42
f 2933/3697/42 2934/3698/42 2930/3694/42 2929/3693/42
f 2935/3699/42 2930/3694/42 2934/3698/42 2936/3700/42
f 2937/3701/42 2931/3695/42 2930/3694/42 2935/3699/42
f 2938/3702/9 2939/3703/9 2940/3704/9 2941/3705/9
f 2942/3706/9 2943/3707/9 2939/3703/9 2938/3702/9
f 2944/3708/9 2939/3703/9 2943/3707/9 2945/3709/9
f 2946/3710/9 2940/3704/9 2939/3703/9 2944/3708/9
f 2947/3711/43 2948/3712/43 2949/3713/43 2950/3714/43
f 2951/3715/43 2952/3716/43 2948/3712/43 2947/3711/43
f 2953/3717/43 2948/3712/43 2952/3716/43 2954/3718/43
f 2955/3719/43 2949/3713/43 2948/3712/43 2953/3717/43
f 2956/3720/1224 2957/3721/1225 2958/3722/1226 2959/3723/1226
f 2960/3724/1227 2961/3725/1226 2958/3722/1226 2957/3721/1225
f 2962/3726/1228 2958/3727/1226 2961/3728/1226 2963/3729/1228
f 2962/3726/1228 2964/3730/1228 2959/3731/1226 2958/3727/1226
f 2965/3732/1229 2966/3733/1229 2967/3734/1230 2968/3735/1231
f 2969/3736/1229 2970/3737/1230 2967/3734/1230 2966/3733/1229
f 2971/3738/1232 2967/3734/1230 2970/3737/1230 2972/3739/1233
f 2971/3738/1232 2973/3740/1232 2968/3735/1231 2967/3734/1230
f 2974/3741/1234 2975/3742/1235 2976/3743/1236 2977/3744/1236
f 2978/3745/1234 2979/3746/1236 2976/3743/1236 2975/3742/1235
f 2980/3747/1237 2976/3748/1236 2979/3749/1236 2981/3750/1238
f 2980/3747/1237 2982/3751/1237 2977/3752/1236 2976/3748/1236
f 2983/3753/1239 2984/3754/1240 2985/3755/1241 2986/3756/1241
f 2987/3757/1240 2988/3758/1241 2985/3755/1241 2984/3754/1240
f 2989/3759/1242 2985/3755/1241 2988/3758/1241 2990/3760/1243
f 2989/3759/1242 2991/3761/1244 2986/3756/1241 2985/3755/1241
f 2992/3762/11 2993/3763/11 2994/3764/11 2995/3765/11
f 2996/3766/11 2997/3767/11 2993/3763/11 2992/3762/11
f 2998/3768/11 2993/3763/11 2997/3767/11 2999/3769/11
f 3000/3770/11 2994/3764/11 2993/3763/11 2998/3768/11
f 3001/3771/42 3002/3772/42 3003/3773/42 3004/3774/42
f 3005/3775/42 3006/3776/42 3002/3772/42 3001/3771/42
f 3007/3777/42 3002/3772/42 3006/3776/42 3008/3778/42
f 3009/3779/42 3003/3773/42 3002/3772/42 3007/3777/42
f 3010/3780/9 3011/3781/9 3012/3782/9 3013/3783/9
f 3014/3784/9 3015/3785/9 3011/3781/9 3010/3780/9
f 3016/3786/9 3011/3781/9 3015/3785/9 3017/3787/9
f 3018/3788/9 3012/3782/9 3011/3781/9 3016/3786/9
f 3019/3789/43 3020/3790/43 3021/3791/43 3022/3792/43
f 3023/3793/43 3024/3794/43 3020/3790/43 3019/3789/43
f 3025/3795/43 3020/3790/43 3024/3794/43 3026/3796/43
f 3027/3797/43 3021/3791/43 3020/3790/43 3025/3795/43
f 3028/3798/1245 3029/3799/1246 3030/3800/1247 3031/3801/1248
f 3028/3798/1245 3032/3802/1245 3033/3803/1249 3029/3799/1246
f 3034/3804/1250 3035/3805/1251 3029/3806/1246 3033/3807/1249
f 3036/3808/1251 3030/3809/1247 3029/3806/1246 3035/3805/1251
f 3037/3810/1252 3038/3811/1253 3039/3812/1253 3040/3813/1252
f 3037/3810/1252 3041/3814/1252 3042/3815/1254 3038/3811/1253
f 3043/3816/1255 3044/3817/1255 3038/3818/1253 3042/3819/1254
f 3045/3820/1255 3039/3821/1253 3038/3818/1253 3044/3817/1255
f 3046/3822/1256 3047/3823/1257 3048/3824/1258 3049/3825/1259
f 3046/3822/1256 3050/3826/1256 3051/3827/1258 3047/3823/1257
f 3052/3828/1260 3053/3829/1260 3047/3830/1257 3051/3831/1258
f 3054/3832/1261 3048/3833/1258 3047/3830/1257 3053/3829/1260
f 3055/3834/1262 3056/3835/1263 3057/3836/1263 3058/3837/1264
f 3055/3834/1262 3059/3838/1262 3060/3839/1263 3056/3835/1263
f 3061/3840/1265 3062/3841/1265 3056/3842/1263 3060/3843/1263
f 3063/3844/1266 3057/3845/1263 3056/3842/1263 3062/3841/1265
f 3035/3805/1251 3064/3846/1267 3065/3847/1267 3036/3808/1251
f 3035/3805/1251 3034/3804/1250 3066/3848/1267 3064/3846/1267
f 3067/3849/1268 3068/3850/1269 3064/3846/1267 3066/3848/1267
f 3069/3851/1268 3065/3847/1267 3064/3846/1267 3068/3850/1269
f 3044/3817/1255 3070/3852/1270 3071/3853/1271 3045/3820/1255
f 3044/3817/1255 3043/3816/1255 3072/3854/1270 3070/3852/1270
f 3073/3855/1272 3074/3856/1273 3070/3852/1270 3072/3854/1270
f 3075/3857/1274 3071/3853/1271 3070/3852/1270 3074/3856/1273
f 3053/3829/1260 3076/3858/1275 3077/3859/1275 3054/3832/1261
f 3053/3829/1260 3052/3828/1260 3078/3860/1276 3076/3858/1275
f 3079/3861/1277 3080/3862/1278 3076/3858/1275 3078/3860/1276
f 3081/3863/1278 3077/3859/1275 3076/3858/1275 3080/3862/1278
f 3062/3841/1265 3082/3864/1279 3083/3865/1280 3063/3844/1266
f 3062/3841/1265 3061/3840/1265 3084/3866/1281 3082/3864/1279
f 3085/3867/1282 3086/3868/1283 3082/3864/1279 3084/3866/1281
f 3087/3869/1282 3083/3865/1280 3082/3864/1279 3086/3868/1283
f 3088/3870/9 3089/3871/9 3090/3872/9 3091/3873/9
f 3092/3874/9 3093/3875/9 3089/3871/9 3088/3870/9
f 3094/3876/9 3089/3871/9 3093/3875/9 3095/3877/9
f 3096/3878/9 3090/3872/9 3089/3871/9 3094/3876/9
f 3097/3879/43 3098/3880/43 3099/3881/43 3100/3882/43
f 3101/3883/43 3102/3884/43 3098/3880/43 3097/3879/43
f 3103/3885/43 3098/3880/43 3102/3884/43 3104/3886/43
f 3105/3887/43 3099/3881/43 3098/3880/43 3103/3885/43
f 3106/3888/11 3107/3889/11 3108/3890/11 3109/3891/11
f 3110/3892/11 3111/3893/11 3107/3889/11 3106/3888/11
f 3112/3894/11 3107/3889/11 3111/3893/11 3113/3895/11
f 3114/3896/11 3108/3890/11 3107/3889/11 3112/3894/11
f 3115/3897/42 3116/3898/42 3117/3899/42 3118/3900/42
f 3119/3901/42 3120/3902/42 3116/3898/42 3115/3897/42
f 3121/3903/42 3116/3898/42 3120/3902/42 3122/3904/42
f 3123/3905/42 3117/3899/42 3116/3898/42 3121/3903/42
f 3124/3906/25 3125/3907/25 3126/3908/25 3127/3909/25
f 3128/3910/25 3129/3911/25 3125/3907/25 3124/3906/25
f 3130/3912/25 3125/3907/25 3129/3911/25 3131/3913/25
f 3132/3914/25 3126/3908/25 3125/3907/25 3130/3912/25
f 3133/3915/1284 3134/3916/1285 3135/3917/1285 3136/3918/1286
f 3137/3919/1287 3138/3920/1285 3134/3916/1285 3133/3915/1284
f 2911/3675/24 3134/3916/1285 3138/3920/1285 2915/3679/24
f 2914/3678/24 3135/3917/1285 3134/3916/1285 2911/3675/24
f 3139/3921/1288 3140/3922/1289 3141/3923/1289 3142/3924/1288
f 3143/3925/1290 3144/3926/1289 3140/3922/1289 3139/3921/1288
f 2917/3681/24 3140/3922/1289 3144/3926/1289 2919/3683/24
f 2918/3682/24 3141/3923/1289 3140/3922/1289 2917/3681/24
f 3145/3927/1291 3146/3928/1292 3147/3929/1293 3148/3930/1291
f 3149/3931/1294 3150/3932/1293 3146/3928/1292 3145/3927/1291
f 2929/3693/42 3146/3928/1292 3150/3932/1293 2933/3697/42
f 2932/3696/42 3147/3929/1293 3146/3928/1292 2929/3693/42
f 3151/3933/1295 3152/3934/1296 3153/3935/1297 3154/3936/1295
f 3155/3937/1295 3156/3938/1297 3152/3934/1296 3151/3933/1295
f 2935/3699/42 3152/3934/1296 3156/3938/1297 2937/3701/42
f 2936/3700/42 3153/3935/1297 3152/3934/1296 2935/3699/42
f 3157/3939/1298 3158/3940/1299 3159/3941/1300 3160/3942/1298
f 3161/3943/1298 3162/3944/1300 3158/3940/1299 3157/3939/1298
f 2947/3711/43 3158/3940/1299 3162/3944/1300 2951/3715/43
f 2950/3714/43 3159/3941/1300 3158/3940/1299 2947/3711/43
f 3163/3945/1301 3164/3946/1302 3165/3947/1303 3166/3948/1304
f 3167/3949/1301 3168/3950/1302 3164/3946/1302 3163/3945/1301
f 2953/3717/43 3164/3946/1302 3168/3950/1302 2955/3719/43
f 2954/3718/43 3165/3947/1303 3164/3946/1302 2953/3717/43
f 3169/3951/1305 3170/3952/1306 2970/3737/1230 2969/3736/1229
f 3171/3953/1307 3172/3954/1308 3170/3952/1306 3169/3951/1305
f 3173/3955/1309 3170/3952/1306 3172/3954/1308 3174/3956/1310
f 2972/3739/1233 2970/3737/1230 3170/3952/1306 3173/3955/1309
f 2973/3740/1232 3175/3957/1311 3176/3958/1312 2968/3735/1231
f 3175/3957/1311 3177/3959/1313 3178/3960/1314 3176/3958/1312
f 3179/3961/1315 3180/3962/1316 3176/3958/1312 3178/3960/1314
f 3180/3962/1316 2965/3732/1229 2968/3735/1231 3176/3958/1312
f 3181/3963/1317 3182/3964/1318 2988/3758/1241 2987/3757/1240
f 3183/3965/1319 3184/3966/1320 3182/3964/1318 3181/3963/1317
f 3185/3967/1321 3182/3964/1318 3184/3966/1320 3186/3968/1322
f 2990/3760/1243 2988/3758/1241 3182/3964/1318 3185/3967/1321
f 2991/3761/1244 3187/3969/1323 3188/3970/1324 2986/3756/1241
f 3187/3969/1323 3189/3971/1325 3190/3972/1326 3188/3970/1324
f 3191/3973/1327 3192/3974/1328 3188/3970/1324 3190/3972/1326
f 3192/3974/1328 2983/3753/1239 2986/3756/1241 3188/3970/1324
f 3193/3975/1291 3194/3976/1329 3195/3977/1293 3196/3978/1291
f 3197/3979/1330 3198/3980/1293 3194/3976/1329 3193/3975/1291
f 3001/3771/42 3194/3976/1329 3198/3980/1293 3005/3775/42
f 3004/3774/42 3195/3977/1293 3194/3976/1329 3001/3771/42
f 3199/3981/1295 3200/3982/1331 3201/3983/1297 3202/3984/1332
f 3203/3985/1295 3204/3986/1333 3200/3982/1331 3199/3981/1295
f 3007/3777/42 3200/3982/1331 3204/3986/1333 3009/3779/42
f 3008/3778/42 3201/3983/1297 3200/3982/1331 3007/3777/42
f 3205/3987/1298 3206/3988/1334 3207/3989/1300 3208/3990/1298
f 3209/3991/1298 3210/3992/1300 3206/3988/1334 3205/3987/1298
f 3019/3789/43 3206/3988/1334 3210/3992/1300 3023/3793/43
f 3022/3792/43 3207/3989/1300 3206/3988/1334 3019/3789/43
f 3211/3993/1301 3212/3994/1335 3213/3995/1303 3214/3996/1301
f 3215/3997/1301 3216/3998/1303 3212/3994/1335 3211/3993/1301
f 3025/3795/43 3212/3994/1335 3216/3998/1303 3027/3797/43
f 3026/3796/43 3213/3995/1303 3212/3994/1335 3025/3795/43
f 3041/3814/1252 3217/3999/1336 3218/4000/1337 3042/3815/1254
f 3217/4001/1336 3219/4002/1338 3220/4003/1339 3218/4004/1337
f 3221/4005/1340 3222/4006/1341 3218/4007/1337 3220/4008/1339
f 3222/4006/1341 3043/3816/1255 3042/3819/1254 3218/4007/1337
f 3223/4009/1342 3224/4010/1343 3039/3821/1253 3045/3820/1255
f 3225/4011/1344 3226/4012/1345 3224/4010/1343 3223/4009/1342
f 3227/4013/1346 3224/4014/1343 3226/4015/1345 3228/4016/1347
f 3040/3813/1252 3039/3812/1253 3224/4017/1343 3227/4018/1346
f 3059/3838/1262 3229/4019/1348 3230/4020/1349 3060/3839/1263
f 3229/4021/1348 3231/4022/1350 3232/4023/1351 3230/4024/1349
f 3233/4025/1352 3234/4026/1353 3230/4027/1349 3232/4028/1351
f 3234/4026/1353 3061/3840/1265 3060/3843/1263 3230/4027/1349
f 3235/4029/1354 3236/4030/1355 3057/3845/1263 3063/3844/1266
f 3237/4031/1356 3238/4032/1357 3236/4030/1355 3235/4029/1354
f 3239/4033/1358 3236/4034/1355 3238/4035/1357 3240/4036/1359
f 3058/3837/1264 3057/3836/1263 3236/4037/1355 3239/4038/1358
f 3043/3816/1255 3222/4006/1341 3241/4039/1360 3072/3854/1270
f 3222/4006/1341 3221/4005/1340 3242/4040/1361 3241/4039/1360
f 3243/4041/1362 3244/4042/1363 3241/4039/1360 3242/4040/1361
f 3244/4042/1363 3073/3855/1272 3072/3854/1270 3241/4039/1360
f 3245/4043/1364 3246/4044/1365 3071/3853/1271 3075/3857/1274
f 3247/4045/1366 3248/4046/1367 3246/4044/1365 3245/4043/1364
f 3223/4009/1342 3246/4044/1365 3248/4046/1367 3225/4011/1344
f 3045/3820/1255 3071/3853/1271 3246/4044/1365 3223/4009/1342
f 3061/3840/1265 3234/4026/1353 3249/4047/1368 3084/3866/1281
f 3234/4026/1353 3233/4025/1352 3250/4048/1369 3249/4047/1368
f 3251/4049/1370 3252/4050/1371 3249/4047/1368 3250/4048/1369
f 3252/4050/1371 3085/3867/1282 3084/3866/1281 3249/4047/1368
f 3253/4051/1372 3254/4052/1373 3083/3865/1280 3087/3869/1282
f 3255/4053/1374 3256/4054/1375 3254/4052/1373 3253/4051/1372
f 3235/4029/1354 3254/4052/1373 3256/4054/1375 3237/4031/1356
f 3063/3844/1266 3083/3865/1280 3254/4052/1373 3235/4029/1354
f 3257/4055/1298 3258/4056/1300 3259/4057/1300 3260/4058/1298
f 3261/4059/1298 3262/4060/1300 3258/4056/1300 3257/4055/1298
f 3097/3879/43 3258/4056/1300 3262/4060/1300 3101/3883/43
f 3100/3882/43 3259/4057/1300 3258/4056/1300 3097/3879/43
f 3263/4061/1301 3264/4062/1376 3265/4063/1377 3266/4064/1301
f 3267/4065/1301 3268/4066/1303 3264/4062/1376 3263/4061/1301
f 3103/3885/43 3264/4062/1376 3268/4066/1303 3105/3887/43
f 3104/3886/43 3265/4063/1377 3264/4062/1376 3103/3885/43
f 3269/4067/1291 3270/4068/1378 3271/4069/1378 3272/4070/1291
f 3273/4071/1291 3274/4072/1378 3270/4068/1378 3269/4067/1291
f 3115/3897/42 3270/4068/1378 3274/4072/1378 3119/3901/42
f 3118/3900/42 3271/4069/1378 3270/4068/1378 3115/3897/42
f 3275/4073/1295 3276/4074/1297 3277/4075/1297 3278/4076/1295
f 3279/4077/1295 3280/4078/1297 3276/4074/1297 3275/4073/1295
f 3121/3903/42 3276/4074/1297 3280/4078/1297 3123/3905/42
f 3122/3904/42 3277/4075/1297 3276/4074/1297 3121/3903/42
f 3281/4079/1379 3282/4080/1380 3283/4081/1381 3284/4082/1379
f 3285/4083/1382 3286/4084/1381 3282/4080/1380 3281/4079/1379
f 3124/3906/25 3282/4085/1380 3286/4086/1381 3128/3910/25
f 3127/3909/25 3283/4087/1381 3282/4085/1380 3124/3906/25
f 3287/4088/1383 3288/4089/1384 3289/4090/1384 3290/4091/1383
f 3291/4092/1383 3292/4093/1384 3288/4089/1384 3287/4088/1383
f 3130/3912/25 3288/4094/1384 3292/4095/1384 3132/3914/25
f 3131/3913/25 3289/4096/1384 3288/4094/1384 3130/3912/25
f 3293/4097/1385 3294/4098/1385 2916/3680/24 2915/3679/24
f 3295/4099/1386 3296/4100/1387 3294/4098/1385 3293/4097/1385
f 3297/4101/1388 3294/4098/1385 3296/4100/1387 3298/4102/1387
f 2918/3682/24 2916/3680/24 3294/4098/1385 3297/4101/1388
f 3299/4103/1389 3300/4104/1389 2913/3677/24 2919/3683/24
f 3301/4105/1390 3302/4106/1391 3300/4104/1389 3299/4103/1389
f 3303/4107/1389 3300/4104/1389 3302/4106/1391 3304/4108/1390
f 2914/3678/24 2913/3677/24 3300/4104/1389 3303/4107/1389
f 3151/4109/1295 3305/4110/1392 3306/4111/1393 3155/4112/1295
f 3154/4113/1295 3307/4114/1392 3305/4110/1392 3151/4109/1295
f 2920/3684/11 3305/4110/1392 3307/4114/1392 2924/3688/11
f 2923/3687/11 3306/4111/1393 3305/4110/1392 2920/3684/11
f 3157/3939/1298 3308/4115/1394 3309/4116/1395 3161/3943/1298
f 3160/3942/1298 3310/4117/1394 3308/4115/1394 3157/3939/1298
f 2926/3690/11 3308/4115/1394 3310/4117/1394 2928/3692/11
f 2927/3691/11 3309/4116/1395 3308/4115/1394 2926/3690/11
f 3163/3945/1301 3311/4118/1396 3312/4119/1397 3167/3949/1301
f 3166/3948/1304 3313/4120/1396 3311/4118/1396 3163/3945/1301
f 2938/3702/9 3311/4118/1396 3313/4120/1396 2942/3706/9
f 2941/3705/9 3312/4119/1397 3311/4118/1396 2938/3702/9
f 3145/3927/1291 3314/4121/1398 3315/4122/1398 3149/3931/1294
f 3148/3930/1291 3316/4123/1398 3314/4121/1398 3145/3927/1291
f 2944/3708/9 3314/4121/1398 3316/4123/1398 2946/3710/9
f 2945/3709/9 3315/4122/1398 3314/4121/1398 2944/3708/9
f 3317/4124/1399 3318/4125/1400 2961/3725/1226 2960/3724/1227
f 3179/4126/1315 3178/4127/1314 3318/4125/1400 3317/4124/1399
f 3319/4128/1401 3318/4129/1400 3178/3960/1314 3177/3959/1313
f 2963/3729/1228 2961/3728/1226 3318/4129/1400 3319/4128/1401
f 2964/3730/1228 3320/4130/1402 3321/4131/1403 2959/3731/1226
f 3320/4130/1402 3186/3968/1322 3184/3966/1320 3321/4131/1403
f 3183/4132/1319 3322/4133/1404 3321/4134/1403 3184/4135/1320
f 3322/4133/1404 2956/3720/1224 2959/3723/1226 3321/4134/1403
f 3323/4136/1405 3324/4137/1406 2979/3746/1236 2978/3745/1234
f 3191/4138/1327 3190/4139/1326 3324/4137/1406 3323/4136/1405
f 3325/4140/1407 3324/4141/1406 3190/3972/1326 3189/3971/1325
f 2981/3750/1238 2979/3749/1236 3324/4141/1406 3325/4140/1407
f 2982/3751/1237 3326/4142/1408 3327/4143/1409 2977/3752/1236
f 3326/4142/1408 3174/3956/1310 3172/3954/1308 3327/4143/1409
f 3171/4144/1307 3328/4145/1410 3327/4146/1409 3172/4147/1308
f 3328/4145/1410 2974/3741/1234 2977/3744/1236 3327/4146/1409
f 3199/4148/1295 3329/4149/1392 3330/4150/1392 3203/4151/1295
f 3202/4152/1332 3331/4153/1393 3329/4149/1392 3199/4148/1295
f 2992/3762/11 3329/4149/1392 3331/4153/1393 2996/3766/11
f 2995/3765/11 3330/4150/1392 3329/4149/1392 2992/3762/11
f 3205/3987/1298 3332/4154/1411 3333/4155/1411 3209/3991/1298
f 3208/3990/1298 3334/4156/1411 3332/4154/1411 3205/3987/1298
f 2998/3768/11 3332/4154/1411 3334/4156/1411 3000/3770/11
f 2999/3769/11 3333/4155/1411 3332/4154/1411 2998/3768/11
f 3211/3993/1301 3335/4157/1397 3336/4158/1396 3215/3997/1301
f 3214/3996/1301 3337/4159/1397 3335/4157/1397 3211/3993/1301
f 3010/3780/9 3335/4157/1397 3337/4159/1397 3014/3784/9
f 3013/3783/9 3336/4158/1396 3335/4157/1397 3010/3780/9
f 3193/4160/1291 3338/4161/1398 3339/4162/1398 3197/4163/1330
f 3196/4164/1291 3340/4165/1412 3338/4161/1398 3193/4160/1291
f 3016/3786/9 3338/4161/1398 3340/4165/1412 3018/3788/9
f 3017/3787/9 3339/4162/1398 3338/4161/1398 3016/3786/9
f 3032/3802/1245 3341/4166/1413 3342/4167/1414 3033/3803/1249
f 3341/4166/1413 3228/4168/1347 3226/4169/1345 3342/4167/1414
f 3225/4011/1344 3343/4170/1415 3342/4171/1414 3226/4012/1345
f 3343/4170/1415 3034/3804/1250 3033/3807/1249 3342/4171/1414
f 3344/4172/1416 3345/4173/1417 3030/3809/1247 3036/3808/1251
f 3233/4025/1352 3232/4028/1351 3345/4173/1417 3344/4172/1416
f 3346/4174/1418 3345/4175/1417 3232/4176/1351 3231/4177/1350
f 3031/3801/1248 3030/3800/1247 3345/4175/1417 3346/4174/1418
f 3050/3826/1256 3347/4178/1419 3348/4179/1420 3051/3827/1258
f 3347/4178/1419 3240/4180/1359 3238/4181/1357 3348/4179/1420
f 3237/4031/1356 3349/4182/1421 3348/4183/1420 3238/4032/1357
f 3349/4182/1421 3052/3828/1260 3051/3831/1258 3348/4183/1420
f 3350/4184/1422 3351/4185/1423 3048/3833/1258 3054/3832/1261
f 3221/4005/1340 3220/4008/1339 3351/4185/1423 3350/4184/1422
f 3352/4186/1424 3351/4187/1423 3220/4188/1339 3219/4189/1338
f 3049/3825/1259 3048/3824/1258 3351/4187/1423 3352/4186/1424
f 3034/3804/1250 3343/4170/1415 3353/4190/1425 3066/3848/1267
f 3343/4170/1415 3225/4011/1344 3248/4046/1367 3353/4190/1425
f 3247/4045/1366 3354/4191/1426 3353/4190/1425 3248/4046/1367
f 3354/4191/1426 3067/3849/1268 3066/3848/1267 3353/4190/1425
f 3355/4192/1427 3356/4193/1428 3065/3847/1267 3069/3851/1268
f 3251/4049/1370 3250/4048/1369 3356/4193/1428 3355/4192/1427
f 3344/4172/1416 3356/4193/1428 3250/4048/1369 3233/4025/1352
f 3036/3808/1251 3065/3847/1267 3356/4193/1428 3344/4172/1416
f 3052/3828/1260 3349/4182/1421 3357/4194/1429 3078/3860/1276
f 3349/4182/1421 3237/4031/1356 3256/4054/1375 3357/4194/1429
f 3255/4053/1374 3358/4195/1430 3357/4194/1429 3256/4054/1375
f 3358/4195/1430 3079/3861/1277 3078/3860/1276 3357/4194/1429
f 3359/4196/1431 3360/4197/1432 3077/3859/1275 3081/3863/1278
f 3243/4041/1362 3242/4040/1361 3360/4197/1432 3359/4196/1431
f 3350/4184/1422 3360/4197/1432 3242/4040/1361 3221/4005/1340
f 3054/3832/1261 3077/3859/1275 3360/4197/1432 3350/4184/1422
f 3263/4061/1301 3361/4198/1396 3362/4199/1396 3267/4065/1301
f 3266/4064/1301 3363/4200/1396 3361/4198/1396 3263/4061/1301
f 3088/3870/9 3361/4198/1396 3363/4200/1396 3092/3874/9
f 3091/3873/9 3362/4199/1396 3361/4198/1396 3088/3870/9
f 3269/4201/1291 3364/4202/1398 3365/4203/1412 3273/4204/1291
f 3272/4205/1291 3366/4206/1398 3364/4202/1398 3269/4201/1291
f 3094/3876/9 3364/4202/1398 3366/4206/1398 3096/3878/9
f 3095/3877/9 3365/4203/1412 3364/4202/1398 3094/3876/9
f 3275/4073/1295 3367/4207/1433 3368/4208/1433 3279/4077/1295
f 3278/4076/1295 3369/4209/1433 3367/4207/1433 3275/4073/1295
f 3106/3888/11 3367/4207/1433 3369/4209/1433 3110/3892/11
f 3109/3891/11 3368/4208/1433 3367/4207/1433 3106/3888/11
f 3257/4055/1298 3370/4210/1395 3371/4211/1394 3261/4059/1298
f 3260/4058/1298 3372/4212/1395 3370/4210/1395 3257/4055/1298
f 3112/3894/11 3370/4210/1395 3372/4212/1395 3114/3896/11
f 3113/3895/11 3371/4211/1394 3370/4210/1395 3112/3894/11
f 3373/4213/1434 3374/4214/1434 3129/3911/25 3128/3910/25
f 3375/4215/1435 3376/4216/1435 3374/4214/1434 3373/4213/1434
f 3377/4217/1436 3374/4214/1434 3376/4216/1435 3378/4218/1435
f 3131/3913/25 3129/3911/25 3374/4214/1434 3377/4217/1436
f 3379/4219/1437 3380/4220/1438 3126/3908/25 3132/3914/25
f 3381/4221/1439 3382/4222/1439 3380/4220/1438 3379/4219/1437
f 3383/4223/1438 3380/4220/1438 3382/4222/1439 3384/4224/1440
f 3127/3909/25 3126/3908/25 3380/4220/1438 3383/4223/1438
f 3385/4225/1441 3386/4226/1442 3138/3920/1285 3137/3919/1287
f 3385/4227/1441 3387/4228/1443 3388/4229/1444 3386/4230/1442
f 3293/4097/1385 3386/4226/1442 3388/4231/1444 3295/4099/1386
f 2915/3679/24 3138/3920/1285 3386/4226/1442 3293/4097/1385
f 3303/4107/1389 3389/4232/1445 3135/3917/1285 2914/3678/24
f 3304/4108/1390 3390/4233/1446 3389/4232/1445 3303/4107/1389
f 3391/4234/1447 3389/4235/1445 3390/4236/1446 3392/4237/1448
f 3136/3918/1286 3135/3917/1285 3389/4232/1445 3391/4238/1447
f 3393/4239/1449 3394/4240/1450 3144/3926/1289 3143/3925/1290
f 3393/4241/1449 3395/4242/1451 3396/4243/1452 3394/4244/1450
f 3299/4103/1389 3394/4240/1450 3396/4245/1452 3301/4105/1390
f 2919/3683/24 3144/3926/1289 3394/4240/1450 3299/4103/1389
f 3297/4101/1388 3397/4246/1453 3141/3923/1289 2918/3682/24
f 3298/4102/1387 3398/4247/1454 3397/4246/1453 3297/4101/1388
f 3399/4248/1455 3397/4249/1453 3398/4250/1454 3400/4251/1456
f 3142/3924/1288 3141/3923/1289 3397/4246/1453 3399/4252/1455
f 3401/4253/1457 3402/4254/1458 3286/4084/1381 3285/4083/1382
f 3401/4255/1457 3403/4256/1459 3404/4257/1460 3402/4258/1458
f 3373/4213/1434 3402/4259/1458 3404/4260/1460 3375/4215/1435
f 3128/3910/25 3286/4086/1381 3402/4259/1458 3373/4213/1434
f 3383/4223/1438 3405/4261/1461 3283/4087/1381 3127/3909/25
f 3384/4224/1440 3406/4262/1462 3405/4261/1461 3383/4223/1438
f 3407/4263/1463 3405/4264/1461 3406/4265/1462 3408/4266/1464
f 3284/4082/1379 3283/4081/1381 3405/4267/1461 3407/4268/1463
f 3409/4269/1465 3410/4270/1466 3292/4093/1384 3291/4092/1383
f 3409/4271/1465 3411/4272/1467 3412/4273/1468 3410/4274/1466
f 3379/4219/1437 3410/4275/1466 3412/4276/1468 3381/4221/1439
f 3132/3914/25 3292/4095/1384 3410/4275/1466 3379/4219/1437
f 3377/4217/1436 3413/4277/1469 3289/4096/1384 3131/3913/25
f 3378/4218/1435 3414/4278/1470 3413/4277/1469 3377/4217/1436
f 3415/4279/1471 3413/4280/1469 3414/4281/1470 3416/4282/1472
f 3290/4091/1383 3289/4090/1384 3413/4283/1469 3415/4284/1471
f 3417/4285/1473 3418/4286/1474 2925/3689/11 2924/3688/11
f 3417/4285/1473 2960/3724/1227 2957/3721/1225 3418/4286/1474
f 3419/4287/1473 3418/4286/1474 2957/3721/1225 2956/3720/1224
f 2927/3691/11 2925/3689/11 3418/4286/1474 3419/4287/1473
f 3420/4288/1475 3421/4289/1475 2922/3686/11 2928/3692/11
f 3143/4290/1290 3139/4291/1288 3421/4289/1475 3420/4288/1475
f 3422/4292/1475 3421/4289/1475 3139/4291/1288 3142/4293/1288
f 2923/3687/11 2922/3686/11 3421/4289/1475 3422/4292/1475
f 3423/4294/1476 3424/4295/1476 2934/3698/42 2933/3697/42
f 3423/4294/1476 2969/4296/1229 2966/4297/1229 3424/4295/1476
f 3425/4298/1476 3424/4295/1476 2966/4297/1229 2965/4299/1229
f 2936/3700/42 2934/3698/42 3424/4295/1476 3425/4298/1476
f 3426/4300/1477 3427/4301/1477 2931/3695/42 2937/3701/42
f 3298/4302/1387 3296/4303/1387 3427/4301/1477 3426/4300/1477
f 3428/4304/1477 3427/4301/1477 3296/4303/1387 3295/4305/1386
f 2932/3696/42 2931/3695/42 3427/4301/1477 3428/4304/1477
f 3429/4306/1478 3430/4307/1478 2943/3707/9 2942/3706/9
f 3429/4306/1478 2978/3745/1234 2975/3742/1235 3430/4307/1478
f 3431/4308/1478 3430/4307/1478 2975/3742/1235 2974/3741/1234
f 2945/3709/9 2943/3707/9 3430/4307/1478 3431/4308/1478
f 3432/4309/1479 3433/4310/1479 2940/3704/9 2946/3710/9
f 3137/4311/1287 3133/4312/1284 3433/4310/1479 3432/4309/1479
f 3434/4313/1480 3433/4310/1479 3133/4312/1284 3136/4314/1286
f 2941/3705/9 2940/3704/9 3433/4310/1479 3434/4313/1480
f 3435/4315/1481 3436/4316/1481 2952/3716/43 2951/3715/43
f 3435/4315/1481 2987/4317/1240 2984/4318/1240 3436/4316/1481
f 3437/4319/1481 3436/4316/1481 2984/4318/1240 2983/4320/1239
f 2954/3718/43 2952/3716/43 3436/4316/1481 3437/4319/1481
f 3438/4321/1482 3439/4322/1482 2949/3713/43 2955/3719/43
f 3304/4323/1390 3302/4324/1391 3439/4322/1482 3438/4321/1482
f 3440/4325/1482 3439/4322/1482 3302/4324/1391 3301/4326/1390
f 2950/3714/43 2949/3713/43 3439/4322/1482 3440/4325/1482
f 3441/4327/1483 3442/4328/1484 3150/3932/1293 3149/3931/1294
f 3441/4327/1483 3171/4144/1307 3169/4329/1305 3442/4328/1484
f 2969/4296/1229 3423/4294/1476 3442/4328/1484 3169/4329/1305
f 2933/3697/42 3150/3932/1293 3442/4328/1484 3423/4294/1476
f 3428/4304/1477 3443/4330/1485 3147/3929/1293 2932/3696/42
f 3295/4305/1386 3388/4331/1444 3443/4330/1485 3428/4304/1477
f 3387/4332/1443 3444/4333/1486 3443/4330/1485 3388/4331/1444
f 3148/3930/1291 3147/3929/1293 3443/4330/1485 3444/4333/1486
f 3445/4334/1487 3446/4335/1488 3156/3938/1297 3155/3937/1295
f 3400/4336/1456 3398/4337/1454 3446/4335/1488 3445/4334/1487
f 3426/4300/1477 3446/4335/1488 3398/4337/1454 3298/4302/1387
f 2937/3701/42 3156/3938/1297 3446/4335/1488 3426/4300/1477
f 3425/4298/1476 3447/4338/1489 3153/3935/1297 2936/3700/42
f 2965/4299/1229 3180/4339/1316 3447/4338/1489 3425/4298/1476
f 3448/4340/1490 3447/4338/1489 3180/4339/1316 3179/4341/1315
f 3154/3936/1295 3153/3935/1297 3447/4338/1489 3448/4340/1490
f 3449/4342/1491 3450/4343/1492 3162/3944/1300 3161/3943/1298
f 3449/4342/1491 3183/4132/1319 3181/4344/1317 3450/4343/1492
f 2987/4317/1240 3435/4315/1481 3450/4343/1492 3181/4344/1317
f 2951/3715/43 3162/3944/1300 3450/4343/1492 3435/4315/1481
f 3440/4325/1482 3451/4345/1493 3159/3941/1300 2950/3714/43
f 3301/4326/1390 3396/4346/1452 3451/4345/1493 3440/4325/1482
f 3395/4347/1451 3452/4348/1494 3451/4345/1493 3396/4346/1452
f 3160/3942/1298 3159/3941/1300 3451/4345/1493 3452/4348/1494
f 3453/4349/1495 3454/4350/1496 3168/3950/1302 3167/3949/1301
f 3392/4351/1448 3390/4352/1446 3454/4350/1496 3453/4349/1495
f 3438/4321/1482 3454/4350/1496 3390/4352/1446 3304/4323/1390
f 2955/3719/43 3168/3950/1302 3454/4350/1496 3438/4321/1482
f 3437/4319/1481 3455/4353/1497 3165/3947/1303 2954/3718/43
f 2983/4320/1239 3192/4354/1328 3455/4353/1497 3437/4319/1481
f 3456/4355/1498 3455/4353/1497 3192/4354/1328 3191/4138/1327
f 3166/3948/1304 3165/3947/1303 3455/4353/1497 3456/4355/1498
f 3448/4356/1490 3457/4357/1499 3307/4114/1392 3154/4113/1295
f 3448/4356/1490 3179/4126/1315 3317/4124/1399 3457/4357/1499
f 2960/3724/1227 3417/4285/1473 3457/4357/1499 3317/4124/1399
f 2924/3688/11 3307/4114/1392 3457/4357/1499 3417/4285/1473
f 3422/4292/1475 3458/4358/1500 3306/4111/1393 2923/3687/11
f 3142/4293/1288 3399/4359/1455 3458/4358/1500 3422/4292/1475
f 3400/4360/1456 3445/4361/1487 3458/4358/1500 3399/4359/1455
f 3155/4112/1295 3306/4111/1393 3458/4358/1500 3445/4361/1487
f 3452/4348/1494 3459/4362/1501 3310/4117/1394 3160/3942/1298
f 3395/4347/1451 3393/4363/1449 3459/4362/1501 3452/4348/1494
f 3420/4288/1475 3459/4362/1501 3393/4363/1449 3143/4290/1290
f 2928/3692/11 3310/4117/1394 3459/4362/1501 3420/4288/1475
f 3419/4287/1473 3460/4364/1502 3309/4116/1395 2927/3691/11
f 2956/3720/1224 3322/4133/1404 3460/4364/1502 3419/4287/1473
f 3449/4342/1491 3460/4364/1502 3322/4133/1404 3183/4132/1319
f 3161/3943/1298 3309/4116/1395 3460/4364/1502 3449/4342/1491
f 3456/4355/1498 3461/4365/1503 3313/4120/1396 3166/3948/1304
f 3456/4355/1498 3191/4138/1327 3323/4136/1405 3461/4365/1503
f 2978/3745/1234 3429/4306/1478 3461/4365/1503 3323/4136/1405
f 2942/3706/9 3313/4120/1396 3461/4365/1503 3429/4306/1478
f 3434/4313/1480 3462/4366/1504 3312/4119/1397 2941/3705/9
f 3136/4314/1286 3391/4367/1447 3462/4366/1504 3434/4313/1480
f 3392/4351/1448 3453/4349/1495 3462/4366/1504 3391/4367/1447
f 3167/3949/1301 3312/4119/1397 3462/4366/1504 3453/4349/1495
f 3444/4333/1486 3463/4368/1505 3316/4123/1398 3148/3930/1291
f 3387/4332/1443 3385/4369/1441 3463/4368/1505 3444/4333/1486
f 3432/4309/1479 3463/4368/1505 3385/4369/1441 3137/4311/1287
f 2946/3710/9 3316/4123/1398 3463/4368/1505 3432/4309/1479
f 3431/4308/1478 3464/4370/1506 3315/4122/1398 2945/3709/9
f 2974/3741/1234 3328/4145/1410 3464/4370/1506 3431/4308/1478
f 3441/4327/1483 3464/4370/1506 3328/4145/1410 3171/4144/1307
f 3149/3931/1294 3315/4122/1398 3464/4370/1506 3441/4327/1483
f 3465/4371/1507 3466/4372/1507 2997/3767/11 2996/3766/11
f 3032/3802/1245 3028/3798/1245 3466/4372/1507 3465/4371/1507
f 3031/3801/1248 3467/4373/1507 3466/4372/1507 3028/3798/1245
f 2999/3769/11 2997/3767/11 3466/4372/1507 3467/4373/1507
f 3468/4374/1508 3469/4375/1508 2994/3764/11 3000/3770/11
f 2964/4376/1228 2962/4377/1228 3469/4375/1508 3468/4374/1508
f 2963/4378/1228 3470/4379/1509 3469/4375/1508 2962/4377/1228
f 2995/3765/11 2994/3764/11 3469/4375/1508 3470/4379/1509
f 3471/4380/1510 3472/4381/1510 3006/3776/42 3005/3775/42
f 3041/3814/1252 3037/3810/1252 3472/4381/1510 3471/4380/1510
f 3040/3813/1252 3473/4382/1510 3472/4381/1510 3037/3810/1252
f 3008/3778/42 3006/3776/42 3472/4381/1510 3473/4382/1510
f 3474/4383/1511 3475/4384/1512 3003/3773/42 3009/3779/42
f 2973/4385/1232 2971/4386/1232 3475/4384/1512 3474/4383/1511
f 2972/4387/1233 3476/4388/1512 3475/4384/1512 2971/4386/1232
f 3004/3774/42 3003/3773/42 3475/4384/1512 3476/4388/1512
f 3477/4389/1513 3478/4390/1513 3015/3785/9 3014/3784/9
f 3050/3826/1256 3046/3822/1256 3478/4390/1513 3477/4389/1513
f 3049/3825/1259 3479/4391/1513 3478/4390/1513 3046/3822/1256
f 3017/3787/9 3015/3785/9 3478/4390/1513 3479/4391/1513
f 3480/4392/1514 3481/4393/1514 3012/3782/9 3018/3788/9
f 2982/4394/1237 2980/4395/1237 3481/4393/1514 3480/4392/1514
f 2981/4396/1238 3482/4397/1515 3481/4393/1514 2980/4395/1237
f 3013/3783/9 3012/3782/9 3481/4393/1514 3482/4397/1515
f 3483/4398/1516 3484/4399/1516 3024/3794/43 3023/3793/43
f 3059/3838/1262 3055/3834/1262 3484/4399/1516 3483/4398/1516
f 3058/3837/1264 3485/4400/1516 3484/4399/1516 3055/3834/1262
f 3026/3796/43 3024/3794/43 3484/4399/1516 3485/4400/1516
f 3486/4401/1517 3487/4402/1518 3021/3791/43 3027/3797/43
f 2991/4403/1244 2989/4404/1242 3487/4402/1518 3486/4401/1517
f 2990/4405/1243 3488/4406/1517 3487/4402/1518 2989/4404/1242
f 3022/3792/43 3021/3791/43 3487/4402/1518 3488/4406/1517
f 3489/4407/1519 3490/4408/1520 3093/3875/9 3092/3874/9
f 3285/4083/1382 3281/4079/1379 3490/4408/1520 3489/4407/1519
f 3491/4409/1519 3490/4408/1520 3281/4079/1379 3284/4082/1379
f 3095/3877/9 3093/3875/9 3490/4408/1520 3491/4409/1519
f 3492/4410/1521 3493/4411/1522 3090/3872/9 3096/3878/9
f 3492/4410/1521 3069/4412/1268 3068/4413/1269 3493/4411/1522
f 3494/4414/1523 3493/4411/1522 3068/4413/1269 3067/4415/1268
f 3091/3873/9 3090/3872/9 3493/4411/1522 3494/4414/1523
f 3495/4416/1524 3496/4417/1525 3102/3884/43 3101/3883/43
f 3378/4418/1435 3376/4419/1435 3496/4417/1525 3495/4416/1524
f 3497/4420/1525 3496/4417/1525 3376/4419/1435 3375/4421/1435
f 3104/3886/43 3102/3884/43 3496/4417/1525 3497/4420/1525
f 3498/4422/1526 3499/4423/1527 3099/3881/43 3105/3887/43
f 3498/4424/1526 3075/3857/1274 3074/3856/1273 3499/4425/1527
f 3500/4426/1526 3499/4425/1527 3074/3856/1273 3073/3855/1272
f 3100/3882/43 3099/3881/43 3499/4423/1527 3500/4427/1526
f 3501/4428/1528 3502/4429/1528 3111/3893/11 3110/3892/11
f 3291/4092/1383 3287/4088/1383 3502/4429/1528 3501/4428/1528
f 3503/4430/1528 3502/4429/1528 3287/4088/1383 3290/4091/1383
f 3113/3895/11 3111/3893/11 3502/4429/1528 3503/4430/1528
f 3504/4431/1529 3505/4432/1529 3108/3890/11 3114/3896/11
f 3504/4431/1529 3081/4433/1278 3080/4434/1278 3505/4432/1529
f 3506/4435/1529 3505/4432/1529 3080/4434/1278 3079/4436/1277
f 3109/3891/11 3108/3890/11 3505/4432/1529 3506/4435/1529
f 3507/4437/1530 3508/4438/1530 3120/3902/42 3119/3901/42
f 3384/4439/1440 3382/4440/1439 3508/4438/1530 3507/4437/1530
f 3509/4441/1530 3508/4438/1530 3382/4440/1439 3381/4442/1439
f 3122/3904/42 3120/3902/42 3508/4438/1530 3509/4441/1530
f 3510/4443/1531 3511/4444/1532 3117/3899/42 3123/3905/42
f 3510/4445/1531 3087/3869/1282 3086/3868/1283 3511/4446/1532
f 3512/4447/1531 3511/4446/1532 3086/3868/1283 3085/3867/1282
f 3118/3900/42 3117/3899/42 3511/4444/1532 3512/4448/1531
f 3513/4449/1533 3514/4450/1534 3198/3980/1293 3197/3979/1330
f 3219/4451/1338 3217/3999/1336 3514/4450/1534 3513/4449/1533
f 3471/4380/1510 3514/4450/1534 3217/3999/1336 3041/3814/1252
f 3005/3775/42 3198/3980/1293 3514/4450/1534 3471/4380/1510
f 3476/4388/1512 3515/4452/1535 3195/3977/1293 3004/3774/42
f 3476/4388/1512 2972/4387/1233 3173/4453/1309 3515/4452/1535
f 3174/4454/1310 3516/4455/1536 3515/4456/1535 3173/4457/1309
f 3196/3978/1291 3195/3977/1293 3515/4452/1535 3516/4458/1536
f 3517/4459/1537 3518/4460/1538 3204/3986/1333 3203/3985/1295
f 3177/4461/1313 3175/4462/1311 3518/4463/1538 3517/4464/1537
f 3474/4383/1511 3518/4460/1538 3175/4465/1311 2973/4385/1232
f 3009/3779/42 3204/3986/1333 3518/4460/1538 3474/4383/1511
f 3473/4382/1510 3519/4466/1539 3201/3983/1297 3008/3778/42
f 3473/4382/1510 3040/3813/1252 3227/4018/1346 3519/4466/1539
f 3228/4467/1347 3520/4468/1540 3519/4466/1539 3227/4018/1346
f 3202/3984/1332 3201/3983/1297 3519/4466/1539 3520/4468/1540
f 3521/4469/1541 3522/4470/1542 3210/3992/1300 3209/3991/1298
f 3231/4177/1350 3229/4019/1348 3522/4470/1542 3521/4469/1541
f 3483/4398/1516 3522/4470/1542 3229/4019/1348 3059/3838/1262
f 3023/3793/43 3210/3992/1300 3522/4470/1542 3483/4398/1516
f 3488/4406/1517 3523/4471/1543 3207/3989/1300 3022/3792/43
f 3488/4406/1517 2990/4405/1243 3185/4472/1321 3523/4471/1543
f 3186/4473/1322 3524/4474/1544 3523/4475/1543 3185/4476/1321
f 3208/3990/1298 3207/3989/1300 3523/4471/1543 3524/4477/1544
f 3525/4478/1545 3526/4479/1546 3216/3998/1303 3215/3997/1301
f 3189/4480/1325 3187/4481/1323 3526/4482/1546 3525/4483/1545
f 3486/4401/1517 3526/4479/1546 3187/4484/1323 2991/4403/1244
f 3027/3797/43 3216/3998/1303 3526/4479/1546 3486/4401/1517
f 3485/4400/1516 3527/4485/1547 3213/3995/1303 3026/3796/43
f 3485/4400/1516 3058/3837/1264 3239/4038/1358 3527/4485/1547
f 3240/4180/1359 3528/4486/1548 3527/4485/1547 3239/4038/1358
f 3214/3996/1301 3213/3995/1303 3527/4485/1547 3528/4486/1548
f 3529/4487/1549 3530/4488/1550 3262/4060/1300 3261/4059/1298
f 3416/4489/1472 3414/4490/1470 3530/4488/1550 3529/4487/1549
f 3495/4416/1524 3530/4488/1550 3414/4490/1470 3378/4418/1435
f 3101/3883/43 3262/4060/1300 3530/4488/1550 3495/4416/1524
f 3500/4427/1526 3531/4491/1551 3259/4057/1300 3100/3882/43
f 3073/3855/1272 3244/4042/1363 3531/4492/1551 3500/4426/1526
f 3532/4493/1552 3531/4492/1551 3244/4042/1363 3243/4041/1362
f 3260/4058/1298 3259/4057/1300 3531/4491/1551 3532/4494/1552
f 3533/4495/1553 3534/4496/1554 3268/4066/1303 3267/4065/1301
f 3533/4497/1553 3247/4045/1366 3245/4043/1364 3534/4498/1554
f 3075/3857/1274 3498/4424/1526 3534/4498/1554 3245/4043/1364
f 3105/3887/43 3268/4066/1303 3534/4496/1554 3498/4422/1526
f 3497/4420/1525 3535/4499/1555 3265/4063/1377 3104/3886/43
f 3375/4421/1435 3404/4500/1460 3535/4499/1555 3497/4420/1525
f 3403/4501/1459 3536/4502/1556 3535/4499/1555 3404/4500/1460
f 3266/4064/1301 3265/4063/1377 3535/4499/1555 3536/4502/1556
f 3537/4503/1557 3538/4504/1558 3274/4072/1378 3273/4071/1291
f 3408/4505/1464 3406/4506/1462 3538/4504/1558 3537/4503/1557
f 3507/4437/1530 3538/4504/1558 3406/4506/1462 3384/4439/1440
f 3119/3901/42 3274/4072/1378 3538/4504/1558 3507/4437/1530
f 3512/4448/1531 3539/4507/1559 3271/4069/1378 3118/3900/42
f 3085/3867/1282 3252/4050/1371 3539/4508/1559 3512/4447/1531
f 3540/4509/1560 3539/4508/1559 3252/4050/1371 3251/4049/1370
f 3272/4070/1291 3271/4069/1378 3539/4507/1559 3540/4510/1560
f 3541/4511/1561 3542/4512/1562 3280/4078/1297 3279/4077/1295
f 3541/4513/1561 3255/4053/1374 3253/4051/1372 3542/4514/1562
f 3087/3869/1282 3510/4445/1531 3542/4514/1562 3253/4051/1372
f 3123/3905/42 3280/4078/1297 3542/4512/1562 3510/4443/1531
f 3509/4441/1530 3543/4515/1563 3277/4075/1297 3122/3904/42
f 3381/4442/1439 3412/4516/1468 3543/4515/1563 3509/4441/1530
f 3411/4517/1467 3544/4518/1564 3543/4515/1563 3412/4516/1468
f 3278/4076/1295 3277/4075/1297 3543/4515/1563 3544/4518/1564
f 3520/4519/1540 3545/4520/1565 3331/4153/1393 3202/4152/1332
f 3228/4168/1347 3341/4166/1413 3545/4520/1565 3520/4519/1540
f 3465/4371/1507 3545/4520/1565 3341/4166/1413 3032/3802/1245
f 2996/3766/11 3331/4153/1393 3545/4520/1565 3465/4371/1507
f 3470/4379/1509 3546/4521/1566 3330/4150/1392 2995/3765/11
f 3470/4379/1509 2963/4378/1228 3319/4522/1401 3546/4521/1566
f 3177/4523/1313 3517/4524/1537 3546/4521/1566 3319/4522/1401
f 3203/4151/1295 3330/4150/1392 3546/4521/1566 3517/4524/1537
f 3524/4477/1544 3547/4525/1567 3334/4156/1411 3208/3990/1298
f 3186/4526/1322 3320/4527/1402 3547/4525/1567 3524/4477/1544
f 3468/4374/1508 3547/4525/1567 3320/4527/1402 2964/4376/1228
f 3000/3770/11 3334/4156/1411 3547/4525/1567 3468/4374/1508
f 3467/4373/1507 3548/4528/1568 3333/4155/1411 2999/3769/11
f 3467/4373/1507 3031/3801/1248 3346/4174/1418 3548/4528/1568
f 3231/4177/1350 3521/4469/1541 3548/4528/1568 3346/4174/1418
f 3209/3991/1298 3333/4155/1411 3548/4528/1568 3521/4469/1541
f 3528/4486/1548 3549/4529/1569 3337/4159/1397 3214/3996/1301
f 3240/4180/1359 3347/4178/1419 3549/4529/1569 3528/4486/1548
f 3477/4389/1513 3549/4529/1569 3347/4178/1419 3050/3826/1256
f 3014/3784/9 3337/4159/1397 3549/4529/1569 3477/4389/1513
f 3482/4397/1515 3550/4530/1570 3336/4158/1396 3013/3783/9
f 3482/4397/1515 2981/4396/1238 3325/4531/1407 3550/4530/1570
f 3189/4532/1325 3525/4478/1545 3550/4530/1570 3325/4531/1407
f 3215/3997/1301 3336/4158/1396 3550/4530/1570 3525/4478/1545
f 3516/4533/1536 3551/4534/1571 3340/4165/1412 3196/4164/1291
f 3174/4535/1310 3326/4536/1408 3551/4534/1571 3516/4533/1536
f 3480/4392/1514 3551/4534/1571 3326/4536/1408 2982/4394/1237
f 3018/3788/9 3340/4165/1412 3551/4534/1571 3480/4392/1514
f 3479/4391/1513 3552/4537/1572 3339/4162/1398 3017/3787/9
f 3479/4391/1513 3049/3825/1259 3352/4186/1424 3552/4537/1572
f 3219/4189/1338 3513/4538/1533 3552/4537/1572 3352/4186/1424
f 3197/4163/1330 3339/4162/1398 3552/4537/1572 3513/4538/1533
f 3536/4502/1556 3553/4539/1573 3363/4200/1396 3266/4064/1301
f 3403/4501/1459 3401/4253/1457 3553/4539/1573 3536/4502/1556
f 3489/4407/1519 3553/4539/1573 3401/4253/1457 3285/4083/1382
f 3092/3874/9 3363/4200/1396 3553/4539/1573 3489/4407/1519
f 3494/4414/1523 3554/4540/1574 3362/4199/1396 3091/3873/9
f 3067/4415/1268 3354/4541/1426 3554/4540/1574 3494/4414/1523
f 3533/4497/1553 3554/4542/1574 3354/4191/1426 3247/4045/1366
f 3267/4065/1301 3362/4199/1396 3554/4540/1574 3533/4495/1553
f 3540/4543/1560 3555/4544/1575 3366/4206/1398 3272/4205/1291
f 3540/4509/1560 3251/4049/1370 3355/4192/1427 3555/4545/1575
f 3069/4412/1268 3492/4410/1521 3555/4544/1575 3355/4546/1427
f 3096/3878/9 3366/4206/1398 3555/4544/1575 3492/4410/1521
f 3491/4409/1519 3556/4547/1576 3365/4203/1412 3095/3877/9
f 3284/4082/1379 3407/4268/1463 3556/4547/1576 3491/4409/1519
f 3408/4548/1464 3537/4549/1557 3556/4547/1576 3407/4268/1463
f 3273/4204/1291 3365/4203/1412 3556/4547/1576 3537/4549/1557
f 3544/4518/1564 3557/4550/1577 3369/4209/1433 3278/4076/1295
f 3411/4517/1467 3409/4269/1465 3557/4550/1577 3544/4518/1564
f 3501/4428/1528 3557/4550/1577 3409/4269/1465 3291/4092/1383
f 3110/3892/11 3369/4209/1433 3557/4550/1577 3501/4428/1528
f 3506/4435/1529 3558/4551/1578 3368/4208/1433 3109/3891/11
f 3079/4436/1277 3358/4552/1430 3558/4551/1578 3506/4435/1529
f 3541/4513/1561 3558/4553/1578 3358/4195/1430 3255/4053/1374
f 3279/4077/1295 3368/4208/1433 3558/4551/1578 3541/4511/1561
f 3532/4494/1552 3559/4554/1579 3372/4212/1395 3260/4058/1298
f 3532/4493/1552 3243/4041/1362 3359/4196/1431 3559/4555/1579
f 3081/4433/1278 3504/4431/1529 3559/4554/1579 3359/4556/1431
f 3114/3896/11 3372/4212/1395 3559/4554/1579 3504/4431/1529
f 3503/4430/1528 3560/4557/1580 3371/4211/1394 3113/3895/11
f 3290/4091/1383 3415/4284/1471 3560/4557/1580 3503/4430/1528
f 3416/4489/1472 3529/4487/1549 3560/4557/1580 3415/4284/1471
f 3261/4059/1298 3371/4211/1394 3560/4557/1580 3529/4487/1549
f 3561/4558/43 3562/4559/43 3563/4560/43 3564/4561/43
f 3565/4562/42 3566/4563/42 3567/4564/42 3568/4565/42
f 3566/4563/11 3562/4559/11 3561/4558/11 3567/4564/11
f 3567/4564/24 3561/4558/24 3564/4566/24 3568/4567/24
f 3568/4567/9 3564/4566/9 3563/4568/9 3565/4569/9
f 3565/4570/25 3563/4571/25 3562/4559/25 3566/4563/25
f 3569/4572/24 3570/4573/24 3571/4574/24 3572/4575/24
f 3573/4576/25 3574/4577/25 3575/4578/25 3576/4579/25
f 3574/4580/11 3570/4581/11 3569/4582/11 3575/4578/11
f 3575/4578/42 3569/4582/42 3572/4575/42 3576/4579/42
f 3576/4579/9 3572/4575/9 3571/4574/9 3573/4583/9
f 3573/4583/43 3571/4574/43 3570/4584/43 3574/4585/43
f 3577/4586/24 3578/4587/24 3579/4588/24 3580/4589/24
f 3581/4590/25 3582/4591/25 3583/4592/25 3584/4593/25
f 3582/4594/11 3578/4595/11 3577/4586/11 3583/4592/11
f 3583/4592/42 3577/4586/42 3580/4589/42 3584/4593/42
f 3584/4593/9 3580/4589/9 3579/4596/9 3581/4597/9
f 3581/4597/43 3579/4596/43 3578/4598/43 3582/4599/43
f 3585/4600/43 3586/4601/43 3587/4602/43 3588/4603/43
f 3589/4604/42 3590/4605/42 3591/4606/42 3592/4607/42
f 3590/4605/11 3586/4601/11 3585/4600/11 3591/4606/11
f 3591/4606/24 3585/4600/24 3588/4608/24 3592/4609/24
f 3592/4609/9 3588/4608/9 3587/4610/9 3589/4611/9
f 3589/4612/25 3587/4613/25 3586/4601/25 3590/4605/25
f 3593/4614/9 3594/4615/9 3595/4616/9 3596/4617/9
f 3597/4618/11 3598/4619/11 3599/4620/11 3600/4621/11
f 3598/4622/24 3594/4615/24 3593/4614/24 3599/4623/24
f 3599/4620/42 3593/4624/42 3596/4625/42 3600/4621/42
f 3600/4621/25 3596/4626/25 3595/4627/25 3597/4618/25
f 3597/4618/43 3595/4616/43 3594/4615/43 3598/4619/43
f 3601/4628/9 3602/4629/9 3603/4630/9 3604/4631/9
f 3605/4632/11 3606/4633/11 3607/4634/11 3608/4635/11
f 3606/4633/24 3602/4636/24 3601/4637/24 3607/4634/24
f 3607/4634/42 3601/4638/42 3604/4639/42 3608/4635/42
f 3608/4635/25 3604/4640/25 3603/4641/25 3605/4632/25
f 3605/4632/43 3603/4630/43 3602/4629/43 3606/4633/43
f 3609/4642/43 3610/4643/43 3611/4644/43 3612/4645/43
f 3613/4646/42 3614/4647/42 3615/4648/42 3616/4649/42
f 3614/4647/11 3610/4643/11 3609/4642/11 3615/4648/11
f 3615/4648/24 3609/4642/24 3612/4650/24 3616/4651/24
f 3616/4651/9 3612/4650/9 3611/4652/9 3613/4653/9
f 3613/4654/25 3611/4655/25 3610/4643/25 3614/4647/25
f 3629/4656/1581 260/4657/1582 3622/4658/1582 3621/4659/1581
f 3630/4660/1583 245/4661/1584 260/4657/1585 3629/4656/1586
f 246/4662/1587 245/4661/1584 3630/4660/1583 3631/4663/1587
f 241/4664/1588 246/4662/1587 3631/4663/1587 3632/4665/1589
f 3632/4665/1589 3633/4666/1590 242/4667/1591 241/4664/1588
f 3633/4666/1590 289/4668/1589 288/4669/1591 242/4667/1591
f 3621/4659/1581 250/4670/1590 294/4671/1590 3629/4656/1581
f 3629/4656/1586 294/4671/1590 3619/4672/1592 3630/4660/1583
f 3630/4660/1583 3619/4672/1592 3620/4673/1586 3631/4663/1587
f 3631/4663/1587 3620/4673/1586 3617/4674/1592 3632/4665/1589
f 3632/4665/1589 3617/4674/1592 3618/4675/1589 3633/4666/1590
f 289/4668/1589 3633/4666/1590 3618/4675/1589 254/4676/1589
f 312/4677/1593 342/4678/1593 324/4679/1594 3634/4680/1595
f 3635/4681/1596 313/4682/1597 312/4677/1593 3634/4680/1595
f 316/4683/1598 313/4682/1597 3635/4681/1596 3636/4684/1599
f 317/4685/1600 316/4683/1598 3636/4684/1599 3637/4686/1601
f 3637/4686/1601 3638/4687/1598 332/4688/1602 317/4685/1600
f 3628/4689/1603 3627/4690/1602 332/4688/1602 3638/4687/1598
f 3634/4680/1595 324/4679/1594 323/4691/1604 3623/4692/1605
f 3634/4680/1595 3623/4692/1605 3624/4693/1596 3635/4681/1596
f 3635/4681/1596 3624/4693/1596 3625/4694/1602 3636/4684/1599
f 3636/4684/1599 3625/4694/1602 3626/4695/1595 3637/4686/1601
f 3637/4686/1601 3626/4695/1595 346/4696/1606 3638/4687/1598
f 3638/4687/1598 346/4696/1606 322/4697/1593 3628/4689/1603
