# Blender v3.0.1 OBJ File: 'lowpoly city.blend'
# www.blender.org
mtllib beautiful_city.mtl
o 立方体
v 0.473081 0.128669 0.088476
v 0.473081 0.524100 0.088476
v 0.473081 0.128669 -0.155490
v 0.473081 0.524100 -0.155490
v 0.717047 0.128669 0.088476
v 0.717047 0.524100 0.088476
v 0.717047 0.128669 -0.155490
v 0.717047 0.524100 -0.155490
v 0.473081 0.094376 -0.155490
v 0.473081 0.094376 0.088476
v 0.717047 0.094376 -0.155490
v 0.717047 0.094376 0.088476
v 0.473081 -0.000632 -0.155490
v 0.473081 -0.000632 0.088476
v 0.717047 -0.000632 -0.155490
v 0.717047 -0.000632 0.088476
v 0.473081 0.048934 0.088476
v 0.717047 0.048934 0.088476
v 0.717047 0.048934 -0.155490
v 0.473081 0.048934 -0.155490
v 0.473081 0.596451 0.088476
v 0.473081 0.596451 -0.155490
v 0.717047 0.596451 -0.155490
v 0.717047 0.596451 0.088476
v 0.473081 0.538789 0.088476
v 0.473081 0.538789 -0.155490
v 0.717047 0.538789 0.088476
v 0.717047 0.538789 -0.155490
v 0.473081 0.587158 0.088476
v 0.717047 0.587158 0.088476
v 0.473081 0.587158 -0.155490
v 0.717047 0.587158 -0.155490
v 0.473081 0.576655 -0.155490
v 0.717047 0.576655 -0.155490
v 0.473081 0.576655 0.088476
v 0.717047 0.576655 0.088476
v 0.473081 0.515880 0.088476
v 0.473081 0.515880 -0.155490
v 0.717047 0.515880 -0.155490
v 0.717047 0.515880 0.088476
v 0.469224 0.596451 0.092334
v 0.469224 0.596451 -0.159347
v 0.720905 0.596451 -0.159347
v 0.720905 0.596451 0.092334
v 0.475132 0.625846 0.086426
v 0.475132 0.625846 -0.153439
v 0.714997 0.625846 -0.153439
v 0.714997 0.625846 0.086426
v 0.469224 0.625846 0.092334
v 0.469224 0.625846 -0.159347
v 0.720905 0.625846 -0.159347
v 0.720905 0.625846 0.092334
v 0.475132 0.612336 0.086426
v 0.475132 0.612336 -0.153439
v 0.714997 0.612336 -0.153439
v 0.714997 0.612336 0.086426
v 0.503418 0.611424 0.064601
v 0.513605 0.631538 0.054414
v 0.503418 0.611424 0.000382
v 0.513605 0.631538 0.010569
v 0.567637 0.611424 0.064601
v 0.557450 0.631538 0.054414
v 0.567637 0.611424 0.000382
v 0.557450 0.631538 0.010569
v 0.577983 0.611424 0.064601
v 0.588171 0.631538 0.054414
v 0.577983 0.611424 0.000382
v 0.588171 0.631538 0.010569
v 0.642203 0.611424 0.064601
v 0.632015 0.631538 0.054414
v 0.642203 0.611424 0.000382
v 0.632015 0.631538 0.010569
v 0.503418 0.631538 0.064601
v 0.503418 0.631538 0.000382
v 0.567637 0.631538 0.000382
v 0.567637 0.631538 0.064601
v 0.577983 0.631538 0.064601
v 0.577983 0.631538 0.000382
v 0.642203 0.631538 0.000382
v 0.642203 0.631538 0.064601
v 0.513605 0.638367 0.054414
v 0.513605 0.638367 0.010569
v 0.557450 0.638367 0.010569
v 0.557450 0.638367 0.054414
v 0.588171 0.638367 0.054414
v 0.588171 0.638367 0.010569
v 0.632015 0.638367 0.010569
v 0.632015 0.638367 0.054414
v 0.471772 0.608844 -0.043528
v 0.471772 0.617277 -0.043528
v 0.471772 0.608844 -0.073134
v 0.471772 0.617277 -0.073134
v 0.718188 0.608844 -0.043528
v 0.718188 0.617277 -0.043528
v 0.718188 0.608844 -0.073134
v 0.718188 0.617277 -0.073134
v 0.659969 0.612663 0.022301
v 0.659969 0.633758 0.022301
v 0.659969 0.612663 -0.002023
v 0.659969 0.633758 -0.002023
v 0.696985 0.612663 0.022301
v 0.696985 0.633758 0.022301
v 0.696985 0.612663 -0.002023
v 0.696985 0.633758 -0.002023
v 0.663675 0.633758 0.019866
v 0.663675 0.633758 0.000412
v 0.693279 0.633758 0.000412
v 0.693279 0.633758 0.019866
v 0.663675 0.636256 0.019866
v 0.663675 0.636256 0.000412
v 0.693279 0.636256 0.000412
v 0.693279 0.636256 0.019866
v 0.538995 0.612663 -0.087137
v 0.538995 0.633758 -0.087137
v 0.505529 0.612663 -0.087137
v 0.505529 0.633758 -0.087137
v 0.538995 0.612663 -0.124152
v 0.538995 0.633758 -0.124152
v 0.505529 0.612663 -0.124152
v 0.505529 0.633758 -0.124152
v 0.535645 0.633758 -0.090843
v 0.508880 0.633758 -0.090843
v 0.508880 0.633758 -0.120447
v 0.535645 0.633758 -0.120447
v 0.535645 0.636256 -0.090843
v 0.508880 0.636256 -0.090843
v 0.508880 0.636256 -0.120447
v 0.535645 0.636256 -0.120447
vt 0.626522 0.345504
vt 0.626522 0.338982
vt 0.718593 0.338982
vt 0.718593 0.345504
vt 0.810665 0.338982
vt 0.810665 0.345504
vt 0.653523 0.345504
vt 0.653523 0.338982
vt 0.745594 0.338982
vt 0.745594 0.345504
vt 0.837666 0.338982
vt 0.837666 0.345504
vt 0.745594 0.498670
vt 0.837666 0.498670
vt 0.837666 0.492006
vt 0.745594 0.492006
vt 0.718593 0.355432
vt 0.626522 0.355432
vt 0.626522 0.360411
vt 0.718593 0.360411
vt 0.745594 0.477993
vt 0.837666 0.477993
vt 0.837666 0.485783
vt 0.745594 0.485783
vt 0.718593 0.498670
vt 0.810665 0.498670
vt 0.810665 0.492006
vt 0.718593 0.492006
vt 0.626522 0.498670
vt 0.626522 0.492006
vt 0.653523 0.498670
vt 0.653523 0.492006
vt 0.125000 0.500000
vt 0.375000 0.500000
vt 0.375000 0.750000
vt 0.125000 0.750000
vt 0.718593 0.477993
vt 0.810665 0.477993
vt 0.810665 0.485783
vt 0.718593 0.485783
vt 0.653523 0.477993
vt 0.653523 0.485783
vt 0.626522 0.477993
vt 0.626522 0.485783
vt 0.626522 0.461723
vt 0.718593 0.461723
vt 0.653523 0.461723
vt 0.745594 0.461723
vt 0.810665 0.461723
vt 0.837666 0.461723
vt 0.837666 0.360411
vt 0.745594 0.360411
vt 0.745594 0.360411
vt 0.837666 0.360411
vt 0.837666 0.355432
vt 0.745594 0.355432
vt 0.810665 0.355432
vt 0.810665 0.360411
vt 0.653523 0.355432
vt 0.653523 0.360411
vt 0.653523 0.350452
vt 0.745594 0.350452
vt 0.718593 0.350452
vt 0.810665 0.350452
vt 0.837666 0.350452
vt 0.626522 0.350452
vt 0.745594 0.352278
vt 0.653523 0.352278
vt 0.810665 0.352278
vt 0.718593 0.352278
vt 0.837666 0.352278
vt 0.626522 0.352278
vt 0.718593 0.489610
vt 0.626522 0.489610
vt 0.626522 0.499817
vt 0.718593 0.499817
vt 0.718593 0.360411
vt 0.810665 0.360411
vt 0.653523 0.360411
vt 0.626522 0.360411
vt 0.081611 0.183485
vt 0.081611 0.065321
vt 0.075904 0.065321
vt 0.075904 0.183485
vt 0.837666 0.489610
vt 0.745594 0.489610
vt 0.745594 0.499817
vt 0.837666 0.499817
vt 0.810665 0.489610
vt 0.810665 0.499817
vt 0.653523 0.489610
vt 0.653523 0.499817
vt 0.152809 0.156690
vt 0.152809 0.188362
vt 0.152190 0.189142
vt 0.152190 0.155910
vt 0.177967 0.188362
vt 0.178587 0.189142
vt 0.177967 0.156690
vt 0.178587 0.155910
vt 0.106330 0.139544
vt 0.047122 0.139544
vt 0.047122 0.065006
vt 0.106330 0.065006
vt 0.081611 0.065321
vt 0.081611 0.183485
vt 0.075904 0.183485
vt 0.075904 0.065321
vt 0.081611 0.065321
vt 0.075904 0.065321
vt 0.081611 0.183485
vt 0.075904 0.183485
vt 0.391102 0.175202
vt 0.401166 0.175202
vt 0.401166 0.110760
vt 0.391102 0.110760
vt 0.413001 0.175202
vt 0.423066 0.175202
vt 0.423066 0.110760
vt 0.413001 0.110760
vt 0.401202 0.110760
vt 0.411266 0.110760
vt 0.411266 0.175202
vt 0.401202 0.175202
vt 0.423101 0.110760
vt 0.433165 0.110760
vt 0.433165 0.175202
vt 0.423101 0.175202
vt 0.413262 0.168878
vt 0.413262 0.119578
vt 0.374102 0.119578
vt 0.374102 0.168878
vt 0.477506 0.167814
vt 0.477506 0.131985
vt 0.482292 0.131985
vt 0.482292 0.167814
vt 0.391102 0.175202
vt 0.401166 0.175202
vt 0.401166 0.110760
vt 0.391102 0.110760
vt 0.413001 0.175202
vt 0.423066 0.175202
vt 0.423066 0.110760
vt 0.413001 0.110760
vt 0.401202 0.110760
vt 0.411266 0.110760
vt 0.411266 0.175202
vt 0.401202 0.175202
vt 0.423101 0.110760
vt 0.433165 0.110760
vt 0.433165 0.175202
vt 0.423101 0.175202
vt 0.413262 0.168878
vt 0.413262 0.119578
vt 0.374102 0.119578
vt 0.374102 0.168878
vt 0.477506 0.131985
vt 0.477506 0.167814
vt 0.482292 0.167814
vt 0.482292 0.131985
vt 0.384576 0.165578
vt 0.459211 0.165578
vt 0.476552 0.175958
vt 0.367234 0.175958
vt 0.459211 0.120902
vt 0.476552 0.110522
vt 0.384576 0.120902
vt 0.367234 0.110522
vt 0.384576 0.165578
vt 0.459211 0.165578
vt 0.476552 0.175958
vt 0.367234 0.175958
vt 0.459211 0.120902
vt 0.476552 0.110522
vt 0.384576 0.120902
vt 0.367234 0.110522
vt 0.420638 0.050749
vt 0.420638 0.110681
vt 0.369938 0.110681
vt 0.369938 0.050749
vt 0.420638 0.177690
vt 0.420638 0.237622
vt 0.369938 0.237622
vt 0.369938 0.177690
vt 0.477506 0.228747
vt 0.477506 0.192918
vt 0.482292 0.192918
vt 0.482292 0.228747
vt 0.477506 0.192918
vt 0.477506 0.228747
vt 0.482292 0.228747
vt 0.482292 0.192918
vt 0.477506 0.162452
vt 0.477506 0.198281
vt 0.482292 0.198281
vt 0.482292 0.162452
vt 0.477506 0.198281
vt 0.477506 0.162452
vt 0.482292 0.162452
vt 0.482292 0.198281
vt 0.477506 0.198281
vt 0.477506 0.162452
vt 0.482292 0.162452
vt 0.482292 0.198281
vt 0.477506 0.162452
vt 0.477506 0.198281
vt 0.482292 0.198281
vt 0.482292 0.162452
vt 0.204622 0.128110
vt 0.204622 0.128110
vt 0.204622 0.087363
vt 0.204622 0.087363
vt 0.152618 0.087363
vt 0.152618 0.087363
vt 0.152618 0.128110
vt 0.152618 0.128110
vt 0.275853 0.054537
vt 0.275853 0.119729
vt 0.324116 0.119729
vt 0.324116 0.054537
vt 0.278208 0.078057
vt 0.278208 0.143249
vt 0.351653 0.143249
vt 0.351653 0.078057
vt 0.339062 0.078057
vt 0.339062 0.143249
vt 0.290799 0.143249
vt 0.290799 0.078057
vt 0.349162 0.054798
vt 0.349162 0.119990
vt 0.275717 0.119990
vt 0.275717 0.054798
vt 0.350195 0.198923
vt 0.274340 0.198923
vt 0.274340 0.249007
vt 0.350195 0.249007
vt 0.103240 0.236381
vt 0.076871 0.236381
vt 0.079511 0.231324
vt 0.100600 0.231324
vt 0.275717 0.119990
vt 0.349162 0.119990
vt 0.349162 0.119990
vt 0.275717 0.119990
vt 0.076871 0.185864
vt 0.079511 0.190921
vt 0.103240 0.185864
vt 0.100600 0.190921
vt 0.274340 0.198923
vt 0.350195 0.198923
vt 0.350195 0.249007
vt 0.274340 0.249007
vt 0.351653 0.143249
vt 0.278208 0.143249
vt 0.278208 0.143249
vt 0.351653 0.143249
vt 0.290799 0.143249
vt 0.339062 0.143249
vt 0.339062 0.143249
vt 0.290799 0.143249
vt 0.324116 0.119729
vt 0.275853 0.119729
vt 0.275853 0.119729
vt 0.324116 0.119729
vt 0.275853 0.054537
vt 0.275853 0.119729
vt 0.324116 0.119729
vt 0.324116 0.054537
vt 0.278208 0.078057
vt 0.278208 0.143249
vt 0.351653 0.143249
vt 0.351653 0.078057
vt 0.339062 0.078057
vt 0.339062 0.143249
vt 0.290799 0.143249
vt 0.290799 0.078057
vt 0.349162 0.054798
vt 0.349162 0.119990
vt 0.275717 0.119990
vt 0.275717 0.054798
vt 0.350195 0.198923
vt 0.274340 0.198923
vt 0.274340 0.249007
vt 0.350195 0.249007
vt 0.103240 0.236381
vt 0.076871 0.236381
vt 0.079511 0.231324
vt 0.100600 0.231324
vt 0.275717 0.119990
vt 0.349162 0.119990
vt 0.349162 0.119990
vt 0.275717 0.119990
vt 0.076871 0.185864
vt 0.079511 0.190921
vt 0.103240 0.185864
vt 0.100600 0.190921
vt 0.274340 0.198923
vt 0.350195 0.198923
vt 0.350195 0.249007
vt 0.274340 0.249007
vt 0.351653 0.143249
vt 0.278208 0.143249
vt 0.278208 0.143249
vt 0.351653 0.143249
vt 0.290799 0.143249
vt 0.339062 0.143249
vt 0.339062 0.143249
vt 0.290799 0.143249
vt 0.324116 0.119729
vt 0.275853 0.119729
vt 0.275853 0.119729
vt 0.324116 0.119729
vn -1.0000 0.0000 0.0000
vn 0.0000 0.0000 -1.0000
vn 1.0000 0.0000 0.0000
vn 0.0000 0.0000 1.0000
vn 0.0000 -1.0000 0.0000
vn 0.0000 1.0000 0.0000
usemtl 1
s off
f 37/1/1 2/2/1 4/3/1 38/4/1
f 38/4/2 4/3/2 8/5/2 39/6/2
f 39/7/3 8/8/3 6/9/3 40/10/3
f 40/10/4 6/9/4 2/11/4 37/12/4
f 5/13/4 1/14/4 10/15/4 12/16/4
f 31/17/1 29/18/1 21/19/1 22/20/1
f 18/21/4 17/22/4 14/23/4 16/24/4
f 3/25/2 7/26/2 11/27/2 9/28/2
f 1/29/1 3/25/1 9/28/1 10/30/1
f 7/31/3 5/13/3 12/16/3 11/32/3
f 13/33/5 15/34/5 16/35/5 14/36/5
f 20/37/2 19/38/2 15/39/2 13/40/2
f 19/41/3 18/21/3 16/24/3 15/42/3
f 17/43/1 20/37/1 13/40/1 14/44/1
f 10/45/1 9/46/1 20/37/1 17/43/1
f 11/47/3 12/48/3 18/21/3 19/41/3
f 9/46/2 11/49/2 19/38/2 20/37/2
f 12/48/4 10/50/4 17/22/4 18/21/4
f 21/51/5 24/52/5 44/53/5 41/54/5
f 29/55/4 30/56/4 24/52/4 21/51/4
f 32/57/2 31/17/2 22/20/2 23/58/2
f 30/56/3 32/59/3 23/60/3 24/52/3
f 6/9/3 8/8/3 28/61/3 27/62/3
f 8/5/2 4/3/2 26/63/2 28/64/2
f 2/11/4 6/9/4 27/62/4 25/65/4
f 4/3/1 2/2/1 25/66/1 26/63/1
f 36/67/3 34/68/3 32/59/3 30/56/3
f 34/69/2 33/70/2 31/17/2 32/57/2
f 35/71/4 36/67/4 30/56/4 29/55/4
f 33/70/1 35/72/1 29/18/1 31/17/1
f 26/63/1 25/66/1 35/72/1 33/70/1
f 25/65/4 27/62/4 36/67/4 35/71/4
f 28/64/2 26/63/2 33/70/2 34/69/2
f 27/62/3 28/61/3 34/68/3 36/67/3
f 5/13/4 40/10/4 37/12/4 1/14/4
f 7/31/3 39/7/3 40/10/3 5/13/3
f 3/25/2 38/4/2 39/6/2 7/26/2
f 1/29/1 37/1/1 38/4/1 3/25/1
f 42/73/1 41/74/1 49/75/1 50/76/1
f 23/58/5 22/20/5 42/77/5 43/78/5
f 24/52/5 23/60/5 43/79/5 44/53/5
f 22/20/5 21/19/5 41/80/5 42/77/5
f 48/81/1 47/82/1 55/83/1 56/84/1
f 41/85/4 44/86/4 52/87/4 49/88/4
f 43/89/2 42/73/2 50/76/2 51/90/2
f 44/86/3 43/91/3 51/92/3 52/87/3
f 45/93/6 46/94/6 50/95/6 49/96/6
f 46/94/6 47/97/6 51/98/6 50/95/6
f 47/97/6 48/99/6 52/100/6 51/98/6
f 48/99/6 45/93/6 49/96/6 52/100/6
f 55/101/6 54/102/6 53/103/6 56/104/6
f 46/105/3 45/106/3 53/107/3 54/108/3
f 45/106/2 48/109/2 56/110/2 53/107/2
f 47/82/4 46/111/4 54/112/4 55/83/4
f 57/113/1 73/114/1 74/115/1 59/116/1
f 59/117/2 74/118/2 75/119/2 63/120/2
f 63/121/3 75/122/3 76/123/3 61/124/3
f 61/125/4 76/126/4 73/127/4 57/128/4
f 59/129/5 63/130/5 61/131/5 57/132/5
f 72/133/2 68/134/2 86/135/2 87/136/2
f 65/137/1 77/138/1 78/139/1 67/140/1
f 67/141/2 78/142/2 79/143/2 71/144/2
f 71/145/3 79/146/3 80/147/3 69/148/3
f 69/149/4 80/150/4 77/151/4 65/152/4
f 67/153/5 71/154/5 69/155/5 65/156/5
f 66/157/4 70/158/4 88/159/4 85/160/4
f 58/161/6 60/162/6 74/163/6 73/164/6
f 60/162/6 64/165/6 75/166/6 74/163/6
f 64/165/6 62/167/6 76/168/6 75/166/6
f 62/167/6 58/161/6 73/164/6 76/168/6
f 66/169/6 68/170/6 78/171/6 77/172/6
f 68/170/6 72/173/6 79/174/6 78/171/6
f 72/173/6 70/175/6 80/176/6 79/174/6
f 70/175/6 66/169/6 77/172/6 80/176/6
f 83/177/6 82/178/6 81/179/6 84/180/6
f 87/181/6 86/182/6 85/183/6 88/184/6
f 58/185/4 62/186/4 84/187/4 81/188/4
f 64/189/2 60/190/2 82/191/2 83/192/2
f 70/193/3 72/194/3 87/195/3 88/196/3
f 68/197/1 66/198/1 85/199/1 86/200/1
f 62/201/3 64/202/3 83/203/3 84/204/3
f 60/205/1 58/206/1 81/207/1 82/208/1
f 89/209/1 90/210/1 92/211/1 91/212/1
f 91/212/2 92/211/2 96/213/2 95/214/2
f 95/214/3 96/213/3 94/215/3 93/216/3
f 93/216/4 94/215/4 90/210/4 89/209/4
f 91/212/5 95/214/5 93/216/5 89/209/5
f 96/213/6 92/211/6 90/210/6 94/215/6
f 97/217/1 98/218/1 100/219/1 99/220/1
f 99/221/2 100/222/2 104/223/2 103/224/2
f 103/225/3 104/226/3 102/227/3 101/228/3
f 101/229/4 102/230/4 98/231/4 97/232/4
f 99/233/5 103/234/5 101/235/5 97/236/5
f 100/237/6 98/238/6 105/239/6 106/240/6
f 105/241/4 108/242/4 112/243/4 109/244/4
f 98/238/6 102/245/6 108/246/6 105/239/6
f 104/247/6 100/237/6 106/240/6 107/248/6
f 102/245/6 104/247/6 107/248/6 108/246/6
f 111/249/6 110/250/6 109/251/6 112/252/6
f 107/253/2 106/254/2 110/255/2 111/256/2
f 108/257/3 107/258/3 111/259/3 112/260/3
f 106/261/1 105/262/1 109/263/1 110/264/1
f 113/265/4 114/266/4 116/267/4 115/268/4
f 115/269/1 116/270/1 120/271/1 119/272/1
f 119/273/2 120/274/2 118/275/2 117/276/2
f 117/277/3 118/278/3 114/279/3 113/280/3
f 115/281/5 119/282/5 117/283/5 113/284/5
f 116/285/6 114/286/6 121/287/6 122/288/6
f 121/289/3 124/290/3 128/291/3 125/292/3
f 114/286/6 118/293/6 124/294/6 121/287/6
f 120/295/6 116/285/6 122/288/6 123/296/6
f 118/293/6 120/295/6 123/296/6 124/294/6
f 127/297/6 126/298/6 125/299/6 128/300/6
f 123/301/1 122/302/1 126/303/1 127/304/1
f 124/305/2 123/306/2 127/307/2 128/308/2
f 122/309/4 121/310/4 125/311/4 126/312/4
o 立方体.001
v -0.080857 0.000186 -0.179903
v -0.074243 1.444594 -0.186518
v -0.080857 0.000186 -0.429680
v -0.074243 1.444594 -0.423065
v 0.388460 0.000186 -0.179903
v 0.381845 1.444594 -0.186518
v 0.388460 0.000186 -0.429680
v 0.381845 1.444594 -0.423065
v -0.080857 0.364977 -0.179903
v -0.080857 0.364977 -0.429680
v 0.388460 0.364977 -0.429680
v 0.388460 0.364977 -0.179903
v -0.080857 1.444594 -0.179903
v -0.080857 1.444594 -0.429680
v 0.388460 1.444594 -0.429680
v 0.388460 1.444594 -0.179903
v -0.074243 1.422403 -0.186518
v -0.074243 1.422403 -0.423065
v 0.381845 1.422403 -0.423065
v 0.381845 1.422403 -0.186518
v 0.283148 1.426021 -0.326348
v 0.294465 1.450145 -0.337665
v 0.283148 1.426021 -0.397692
v 0.294465 1.450145 -0.386374
v 0.354492 1.426021 -0.326348
v 0.343174 1.450145 -0.337665
v 0.354492 1.426021 -0.397692
v 0.343174 1.450145 -0.386374
v -0.022885 1.415429 -0.208445
v -0.011567 1.439552 -0.219763
v -0.022885 1.415429 -0.279789
v -0.011567 1.439552 -0.268472
v 0.048459 1.415429 -0.208445
v 0.037142 1.439552 -0.219763
v 0.048459 1.415429 -0.279789
v 0.037142 1.439552 -0.268472
v 0.283148 1.450145 -0.326348
v 0.283148 1.450145 -0.397692
v 0.354492 1.450145 -0.397692
v 0.354492 1.450145 -0.326348
v -0.022885 1.439552 -0.208445
v -0.022885 1.439552 -0.279789
v 0.048459 1.439552 -0.279789
v 0.048459 1.439552 -0.208445
v 0.294465 1.458335 -0.337665
v 0.294465 1.458335 -0.386374
v 0.343174 1.458335 -0.386374
v 0.343174 1.458335 -0.337665
v -0.011567 1.447743 -0.219763
v -0.011567 1.447743 -0.268472
v 0.037142 1.447743 -0.268472
v 0.037142 1.447743 -0.219763
v 0.242350 1.421331 -0.279190
v 0.242350 1.431446 -0.279190
v 0.242350 1.421331 -0.424435
v 0.242350 1.431446 -0.424435
v 0.383186 1.421331 -0.279190
v 0.383186 1.431446 -0.279190
v 0.383186 1.421331 -0.424435
v 0.383186 1.431446 -0.424435
v 0.025524 1.460660 -0.388973
v -0.004211 1.460660 -0.388973
v -0.004211 1.460660 -0.345905
v 0.025524 1.460660 -0.345905
v 0.025524 1.455917 -0.388973
v -0.004211 1.455917 -0.388973
v -0.004211 1.455917 -0.345905
v 0.025524 1.455917 -0.345905
v -0.007933 1.455917 -0.394364
v -0.007933 1.415860 -0.394364
v 0.029246 1.455917 -0.394364
v 0.029246 1.415860 -0.394364
v -0.007933 1.455917 -0.340514
v -0.007933 1.415860 -0.340514
v 0.029246 1.455917 -0.340514
v 0.029246 1.415860 -0.340514
v -0.018033 1.415860 -0.340514
v -0.018033 1.455917 -0.340514
v -0.055212 1.415860 -0.340514
v -0.055212 1.455917 -0.340514
v -0.018033 1.415860 -0.394364
v -0.018033 1.455917 -0.394364
v -0.055212 1.415860 -0.394364
v -0.055212 1.455917 -0.394364
v -0.021755 1.455917 -0.345905
v -0.051490 1.455917 -0.345905
v -0.051490 1.455917 -0.388973
v -0.021755 1.455917 -0.388973
v -0.021755 1.460660 -0.345905
v -0.051490 1.460660 -0.345905
v -0.051490 1.460660 -0.388973
v -0.021755 1.460660 -0.388973
v 0.072803 1.460660 -0.388973
v 0.043068 1.460660 -0.388973
v 0.043068 1.460660 -0.345905
v 0.072803 1.460660 -0.345905
v 0.072803 1.455917 -0.388973
v 0.043068 1.455917 -0.388973
v 0.043068 1.455917 -0.345905
v 0.072803 1.455917 -0.345905
v 0.039346 1.455917 -0.394364
v 0.039346 1.415860 -0.394364
v 0.076525 1.455917 -0.394364
v 0.076525 1.415860 -0.394364
v 0.039346 1.455917 -0.340514
v 0.039346 1.415860 -0.340514
v 0.076525 1.455917 -0.340514
v 0.076525 1.415860 -0.340514
v 0.306244 1.460660 -0.257773
v 0.276509 1.460660 -0.257773
v 0.276509 1.460660 -0.214706
v 0.306244 1.460660 -0.214706
v 0.306244 1.455917 -0.257773
v 0.276509 1.455917 -0.257773
v 0.276509 1.455917 -0.214706
v 0.306244 1.455917 -0.214706
v 0.272787 1.455917 -0.263164
v 0.272787 1.415860 -0.263164
v 0.309966 1.455917 -0.263164
v 0.309966 1.415860 -0.263164
v 0.272787 1.455917 -0.209315
v 0.272787 1.415860 -0.209315
v 0.309966 1.455917 -0.209315
v 0.309966 1.415860 -0.209315
v 0.262687 1.415860 -0.209315
v 0.262687 1.455917 -0.209315
v 0.225508 1.415860 -0.209315
v 0.225508 1.455917 -0.209315
v 0.262687 1.415860 -0.263164
v 0.262687 1.455917 -0.263164
v 0.225508 1.415860 -0.263164
v 0.225508 1.455917 -0.263164
v 0.258964 1.455917 -0.214706
v 0.229230 1.455917 -0.214706
v 0.229230 1.455917 -0.257773
v 0.258964 1.455917 -0.257773
v 0.258964 1.460660 -0.214706
v 0.229230 1.460660 -0.214706
v 0.229230 1.460660 -0.257773
v 0.258964 1.460660 -0.257773
v 0.353523 1.460660 -0.257773
v 0.323788 1.460660 -0.257773
v 0.323788 1.460660 -0.214706
v 0.353523 1.460660 -0.214706
v 0.353523 1.455917 -0.257773
v 0.323788 1.455917 -0.257773
v 0.323788 1.455917 -0.214706
v 0.353523 1.455917 -0.214706
v 0.320066 1.455917 -0.263164
v 0.320066 1.415860 -0.263164
v 0.357245 1.455917 -0.263164
v 0.357245 1.415860 -0.263164
v 0.320066 1.455917 -0.209315
v 0.320066 1.415860 -0.209315
v 0.357245 1.455917 -0.209315
v 0.357245 1.415860 -0.209315
v 0.113617 1.421331 -0.183881
v 0.113617 1.431446 -0.183881
v 0.113617 1.421331 -0.425777
v 0.113617 1.431446 -0.425777
v 0.183920 1.421331 -0.183881
v 0.183920 1.431446 -0.183881
v 0.183920 1.421331 -0.425777
v 0.183920 1.431446 -0.425777
v -0.080857 1.057151 -0.179903
v -0.080857 1.057151 -0.429680
v 0.388460 1.057151 -0.429680
v 0.388460 1.057151 -0.179903
vt 0.646415 0.639473
vt 0.646415 0.742926
vt 0.696308 0.742926
vt 0.696308 0.639473
vt 0.624489 0.639473
vt 0.624489 0.742926
vt 0.718234 0.742926
vt 0.718234 0.639473
vt 0.696308 0.639473
vt 0.696308 0.742926
vt 0.646415 0.742926
vt 0.646415 0.639473
vt 0.718234 0.639473
vt 0.718234 0.742926
vt 0.624489 0.742926
vt 0.624489 0.639473
vt 0.624489 0.629797
vt 0.718234 0.629797
vt 0.718234 0.566986
vt 0.624489 0.566986
vt 0.081183 0.242848
vt 0.081183 0.064506
vt 0.074290 0.064506
vt 0.074290 0.242848
vt 0.718234 0.626431
vt 0.718234 0.536020
vt 0.624489 0.536020
vt 0.624489 0.626431
vt 0.696308 0.626431
vt 0.696308 0.536020
vt 0.646415 0.536020
vt 0.646415 0.626431
vt 0.624489 0.626431
vt 0.624489 0.536020
vt 0.718234 0.536020
vt 0.718234 0.626431
vt 0.646415 0.626431
vt 0.646415 0.536020
vt 0.696308 0.536020
vt 0.696308 0.626431
vt 0.141510 0.087027
vt 0.141510 0.128573
vt 0.140587 0.129734
vt 0.140587 0.085865
vt 0.205139 0.128573
vt 0.206062 0.129734
vt 0.205139 0.087027
vt 0.206062 0.085865
vt 0.205139 0.128573
vt 0.141510 0.128573
vt 0.141510 0.087027
vt 0.205139 0.087027
vt 0.081183 0.064506
vt 0.081183 0.242848
vt 0.074290 0.242848
vt 0.074290 0.064506
vt 0.081183 0.199925
vt 0.081183 0.107429
vt 0.074290 0.107429
vt 0.074290 0.199925
vt 0.081183 0.107429
vt 0.081183 0.199925
vt 0.074290 0.199925
vt 0.074290 0.107429
vt 0.391102 0.175202
vt 0.401166 0.175202
vt 0.401166 0.110760
vt 0.391102 0.110760
vt 0.413001 0.175202
vt 0.423066 0.175202
vt 0.423066 0.110760
vt 0.413001 0.110760
vt 0.401202 0.110760
vt 0.411266 0.110760
vt 0.411266 0.175202
vt 0.401202 0.175202
vt 0.423101 0.110760
vt 0.433165 0.110760
vt 0.433165 0.175202
vt 0.423101 0.175202
vt 0.413262 0.168878
vt 0.413262 0.119578
vt 0.374102 0.119578
vt 0.374102 0.168878
vt 0.477506 0.167814
vt 0.477506 0.131985
vt 0.482292 0.131985
vt 0.482292 0.167814
vt 0.391102 0.175202
vt 0.401166 0.175202
vt 0.401166 0.110760
vt 0.391102 0.110760
vt 0.413001 0.175202
vt 0.423066 0.175202
vt 0.423066 0.110760
vt 0.413001 0.110760
vt 0.401202 0.110760
vt 0.411266 0.110760
vt 0.411266 0.175202
vt 0.401202 0.175202
vt 0.423101 0.110760
vt 0.433165 0.110760
vt 0.433165 0.175202
vt 0.423101 0.175202
vt 0.413262 0.168878
vt 0.413262 0.119578
vt 0.374102 0.119578
vt 0.374102 0.168878
vt 0.477506 0.131985
vt 0.477506 0.167814
vt 0.482292 0.167814
vt 0.482292 0.131985
vt 0.384576 0.165578
vt 0.459211 0.165578
vt 0.476552 0.175958
vt 0.367234 0.175958
vt 0.459211 0.120902
vt 0.476552 0.110522
vt 0.384576 0.120902
vt 0.367234 0.110522
vt 0.384576 0.165578
vt 0.459211 0.165578
vt 0.476552 0.175958
vt 0.367234 0.175958
vt 0.459211 0.120902
vt 0.476552 0.110522
vt 0.384576 0.120902
vt 0.367234 0.110522
vt 0.420638 0.050749
vt 0.420638 0.110681
vt 0.369938 0.110681
vt 0.369938 0.050749
vt 0.420638 0.177690
vt 0.420638 0.237622
vt 0.369938 0.237622
vt 0.369938 0.177690
vt 0.477506 0.228747
vt 0.477506 0.192918
vt 0.482292 0.192918
vt 0.482292 0.228747
vt 0.477506 0.192918
vt 0.477506 0.228747
vt 0.482292 0.228747
vt 0.482292 0.192918
vt 0.477506 0.162452
vt 0.477506 0.198281
vt 0.482292 0.198281
vt 0.482292 0.162452
vt 0.477506 0.198281
vt 0.477506 0.162452
vt 0.482292 0.162452
vt 0.482292 0.198281
vt 0.477506 0.198281
vt 0.477506 0.162452
vt 0.482292 0.162452
vt 0.482292 0.198281
vt 0.477506 0.162452
vt 0.477506 0.198281
vt 0.482292 0.198281
vt 0.482292 0.162452
vt 0.102439 0.133430
vt 0.102439 0.133430
vt 0.102439 0.092683
vt 0.102439 0.092683
vt 0.050436 0.092683
vt 0.050436 0.092683
vt 0.050436 0.133430
vt 0.050436 0.133430
vt 0.290799 0.143249
vt 0.339062 0.143249
vt 0.339062 0.143249
vt 0.290799 0.143249
vt 0.103240 0.185864
vt 0.103240 0.236381
vt 0.100600 0.231324
vt 0.100600 0.190921
vt 0.275717 0.119990
vt 0.349162 0.119990
vt 0.349162 0.119990
vt 0.275717 0.119990
vt 0.351653 0.143249
vt 0.278208 0.143249
vt 0.278208 0.143249
vt 0.351653 0.143249
vt 0.324116 0.119729
vt 0.275853 0.119729
vt 0.275853 0.119729
vt 0.324116 0.119729
vt 0.274340 0.198923
vt 0.350195 0.198923
vt 0.350195 0.249007
vt 0.274340 0.249007
vt 0.349162 0.054798
vt 0.349162 0.119990
vt 0.275717 0.119990
vt 0.275717 0.054798
vt 0.076871 0.185864
vt 0.079511 0.190921
vt 0.076871 0.236381
vt 0.079511 0.231324
vt 0.275853 0.054537
vt 0.275853 0.119729
vt 0.324116 0.119729
vt 0.324116 0.054537
vt 0.339062 0.078057
vt 0.339062 0.143249
vt 0.290799 0.143249
vt 0.290799 0.078057
vt 0.278208 0.078057
vt 0.278208 0.143249
vt 0.351653 0.143249
vt 0.351653 0.078057
vt 0.350195 0.198923
vt 0.274340 0.198923
vt 0.274340 0.249007
vt 0.350195 0.249007
vt 0.275853 0.054537
vt 0.275853 0.119729
vt 0.324116 0.119729
vt 0.324116 0.054537
vt 0.278208 0.078057
vt 0.278208 0.143249
vt 0.351653 0.143249
vt 0.351653 0.078057
vt 0.339062 0.078057
vt 0.339062 0.143249
vt 0.290799 0.143249
vt 0.290799 0.078057
vt 0.349162 0.054798
vt 0.349162 0.119990
vt 0.275717 0.119990
vt 0.275717 0.054798
vt 0.350195 0.198923
vt 0.274340 0.198923
vt 0.274340 0.249007
vt 0.350195 0.249007
vt 0.103240 0.236381
vt 0.076871 0.236381
vt 0.079511 0.231324
vt 0.100600 0.231324
vt 0.275717 0.119990
vt 0.349162 0.119990
vt 0.349162 0.119990
vt 0.275717 0.119990
vt 0.076871 0.185864
vt 0.079511 0.190921
vt 0.103240 0.185864
vt 0.100600 0.190921
vt 0.274340 0.198923
vt 0.350195 0.198923
vt 0.350195 0.249007
vt 0.274340 0.249007
vt 0.351653 0.143249
vt 0.278208 0.143249
vt 0.278208 0.143249
vt 0.351653 0.143249
vt 0.290799 0.143249
vt 0.339062 0.143249
vt 0.339062 0.143249
vt 0.290799 0.143249
vt 0.324116 0.119729
vt 0.275853 0.119729
vt 0.275853 0.119729
vt 0.324116 0.119729
vt 0.290799 0.143249
vt 0.339062 0.143249
vt 0.339062 0.143249
vt 0.290799 0.143249
vt 0.103240 0.185864
vt 0.103240 0.236381
vt 0.100600 0.231324
vt 0.100600 0.190921
vt 0.275717 0.119990
vt 0.349162 0.119990
vt 0.349162 0.119990
vt 0.275717 0.119990
vt 0.351653 0.143249
vt 0.278208 0.143249
vt 0.278208 0.143249
vt 0.351653 0.143249
vt 0.324116 0.119729
vt 0.275853 0.119729
vt 0.275853 0.119729
vt 0.324116 0.119729
vt 0.274340 0.198923
vt 0.350195 0.198923
vt 0.350195 0.249007
vt 0.274340 0.249007
vt 0.349162 0.054798
vt 0.349162 0.119990
vt 0.275717 0.119990
vt 0.275717 0.054798
vt 0.076871 0.185864
vt 0.079511 0.190921
vt 0.076871 0.236381
vt 0.079511 0.231324
vt 0.275853 0.054537
vt 0.275853 0.119729
vt 0.324116 0.119729
vt 0.324116 0.054537
vt 0.339062 0.078057
vt 0.339062 0.143249
vt 0.290799 0.143249
vt 0.290799 0.078057
vt 0.278208 0.078057
vt 0.278208 0.143249
vt 0.351653 0.143249
vt 0.351653 0.078057
vt 0.350195 0.198923
vt 0.274340 0.198923
vt 0.274340 0.249007
vt 0.350195 0.249007
vt 0.290799 0.143249
vt 0.339062 0.143249
vt 0.339062 0.143249
vt 0.290799 0.143249
vt 0.103240 0.185864
vt 0.103240 0.236381
vt 0.100600 0.231324
vt 0.100600 0.190921
vt 0.275717 0.119990
vt 0.349162 0.119990
vt 0.349162 0.119990
vt 0.275717 0.119990
vt 0.351653 0.143249
vt 0.278208 0.143249
vt 0.278208 0.143249
vt 0.351653 0.143249
vt 0.324116 0.119729
vt 0.275853 0.119729
vt 0.275853 0.119729
vt 0.324116 0.119729
vt 0.274340 0.198923
vt 0.350195 0.198923
vt 0.350195 0.249007
vt 0.274340 0.249007
vt 0.349162 0.054798
vt 0.349162 0.119990
vt 0.275717 0.119990
vt 0.275717 0.054798
vt 0.076871 0.185864
vt 0.079511 0.190921
vt 0.076871 0.236381
vt 0.079511 0.231324
vt 0.275853 0.054537
vt 0.275853 0.119729
vt 0.324116 0.119729
vt 0.324116 0.054537
vt 0.339062 0.078057
vt 0.339062 0.143249
vt 0.290799 0.143249
vt 0.290799 0.078057
vt 0.278208 0.078057
vt 0.278208 0.143249
vt 0.351653 0.143249
vt 0.351653 0.078057
vt 0.350195 0.198923
vt 0.274340 0.198923
vt 0.274340 0.249007
vt 0.350195 0.249007
vt 0.275853 0.054537
vt 0.275853 0.119729
vt 0.324116 0.119729
vt 0.324116 0.054537
vt 0.278208 0.078057
vt 0.278208 0.143249
vt 0.351653 0.143249
vt 0.351653 0.078057
vt 0.339062 0.078057
vt 0.339062 0.143249
vt 0.290799 0.143249
vt 0.290799 0.078057
vt 0.349162 0.054798
vt 0.349162 0.119990
vt 0.275717 0.119990
vt 0.275717 0.054798
vt 0.350195 0.198923
vt 0.274340 0.198923
vt 0.274340 0.249007
vt 0.350195 0.249007
vt 0.103240 0.236381
vt 0.076871 0.236381
vt 0.079511 0.231324
vt 0.100600 0.231324
vt 0.275717 0.119990
vt 0.349162 0.119990
vt 0.349162 0.119990
vt 0.275717 0.119990
vt 0.076871 0.185864
vt 0.079511 0.190921
vt 0.103240 0.185864
vt 0.100600 0.190921
vt 0.274340 0.198923
vt 0.350195 0.198923
vt 0.350195 0.249007
vt 0.274340 0.249007
vt 0.351653 0.143249
vt 0.278208 0.143249
vt 0.278208 0.143249
vt 0.351653 0.143249
vt 0.290799 0.143249
vt 0.339062 0.143249
vt 0.339062 0.143249
vt 0.290799 0.143249
vt 0.324116 0.119729
vt 0.275853 0.119729
vt 0.275853 0.119729
vt 0.324116 0.119729
vt 0.290799 0.143249
vt 0.339062 0.143249
vt 0.339062 0.143249
vt 0.290799 0.143249
vt 0.103240 0.185864
vt 0.103240 0.236381
vt 0.100600 0.231324
vt 0.100600 0.190921
vt 0.275717 0.119990
vt 0.349162 0.119990
vt 0.349162 0.119990
vt 0.275717 0.119990
vt 0.351653 0.143249
vt 0.278208 0.143249
vt 0.278208 0.143249
vt 0.351653 0.143249
vt 0.324116 0.119729
vt 0.275853 0.119729
vt 0.275853 0.119729
vt 0.324116 0.119729
vt 0.274340 0.198923
vt 0.350195 0.198923
vt 0.350195 0.249007
vt 0.274340 0.249007
vt 0.349162 0.054798
vt 0.349162 0.119990
vt 0.275717 0.119990
vt 0.275717 0.054798
vt 0.076871 0.185864
vt 0.079511 0.190921
vt 0.076871 0.236381
vt 0.079511 0.231324
vt 0.275853 0.054537
vt 0.275853 0.119729
vt 0.324116 0.119729
vt 0.324116 0.054537
vt 0.339062 0.078057
vt 0.339062 0.143249
vt 0.290799 0.143249
vt 0.290799 0.078057
vt 0.278208 0.078057
vt 0.278208 0.143249
vt 0.351653 0.143249
vt 0.351653 0.078057
vt 0.350195 0.198923
vt 0.274340 0.198923
vt 0.274340 0.249007
vt 0.350195 0.249007
vt 0.431235 0.243300
vt 0.437902 0.243300
vt 0.437902 0.042572
vt 0.431235 0.042572
vt 0.368758 0.138739
vt 0.368758 0.147133
vt 0.415098 0.147133
vt 0.415098 0.138739
vt 0.431235 0.042572
vt 0.437902 0.042572
vt 0.437902 0.243300
vt 0.431235 0.243300
vt 0.415098 0.138739
vt 0.415098 0.147133
vt 0.368758 0.147133
vt 0.368758 0.138739
vt 0.368758 0.243300
vt 0.415098 0.243300
vt 0.415098 0.042572
vt 0.368758 0.042572
vt 0.415098 0.243300
vt 0.368758 0.243300
vt 0.368758 0.042572
vt 0.415098 0.042572
vt 0.718234 0.521688
vt 0.718234 0.700329
vt 0.624489 0.700329
vt 0.624489 0.521688
vt 0.696308 0.521688
vt 0.696308 0.700329
vt 0.646415 0.700329
vt 0.646415 0.521688
vt 0.624489 0.521688
vt 0.624489 0.700329
vt 0.718234 0.700329
vt 0.718234 0.521688
vt 0.646415 0.521688
vt 0.646415 0.700329
vt 0.696308 0.700329
vt 0.696308 0.521688
vn -1.0000 0.0000 0.0000
vn 0.0000 0.0000 -1.0000
vn 1.0000 0.0000 0.0000
vn 0.0000 0.0000 1.0000
vn 0.0000 -1.0000 0.0000
vn 0.0000 1.0000 0.0000
usemtl 1
s off
f 293/313/7 141/314/7 142/315/7 294/316/7
f 294/317/8 142/318/8 143/319/8 295/320/8
f 295/321/9 143/322/9 144/323/9 296/324/9
f 296/325/10 144/326/10 141/327/10 293/328/10
f 131/329/11 135/330/11 133/331/11 129/332/11
f 130/333/8 134/334/8 148/335/8 145/336/8
f 133/337/10 140/338/10 137/339/10 129/340/10
f 135/341/9 139/342/9 140/343/9 133/344/9
f 131/345/8 138/346/8 139/347/8 135/348/8
f 129/349/7 137/350/7 138/351/7 131/352/7
f 130/353/12 132/354/12 142/355/12 141/356/12
f 132/354/12 136/357/12 143/358/12 142/355/12
f 136/357/12 134/359/12 144/360/12 143/358/12
f 134/359/12 130/353/12 141/356/12 144/360/12
f 147/361/12 146/362/12 145/363/12 148/364/12
f 136/365/10 132/366/10 146/367/10 147/368/10
f 134/369/7 136/370/7 147/371/7 148/372/7
f 132/373/9 130/374/9 145/375/9 146/376/9
f 149/377/7 165/378/7 166/379/7 151/380/7
f 151/381/8 166/382/8 167/383/8 155/384/8
f 155/385/9 167/386/9 168/387/9 153/388/9
f 153/389/10 168/390/10 165/391/10 149/392/10
f 151/393/11 155/394/11 153/395/11 149/396/11
f 164/397/8 160/398/8 178/399/8 179/400/8
f 157/401/7 169/402/7 170/403/7 159/404/7
f 159/405/8 170/406/8 171/407/8 163/408/8
f 163/409/9 171/410/9 172/411/9 161/412/9
f 161/413/10 172/414/10 169/415/10 157/416/10
f 159/417/11 163/418/11 161/419/11 157/420/11
f 158/421/10 162/422/10 180/423/10 177/424/10
f 150/425/12 152/426/12 166/427/12 165/428/12
f 152/426/12 156/429/12 167/430/12 166/427/12
f 156/429/12 154/431/12 168/432/12 167/430/12
f 154/431/12 150/425/12 165/428/12 168/432/12
f 158/433/12 160/434/12 170/435/12 169/436/12
f 160/434/12 164/437/12 171/438/12 170/435/12
f 164/437/12 162/439/12 172/440/12 171/438/12
f 162/439/12 158/433/12 169/436/12 172/440/12
f 175/441/12 174/442/12 173/443/12 176/444/12
f 179/445/12 178/446/12 177/447/12 180/448/12
f 150/449/10 154/450/10 176/451/10 173/452/10
f 156/453/8 152/454/8 174/455/8 175/456/8
f 162/457/9 164/458/9 179/459/9 180/460/9
f 160/461/7 158/462/7 177/463/7 178/464/7
f 154/465/9 156/466/9 175/467/9 176/468/9
f 152/469/7 150/470/7 173/471/7 174/472/7
f 181/473/7 182/474/7 184/475/7 183/476/7
f 183/476/8 184/475/8 188/477/8 187/478/8
f 187/478/9 188/477/9 186/479/9 185/480/9
f 185/480/10 186/479/10 182/474/10 181/473/10
f 183/476/11 187/478/11 185/480/11 181/473/11
f 188/477/12 184/475/12 182/474/12 186/479/12
f 193/481/8 194/482/8 190/483/8 189/484/8
f 197/485/12 201/486/12 195/487/12 194/488/12
f 196/489/9 193/490/9 189/491/9 192/492/9
f 194/493/7 195/494/7 191/495/7 190/496/7
f 195/497/10 196/498/10 192/499/10 191/500/10
f 190/501/12 191/502/12 192/503/12 189/504/12
f 200/505/9 199/506/9 203/507/9 204/508/9
f 199/509/12 197/485/12 194/488/12 193/510/12
f 203/511/12 199/509/12 193/510/12 196/512/12
f 201/486/12 203/511/12 196/512/12 195/487/12
f 204/513/10 203/514/10 201/515/10 202/516/10
f 198/517/8 197/518/8 199/519/8 200/520/8
f 202/521/7 201/522/7 197/523/7 198/524/7
f 202/525/11 198/526/11 200/527/11 204/528/11
f 205/529/10 206/530/10 208/531/10 207/532/10
f 207/533/7 208/534/7 212/535/7 211/536/7
f 211/537/8 212/538/8 210/539/8 209/540/8
f 209/541/9 210/542/9 206/543/9 205/544/9
f 207/545/11 211/546/11 209/547/11 205/548/11
f 208/549/12 206/550/12 213/551/12 214/552/12
f 213/553/9 216/554/9 220/555/9 217/556/9
f 206/550/12 210/557/12 216/558/12 213/551/12
f 212/559/12 208/549/12 214/552/12 215/560/12
f 210/557/12 212/559/12 215/560/12 216/558/12
f 219/561/12 218/562/12 217/563/12 220/564/12
f 215/565/7 214/566/7 218/567/7 219/568/7
f 216/569/8 215/570/8 219/571/8 220/572/8
f 214/573/10 213/574/10 217/575/10 218/576/10
f 225/577/8 226/578/8 222/579/8 221/580/8
f 229/581/12 233/582/12 227/583/12 226/584/12
f 228/585/9 225/586/9 221/587/9 224/588/9
f 226/589/7 227/590/7 223/591/7 222/592/7
f 227/593/10 228/594/10 224/595/10 223/596/10
f 222/597/12 223/598/12 224/599/12 221/600/12
f 232/601/9 231/602/9 235/603/9 236/604/9
f 231/605/12 229/581/12 226/584/12 225/606/12
f 235/607/12 231/605/12 225/606/12 228/608/12
f 233/582/12 235/607/12 228/608/12 227/583/12
f 236/609/10 235/610/10 233/611/10 234/612/10
f 230/613/8 229/614/8 231/615/8 232/616/8
f 234/617/7 233/618/7 229/619/7 230/620/7
f 234/621/11 230/622/11 232/623/11 236/624/11
f 241/625/8 242/626/8 238/627/8 237/628/8
f 245/629/12 249/630/12 243/631/12 242/632/12
f 244/633/9 241/634/9 237/635/9 240/636/9
f 242/637/7 243/638/7 239/639/7 238/640/7
f 243/641/10 244/642/10 240/643/10 239/644/10
f 238/645/12 239/646/12 240/647/12 237/648/12
f 248/649/9 247/650/9 251/651/9 252/652/9
f 247/653/12 245/629/12 242/632/12 241/654/12
f 251/655/12 247/653/12 241/654/12 244/656/12
f 249/630/12 251/655/12 244/656/12 243/631/12
f 252/657/10 251/658/10 249/659/10 250/660/10
f 246/661/8 245/662/8 247/663/8 248/664/8
f 250/665/7 249/666/7 245/667/7 246/668/7
f 250/669/11 246/670/11 248/671/11 252/672/11
f 253/673/10 254/674/10 256/675/10 255/676/10
f 255/677/7 256/678/7 260/679/7 259/680/7
f 259/681/8 260/682/8 258/683/8 257/684/8
f 257/685/9 258/686/9 254/687/9 253/688/9
f 255/689/11 259/690/11 257/691/11 253/692/11
f 256/693/12 254/694/12 261/695/12 262/696/12
f 261/697/9 264/698/9 268/699/9 265/700/9
f 254/694/12 258/701/12 264/702/12 261/695/12
f 260/703/12 256/693/12 262/696/12 263/704/12
f 258/701/12 260/703/12 263/704/12 264/702/12
f 267/705/12 266/706/12 265/707/12 268/708/12
f 263/709/7 262/710/7 266/711/7 267/712/7
f 264/713/8 263/714/8 267/715/8 268/716/8
f 262/717/10 261/718/10 265/719/10 266/720/10
f 273/721/8 274/722/8 270/723/8 269/724/8
f 277/725/12 281/726/12 275/727/12 274/728/12
f 276/729/9 273/730/9 269/731/9 272/732/9
f 274/733/7 275/734/7 271/735/7 270/736/7
f 275/737/10 276/738/10 272/739/10 271/740/10
f 270/741/12 271/742/12 272/743/12 269/744/12
f 280/745/9 279/746/9 283/747/9 284/748/9
f 279/749/12 277/725/12 274/728/12 273/750/12
f 283/751/12 279/749/12 273/750/12 276/752/12
f 281/726/12 283/751/12 276/752/12 275/727/12
f 284/753/10 283/754/10 281/755/10 282/756/10
f 278/757/8 277/758/8 279/759/8 280/760/8
f 282/761/7 281/762/7 277/763/7 278/764/7
f 282/765/11 278/766/11 280/767/11 284/768/11
f 285/769/7 286/770/7 288/771/7 287/772/7
f 287/773/8 288/774/8 292/775/8 291/776/8
f 291/777/9 292/778/9 290/779/9 289/780/9
f 289/781/10 290/782/10 286/783/10 285/784/10
f 287/785/11 291/786/11 289/787/11 285/788/11
f 292/789/12 288/790/12 286/791/12 290/792/12
f 140/793/10 296/794/10 293/795/10 137/796/10
f 139/797/9 295/798/9 296/799/9 140/800/9
f 138/801/8 294/802/8 295/803/8 139/804/8
f 137/805/7 293/806/7 294/807/7 138/808/7
o ground_微信截图_20231011172700
v -1.553084 0.001071 2.164071
v 3.068807 0.001071 -0.295187
v -2.671440 0.001071 0.062248
v 1.950451 0.001071 -2.397009
vt 0.000000 0.000000
vt 1.000000 0.000000
vt 1.000000 1.000000
vt 0.000000 1.000000
vn 0.0000 1.0000 0.0000
usemtl ground
s off
f 297/809/13 298/810/13 300/811/13 299/812/13
o 立方体.003
v -0.183519 0.001121 -0.168033
v -0.190848 1.246851 -0.160705
v -0.183519 0.001121 -0.042086
v -0.190848 1.246851 -0.049415
v -0.564640 0.001121 -0.168033
v -0.557311 1.246851 -0.160704
v -0.564640 0.001121 -0.042086
v -0.564640 1.246851 -0.042086
v -0.374080 0.001121 -0.042086
v -0.374080 1.246851 -0.042086
v -0.374080 0.001121 -0.168033
v -0.374080 1.246851 -0.160704
v -0.564640 0.001121 0.156970
v -0.557311 1.246851 0.149642
v -0.374079 0.001121 0.156970
v -0.381408 1.246851 0.149642
v -0.376814 0.001121 0.123749
v -0.364250 0.952810 0.111185
v -0.212631 0.001121 0.123748
v -0.225195 0.952810 0.111185
v -0.376814 0.001121 -0.043497
v -0.364250 0.952810 -0.030933
v -0.212632 0.001121 -0.043497
v -0.225195 0.952810 -0.030933
v -0.212631 0.952810 0.123748
v -0.376814 0.952810 0.123749
v -0.212632 0.952810 -0.043497
v -0.376814 0.952810 -0.043497
v -0.225195 0.949182 0.111185
v -0.364250 0.949182 0.111185
v -0.225195 0.949182 -0.030933
v -0.364250 0.949182 -0.030933
v -0.183519 1.246851 -0.168033
v -0.183519 1.246851 -0.042086
v -0.557311 1.246851 -0.042086
v -0.564640 1.246851 -0.168033
v -0.374080 1.246851 -0.168033
v -0.381408 1.246851 -0.049414
v -0.374080 1.246851 0.156970
v -0.564640 1.246851 0.156970
v -0.381408 1.241608 -0.049414
v -0.557311 1.241608 -0.042086
v -0.374080 1.241608 -0.160704
v -0.190848 1.241608 -0.160705
v -0.190848 1.241608 -0.049415
v -0.557311 1.241608 -0.160704
v -0.381408 1.241608 0.149642
v -0.557311 1.241608 0.149642
v -0.371755 0.001121 -0.053618
v -0.371755 0.001121 -0.040622
v -0.371755 1.248834 -0.053618
v -0.371755 1.248834 -0.040622
v -0.385003 0.001121 -0.040622
v -0.385003 0.001121 -0.053618
v -0.385003 1.248834 -0.053618
v -0.385003 1.248834 -0.040622
v -0.371755 0.001121 0.146102
v -0.371755 0.001121 0.159099
v -0.371755 1.248834 0.146102
v -0.371755 1.248834 0.159099
v -0.385003 0.001121 0.159099
v -0.385003 0.001121 0.146102
v -0.385003 1.248834 0.146102
v -0.385003 1.248834 0.159099
v -0.553294 0.001121 0.146102
v -0.553293 0.001121 0.159099
v -0.553294 1.248834 0.146102
v -0.553293 1.248834 0.159099
v -0.566541 0.001121 0.159099
v -0.566541 0.001121 0.146102
v -0.566541 1.248834 0.146102
v -0.566541 1.248834 0.159099
v -0.553294 0.001121 -0.170077
v -0.553293 0.001121 -0.157080
v -0.553294 1.248834 -0.170077
v -0.553293 1.248834 -0.157080
v -0.566541 0.001121 -0.157080
v -0.566541 0.001121 -0.170077
v -0.566541 1.248834 -0.170077
v -0.566541 1.248834 -0.157080
v -0.182125 0.001121 -0.170077
v -0.182125 0.001121 -0.157080
v -0.182125 1.248834 -0.170077
v -0.182125 1.248834 -0.157080
v -0.195372 0.001121 -0.157080
v -0.195372 0.001121 -0.170077
v -0.195372 1.248834 -0.170077
v -0.195372 1.248834 -0.157080
v -0.182125 0.001121 -0.054185
v -0.182125 0.001121 -0.041188
v -0.182125 1.248834 -0.054185
v -0.182125 1.248834 -0.041188
v -0.195372 0.001121 -0.041188
v -0.195372 0.001121 -0.054185
v -0.195372 1.248834 -0.054185
v -0.195372 1.248834 -0.041188
v -0.183519 1.225059 -0.168033
v -0.183519 1.225059 -0.042086
v -0.564640 1.225059 -0.042086
v -0.564640 1.225059 -0.168033
v -0.374080 1.225059 -0.168033
v -0.374080 1.225059 -0.042086
v -0.564640 1.225059 0.156970
v -0.374080 1.225059 0.156970
v -0.533476 1.239784 -0.004884
v -0.522159 1.263908 -0.016202
v -0.533476 1.239784 -0.076228
v -0.522159 1.263908 -0.064911
v -0.462132 1.239784 -0.004884
v -0.473450 1.263908 -0.016202
v -0.462132 1.239784 -0.076228
v -0.473450 1.263908 -0.064911
v -0.533476 1.263908 -0.004884
v -0.533476 1.263908 -0.076228
v -0.462132 1.263908 -0.076228
v -0.462132 1.263908 -0.004884
v -0.522159 1.272098 -0.016202
v -0.522159 1.272098 -0.064911
v -0.473450 1.272098 -0.064911
v -0.473450 1.272098 -0.016202
v -0.452731 1.273962 0.078010
v -0.482466 1.273962 0.078010
v -0.482466 1.273962 0.121077
v -0.452731 1.273962 0.121077
v -0.452731 1.269220 0.078010
v -0.482466 1.269220 0.078010
v -0.482466 1.269220 0.121077
v -0.452731 1.269220 0.121077
v -0.486188 1.269220 0.072619
v -0.486188 1.229163 0.072619
v -0.449009 1.269220 0.072619
v -0.449009 1.229163 0.072619
v -0.486188 1.269220 0.126469
v -0.486188 1.229163 0.126469
v -0.449009 1.269220 0.126469
v -0.449009 1.229163 0.126469
v -0.496288 1.229163 0.126469
v -0.496288 1.269220 0.126469
v -0.533467 1.229163 0.126469
v -0.533467 1.269220 0.126469
v -0.496288 1.229163 0.072619
v -0.496288 1.269220 0.072619
v -0.533467 1.229163 0.072619
v -0.533467 1.269220 0.072619
v -0.500010 1.269220 0.121077
v -0.529745 1.269220 0.121077
v -0.529745 1.269220 0.078010
v -0.500010 1.269220 0.078010
v -0.500010 1.273962 0.121077
v -0.529745 1.273962 0.121077
v -0.529745 1.273962 0.078010
v -0.500010 1.273962 0.078010
v -0.405452 1.273962 0.078010
v -0.435187 1.273962 0.078010
v -0.435187 1.273962 0.121077
v -0.405452 1.273962 0.121077
v -0.405452 1.269220 0.078010
v -0.435187 1.269220 0.078010
v -0.435187 1.269220 0.121077
v -0.405452 1.269220 0.121077
v -0.438909 1.269220 0.072619
v -0.438909 1.229163 0.072619
v -0.401730 1.269220 0.072619
v -0.401730 1.229163 0.072619
v -0.438909 1.269220 0.126469
v -0.438909 1.229163 0.126469
v -0.401730 1.269220 0.126469
v -0.401730 1.229163 0.126469
v -0.455545 1.273962 -0.138207
v -0.485279 1.273962 -0.138207
v -0.485279 1.273962 -0.095140
v -0.455545 1.273962 -0.095140
v -0.455545 1.269220 -0.138207
v -0.485279 1.269220 -0.138207
v -0.485279 1.269220 -0.095140
v -0.455545 1.269220 -0.095140
v -0.489001 1.269220 -0.143599
v -0.489001 1.229163 -0.143599
v -0.451823 1.269220 -0.143599
v -0.451823 1.229163 -0.143599
v -0.489001 1.269220 -0.089749
v -0.489001 1.229163 -0.089749
v -0.451823 1.269220 -0.089749
v -0.451823 1.229163 -0.089749
v -0.499102 1.229163 -0.089749
v -0.499102 1.269220 -0.089749
v -0.536281 1.229163 -0.089749
v -0.536281 1.269220 -0.089749
v -0.499102 1.229163 -0.143599
v -0.499102 1.269220 -0.143599
v -0.536281 1.229163 -0.143599
v -0.536281 1.269220 -0.143599
v -0.502824 1.269220 -0.095140
v -0.532559 1.269220 -0.095140
v -0.532559 1.269220 -0.138207
v -0.502824 1.269220 -0.138207
v -0.502824 1.273962 -0.095140
v -0.532559 1.273962 -0.095140
v -0.532559 1.273962 -0.138207
v -0.502824 1.273962 -0.138207
v -0.408266 1.273962 -0.138207
v -0.438000 1.273962 -0.138207
v -0.438000 1.273962 -0.095140
v -0.408266 1.273962 -0.095140
v -0.408266 1.269220 -0.138207
v -0.438000 1.269220 -0.138207
v -0.438000 1.269220 -0.095140
v -0.408266 1.269220 -0.095140
v -0.441722 1.269220 -0.143599
v -0.441722 1.229163 -0.143599
v -0.404544 1.269220 -0.143599
v -0.404544 1.229163 -0.143599
v -0.441722 1.269220 -0.089749
v -0.441722 1.229163 -0.089749
v -0.404544 1.269220 -0.089749
v -0.404544 1.229163 -0.089749
v -0.348746 1.235560 -0.158159
v -0.348746 1.243822 -0.158159
v -0.191137 1.235560 -0.158159
v -0.191137 1.243822 -0.158159
v -0.348746 1.235560 -0.111415
v -0.348746 1.243822 -0.111415
v -0.191137 1.235560 -0.111415
v -0.191137 1.243822 -0.111415
vt 0.775821 0.715061
vt 0.776470 0.719842
vt 0.791789 0.719842
vt 0.791789 0.715061
vt 0.069804 0.121366
vt 0.106042 0.121366
vt 0.106042 0.121366
vt 0.069804 0.121366
vt 0.785511 0.715061
vt 0.785511 0.719842
vt 0.775899 0.719842
vt 0.775899 0.715061
vt 0.787969 0.715061
vt 0.787969 0.719842
vt 0.775172 0.719842
vt 0.781047 0.602704
vt 0.812110 0.602704
vt 0.812110 0.582174
vt 0.781047 0.582174
vt 0.047385 0.121366
vt 0.047385 0.121366
vt 0.068419 0.174057
vt 0.068419 0.231139
vt 0.068419 0.231139
vt 0.068419 0.174057
vt 0.749985 0.602704
vt 0.749985 0.582174
vt 0.800767 0.715061
vt 0.800767 0.719842
vt 0.786461 0.715061
vt 0.786461 0.719842
vt 0.802030 0.719842
vt 0.802030 0.715061
vt 0.783038 0.715061
vt 0.783038 0.719842
vt 0.811166 0.719842
vt 0.811266 0.715061
vt 0.781047 0.635151
vt 0.812110 0.635151
vt 0.783334 0.715061
vt 0.783334 0.719842
vt 0.811436 0.719842
vt 0.811436 0.715061
vt 0.774028 0.710394
vt 0.774028 0.510885
vt 0.815075 0.510885
vt 0.814928 0.710394
vt 0.825181 0.510885
vt 0.813244 0.510885
vt 0.813244 0.666016
vt 0.825181 0.666016
vt 0.757603 0.510885
vt 0.757603 0.666016
vt 0.788666 0.666016
vt 0.788666 0.510885
vt 0.824265 0.510885
vt 0.824265 0.666016
vt 0.813185 0.666016
vt 0.813185 0.510885
vt 0.804370 0.666016
vt 0.804370 0.510885
vt 0.772728 0.510885
vt 0.772728 0.666016
vt 0.788666 0.627816
vt 0.757603 0.627816
vt 0.757603 0.596174
vt 0.788666 0.596174
vt 0.470259 0.114397
vt 0.372781 0.114397
vt 0.372781 0.114397
vt 0.470259 0.114397
vt 0.470259 0.171199
vt 0.372780 0.171198
vt 0.367759 0.176220
vt 0.475280 0.176220
vt 0.475280 0.109376
vt 0.367759 0.109376
vt 0.372780 0.171198
vt 0.470259 0.171199
vt 0.047385 0.231139
vt 0.069804 0.233334
vt 0.046000 0.233334
vt 0.046000 0.119170
vt 0.069804 0.119170
vt 0.047385 0.176252
vt 0.046000 0.176252
vt 0.069804 0.176252
vt 0.106042 0.174057
vt 0.107427 0.119170
vt 0.107427 0.176252
vt 0.106042 0.174057
vt 0.047385 0.231139
vt 0.047385 0.176252
vt 0.812343 0.510885
vt 0.815264 0.510885
vt 0.815264 0.713946
vt 0.812343 0.713946
vt 0.812343 0.510885
vt 0.812343 0.713946
vt 0.815264 0.713946
vt 0.815264 0.510885
vt 0.812509 0.713946
vt 0.812509 0.510885
vt 0.815098 0.510885
vt 0.815098 0.713946
vt 0.812343 0.510885
vt 0.815264 0.510885
vt 0.815264 0.713946
vt 0.812343 0.713946
vt 0.812343 0.510885
vt 0.812343 0.713946
vt 0.815264 0.713946
vt 0.815264 0.510885
vt 0.812509 0.713946
vt 0.812509 0.510885
vt 0.815098 0.510885
vt 0.815098 0.713946
vt 0.812343 0.510885
vt 0.815264 0.510885
vt 0.815264 0.713946
vt 0.812343 0.713946
vt 0.812343 0.510885
vt 0.812343 0.713946
vt 0.815264 0.713946
vt 0.815264 0.510885
vt 0.812509 0.713946
vt 0.812509 0.510885
vt 0.815098 0.510885
vt 0.815098 0.713946
vt 0.812343 0.510885
vt 0.815264 0.510885
vt 0.815264 0.713946
vt 0.812343 0.713946
vt 0.812343 0.510885
vt 0.812343 0.713946
vt 0.815264 0.713946
vt 0.815264 0.510885
vt 0.812509 0.713946
vt 0.812509 0.510885
vt 0.815098 0.510885
vt 0.815098 0.713946
vt 0.812343 0.510885
vt 0.815264 0.510885
vt 0.815264 0.713946
vt 0.812343 0.713946
vt 0.812343 0.510885
vt 0.812343 0.713946
vt 0.815264 0.713946
vt 0.815264 0.510885
vt 0.812509 0.713946
vt 0.812509 0.510885
vt 0.815098 0.510885
vt 0.815098 0.713946
vt 0.812343 0.510885
vt 0.815264 0.510885
vt 0.815264 0.713946
vt 0.812343 0.713946
vt 0.812343 0.510885
vt 0.812343 0.713946
vt 0.815264 0.713946
vt 0.815264 0.510885
vt 0.812509 0.713946
vt 0.812509 0.510885
vt 0.815098 0.510885
vt 0.815098 0.713946
vt 0.783354 0.719842
vt 0.783354 0.715061
vt 0.802361 0.715061
vt 0.802421 0.719842
vt 0.768743 0.510885
vt 0.768743 0.710394
vt 0.815176 0.710394
vt 0.815176 0.510885
vt 0.768026 0.510885
vt 0.768026 0.710394
vt 0.814781 0.510885
vt 0.776333 0.510885
vt 0.776333 0.710394
vt 0.814125 0.710394
vt 0.814125 0.510885
vt 0.811058 0.510885
vt 0.811058 0.710394
vt 0.779996 0.710394
vt 0.779995 0.510885
vt 0.750508 0.710394
vt 0.748933 0.510885
vt 0.750698 0.710394
vt 0.750698 0.510885
vt 0.752084 0.510885
vt 0.789267 0.710394
vt 0.789267 0.510885
vt 0.477506 0.167814
vt 0.477506 0.131985
vt 0.482292 0.131985
vt 0.482292 0.167814
vt 0.160731 0.128156
vt 0.166005 0.128156
vt 0.166005 0.087541
vt 0.160731 0.087541
vt 0.172207 0.128156
vt 0.177481 0.128156
vt 0.177481 0.087541
vt 0.172207 0.087541
vt 0.141654 0.087541
vt 0.154190 0.087541
vt 0.154190 0.128156
vt 0.141654 0.128156
vt 0.177500 0.087541
vt 0.182774 0.087541
vt 0.182774 0.128156
vt 0.177500 0.128156
vt 0.172344 0.124170
vt 0.172344 0.093098
vt 0.151822 0.093098
vt 0.151822 0.124170
vt 0.477506 0.131985
vt 0.477506 0.167814
vt 0.482292 0.167814
vt 0.482292 0.131985
vt 0.157311 0.122090
vt 0.196423 0.122090
vt 0.205511 0.128633
vt 0.148223 0.128633
vt 0.196423 0.093933
vt 0.205511 0.087390
vt 0.157311 0.093933
vt 0.148223 0.087390
vt 0.187854 0.043555
vt 0.187854 0.072387
vt 0.163464 0.072387
vt 0.163464 0.043555
vt 0.477506 0.162452
vt 0.477506 0.198281
vt 0.482292 0.198281
vt 0.482292 0.162452
vt 0.477506 0.198281
vt 0.477506 0.162452
vt 0.482292 0.162452
vt 0.482292 0.198281
vt 0.290799 0.143249
vt 0.339062 0.143249
vt 0.339062 0.143249
vt 0.290799 0.143249
vt 0.103240 0.185864
vt 0.103240 0.236381
vt 0.100600 0.231324
vt 0.100600 0.190921
vt 0.275717 0.119990
vt 0.349162 0.119990
vt 0.349162 0.119990
vt 0.275717 0.119990
vt 0.351653 0.143249
vt 0.278208 0.143249
vt 0.278208 0.143249
vt 0.351653 0.143249
vt 0.324116 0.119729
vt 0.275853 0.119729
vt 0.275853 0.119729
vt 0.324116 0.119729
vt 0.274340 0.198923
vt 0.350195 0.198923
vt 0.350195 0.249007
vt 0.274340 0.249007
vt 0.349162 0.054798
vt 0.349162 0.119990
vt 0.275717 0.119990
vt 0.275717 0.054798
vt 0.076871 0.185864
vt 0.079511 0.190921
vt 0.076871 0.236381
vt 0.079511 0.231324
vt 0.275853 0.054537
vt 0.275853 0.119729
vt 0.324116 0.119729
vt 0.324116 0.054537
vt 0.339062 0.078057
vt 0.339062 0.143249
vt 0.290799 0.143249
vt 0.290799 0.078057
vt 0.278208 0.078057
vt 0.278208 0.143249
vt 0.351653 0.143249
vt 0.351653 0.078057
vt 0.350195 0.198923
vt 0.274340 0.198923
vt 0.274340 0.249007
vt 0.350195 0.249007
vt 0.275853 0.054537
vt 0.275853 0.119729
vt 0.324116 0.119729
vt 0.324116 0.054537
vt 0.278208 0.078057
vt 0.278208 0.143249
vt 0.351653 0.143249
vt 0.351653 0.078057
vt 0.339062 0.078057
vt 0.339062 0.143249
vt 0.290799 0.143249
vt 0.290799 0.078057
vt 0.349162 0.054798
vt 0.349162 0.119990
vt 0.275717 0.119990
vt 0.275717 0.054798
vt 0.350195 0.198923
vt 0.274340 0.198923
vt 0.274340 0.249007
vt 0.350195 0.249007
vt 0.103240 0.236381
vt 0.076871 0.236381
vt 0.079511 0.231324
vt 0.100600 0.231324
vt 0.275717 0.119990
vt 0.349162 0.119990
vt 0.349162 0.119990
vt 0.275717 0.119990
vt 0.076871 0.185864
vt 0.079511 0.190921
vt 0.103240 0.185864
vt 0.100600 0.190921
vt 0.274340 0.198923
vt 0.350195 0.198923
vt 0.350195 0.249007
vt 0.274340 0.249007
vt 0.351653 0.143249
vt 0.278208 0.143249
vt 0.278208 0.143249
vt 0.351653 0.143249
vt 0.290799 0.143249
vt 0.339062 0.143249
vt 0.339062 0.143249
vt 0.290799 0.143249
vt 0.324116 0.119729
vt 0.275853 0.119729
vt 0.275853 0.119729
vt 0.324116 0.119729
vt 0.290799 0.143249
vt 0.339062 0.143249
vt 0.339062 0.143249
vt 0.290799 0.143249
vt 0.103240 0.185864
vt 0.103240 0.236381
vt 0.100600 0.231324
vt 0.100600 0.190921
vt 0.275717 0.119990
vt 0.349162 0.119990
vt 0.349162 0.119990
vt 0.275717 0.119990
vt 0.351653 0.143249
vt 0.278208 0.143249
vt 0.278208 0.143249
vt 0.351653 0.143249
vt 0.324116 0.119729
vt 0.275853 0.119729
vt 0.275853 0.119729
vt 0.324116 0.119729
vt 0.274340 0.198923
vt 0.350195 0.198923
vt 0.350195 0.249007
vt 0.274340 0.249007
vt 0.349162 0.054798
vt 0.349162 0.119990
vt 0.275717 0.119990
vt 0.275717 0.054798
vt 0.076871 0.185864
vt 0.079511 0.190921
vt 0.076871 0.236381
vt 0.079511 0.231324
vt 0.275853 0.054537
vt 0.275853 0.119729
vt 0.324116 0.119729
vt 0.324116 0.054537
vt 0.339062 0.078057
vt 0.339062 0.143249
vt 0.290799 0.143249
vt 0.290799 0.078057
vt 0.278208 0.078057
vt 0.278208 0.143249
vt 0.351653 0.143249
vt 0.351653 0.078057
vt 0.350195 0.198923
vt 0.274340 0.198923
vt 0.274340 0.249007
vt 0.350195 0.249007
vt 0.290799 0.143249
vt 0.339062 0.143249
vt 0.339062 0.143249
vt 0.290799 0.143249
vt 0.103240 0.185864
vt 0.103240 0.236381
vt 0.100600 0.231324
vt 0.100600 0.190921
vt 0.275717 0.119990
vt 0.349162 0.119990
vt 0.349162 0.119990
vt 0.275717 0.119990
vt 0.351653 0.143249
vt 0.278208 0.143249
vt 0.278208 0.143249
vt 0.351653 0.143249
vt 0.324116 0.119729
vt 0.275853 0.119729
vt 0.275853 0.119729
vt 0.324116 0.119729
vt 0.274340 0.198923
vt 0.350195 0.198923
vt 0.350195 0.249007
vt 0.274340 0.249007
vt 0.349162 0.054798
vt 0.349162 0.119990
vt 0.275717 0.119990
vt 0.275717 0.054798
vt 0.076871 0.185864
vt 0.079511 0.190921
vt 0.076871 0.236381
vt 0.079511 0.231324
vt 0.275853 0.054537
vt 0.275853 0.119729
vt 0.324116 0.119729
vt 0.324116 0.054537
vt 0.339062 0.078057
vt 0.339062 0.143249
vt 0.290799 0.143249
vt 0.290799 0.078057
vt 0.278208 0.078057
vt 0.278208 0.143249
vt 0.351653 0.143249
vt 0.351653 0.078057
vt 0.350195 0.198923
vt 0.274340 0.198923
vt 0.274340 0.249007
vt 0.350195 0.249007
vt 0.275853 0.054537
vt 0.275853 0.119729
vt 0.324116 0.119729
vt 0.324116 0.054537
vt 0.278208 0.078057
vt 0.278208 0.143249
vt 0.351653 0.143249
vt 0.351653 0.078057
vt 0.339062 0.078057
vt 0.339062 0.143249
vt 0.290799 0.143249
vt 0.290799 0.078057
vt 0.349162 0.054798
vt 0.349162 0.119990
vt 0.275717 0.119990
vt 0.275717 0.054798
vt 0.350195 0.198923
vt 0.274340 0.198923
vt 0.274340 0.249007
vt 0.350195 0.249007
vt 0.103240 0.236381
vt 0.076871 0.236381
vt 0.079511 0.231324
vt 0.100600 0.231324
vt 0.275717 0.119990
vt 0.349162 0.119990
vt 0.349162 0.119990
vt 0.275717 0.119990
vt 0.076871 0.185864
vt 0.079511 0.190921
vt 0.103240 0.185864
vt 0.100600 0.190921
vt 0.274340 0.198923
vt 0.350195 0.198923
vt 0.350195 0.249007
vt 0.274340 0.249007
vt 0.351653 0.143249
vt 0.278208 0.143249
vt 0.278208 0.143249
vt 0.351653 0.143249
vt 0.290799 0.143249
vt 0.339062 0.143249
vt 0.339062 0.143249
vt 0.290799 0.143249
vt 0.324116 0.119729
vt 0.275853 0.119729
vt 0.275853 0.119729
vt 0.324116 0.119729
vt 0.290799 0.143249
vt 0.339062 0.143249
vt 0.339062 0.143249
vt 0.290799 0.143249
vt 0.103240 0.185864
vt 0.103240 0.236381
vt 0.100600 0.231324
vt 0.100600 0.190921
vt 0.275717 0.119990
vt 0.349162 0.119990
vt 0.349162 0.119990
vt 0.275717 0.119990
vt 0.351653 0.143249
vt 0.278208 0.143249
vt 0.278208 0.143249
vt 0.351653 0.143249
vt 0.324116 0.119729
vt 0.275853 0.119729
vt 0.275853 0.119729
vt 0.324116 0.119729
vt 0.274340 0.198923
vt 0.350195 0.198923
vt 0.350195 0.249007
vt 0.274340 0.249007
vt 0.349162 0.054798
vt 0.349162 0.119990
vt 0.275717 0.119990
vt 0.275717 0.054798
vt 0.076871 0.185864
vt 0.079511 0.190921
vt 0.076871 0.236381
vt 0.079511 0.231324
vt 0.275853 0.054537
vt 0.275853 0.119729
vt 0.324116 0.119729
vt 0.324116 0.054537
vt 0.339062 0.078057
vt 0.339062 0.143249
vt 0.290799 0.143249
vt 0.290799 0.078057
vt 0.278208 0.078057
vt 0.278208 0.143249
vt 0.351653 0.143249
vt 0.351653 0.078057
vt 0.350195 0.198923
vt 0.274340 0.198923
vt 0.274340 0.249007
vt 0.350195 0.249007
vt 0.431235 0.243300
vt 0.437902 0.243300
vt 0.437902 0.042572
vt 0.431235 0.042572
vt 0.368758 0.138739
vt 0.368758 0.147133
vt 0.415098 0.147133
vt 0.415098 0.138739
vt 0.431235 0.042572
vt 0.437902 0.042572
vt 0.437902 0.243300
vt 0.431235 0.243300
vt 0.415098 0.138739
vt 0.415098 0.147133
vt 0.368758 0.147133
vt 0.368758 0.138739
vt 0.368758 0.243300
vt 0.415098 0.243300
vt 0.415098 0.042572
vt 0.368758 0.042572
vt 0.415098 0.243300
vt 0.368758 0.243300
vt 0.368758 0.042572
vt 0.415098 0.042572
vn 1.0000 0.0000 -0.0000
vn -1.0000 0.0000 0.0000
vn -0.0000 0.0000 -1.0000
vn 0.0000 -1.0000 0.0000
vn 0.0000 0.0000 1.0000
vn 0.0000 1.0000 -0.0000
usemtl 1
s off
f 397/813/14 333/814/14 334/815/14 398/816/14
f 335/817/14 314/818/14 348/819/14 342/820/14
f 399/821/15 308/822/15 336/823/15 400/824/15
f 401/825/16 337/826/16 333/827/16 397/813/16
f 309/828/17 307/829/17 305/830/17 311/831/17
f 306/832/14 335/817/14 342/820/14 346/833/14
f 338/834/16 304/835/16 345/836/16 341/837/16
f 303/838/17 309/828/17 311/831/17 301/839/17
f 400/840/16 336/841/16 337/826/16 401/825/16
f 398/842/18 334/843/18 310/844/18 402/845/18
f 404/846/18 339/847/18 340/848/18 403/849/18
f 307/829/17 309/828/17 315/850/17 313/851/17
f 402/852/14 310/853/14 339/854/14 404/855/14
f 399/856/15 307/857/15 313/858/15 403/859/15
f 319/860/16 317/861/16 326/862/16 325/863/16
f 323/864/18 327/865/18 328/866/18 321/867/18
f 319/868/15 325/869/15 327/870/15 323/871/15
f 326/872/14 317/873/14 321/874/14 328/875/14
f 317/876/19 319/877/19 323/878/19 321/879/19
f 322/880/16 324/881/16 331/882/16 332/883/16
f 318/884/17 320/885/17 325/886/17 326/887/17
f 324/881/17 322/880/17 328/888/17 327/889/17
f 320/885/17 324/881/17 327/889/17 325/886/17
f 322/880/17 318/884/17 326/887/17 328/888/17
f 329/890/17 330/891/17 332/883/17 331/882/17
f 324/881/14 320/885/14 329/890/14 331/882/14
f 320/885/18 318/884/18 330/891/18 329/890/18
f 318/884/15 322/880/15 332/883/15 330/891/15
f 302/892/19 304/835/19 334/893/19 333/894/19
f 335/817/19 306/832/19 336/895/19 308/896/19
f 312/897/19 302/892/19 333/894/19 337/898/19
f 304/835/19 338/834/19 310/899/19 334/893/19
f 306/832/19 312/897/19 337/898/19 336/895/19
f 316/900/19 314/818/19 340/901/19 339/902/19
f 314/818/19 335/817/19 308/896/19 340/901/19
f 338/834/19 316/900/19 339/902/19 310/899/19
f 341/837/19 342/820/19 348/819/19 347/903/19
f 341/837/19 345/836/19 344/904/19 343/905/19
f 342/820/19 341/837/19 343/905/19 346/833/19
f 312/897/18 306/832/18 346/833/18 343/905/18
f 302/892/18 312/897/18 343/905/18 344/904/18
f 304/835/15 302/892/15 344/904/15 345/836/15
f 316/900/15 338/834/15 341/837/15 347/903/15
f 314/818/16 316/900/16 347/903/16 348/819/16
f 349/906/15 350/907/15 352/908/15 351/909/15
f 354/910/14 355/911/14 356/912/14 353/913/14
f 352/914/16 350/915/16 353/913/16 356/912/16
f 349/916/18 351/917/18 355/911/18 354/910/18
f 351/909/17 352/908/17 356/912/17 355/911/17
f 350/907/19 349/906/19 354/910/19 353/913/19
f 357/918/15 358/919/15 360/920/15 359/921/15
f 362/922/14 363/923/14 364/924/14 361/925/14
f 360/926/16 358/927/16 361/925/16 364/924/16
f 357/928/18 359/929/18 363/923/18 362/922/18
f 359/921/17 360/920/17 364/924/17 363/923/17
f 358/919/19 357/918/19 362/922/19 361/925/19
f 365/930/15 366/931/15 368/932/15 367/933/15
f 370/934/14 371/935/14 372/936/14 369/937/14
f 368/938/16 366/939/16 369/937/16 372/936/16
f 365/940/18 367/941/18 371/935/18 370/934/18
f 367/933/17 368/932/17 372/936/17 371/935/17
f 366/931/19 365/930/19 370/934/19 369/937/19
f 373/942/15 374/943/15 376/944/15 375/945/15
f 378/946/14 379/947/14 380/948/14 377/949/14
f 376/950/16 374/951/16 377/949/16 380/948/16
f 373/952/18 375/953/18 379/947/18 378/946/18
f 375/945/17 376/944/17 380/948/17 379/947/17
f 374/943/19 373/942/19 378/946/19 377/949/19
f 381/954/15 382/955/15 384/956/15 383/957/15
f 386/958/14 387/959/14 388/960/14 385/961/14
f 384/962/16 382/963/16 385/961/16 388/960/16
f 381/964/18 383/965/18 387/959/18 386/958/18
f 383/957/17 384/956/17 388/960/17 387/959/17
f 382/955/19 381/954/19 386/958/19 385/961/19
f 389/966/15 390/967/15 392/968/15 391/969/15
f 394/970/14 395/971/14 396/972/14 393/973/14
f 392/974/16 390/975/16 393/973/16 396/972/16
f 389/976/18 391/977/18 395/971/18 394/970/18
f 391/969/17 392/968/17 396/972/17 395/971/17
f 390/967/19 389/966/19 394/970/19 393/973/19
f 308/978/15 399/979/15 403/980/15 340/981/15
f 309/982/14 402/983/14 404/984/14 315/985/14
f 315/986/18 404/987/18 403/859/18 313/988/18
f 303/989/18 398/990/18 402/991/18 309/992/18
f 305/993/16 400/994/16 401/995/16 311/996/16
f 311/996/16 401/995/16 397/997/16 301/998/16
f 307/857/15 399/856/15 400/999/15 305/1000/15
f 301/1001/14 397/997/14 398/1002/14 303/1003/14
f 412/1004/16 408/1005/16 418/1006/16 419/1007/16
f 405/1008/15 413/1009/15 414/1010/15 407/1011/15
f 407/1012/16 414/1013/16 415/1014/16 411/1015/16
f 411/1016/14 415/1017/14 416/1018/14 409/1019/14
f 409/1020/18 416/1021/18 413/1022/18 405/1023/18
f 407/1024/17 411/1025/17 409/1026/17 405/1027/17
f 406/1028/18 410/1029/18 420/1030/18 417/1031/18
f 406/1032/19 408/1033/19 414/1034/19 413/1035/19
f 408/1033/19 412/1036/19 415/1037/19 414/1034/19
f 412/1036/19 410/1038/19 416/1039/19 415/1037/19
f 410/1038/19 406/1032/19 413/1035/19 416/1039/19
f 419/1040/19 418/1041/19 417/1042/19 420/1043/19
f 410/1044/14 412/1045/14 419/1046/14 420/1047/14
f 408/1048/15 406/1049/15 417/1050/15 418/1051/15
f 425/1052/16 426/1053/16 422/1054/16 421/1055/16
f 429/1056/19 433/1057/19 427/1058/19 426/1059/19
f 428/1060/14 425/1061/14 421/1062/14 424/1063/14
f 426/1064/15 427/1065/15 423/1066/15 422/1067/15
f 427/1068/18 428/1069/18 424/1070/18 423/1071/18
f 422/1072/19 423/1073/19 424/1074/19 421/1075/19
f 432/1076/14 431/1077/14 435/1078/14 436/1079/14
f 431/1080/19 429/1056/19 426/1059/19 425/1081/19
f 435/1082/19 431/1080/19 425/1081/19 428/1083/19
f 433/1057/19 435/1082/19 428/1083/19 427/1058/19
f 436/1084/18 435/1085/18 433/1086/18 434/1087/18
f 430/1088/16 429/1089/16 431/1090/16 432/1091/16
f 434/1092/15 433/1093/15 429/1094/15 430/1095/15
f 434/1096/17 430/1097/17 432/1098/17 436/1099/17
f 437/1100/18 438/1101/18 440/1102/18 439/1103/18
f 439/1104/15 440/1105/15 444/1106/15 443/1107/15
f 443/1108/16 444/1109/16 442/1110/16 441/1111/16
f 441/1112/14 442/1113/14 438/1114/14 437/1115/14
f 439/1116/17 443/1117/17 441/1118/17 437/1119/17
f 440/1120/19 438/1121/19 445/1122/19 446/1123/19
f 445/1124/14 448/1125/14 452/1126/14 449/1127/14
f 438/1121/19 442/1128/19 448/1129/19 445/1122/19
f 444/1130/19 440/1120/19 446/1123/19 447/1131/19
f 442/1128/19 444/1130/19 447/1131/19 448/1129/19
f 451/1132/19 450/1133/19 449/1134/19 452/1135/19
f 447/1136/15 446/1137/15 450/1138/15 451/1139/15
f 448/1140/16 447/1141/16 451/1142/16 452/1143/16
f 446/1144/18 445/1145/18 449/1146/18 450/1147/18
f 457/1148/16 458/1149/16 454/1150/16 453/1151/16
f 461/1152/19 465/1153/19 459/1154/19 458/1155/19
f 460/1156/14 457/1157/14 453/1158/14 456/1159/14
f 458/1160/15 459/1161/15 455/1162/15 454/1163/15
f 459/1164/18 460/1165/18 456/1166/18 455/1167/18
f 454/1168/19 455/1169/19 456/1170/19 453/1171/19
f 464/1172/14 463/1173/14 467/1174/14 468/1175/14
f 463/1176/19 461/1152/19 458/1155/19 457/1177/19
f 467/1178/19 463/1176/19 457/1177/19 460/1179/19
f 465/1153/19 467/1178/19 460/1179/19 459/1154/19
f 468/1180/18 467/1181/18 465/1182/18 466/1183/18
f 462/1184/16 461/1185/16 463/1186/16 464/1187/16
f 466/1188/15 465/1189/15 461/1190/15 462/1191/15
f 466/1192/17 462/1193/17 464/1194/17 468/1195/17
f 473/1196/16 474/1197/16 470/1198/16 469/1199/16
f 477/1200/19 481/1201/19 475/1202/19 474/1203/19
f 476/1204/14 473/1205/14 469/1206/14 472/1207/14
f 474/1208/15 475/1209/15 471/1210/15 470/1211/15
f 475/1212/18 476/1213/18 472/1214/18 471/1215/18
f 470/1216/19 471/1217/19 472/1218/19 469/1219/19
f 480/1220/14 479/1221/14 483/1222/14 484/1223/14
f 479/1224/19 477/1200/19 474/1203/19 473/1225/19
f 483/1226/19 479/1224/19 473/1225/19 476/1227/19
f 481/1201/19 483/1226/19 476/1227/19 475/1202/19
f 484/1228/18 483/1229/18 481/1230/18 482/1231/18
f 478/1232/16 477/1233/16 479/1234/16 480/1235/16
f 482/1236/15 481/1237/15 477/1238/15 478/1239/15
f 482/1240/17 478/1241/17 480/1242/17 484/1243/17
f 485/1244/18 486/1245/18 488/1246/18 487/1247/18
f 487/1248/15 488/1249/15 492/1250/15 491/1251/15
f 491/1252/16 492/1253/16 490/1254/16 489/1255/16
f 489/1256/14 490/1257/14 486/1258/14 485/1259/14
f 487/1260/17 491/1261/17 489/1262/17 485/1263/17
f 488/1264/19 486/1265/19 493/1266/19 494/1267/19
f 493/1268/14 496/1269/14 500/1270/14 497/1271/14
f 486/1265/19 490/1272/19 496/1273/19 493/1266/19
f 492/1274/19 488/1264/19 494/1267/19 495/1275/19
f 490/1272/19 492/1274/19 495/1275/19 496/1273/19
f 499/1276/19 498/1277/19 497/1278/19 500/1279/19
f 495/1280/15 494/1281/15 498/1282/15 499/1283/15
f 496/1284/16 495/1285/16 499/1286/16 500/1287/16
f 494/1288/18 493/1289/18 497/1290/18 498/1291/18
f 505/1292/16 506/1293/16 502/1294/16 501/1295/16
f 509/1296/19 513/1297/19 507/1298/19 506/1299/19
f 508/1300/14 505/1301/14 501/1302/14 504/1303/14
f 506/1304/15 507/1305/15 503/1306/15 502/1307/15
f 507/1308/18 508/1309/18 504/1310/18 503/1311/18
f 502/1312/19 503/1313/19 504/1314/19 501/1315/19
f 512/1316/14 511/1317/14 515/1318/14 516/1319/14
f 511/1320/19 509/1296/19 506/1299/19 505/1321/19
f 515/1322/19 511/1320/19 505/1321/19 508/1323/19
f 513/1297/19 515/1322/19 508/1323/19 507/1298/19
f 516/1324/18 515/1325/18 513/1326/18 514/1327/18
f 510/1328/16 509/1329/16 511/1330/16 512/1331/16
f 514/1332/15 513/1333/15 509/1334/15 510/1335/15
f 514/1336/17 510/1337/17 512/1338/17 516/1339/17
f 517/1340/16 518/1341/16 520/1342/16 519/1343/16
f 519/1344/14 520/1345/14 524/1346/14 523/1347/14
f 523/1348/18 524/1349/18 522/1350/18 521/1351/18
f 521/1352/15 522/1353/15 518/1354/15 517/1355/15
f 519/1356/17 523/1357/17 521/1358/17 517/1359/17
f 524/1360/19 520/1361/19 518/1362/19 522/1363/19
o 立方体.002_立方体.005
v 0.986285 0.001693 -0.812218
v 0.991660 1.301252 -0.806843
v 1.334204 0.001693 -0.675397
v 1.328829 1.301252 -0.680772
v 0.921589 0.001693 -0.752053
v 0.926964 1.649106 -0.757428
v 1.269509 0.001693 -0.888874
v 1.264133 1.649106 -0.883499
v 0.899586 0.161846 -0.649962
v 0.899586 0.161846 -0.888114
v 1.063795 0.161846 -0.649962
v 1.063795 0.161846 -0.888114
v 0.899586 0.002122 -0.649962
v 0.899586 0.002122 -0.888114
v 1.063795 0.002122 -0.888114
v 1.063795 0.002122 -0.649962
v 0.986285 0.389774 -0.812218
v 1.334204 0.389774 -0.675397
v 0.921589 0.514909 -0.752053
v 1.269509 0.514909 -0.888874
v 0.921589 0.001693 -0.829315
v 0.981148 0.001693 -0.888874
v 0.983375 1.649106 -0.883499
v 0.926964 1.649106 -0.827089
v 1.269509 0.001693 -0.811612
v 1.209949 0.001693 -0.752053
v 1.207723 1.649106 -0.757428
v 1.264133 1.649106 -0.813839
v 0.921589 0.514909 -0.829315
v 0.981148 0.514909 -0.888874
v 1.269509 0.514909 -0.811612
v 1.209949 0.514909 -0.752053
v 1.050631 0.001693 -0.675397
v 0.986285 0.001693 -0.739742
v 0.991660 1.301252 -0.741969
v 1.052857 1.301252 -0.680772
v 1.269859 0.001693 -0.812218
v 1.334204 0.001693 -0.747872
v 1.328829 1.301252 -0.745646
v 1.267632 1.301252 -0.806843
v 0.986285 0.389774 -0.739742
v 1.050631 0.389774 -0.675397
v 1.269859 0.389774 -0.812218
v 1.334204 0.389774 -0.747872
v 0.986285 1.270726 -0.812218
v 1.334204 1.270726 -0.675397
v 1.050631 1.270726 -0.675397
v 0.986285 1.270726 -0.739742
v 1.334204 1.270726 -0.747872
v 1.269859 1.270726 -0.812218
v 0.921589 1.600672 -0.752053
v 1.269509 1.600672 -0.888874
v 0.981148 1.600672 -0.888874
v 0.921589 1.600672 -0.829315
v 1.209949 1.600672 -0.752053
v 1.269509 1.600672 -0.811612
v 0.921589 1.649106 -0.829315
v 0.981148 1.649106 -0.888874
v 1.269509 1.649106 -0.811612
v 1.209949 1.649106 -0.752053
v 1.269509 1.649106 -0.888874
v 0.921589 1.649106 -0.752053
v 1.050631 1.301252 -0.675397
v 0.986285 1.301252 -0.739742
v 1.269859 1.301252 -0.812218
v 1.334204 1.301252 -0.747872
v 1.334204 1.301252 -0.675397
v 0.986285 1.301252 -0.812218
v 0.926964 1.641128 -0.827089
v 0.983375 1.641128 -0.883499
v 1.264133 1.641128 -0.813839
v 1.207723 1.641128 -0.757428
v 1.264133 1.641128 -0.883499
v 0.926964 1.641128 -0.757428
v 1.052857 1.293273 -0.680772
v 0.991660 1.293273 -0.741969
v 1.267632 1.293273 -0.806843
v 1.328829 1.293273 -0.745646
v 1.328829 1.293273 -0.680772
v 0.991660 1.293273 -0.806843
v 1.155551 1.642305 -0.826908
v 1.162563 1.657251 -0.833920
v 1.155551 1.642305 -0.871111
v 1.162563 1.657251 -0.864099
v 1.199754 1.642305 -0.826908
v 1.192742 1.657251 -0.833920
v 1.199754 1.642305 -0.871111
v 1.192742 1.657251 -0.864099
v 0.929777 1.635742 -0.757278
v 0.936789 1.650689 -0.764290
v 0.929777 1.635742 -0.801481
v 0.936789 1.650689 -0.794469
v 0.973981 1.635742 -0.757278
v 0.966969 1.650689 -0.764290
v 0.973981 1.635742 -0.801481
v 0.966969 1.650689 -0.794469
v 1.155551 1.657251 -0.826908
v 1.155551 1.657251 -0.871111
v 1.199754 1.657251 -0.871111
v 1.199754 1.657251 -0.826908
v 0.929777 1.650689 -0.757278
v 0.929777 1.650689 -0.801481
v 0.973981 1.650689 -0.801481
v 0.973981 1.650689 -0.757278
v 1.162563 1.662326 -0.833920
v 1.162563 1.662326 -0.864099
v 1.192742 1.662326 -0.864099
v 1.192742 1.662326 -0.833920
v 0.936789 1.655763 -0.764290
v 0.936789 1.655763 -0.794469
v 0.966969 1.655763 -0.794469
v 0.966969 1.655763 -0.764290
v 1.180849 1.639399 -0.756887
v 1.180849 1.645666 -0.756887
v 1.180849 1.639399 -0.846878
v 1.180849 1.645666 -0.846878
v 1.268108 1.639399 -0.846878
v 1.268108 1.645666 -0.846878
v 1.059015 1.663766 -0.815444
v 1.059015 1.663766 -0.833867
v 1.032331 1.663766 -0.833867
v 1.032331 1.663766 -0.815444
v 1.059015 1.660828 -0.815444
v 1.059015 1.660828 -0.833867
v 1.032331 1.660828 -0.833867
v 1.032331 1.660828 -0.815444
v 1.062355 1.660828 -0.836173
v 1.062355 1.636009 -0.836173
v 1.062355 1.660828 -0.813138
v 1.062355 1.636009 -0.813138
v 1.028991 1.660828 -0.836173
v 1.028991 1.636009 -0.836173
v 1.028991 1.660828 -0.813138
v 1.028991 1.636009 -0.813138
v 1.028991 1.636009 -0.842432
v 1.028991 1.660828 -0.842432
v 1.028991 1.636009 -0.865467
v 1.028991 1.660828 -0.865467
v 1.062355 1.636009 -0.842432
v 1.062355 1.660828 -0.842432
v 1.062355 1.636009 -0.865467
v 1.062355 1.660828 -0.865467
v 1.032331 1.660828 -0.844738
v 1.032331 1.660828 -0.863161
v 1.059015 1.660828 -0.863161
v 1.059015 1.660828 -0.844738
v 1.032331 1.663766 -0.844738
v 1.032331 1.663766 -0.863161
v 1.059015 1.663766 -0.863161
v 1.059015 1.663766 -0.844738
v 1.059015 1.663766 -0.786151
v 1.059015 1.663766 -0.804574
v 1.032331 1.663766 -0.804574
v 1.032331 1.663766 -0.786151
v 1.059015 1.660828 -0.786151
v 1.059015 1.660828 -0.804574
v 1.032331 1.660828 -0.804574
v 1.032331 1.660828 -0.786151
v 1.062355 1.660828 -0.806880
v 1.062355 1.636009 -0.806880
v 1.062355 1.660828 -0.783845
v 1.062355 1.636009 -0.783845
v 1.028991 1.660828 -0.806880
v 1.028991 1.636009 -0.806880
v 1.028991 1.660828 -0.783845
v 1.028991 1.636009 -0.783845
v 1.018040 1.663766 -0.814256
v 1.018040 1.663766 -0.832679
v 0.991356 1.663766 -0.832679
v 0.991356 1.663766 -0.814256
v 1.018040 1.660828 -0.814256
v 1.018040 1.660828 -0.832679
v 0.991356 1.660828 -0.832679
v 0.991356 1.660828 -0.814256
v 1.021381 1.660828 -0.834985
v 1.021381 1.636009 -0.834985
v 1.021381 1.660828 -0.811949
v 1.021381 1.636009 -0.811949
v 0.988016 1.660828 -0.834985
v 0.988016 1.636009 -0.834985
v 0.988016 1.660828 -0.811949
v 0.988016 1.636009 -0.811949
v 0.988016 1.636009 -0.841243
v 0.988016 1.660828 -0.841243
v 0.988016 1.636009 -0.864278
v 0.988016 1.660828 -0.864278
v 1.021381 1.636009 -0.841243
v 1.021381 1.660828 -0.841243
v 1.021381 1.636009 -0.864278
v 1.021381 1.660828 -0.864278
v 0.991356 1.660828 -0.843549
v 0.991356 1.660828 -0.861972
v 1.018040 1.660828 -0.861972
v 1.018040 1.660828 -0.843549
v 0.991356 1.663766 -0.843549
v 0.991356 1.663766 -0.861972
v 1.018040 1.663766 -0.861972
v 1.018040 1.663766 -0.843549
v 1.018040 1.663766 -0.784962
v 1.018040 1.663766 -0.803385
v 0.991356 1.663766 -0.803385
v 0.991356 1.663766 -0.784962
v 1.018040 1.660828 -0.784962
v 1.018040 1.660828 -0.803385
v 0.991356 1.660828 -0.803385
v 0.991356 1.660828 -0.784962
v 1.021381 1.660828 -0.805691
v 1.021381 1.636009 -0.805691
v 1.021381 1.660828 -0.782656
v 1.021381 1.636009 -0.782656
v 0.988016 1.660828 -0.805691
v 0.988016 1.636009 -0.805691
v 0.988016 1.660828 -0.782656
v 0.988016 1.636009 -0.782656
v 1.081051 1.639680 -0.755814
v 1.081051 1.645385 -0.755814
v 1.081051 1.639680 -0.883552
v 1.081051 1.645385 -0.883552
v 1.120705 1.639680 -0.755814
v 1.120705 1.645385 -0.755814
v 1.120705 1.639680 -0.883552
v 1.120705 1.645385 -0.883552
v 1.268108 1.639399 -0.815663
v 1.209332 1.639399 -0.756887
v 1.209332 1.645666 -0.756887
v 1.268108 1.645666 -0.815663
v 1.269509 1.057790 -0.888874
v 0.981148 1.057790 -0.888874
v 1.209949 1.057790 -0.752053
v 0.921589 1.057790 -0.752053
v 0.921589 1.057790 -0.829315
v 1.269509 1.057790 -0.811612
v 0.986285 0.849343 -0.812218
v 1.334204 0.849343 -0.675397
v 0.986285 0.849343 -0.739742
v 1.334204 0.849343 -0.747872
v 1.050631 0.849343 -0.675397
v 1.269859 0.849343 -0.812218
vt 0.371024 0.160542
vt 0.371024 0.135732
vt 0.371024 0.135732
vt 0.371024 0.160542
vt 0.839611 0.903029
vt 0.848884 0.903029
vt 0.848884 0.930747
vt 0.839611 0.930747
vt 0.839611 0.906138
vt 0.848884 0.906138
vt 0.848884 0.878421
vt 0.839611 0.878421
vt 0.600200 0.396438
vt 0.600200 0.544857
vt 0.514054 0.544857
vt 0.514054 0.396438
vt 0.494507 0.396438
vt 0.494507 0.544857
vt 0.580653 0.544857
vt 0.580653 0.396438
vt 0.528082 0.342663
vt 0.528082 0.538939
vt 0.504611 0.538939
vt 0.504611 0.342663
vt 0.859749 0.878846
vt 0.873085 0.878846
vt 0.873085 0.849298
vt 0.859749 0.849298
vt 0.859749 0.923465
vt 0.873085 0.923465
vt 0.873085 0.813183
vt 0.859749 0.813183
vt 0.471901 0.147858
vt 0.471901 0.174500
vt 0.471901 0.174500
vt 0.471901 0.147858
vt 0.859749 0.923465
vt 0.873085 0.923465
vt 0.873085 0.813183
vt 0.859749 0.813183
vt 0.350064 0.110144
vt 0.350064 0.250444
vt 0.273221 0.250444
vt 0.273221 0.110144
vt 0.625000 0.500000
vt 0.875000 0.500000
vt 0.875000 0.750000
vt 0.625000 0.750000
vt 0.067169 0.756306
vt 0.159479 0.756306
vt 0.159479 0.643270
vt 0.067169 0.643270
vt 0.159479 0.756306
vt 0.067169 0.756306
vt 0.067169 0.643270
vt 0.159479 0.643270
vt 0.046386 0.756306
vt 0.180262 0.756306
vt 0.180262 0.643270
vt 0.046386 0.643270
vt 0.180262 0.756306
vt 0.046386 0.756306
vt 0.046386 0.643270
vt 0.180262 0.643270
vt 0.839611 0.811024
vt 0.848884 0.811024
vt 0.848884 0.919475
vt 0.839611 0.919475
vt 0.839611 0.944084
vt 0.848884 0.944084
vt 0.848884 0.835633
vt 0.839611 0.835633
vt 0.527118 0.396438
vt 0.527118 0.544857
vt 0.505101 0.544857
vt 0.505101 0.396438
vt 0.493322 0.428685
vt 0.579468 0.428685
vt 0.599015 0.404076
vt 0.599015 0.376358
vt 0.512869 0.376358
vt 0.493322 0.400967
vt 0.859749 0.889676
vt 0.873085 0.889676
vt 0.873085 0.919225
vt 0.859749 0.919225
vt 0.501243 0.342663
vt 0.501243 0.538939
vt 0.588843 0.538939
vt 0.588843 0.342663
vt 0.473668 0.435224
vt 0.491761 0.458002
vt 0.579362 0.458002
vt 0.579362 0.428453
vt 0.561268 0.405675
vt 0.473668 0.405675
vt 0.501243 0.342663
vt 0.501243 0.538939
vt 0.588843 0.538939
vt 0.588843 0.342663
vt 0.483149 0.342663
vt 0.483149 0.538939
vt 0.483149 0.342663
vt 0.483149 0.538939
vt 0.578249 0.543526
vt 0.578249 0.340666
vt 0.560156 0.340666
vt 0.560156 0.543526
vt 0.486517 0.543526
vt 0.486517 0.340666
vt 0.504611 0.340666
vt 0.504611 0.543526
vt 0.536684 0.342663
vt 0.536684 0.538939
vt 0.560156 0.538939
vt 0.560156 0.342663
vt 0.848884 0.944084
vt 0.839611 0.944084
vt 0.546665 0.396438
vt 0.546665 0.544857
vt 0.494507 0.544857
vt 0.494507 0.396438
vt 0.527118 0.517783
vt 0.527118 0.369016
vt 0.546665 0.369016
vt 0.546665 0.517783
vt 0.524648 0.396438
vt 0.524648 0.544857
vt 0.546665 0.544857
vt 0.546665 0.396438
vt 0.839611 0.878421
vt 0.848884 0.878421
vt 0.514054 0.370646
vt 0.514054 0.519413
vt 0.494507 0.519413
vt 0.494507 0.370646
vt 0.494507 0.370646
vt 0.494507 0.519413
vt 0.580653 0.519413
vt 0.580653 0.370646
vt 0.600200 0.370646
vt 0.600200 0.519413
vt 0.524648 0.370646
vt 0.524648 0.519413
vt 0.546665 0.519413
vt 0.546665 0.370646
vt 0.527118 0.370646
vt 0.527118 0.519413
vt 0.505101 0.519413
vt 0.505101 0.370646
vt 0.873085 0.942003
vt 0.859749 0.942003
vt 0.873085 0.826520
vt 0.859749 0.826520
vt 0.528082 0.339717
vt 0.528082 0.542576
vt 0.504611 0.542576
vt 0.504611 0.339717
vt 0.501243 0.339717
vt 0.501243 0.542576
vt 0.588843 0.542576
vt 0.588843 0.339717
vt 0.501243 0.339717
vt 0.501243 0.542576
vt 0.588843 0.542576
vt 0.588843 0.339717
vt 0.536684 0.339717
vt 0.536684 0.542576
vt 0.560156 0.542576
vt 0.560156 0.339717
vt 0.369473 0.152926
vt 0.386610 0.174499
vt 0.385933 0.176555
vt 0.367840 0.153777
vt 0.454764 0.126284
vt 0.455440 0.124229
vt 0.473534 0.147007
vt 0.473534 0.176555
vt 0.369473 0.126285
vt 0.367840 0.124229
vt 0.389614 0.112327
vt 0.369391 0.134880
vt 0.388938 0.110272
vt 0.454861 0.160542
vt 0.473452 0.137138
vt 0.475084 0.137989
vt 0.455537 0.162598
vt 0.473451 0.112327
vt 0.475084 0.110272
vt 0.369391 0.162598
vt 0.203935 0.112691
vt 0.222526 0.136096
vt 0.222525 0.241639
vt 0.202818 0.241639
vt 0.184227 0.218235
vt 0.184227 0.112691
vt 0.386610 0.174499
vt 0.369473 0.152926
vt 0.369473 0.126285
vt 0.454764 0.126284
vt 0.389614 0.112327
vt 0.473452 0.137138
vt 0.473451 0.112327
vt 0.454861 0.160542
vt 0.391102 0.175202
vt 0.401166 0.175202
vt 0.401166 0.110760
vt 0.391102 0.110760
vt 0.413001 0.175202
vt 0.423066 0.175202
vt 0.423066 0.110760
vt 0.413001 0.110760
vt 0.401202 0.110760
vt 0.411266 0.110760
vt 0.411266 0.175202
vt 0.401202 0.175202
vt 0.423101 0.110760
vt 0.433165 0.110760
vt 0.433165 0.175202
vt 0.423101 0.175202
vt 0.413262 0.168878
vt 0.413262 0.119578
vt 0.374102 0.119578
vt 0.374102 0.168878
vt 0.477506 0.167814
vt 0.477506 0.131985
vt 0.482292 0.131985
vt 0.482292 0.167814
vt 0.391102 0.175202
vt 0.401166 0.175202
vt 0.401166 0.110760
vt 0.391102 0.110760
vt 0.413001 0.175202
vt 0.423066 0.175202
vt 0.423066 0.110760
vt 0.413001 0.110760
vt 0.401202 0.110760
vt 0.411266 0.110760
vt 0.411266 0.175202
vt 0.401202 0.175202
vt 0.423101 0.110760
vt 0.433165 0.110760
vt 0.433165 0.175202
vt 0.423101 0.175202
vt 0.413262 0.168878
vt 0.413262 0.119578
vt 0.374102 0.119578
vt 0.374102 0.168878
vt 0.477506 0.131985
vt 0.477506 0.167814
vt 0.482292 0.167814
vt 0.482292 0.131985
vt 0.384576 0.165578
vt 0.459211 0.165578
vt 0.476552 0.175958
vt 0.367234 0.175958
vt 0.459211 0.120902
vt 0.476552 0.110522
vt 0.384576 0.120902
vt 0.367234 0.110522
vt 0.384576 0.165578
vt 0.459211 0.165578
vt 0.476552 0.175958
vt 0.367234 0.175958
vt 0.459211 0.120902
vt 0.476552 0.110522
vt 0.384576 0.120902
vt 0.367234 0.110522
vt 0.420638 0.050749
vt 0.420638 0.110681
vt 0.369938 0.110681
vt 0.369938 0.050749
vt 0.420638 0.177690
vt 0.420638 0.237622
vt 0.369938 0.237622
vt 0.369938 0.177690
vt 0.477506 0.228747
vt 0.477506 0.192918
vt 0.482292 0.192918
vt 0.482292 0.228747
vt 0.477506 0.192918
vt 0.477506 0.228747
vt 0.482292 0.228747
vt 0.482292 0.192918
vt 0.477506 0.162452
vt 0.477506 0.198281
vt 0.482292 0.198281
vt 0.482292 0.162452
vt 0.477506 0.198281
vt 0.477506 0.162452
vt 0.482292 0.162452
vt 0.482292 0.198281
vt 0.477506 0.198281
vt 0.477506 0.162452
vt 0.482292 0.162452
vt 0.482292 0.198281
vt 0.477506 0.162452
vt 0.477506 0.198281
vt 0.482292 0.198281
vt 0.482292 0.162452
vt 0.102439 0.133430
vt 0.102439 0.133430
vt 0.102439 0.092683
vt 0.102439 0.092683
vt 0.050436 0.092683
vt 0.050436 0.092683
vt 0.085464 0.133430
vt 0.085464 0.133430
vt 0.050436 0.106816
vt 0.050436 0.106816
vt 0.290799 0.143249
vt 0.339062 0.143249
vt 0.339062 0.143249
vt 0.290799 0.143249
vt 0.103240 0.185864
vt 0.103240 0.236381
vt 0.100600 0.231324
vt 0.100600 0.190921
vt 0.275717 0.119990
vt 0.349162 0.119990
vt 0.349162 0.119990
vt 0.275717 0.119990
vt 0.351653 0.143249
vt 0.278208 0.143249
vt 0.278208 0.143249
vt 0.351653 0.143249
vt 0.324116 0.119729
vt 0.275853 0.119729
vt 0.275853 0.119729
vt 0.324116 0.119729
vt 0.274340 0.198923
vt 0.350195 0.198923
vt 0.350195 0.249007
vt 0.274340 0.249007
vt 0.349162 0.054798
vt 0.349162 0.119990
vt 0.275717 0.119990
vt 0.275717 0.054798
vt 0.076871 0.185864
vt 0.079511 0.190921
vt 0.076871 0.236381
vt 0.079511 0.231324
vt 0.275853 0.054537
vt 0.275853 0.119729
vt 0.324116 0.119729
vt 0.324116 0.054537
vt 0.339062 0.078057
vt 0.339062 0.143249
vt 0.290799 0.143249
vt 0.290799 0.078057
vt 0.278208 0.078057
vt 0.278208 0.143249
vt 0.351653 0.143249
vt 0.351653 0.078057
vt 0.350195 0.198923
vt 0.274340 0.198923
vt 0.274340 0.249007
vt 0.350195 0.249007
vt 0.275853 0.054537
vt 0.275853 0.119729
vt 0.324116 0.119729
vt 0.324116 0.054537
vt 0.278208 0.078057
vt 0.278208 0.143249
vt 0.351653 0.143249
vt 0.351653 0.078057
vt 0.339062 0.078057
vt 0.339062 0.143249
vt 0.290799 0.143249
vt 0.290799 0.078057
vt 0.349162 0.054798
vt 0.349162 0.119990
vt 0.275717 0.119990
vt 0.275717 0.054798
vt 0.350195 0.198923
vt 0.274340 0.198923
vt 0.274340 0.249007
vt 0.350195 0.249007
vt 0.103240 0.236381
vt 0.076871 0.236381
vt 0.079511 0.231324
vt 0.100600 0.231324
vt 0.275717 0.119990
vt 0.349162 0.119990
vt 0.349162 0.119990
vt 0.275717 0.119990
vt 0.076871 0.185864
vt 0.079511 0.190921
vt 0.103240 0.185864
vt 0.100600 0.190921
vt 0.274340 0.198923
vt 0.350195 0.198923
vt 0.350195 0.249007
vt 0.274340 0.249007
vt 0.351653 0.143249
vt 0.278208 0.143249
vt 0.278208 0.143249
vt 0.351653 0.143249
vt 0.290799 0.143249
vt 0.339062 0.143249
vt 0.339062 0.143249
vt 0.290799 0.143249
vt 0.324116 0.119729
vt 0.275853 0.119729
vt 0.275853 0.119729
vt 0.324116 0.119729
vt 0.290799 0.143249
vt 0.339062 0.143249
vt 0.339062 0.143249
vt 0.290799 0.143249
vt 0.103240 0.185864
vt 0.103240 0.236381
vt 0.100600 0.231324
vt 0.100600 0.190921
vt 0.275717 0.119990
vt 0.349162 0.119990
vt 0.349162 0.119990
vt 0.275717 0.119990
vt 0.351653 0.143249
vt 0.278208 0.143249
vt 0.278208 0.143249
vt 0.351653 0.143249
vt 0.324116 0.119729
vt 0.275853 0.119729
vt 0.275853 0.119729
vt 0.324116 0.119729
vt 0.274340 0.198923
vt 0.350195 0.198923
vt 0.350195 0.249007
vt 0.274340 0.249007
vt 0.349162 0.054798
vt 0.349162 0.119990
vt 0.275717 0.119990
vt 0.275717 0.054798
vt 0.076871 0.185864
vt 0.079511 0.190921
vt 0.076871 0.236381
vt 0.079511 0.231324
vt 0.275853 0.054537
vt 0.275853 0.119729
vt 0.324116 0.119729
vt 0.324116 0.054537
vt 0.339062 0.078057
vt 0.339062 0.143249
vt 0.290799 0.143249
vt 0.290799 0.078057
vt 0.278208 0.078057
vt 0.278208 0.143249
vt 0.351653 0.143249
vt 0.351653 0.078057
vt 0.350195 0.198923
vt 0.274340 0.198923
vt 0.274340 0.249007
vt 0.350195 0.249007
vt 0.290799 0.143249
vt 0.339062 0.143249
vt 0.339062 0.143249
vt 0.290799 0.143249
vt 0.103240 0.185864
vt 0.103240 0.236381
vt 0.100600 0.231324
vt 0.100600 0.190921
vt 0.275717 0.119990
vt 0.349162 0.119990
vt 0.349162 0.119990
vt 0.275717 0.119990
vt 0.351653 0.143249
vt 0.278208 0.143249
vt 0.278208 0.143249
vt 0.351653 0.143249
vt 0.324116 0.119729
vt 0.275853 0.119729
vt 0.275853 0.119729
vt 0.324116 0.119729
vt 0.274340 0.198923
vt 0.350195 0.198923
vt 0.350195 0.249007
vt 0.274340 0.249007
vt 0.349162 0.054798
vt 0.349162 0.119990
vt 0.275717 0.119990
vt 0.275717 0.054798
vt 0.076871 0.185864
vt 0.079511 0.190921
vt 0.076871 0.236381
vt 0.079511 0.231324
vt 0.275853 0.054537
vt 0.275853 0.119729
vt 0.324116 0.119729
vt 0.324116 0.054537
vt 0.339062 0.078057
vt 0.339062 0.143249
vt 0.290799 0.143249
vt 0.290799 0.078057
vt 0.278208 0.078057
vt 0.278208 0.143249
vt 0.351653 0.143249
vt 0.351653 0.078057
vt 0.350195 0.198923
vt 0.274340 0.198923
vt 0.274340 0.249007
vt 0.350195 0.249007
vt 0.275853 0.054537
vt 0.275853 0.119729
vt 0.324116 0.119729
vt 0.324116 0.054537
vt 0.278208 0.078057
vt 0.278208 0.143249
vt 0.351653 0.143249
vt 0.351653 0.078057
vt 0.339062 0.078057
vt 0.339062 0.143249
vt 0.290799 0.143249
vt 0.290799 0.078057
vt 0.349162 0.054798
vt 0.349162 0.119990
vt 0.275717 0.119990
vt 0.275717 0.054798
vt 0.350195 0.198923
vt 0.274340 0.198923
vt 0.274340 0.249007
vt 0.350195 0.249007
vt 0.103240 0.236381
vt 0.076871 0.236381
vt 0.079511 0.231324
vt 0.100600 0.231324
vt 0.275717 0.119990
vt 0.349162 0.119990
vt 0.349162 0.119990
vt 0.275717 0.119990
vt 0.076871 0.185864
vt 0.079511 0.190921
vt 0.103240 0.185864
vt 0.100600 0.190921
vt 0.274340 0.198923
vt 0.350195 0.198923
vt 0.350195 0.249007
vt 0.274340 0.249007
vt 0.351653 0.143249
vt 0.278208 0.143249
vt 0.278208 0.143249
vt 0.351653 0.143249
vt 0.290799 0.143249
vt 0.339062 0.143249
vt 0.339062 0.143249
vt 0.290799 0.143249
vt 0.324116 0.119729
vt 0.275853 0.119729
vt 0.275853 0.119729
vt 0.324116 0.119729
vt 0.290799 0.143249
vt 0.339062 0.143249
vt 0.339062 0.143249
vt 0.290799 0.143249
vt 0.103240 0.185864
vt 0.103240 0.236381
vt 0.100600 0.231324
vt 0.100600 0.190921
vt 0.275717 0.119990
vt 0.349162 0.119990
vt 0.349162 0.119990
vt 0.275717 0.119990
vt 0.351653 0.143249
vt 0.278208 0.143249
vt 0.278208 0.143249
vt 0.351653 0.143249
vt 0.324116 0.119729
vt 0.275853 0.119729
vt 0.275853 0.119729
vt 0.324116 0.119729
vt 0.274340 0.198923
vt 0.350195 0.198923
vt 0.350195 0.249007
vt 0.274340 0.249007
vt 0.349162 0.054798
vt 0.349162 0.119990
vt 0.275717 0.119990
vt 0.275717 0.054798
vt 0.076871 0.185864
vt 0.079511 0.190921
vt 0.076871 0.236381
vt 0.079511 0.231324
vt 0.275853 0.054537
vt 0.275853 0.119729
vt 0.324116 0.119729
vt 0.324116 0.054537
vt 0.339062 0.078057
vt 0.339062 0.143249
vt 0.290799 0.143249
vt 0.290799 0.078057
vt 0.278208 0.078057
vt 0.278208 0.143249
vt 0.351653 0.143249
vt 0.351653 0.078057
vt 0.350195 0.198923
vt 0.274340 0.198923
vt 0.274340 0.249007
vt 0.350195 0.249007
vt 0.431235 0.243300
vt 0.437902 0.243300
vt 0.437902 0.042572
vt 0.431235 0.042572
vt 0.368758 0.138739
vt 0.368758 0.147133
vt 0.415098 0.147133
vt 0.415098 0.138739
vt 0.431235 0.042572
vt 0.437902 0.042572
vt 0.437902 0.243300
vt 0.431235 0.243300
vt 0.415098 0.138739
vt 0.415098 0.147133
vt 0.368758 0.147133
vt 0.368758 0.138739
vt 0.368758 0.243300
vt 0.415098 0.243300
vt 0.415098 0.042572
vt 0.368758 0.042572
vt 0.415098 0.243300
vt 0.368758 0.243300
vt 0.368758 0.042572
vt 0.415098 0.042572
vt 0.536684 0.340666
vt 0.536684 0.543526
vt 0.501243 0.340666
vt 0.501243 0.543526
vt 0.588843 0.543526
vt 0.588843 0.340666
vt 0.501243 0.340666
vt 0.501243 0.543526
vt 0.588843 0.543526
vt 0.588843 0.340666
vt 0.528082 0.340666
vt 0.528082 0.543526
vt 0.486517 0.542576
vt 0.486517 0.339717
vt 0.578249 0.542576
vt 0.578249 0.339717
vt 0.505101 0.517783
vt 0.505101 0.369016
vt 0.524648 0.369016
vt 0.524648 0.517783
vt 0.546665 0.517783
vt 0.546665 0.369016
vt 0.600200 0.369016
vt 0.600200 0.517783
vt 0.514054 0.517783
vt 0.514054 0.369016
vt 0.494507 0.369016
vt 0.494507 0.517783
vt 0.580653 0.517783
vt 0.580653 0.369016
vt 0.494507 0.517783
vt 0.494507 0.369016
vt 0.546665 0.370646
vt 0.546665 0.519413
vn 1.0000 0.0000 0.0000
vn -1.0000 0.0000 0.0000
vn 0.0000 0.0000 1.0000
vn 0.0000 0.0000 -1.0000
vn 0.0000 -1.0000 0.0000
vn 0.0000 1.0000 0.0000
vn -0.7071 0.0000 -0.7071
vn 0.7071 0.0000 0.7071
vn -0.7071 0.0000 0.7071
vn 0.7071 0.0000 -0.7071
vn 0.0000 1.0000 -0.0001
vn 0.0000 1.0000 0.0001
usemtl 1
s off
f 526/1364/20 559/1365/20 600/1366/20 604/1367/20
f 573/1368/20 590/1369/20 591/1370/20 570/1371/20
f 572/1372/21 588/1373/21 592/1374/21 569/1375/21
f 527/1376/22 542/1377/22 566/1378/22 557/1379/22
f 525/1380/23 541/1381/23 567/1382/23 561/1383/23
f 531/1384/20 544/1385/20 555/1386/20 549/1387/20
f 575/1388/21 586/1389/21 581/1390/21 578/1391/21
f 579/1392/22 584/1393/22 586/1394/22 575/1395/22
f 552/1396/21 532/1397/21 597/1398/21 595/1399/21
f 577/1400/23 582/1401/23 585/1402/23 576/1403/23
f 536/1404/24 535/1405/24 533/1406/24 534/1407/24
f 539/1408/25 538/1409/25 537/1410/25 540/1411/25
f 533/1412/23 535/1413/23 540/1414/23 537/1415/23
f 536/1416/22 534/1417/22 538/1418/22 539/1419/22
f 535/1420/21 536/1421/21 539/1422/21 540/1423/21
f 534/1424/20 533/1425/20 537/1426/20 538/1427/20
f 570/1428/22 591/1429/22 587/1430/22 571/1431/22
f 569/1432/23 592/1433/23 589/1434/23 574/1435/23
f 562/1436/20 568/1437/20 542/1438/20 527/1439/20
f 525/1440/24 561/1441/24 562/1442/24 527/1443/24 557/1444/24 558/1445/24
f 576/1446/20 585/1447/20 583/1448/20 580/1449/20
f 550/1450/22 556/1451/22 543/1452/22 529/1453/22
f 545/1454/24 546/1455/24 531/1456/24 549/1457/24 550/1458/24 529/1459/24
f 546/1460/23 554/1461/23 544/1462/23 531/1463/23
f 554/1461/26 546/1460/26 545/1464/26 553/1465/26
f 556/1451/27 550/1450/27 549/1466/27 555/1467/27
f 752/1468/26 554/1469/26 553/1470/26 755/1471/26
f 753/1472/27 556/1473/27 555/1474/27 756/1475/27
f 529/1476/21 543/1477/21 553/1478/21 545/1479/21
f 571/1431/28 587/1430/28 588/1480/28 572/1481/28
f 568/1437/29 562/1436/29 561/1482/29 567/1483/29
f 557/1379/28 566/1378/28 565/1484/28 558/1485/28
f 760/1486/29 568/1487/29 567/1488/29 762/1489/29
f 558/1490/21 565/1491/21 541/1492/21 525/1493/21
f 590/1369/29 573/1368/29 574/1494/29 589/1495/29
f 761/1496/28 571/1497/28 572/1498/28 759/1499/28
f 757/1500/23 569/1501/23 574/1502/23 762/1503/23
f 758/1504/22 570/1505/22 571/1497/22 761/1496/22
f 759/1506/21 572/1507/21 569/1508/21 757/1509/21
f 760/1510/20 573/1511/20 570/1512/20 758/1513/20
f 584/1514/27 579/1515/27 580/1449/27 583/1448/27
f 582/1516/26 577/1517/26 578/1391/26 581/1390/26
f 751/1518/20 576/1519/20 580/1520/20 756/1521/20
f 752/1522/23 577/1523/23 576/1524/23 751/1525/23
f 753/1526/22 579/1527/22 575/1528/22 754/1529/22
f 754/1530/21 575/1531/21 578/1532/21 755/1533/21
f 548/1534/25 547/1535/25 582/1536/25 581/1537/25
f 552/1396/25 551/1538/25 584/1539/25 583/1540/25
f 532/1397/25 552/1396/25 583/1540/25 585/1541/25
f 547/1535/25 532/1397/25 585/1541/25 582/1536/25
f 530/1542/25 548/1534/25 581/1537/25 586/1543/25
f 551/1538/25 530/1542/25 586/1543/25 584/1539/25
f 560/1544/25 559/1365/25 588/1545/25 587/1546/25
f 564/1547/25 563/1548/25 590/1549/25 589/1550/25
f 528/1551/25 560/1544/25 587/1546/25 591/1552/25
f 559/1365/25 526/1364/25 592/1553/25 588/1545/25
f 563/1548/25 528/1551/25 591/1552/25 590/1549/25
f 526/1364/25 564/1547/25 589/1550/25 592/1553/25
f 602/1554/25 601/1555/25 604/1556/25 600/1557/25 599/1558/25 603/1559/25
f 597/1398/25 594/1560/25 593/1561/25 598/1562/25 596/1563/25 595/1399/25
f 559/1365/29 560/1544/29 599/1564/29 600/1366/29
f 532/1397/22 547/1535/22 594/1560/22 597/1398/22
f 528/1551/21 563/1548/21 602/1565/21 603/1566/21
f 547/1535/27 548/1534/27 593/1561/27 594/1560/27
f 563/1548/28 564/1547/28 601/1567/28 602/1565/28
f 548/1534/20 530/1542/20 598/1562/20 593/1561/20
f 564/1547/22 526/1364/22 604/1367/22 601/1567/22
f 551/1538/26 552/1396/26 595/1399/26 596/1563/26
f 560/1544/23 528/1551/23 603/1566/23 599/1564/23
f 530/1542/23 551/1538/23 596/1563/23 598/1562/23
f 605/1568/21 621/1569/21 622/1570/21 607/1571/21
f 607/1572/23 622/1573/23 623/1574/23 611/1575/23
f 611/1576/20 623/1577/20 624/1578/20 609/1579/20
f 609/1580/22 624/1581/22 621/1582/22 605/1583/22
f 607/1584/24 611/1585/24 609/1586/24 605/1587/24
f 620/1588/23 616/1589/23 634/1590/23 635/1591/23
f 613/1592/21 625/1593/21 626/1594/21 615/1595/21
f 615/1596/23 626/1597/23 627/1598/23 619/1599/23
f 619/1600/20 627/1601/20 628/1602/20 617/1603/20
f 617/1604/22 628/1605/22 625/1606/22 613/1607/22
f 615/1608/24 619/1609/24 617/1610/24 613/1611/24
f 614/1612/22 618/1613/22 636/1614/22 633/1615/22
f 606/1616/25 608/1617/25 622/1618/25 621/1619/25
f 608/1617/25 612/1620/25 623/1621/25 622/1618/25
f 612/1620/25 610/1622/25 624/1623/25 623/1621/25
f 610/1622/25 606/1616/25 621/1619/25 624/1623/25
f 614/1624/25 616/1625/25 626/1626/25 625/1627/25
f 616/1625/25 620/1628/25 627/1629/25 626/1626/25
f 620/1628/25 618/1630/25 628/1631/25 627/1629/25
f 618/1630/25 614/1624/25 625/1627/25 628/1631/25
f 631/1632/25 630/1633/25 629/1634/25 632/1635/25
f 635/1636/25 634/1637/25 633/1638/25 636/1639/25
f 606/1640/22 610/1641/22 632/1642/22 629/1643/22
f 612/1644/23 608/1645/23 630/1646/23 631/1647/23
f 618/1648/20 620/1649/20 635/1650/20 636/1651/20
f 616/1652/21 614/1653/21 633/1654/21 634/1655/21
f 610/1656/20 612/1657/20 631/1658/20 632/1659/20
f 608/1660/21 606/1661/21 629/1662/21 630/1663/21
f 637/1664/21 638/1665/21 640/1666/21 639/1667/21
f 639/1667/23 640/1666/23 642/1668/23 641/1669/23
f 748/1670/22 749/1671/22 638/1665/22 637/1664/22
f 642/1668/25 640/1666/25 638/1665/25 749/1671/25 750/1672/25
f 641/1669/20 642/1668/20 750/1672/20 747/1673/20
f 647/1674/20 648/1675/20 644/1676/20 643/1677/20
f 651/1678/30 655/1679/30 649/1680/30 648/1681/30
f 650/1682/22 647/1683/22 643/1684/22 646/1685/22
f 648/1686/23 649/1687/23 645/1688/23 644/1689/23
f 649/1690/21 650/1691/21 646/1692/21 645/1693/21
f 644/1694/25 645/1695/25 646/1696/25 643/1697/25
f 654/1698/22 653/1699/22 657/1700/22 658/1701/22
f 653/1702/25 651/1678/25 648/1681/25 647/1703/25
f 657/1704/31 653/1702/31 647/1703/31 650/1705/31
f 655/1679/25 657/1704/25 650/1705/25 649/1680/25
f 658/1706/21 657/1707/21 655/1708/21 656/1709/21
f 652/1710/20 651/1711/20 653/1712/20 654/1713/20
f 656/1714/23 655/1715/23 651/1716/23 652/1717/23
f 656/1718/24 652/1719/24 654/1720/24 658/1721/24
f 659/1722/21 660/1723/21 662/1724/21 661/1725/21
f 661/1726/23 662/1727/23 666/1728/23 665/1729/23
f 665/1730/20 666/1731/20 664/1732/20 663/1733/20
f 663/1734/22 664/1735/22 660/1736/22 659/1737/22
f 661/1738/24 665/1739/24 663/1740/24 659/1741/24
f 662/1742/25 660/1743/25 667/1744/25 668/1745/25
f 667/1746/22 670/1747/22 674/1748/22 671/1749/22
f 660/1743/31 664/1750/31 670/1751/31 667/1744/31
f 666/1752/30 662/1742/30 668/1745/30 669/1753/30
f 664/1750/25 666/1752/25 669/1753/25 670/1751/25
f 673/1754/25 672/1755/25 671/1756/25 674/1757/25
f 669/1758/23 668/1759/23 672/1760/23 673/1761/23
f 670/1762/20 669/1763/20 673/1764/20 674/1765/20
f 668/1766/21 667/1767/21 671/1768/21 672/1769/21
f 679/1770/20 680/1771/20 676/1772/20 675/1773/20
f 683/1774/30 687/1775/30 681/1776/30 680/1777/30
f 682/1778/22 679/1779/22 675/1780/22 678/1781/22
f 680/1782/23 681/1783/23 677/1784/23 676/1785/23
f 681/1786/21 682/1787/21 678/1788/21 677/1789/21
f 676/1790/25 677/1791/25 678/1792/25 675/1793/25
f 686/1794/22 685/1795/22 689/1796/22 690/1797/22
f 685/1798/25 683/1774/25 680/1777/25 679/1799/25
f 689/1800/31 685/1798/31 679/1799/31 682/1801/31
f 687/1775/25 689/1800/25 682/1801/25 681/1776/25
f 690/1802/21 689/1803/21 687/1804/21 688/1805/21
f 684/1806/20 683/1807/20 685/1808/20 686/1809/20
f 688/1810/23 687/1811/23 683/1812/23 684/1813/23
f 688/1814/24 684/1815/24 686/1816/24 690/1817/24
f 695/1818/20 696/1819/20 692/1820/20 691/1821/20
f 699/1822/30 703/1823/30 697/1824/30 696/1825/30
f 698/1826/22 695/1827/22 691/1828/22 694/1829/22
f 696/1830/23 697/1831/23 693/1832/23 692/1833/23
f 697/1834/21 698/1835/21 694/1836/21 693/1837/21
f 692/1838/25 693/1839/25 694/1840/25 691/1841/25
f 702/1842/22 701/1843/22 705/1844/22 706/1845/22
f 701/1846/25 699/1822/25 696/1825/25 695/1847/25
f 705/1848/31 701/1846/31 695/1847/31 698/1849/31
f 703/1823/25 705/1848/25 698/1849/25 697/1824/25
f 706/1850/21 705/1851/21 703/1852/21 704/1853/21
f 700/1854/20 699/1855/20 701/1856/20 702/1857/20
f 704/1858/23 703/1859/23 699/1860/23 700/1861/23
f 704/1862/24 700/1863/24 702/1864/24 706/1865/24
f 707/1866/21 708/1867/21 710/1868/21 709/1869/21
f 709/1870/23 710/1871/23 714/1872/23 713/1873/23
f 713/1874/20 714/1875/20 712/1876/20 711/1877/20
f 711/1878/22 712/1879/22 708/1880/22 707/1881/22
f 709/1882/24 713/1883/24 711/1884/24 707/1885/24
f 710/1886/25 708/1887/25 715/1888/25 716/1889/25
f 715/1890/22 718/1891/22 722/1892/22 719/1893/22
f 708/1887/31 712/1894/31 718/1895/31 715/1888/31
f 714/1896/30 710/1886/30 716/1889/30 717/1897/30
f 712/1894/25 714/1896/25 717/1897/25 718/1895/25
f 721/1898/25 720/1899/25 719/1900/25 722/1901/25
f 717/1902/23 716/1903/23 720/1904/23 721/1905/23
f 718/1906/20 717/1907/20 721/1908/20 722/1909/20
f 716/1910/21 715/1911/21 719/1912/21 720/1913/21
f 727/1914/20 728/1915/20 724/1916/20 723/1917/20
f 731/1918/30 735/1919/30 729/1920/30 728/1921/30
f 730/1922/22 727/1923/22 723/1924/22 726/1925/22
f 728/1926/23 729/1927/23 725/1928/23 724/1929/23
f 729/1930/21 730/1931/21 726/1932/21 725/1933/21
f 724/1934/25 725/1935/25 726/1936/25 723/1937/25
f 734/1938/22 733/1939/22 737/1940/22 738/1941/22
f 733/1942/25 731/1918/25 728/1921/25 727/1943/25
f 737/1944/31 733/1942/31 727/1943/31 730/1945/31
f 735/1919/25 737/1944/25 730/1945/25 729/1920/25
f 738/1946/21 737/1947/21 735/1948/21 736/1949/21
f 732/1950/20 731/1951/20 733/1952/20 734/1953/20
f 736/1954/23 735/1955/23 731/1956/23 732/1957/23
f 736/1958/24 732/1959/24 734/1960/24 738/1961/24
f 739/1962/21 740/1963/21 742/1964/21 741/1965/21
f 741/1966/23 742/1967/23 746/1968/23 745/1969/23
f 745/1970/20 746/1971/20 744/1972/20 743/1973/20
f 743/1974/22 744/1975/22 740/1976/22 739/1977/22
f 741/1978/24 745/1979/24 743/1980/24 739/1981/24
f 746/1982/25 742/1983/25 740/1984/25 744/1985/25
f 749/1671/27 748/1670/27 747/1673/27 750/1672/27
f 639/1667/24 641/1669/24 747/1673/24 748/1670/24 637/1664/24
f 543/1986/21 754/1987/21 755/1471/21 553/1470/21
f 556/1988/22 753/1989/22 754/1990/22 543/1991/22
f 554/1992/23 752/1993/23 751/1994/23 544/1995/23
f 544/1996/20 751/1997/20 756/1475/20 555/1474/20
f 579/1998/27 753/1999/27 756/1521/27 580/1520/27
f 577/2000/26 752/2001/26 755/1533/26 578/1532/26
f 568/1487/20 760/1486/20 758/2002/20 542/2003/20
f 565/2004/21 759/2005/21 757/2006/21 541/2007/21
f 542/2008/22 758/2009/22 761/2010/22 566/2011/22
f 541/2012/23 757/2013/23 762/2014/23 567/2015/23
f 566/2011/28 761/2010/28 759/2016/28 565/2017/28
f 573/1511/29 760/1510/29 762/2018/29 574/2019/29
o 立方体.004_立方体.007
v -0.653056 0.355407 0.817883
v -0.645954 0.981895 0.810781
v -0.653056 0.355407 0.489867
v -0.645954 0.981895 0.496969
v -0.325041 0.355407 0.817883
v -0.332143 0.981895 0.810781
v -0.325041 0.355407 0.489867
v -0.332143 0.981895 0.496969
v -0.653056 -0.000275 0.489867
v -0.653056 -0.000275 0.817883
v -0.325041 -0.000275 0.489867
v -0.325041 -0.000275 0.817883
v -0.602866 0.975779 0.767693
v -0.602866 0.975779 0.540057
v -0.375230 0.975779 0.767693
v -0.375230 0.975779 0.540057
v -0.595764 1.033997 0.760590
v -0.595764 1.033997 0.547160
v -0.382333 1.033997 0.547160
v -0.382333 1.033997 0.760590
v -0.653056 0.981895 0.817883
v -0.653056 0.981895 0.489867
v -0.325041 0.981895 0.489867
v -0.325041 0.981895 0.817883
v -0.602866 1.033997 0.767693
v -0.602866 1.033997 0.540057
v -0.375230 1.033997 0.540057
v -0.375230 1.033997 0.767693
v -0.645954 0.977892 0.810781
v -0.645954 0.977892 0.496969
v -0.332143 0.977892 0.496969
v -0.332143 0.977892 0.810781
v -0.595764 1.029994 0.760590
v -0.595764 1.029994 0.547160
v -0.382333 1.029994 0.547160
v -0.382333 1.029994 0.760590
v -0.574280 1.027284 0.686267
v -0.562963 1.051408 0.667409
v -0.574280 1.027284 0.567389
v -0.562963 1.051408 0.586247
v -0.502936 1.027284 0.686267
v -0.514254 1.051408 0.667409
v -0.502936 1.027284 0.567389
v -0.514254 1.051408 0.586247
v -0.574280 1.051408 0.686267
v -0.574280 1.051408 0.567389
v -0.502936 1.051408 0.567389
v -0.502936 1.051408 0.686267
v -0.562963 1.059599 0.667409
v -0.562963 1.059599 0.586247
v -0.514254 1.059599 0.586247
v -0.514254 1.059599 0.667409
v -0.566053 1.028770 0.737117
v -0.566053 1.054071 0.737117
v -0.566053 1.028770 0.710094
v -0.566053 1.054071 0.710094
v -0.524931 1.028770 0.737117
v -0.524931 1.054071 0.737117
v -0.524931 1.028770 0.710094
v -0.524931 1.054071 0.710094
v -0.561936 1.054071 0.734412
v -0.561936 1.054071 0.712800
v -0.529048 1.054071 0.712800
v -0.529048 1.054071 0.734412
v -0.561936 1.057066 0.734412
v -0.561936 1.057066 0.712800
v -0.529048 1.057066 0.712800
v -0.529048 1.057066 0.734412
v -0.516932 1.028770 0.737117
v -0.516932 1.054071 0.737117
v -0.516932 1.028770 0.710094
v -0.516932 1.054071 0.710094
v -0.475810 1.028770 0.737117
v -0.475810 1.054071 0.737117
v -0.475810 1.028770 0.710094
v -0.475810 1.054071 0.710094
v -0.512815 1.054071 0.734412
v -0.512815 1.054071 0.712800
v -0.479927 1.054071 0.712800
v -0.479927 1.054071 0.734412
v -0.512815 1.057066 0.734412
v -0.512815 1.057066 0.712800
v -0.479927 1.057066 0.712800
v -0.479927 1.057066 0.734412
v -0.467811 1.028770 0.737117
v -0.467811 1.054071 0.737117
v -0.467811 1.028770 0.710094
v -0.467811 1.054071 0.710094
v -0.426689 1.028770 0.737117
v -0.426689 1.054071 0.737117
v -0.426689 1.028770 0.710094
v -0.426689 1.054071 0.710094
v -0.463694 1.054071 0.734412
v -0.463694 1.054071 0.712800
v -0.430806 1.054071 0.712800
v -0.430806 1.054071 0.734412
v -0.463694 1.057066 0.734412
v -0.463694 1.057066 0.712800
v -0.430806 1.057066 0.712800
v -0.430806 1.057066 0.734412
vt 0.043885 0.385851
vt 0.043885 0.514595
vt 0.132668 0.514595
vt 0.132668 0.385851
vt 0.043885 0.385851
vt 0.043885 0.514595
vt 0.132668 0.514595
vt 0.132668 0.385851
vt 0.043885 0.514595
vt 0.043885 0.385851
vt 0.132668 0.385851
vt 0.132668 0.514595
vt 0.132668 0.297775
vt 0.043885 0.297775
vt 0.106262 0.170314
vt 0.106262 0.243976
vt 0.106262 0.243976
vt 0.106262 0.170314
vt 0.043885 0.463013
vt 0.132668 0.463013
vt 0.132668 0.351241
vt 0.043885 0.351241
vt 0.043885 0.297775
vt 0.132668 0.297775
vt 0.132668 0.297775
vt 0.043885 0.297775
vt 0.132354 0.498916
vt 0.076565 0.498916
vt 0.076565 0.498916
vt 0.132354 0.498916
vt 0.048334 0.243241
vt 0.048334 0.171049
vt 0.048334 0.171049
vt 0.048334 0.243241
vt 0.076565 0.494846
vt 0.132354 0.494846
vt 0.132354 0.514992
vt 0.076565 0.514992
vt 0.132354 0.494846
vt 0.076565 0.494846
vt 0.076565 0.514992
vt 0.132354 0.514992
vt 0.076565 0.494846
vt 0.076565 0.514992
vt 0.132354 0.494846
vt 0.132354 0.514992
vt 0.047750 0.170314
vt 0.047750 0.243976
vt 0.046425 0.245643
vt 0.046425 0.168647
vt 0.107586 0.245643
vt 0.107586 0.168647
vt 0.046425 0.245643
vt 0.046425 0.168647
vt 0.105678 0.243241
vt 0.107586 0.245643
vt 0.105678 0.171049
vt 0.107586 0.168647
vt 0.047750 0.243976
vt 0.047750 0.170314
vt 0.105678 0.243241
vt 0.105678 0.171049
vt 0.206580 0.124281
vt 0.206580 0.100181
vt 0.209419 0.100181
vt 0.209419 0.124281
vt 0.155330 0.129251
vt 0.161300 0.129251
vt 0.161300 0.085905
vt 0.155330 0.085905
vt 0.168320 0.129251
vt 0.174289 0.129251
vt 0.174289 0.085905
vt 0.168320 0.085905
vt 0.161321 0.085905
vt 0.167291 0.085905
vt 0.167291 0.129251
vt 0.161321 0.129251
vt 0.174310 0.085905
vt 0.180280 0.085905
vt 0.180280 0.129251
vt 0.174310 0.129251
vt 0.168475 0.124997
vt 0.168475 0.091836
vt 0.145247 0.091836
vt 0.145247 0.124997
vt 0.206580 0.100181
vt 0.206580 0.124281
vt 0.209419 0.124281
vt 0.209419 0.100181
vt 0.151459 0.122777
vt 0.195729 0.122777
vt 0.206014 0.129759
vt 0.141174 0.129759
vt 0.195729 0.092727
vt 0.206014 0.085744
vt 0.151459 0.092727
vt 0.141174 0.085744
vt 0.172849 0.130924
vt 0.172849 0.171236
vt 0.142777 0.171236
vt 0.142777 0.130924
vt 0.206580 0.120674
vt 0.206580 0.144774
vt 0.209419 0.144774
vt 0.209419 0.120674
vt 0.206580 0.144774
vt 0.206580 0.120674
vt 0.209419 0.120674
vt 0.209419 0.144774
vt 0.275853 0.054537
vt 0.275853 0.119729
vt 0.324116 0.119729
vt 0.324116 0.054537
vt 0.278208 0.078057
vt 0.278208 0.143249
vt 0.351653 0.143249
vt 0.351653 0.078057
vt 0.339062 0.078057
vt 0.339062 0.143249
vt 0.290799 0.143249
vt 0.290799 0.078057
vt 0.349162 0.054798
vt 0.349162 0.119990
vt 0.275717 0.119990
vt 0.275717 0.054798
vt 0.350195 0.198923
vt 0.274340 0.198923
vt 0.274340 0.249007
vt 0.350195 0.249007
vt 0.103240 0.236381
vt 0.076871 0.236381
vt 0.079511 0.231324
vt 0.100600 0.231324
vt 0.275717 0.119990
vt 0.349162 0.119990
vt 0.349162 0.119990
vt 0.275717 0.119990
vt 0.076871 0.185864
vt 0.079511 0.190921
vt 0.103240 0.185864
vt 0.100600 0.190921
vt 0.274340 0.198923
vt 0.350195 0.198923
vt 0.350195 0.249007
vt 0.274340 0.249007
vt 0.351653 0.143249
vt 0.278208 0.143249
vt 0.278208 0.143249
vt 0.351653 0.143249
vt 0.290799 0.143249
vt 0.339062 0.143249
vt 0.339062 0.143249
vt 0.290799 0.143249
vt 0.324116 0.119729
vt 0.275853 0.119729
vt 0.275853 0.119729
vt 0.324116 0.119729
vt 0.275853 0.054537
vt 0.275853 0.119729
vt 0.324116 0.119729
vt 0.324116 0.054537
vt 0.278208 0.078057
vt 0.278208 0.143249
vt 0.351653 0.143249
vt 0.351653 0.078057
vt 0.339062 0.078057
vt 0.339062 0.143249
vt 0.290799 0.143249
vt 0.290799 0.078057
vt 0.349162 0.054798
vt 0.349162 0.119990
vt 0.275717 0.119990
vt 0.275717 0.054798
vt 0.350195 0.198923
vt 0.274340 0.198923
vt 0.274340 0.249007
vt 0.350195 0.249007
vt 0.103240 0.236381
vt 0.076871 0.236381
vt 0.079511 0.231324
vt 0.100600 0.231324
vt 0.275717 0.119990
vt 0.349162 0.119990
vt 0.349162 0.119990
vt 0.275717 0.119990
vt 0.076871 0.185864
vt 0.079511 0.190921
vt 0.103240 0.185864
vt 0.100600 0.190921
vt 0.274340 0.198923
vt 0.350195 0.198923
vt 0.350195 0.249007
vt 0.274340 0.249007
vt 0.351653 0.143249
vt 0.278208 0.143249
vt 0.278208 0.143249
vt 0.351653 0.143249
vt 0.290799 0.143249
vt 0.339062 0.143249
vt 0.339062 0.143249
vt 0.290799 0.143249
vt 0.324116 0.119729
vt 0.275853 0.119729
vt 0.275853 0.119729
vt 0.324116 0.119729
vt 0.275853 0.054537
vt 0.275853 0.119729
vt 0.324116 0.119729
vt 0.324116 0.054537
vt 0.278208 0.078057
vt 0.278208 0.143249
vt 0.351653 0.143249
vt 0.351653 0.078057
vt 0.339062 0.078057
vt 0.339062 0.143249
vt 0.290799 0.143249
vt 0.290799 0.078057
vt 0.349162 0.054798
vt 0.349162 0.119990
vt 0.275717 0.119990
vt 0.275717 0.054798
vt 0.350195 0.198923
vt 0.274340 0.198923
vt 0.274340 0.249007
vt 0.350195 0.249007
vt 0.103240 0.236381
vt 0.076871 0.236381
vt 0.079511 0.231324
vt 0.100600 0.231324
vt 0.275717 0.119990
vt 0.349162 0.119990
vt 0.349162 0.119990
vt 0.275717 0.119990
vt 0.076871 0.185864
vt 0.079511 0.190921
vt 0.103240 0.185864
vt 0.100600 0.190921
vt 0.274340 0.198923
vt 0.350195 0.198923
vt 0.350195 0.249007
vt 0.274340 0.249007
vt 0.351653 0.143249
vt 0.278208 0.143249
vt 0.278208 0.143249
vt 0.351653 0.143249
vt 0.290799 0.143249
vt 0.339062 0.143249
vt 0.339062 0.143249
vt 0.290799 0.143249
vt 0.324116 0.119729
vt 0.275853 0.119729
vt 0.275853 0.119729
vt 0.324116 0.119729
vn -1.0000 0.0000 0.0000
vn 0.0000 0.0000 -1.0000
vn 1.0000 0.0000 0.0000
vn 0.0000 0.0000 1.0000
vn 0.0000 -1.0000 0.0000
vn 0.0000 1.0000 0.0000
usemtl 1
s off
f 763/2020/32 783/2021/32 784/2022/32 765/2023/32
f 765/2024/33 784/2025/33 785/2026/33 769/2027/33
f 769/2027/34 785/2026/34 786/2028/34 767/2029/34
f 767/2030/35 786/2031/35 783/2021/35 763/2020/35
f 763/2020/32 765/2023/32 771/2032/32 772/2033/32
f 768/2034/32 770/2035/32 793/2036/32 794/2037/32
f 771/2038/36 773/2039/36 774/2040/36 772/2041/36
f 769/2027/34 767/2029/34 774/2042/34 773/2043/34
f 767/2030/35 763/2020/35 772/2033/35 774/2044/35
f 765/2024/33 769/2027/33 773/2043/33 771/2045/33
f 778/2046/36 777/2047/36 775/2048/36 776/2049/36
f 780/2050/34 779/2051/34 795/2052/34 796/2053/34
f 775/2054/35 777/2055/35 790/2056/35 787/2057/35
f 778/2058/33 776/2059/33 788/2060/33 789/2061/33
f 777/2062/34 778/2058/34 789/2061/34 790/2063/34
f 776/2064/32 775/2054/32 787/2057/32 788/2065/32
f 764/2066/37 766/2067/37 784/2068/37 783/2069/37
f 766/2067/37 770/2035/37 785/2070/37 784/2068/37
f 770/2035/37 768/2034/37 786/2071/37 785/2070/37
f 768/2034/37 764/2066/37 783/2069/37 786/2071/37
f 779/2051/37 780/2050/37 788/2072/37 787/2073/37
f 780/2050/37 781/2074/37 789/2075/37 788/2072/37
f 781/2074/37 782/2076/37 790/2077/37 789/2075/37
f 782/2076/37 779/2051/37 787/2073/37 790/2077/37
f 793/2036/37 792/2078/37 791/2079/37 794/2037/37
f 797/2080/37 796/2053/37 795/2052/37 798/2081/37
f 766/2067/34 764/2066/34 791/2079/34 792/2078/34
f 779/2051/33 782/2076/33 798/2081/33 795/2052/33
f 781/2074/35 780/2050/35 796/2053/35 797/2080/35
f 764/2066/33 768/2034/33 794/2037/33 791/2079/33
f 770/2035/35 766/2067/35 792/2078/35 793/2036/35
f 782/2076/32 781/2074/32 797/2080/32 798/2081/32
f 806/2082/33 802/2083/33 812/2084/33 813/2085/33
f 799/2086/32 807/2087/32 808/2088/32 801/2089/32
f 801/2090/33 808/2091/33 809/2092/33 805/2093/33
f 805/2094/34 809/2095/34 810/2096/34 803/2097/34
f 803/2098/35 810/2099/35 807/2100/35 799/2101/35
f 801/2102/36 805/2103/36 803/2104/36 799/2105/36
f 800/2106/35 804/2107/35 814/2108/35 811/2109/35
f 800/2110/37 802/2111/37 808/2112/37 807/2113/37
f 802/2111/37 806/2114/37 809/2115/37 808/2112/37
f 806/2114/37 804/2116/37 810/2117/37 809/2115/37
f 804/2116/37 800/2110/37 807/2113/37 810/2117/37
f 813/2118/37 812/2119/37 811/2120/37 814/2121/37
f 804/2122/34 806/2123/34 813/2124/34 814/2125/34
f 802/2126/32 800/2127/32 811/2128/32 812/2129/32
f 815/2130/32 816/2131/32 818/2132/32 817/2133/32
f 817/2134/33 818/2135/33 822/2136/33 821/2137/33
f 821/2138/34 822/2139/34 820/2140/34 819/2141/34
f 819/2142/35 820/2143/35 816/2144/35 815/2145/35
f 817/2146/36 821/2147/36 819/2148/36 815/2149/36
f 818/2150/37 816/2151/37 823/2152/37 824/2153/37
f 823/2154/35 826/2155/35 830/2156/35 827/2157/35
f 816/2151/37 820/2158/37 826/2159/37 823/2152/37
f 822/2160/37 818/2150/37 824/2153/37 825/2161/37
f 820/2158/37 822/2160/37 825/2161/37 826/2159/37
f 829/2162/37 828/2163/37 827/2164/37 830/2165/37
f 825/2166/33 824/2167/33 828/2168/33 829/2169/33
f 826/2170/34 825/2171/34 829/2172/34 830/2173/34
f 824/2174/32 823/2175/32 827/2176/32 828/2177/32
f 831/2178/32 832/2179/32 834/2180/32 833/2181/32
f 833/2182/33 834/2183/33 838/2184/33 837/2185/33
f 837/2186/34 838/2187/34 836/2188/34 835/2189/34
f 835/2190/35 836/2191/35 832/2192/35 831/2193/35
f 833/2194/36 837/2195/36 835/2196/36 831/2197/36
f 834/2198/37 832/2199/37 839/2200/37 840/2201/37
f 839/2202/35 842/2203/35 846/2204/35 843/2205/35
f 832/2199/37 836/2206/37 842/2207/37 839/2200/37
f 838/2208/37 834/2198/37 840/2201/37 841/2209/37
f 836/2206/37 838/2208/37 841/2209/37 842/2207/37
f 845/2210/37 844/2211/37 843/2212/37 846/2213/37
f 841/2214/33 840/2215/33 844/2216/33 845/2217/33
f 842/2218/34 841/2219/34 845/2220/34 846/2221/34
f 840/2222/32 839/2223/32 843/2224/32 844/2225/32
f 847/2226/32 848/2227/32 850/2228/32 849/2229/32
f 849/2230/33 850/2231/33 854/2232/33 853/2233/33
f 853/2234/34 854/2235/34 852/2236/34 851/2237/34
f 851/2238/35 852/2239/35 848/2240/35 847/2241/35
f 849/2242/36 853/2243/36 851/2244/36 847/2245/36
f 850/2246/37 848/2247/37 855/2248/37 856/2249/37
f 855/2250/35 858/2251/35 862/2252/35 859/2253/35
f 848/2247/37 852/2254/37 858/2255/37 855/2248/37
f 854/2256/37 850/2246/37 856/2249/37 857/2257/37
f 852/2254/37 854/2256/37 857/2257/37 858/2255/37
f 861/2258/37 860/2259/37 859/2260/37 862/2261/37
f 857/2262/33 856/2263/33 860/2264/33 861/2265/33
f 858/2266/34 857/2267/34 861/2268/34 862/2269/34
f 856/2270/32 855/2271/32 859/2272/32 860/2273/32
o 立方体.005_立方体.009
v -0.036700 0.001466 0.312492
v -0.029338 0.001466 0.131103
v 0.304118 0.001466 0.312492
v 0.297620 0.001466 0.131103
v -0.029338 0.238740 0.131103
v 0.297620 0.238740 0.131103
v 0.304118 0.238740 0.312492
v -0.029338 0.836254 0.135348
v 0.297620 0.836254 0.135348
v 0.304118 0.836254 0.308246
v 0.194626 0.822766 0.298496
v 0.213705 0.840285 0.290278
v 0.194626 0.822766 0.246687
v 0.213705 0.840285 0.254905
v 0.314896 0.822766 0.298496
v 0.295817 0.840285 0.290278
v 0.314896 0.822766 0.246687
v 0.295817 0.840285 0.254905
v 0.005400 0.815074 0.322321
v 0.013619 0.832593 0.304408
v 0.005400 0.815074 0.209396
v 0.013619 0.832593 0.227310
v 0.057210 0.815074 0.322321
v 0.048991 0.832593 0.304408
v 0.057210 0.815074 0.209396
v 0.048991 0.832593 0.227310
v 0.194626 0.840285 0.298496
v 0.194626 0.840285 0.246687
v 0.314896 0.840285 0.246687
v 0.314896 0.840285 0.298496
v 0.005400 0.832593 0.322321
v 0.005400 0.832593 0.209396
v 0.057210 0.832593 0.209396
v 0.057210 0.832593 0.322321
v 0.213705 0.846233 0.290278
v 0.213705 0.846233 0.254905
v 0.295817 0.846233 0.254905
v 0.295817 0.846233 0.290278
v 0.013619 0.838541 0.304408
v 0.013619 0.838541 0.227310
v 0.048991 0.838541 0.227310
v 0.048991 0.838541 0.304408
v 0.198013 0.819360 0.240389
v 0.198013 0.826706 0.240389
v 0.198013 0.819360 0.134912
v 0.198013 0.826706 0.134912
v 0.300288 0.819360 0.240389
v 0.300288 0.826706 0.240389
v 0.300288 0.819360 0.134912
v 0.300288 0.826706 0.134912
v 0.037265 0.847921 0.154346
v 0.008154 0.847921 0.154346
v 0.008154 0.847921 0.185622
v 0.037265 0.847921 0.185622
v 0.037265 0.844477 0.154346
v 0.008154 0.844477 0.154346
v 0.008154 0.844477 0.185622
v 0.037265 0.844477 0.185622
v 0.004510 0.844477 0.150431
v 0.004510 0.815388 0.150431
v 0.040909 0.844477 0.150431
v 0.040909 0.815388 0.150431
v 0.004510 0.844477 0.189537
v 0.004510 0.815388 0.189537
v 0.040909 0.844477 0.189537
v 0.040909 0.815388 0.189537
v -0.005379 0.815388 0.189537
v -0.005379 0.844477 0.189537
v -0.041779 0.815388 0.189537
v -0.041779 0.844477 0.189537
v -0.005379 0.815388 0.150431
v -0.005379 0.844477 0.150431
v -0.041779 0.815388 0.150431
v -0.041779 0.844477 0.150431
v -0.009023 0.844477 0.185622
v -0.038135 0.844477 0.185622
v -0.038135 0.844477 0.154346
v -0.009023 0.844477 0.154346
v -0.009023 0.847921 0.185622
v -0.038135 0.847921 0.185622
v -0.038135 0.847921 0.154346
v -0.009023 0.847921 0.154346
v 0.083554 0.847921 0.154346
v 0.054442 0.847921 0.154346
v 0.054442 0.847921 0.185622
v 0.083554 0.847921 0.185622
v 0.083554 0.844477 0.154346
v 0.054442 0.844477 0.154346
v 0.054442 0.844477 0.185622
v 0.083554 0.844477 0.185622
v 0.050798 0.844477 0.150431
v 0.050798 0.815388 0.150431
v 0.087198 0.844477 0.150431
v 0.087198 0.815388 0.150431
v 0.050798 0.844477 0.189537
v 0.050798 0.815388 0.189537
v 0.087198 0.844477 0.189537
v 0.087198 0.815388 0.189537
v 0.104527 0.819360 0.309603
v 0.104527 0.826706 0.309603
v 0.104527 0.819360 0.133938
v 0.104527 0.826706 0.133938
v 0.155582 0.819360 0.309603
v 0.155582 0.826706 0.309603
v 0.155582 0.819360 0.133938
v 0.155582 0.826706 0.133938
v -0.036700 0.001466 0.211502
v -0.036700 0.001466 0.232093
v -0.032455 0.836254 0.236338
v -0.032455 0.836254 0.207257
v 0.304118 0.001466 0.232093
v 0.304118 0.001466 0.211502
v 0.299873 0.836254 0.207257
v 0.299873 0.836254 0.236338
v 0.304118 0.238740 0.211502
v 0.304118 0.238740 0.232093
v -0.036700 0.238740 0.232093
v -0.036700 0.238740 0.211502
v -0.061391 0.001466 0.232093
v -0.061391 0.001466 0.312492
v -0.061391 0.238740 0.312492
v -0.057145 0.836254 0.312492
v -0.057145 0.836254 0.207257
v -0.057145 0.836254 0.135348
v -0.061391 0.238740 0.131103
v -0.061391 0.001466 0.131103
v 0.328809 0.238740 0.131103
v 0.328809 0.001466 0.131103
v 0.328809 0.001466 0.211502
v 0.324564 0.836254 0.236338
v 0.324564 0.836254 0.308246
v 0.328809 0.238740 0.312492
v 0.328809 0.001466 0.312492
v 0.324564 0.836254 0.135348
v 0.328809 0.238740 0.232093
v -0.061391 0.238740 0.211502
v -0.061391 0.001466 0.211502
v -0.057145 0.836254 0.236338
v 0.328809 0.001466 0.232093
v 0.324564 0.836254 0.207257
v 0.328809 0.238740 0.211502
v -0.061391 0.238740 0.232093
v 0.210611 0.001466 0.131103
v 0.210611 0.836254 0.135348
v 0.203250 0.001466 0.312492
v 0.199004 0.836254 0.308246
v 0.203250 0.238740 0.312492
v 0.210611 0.238740 0.131103
v 0.203250 0.001466 0.211502
v 0.203250 0.001466 0.232093
v -0.036700 0.001466 0.347935
v -0.036700 0.238740 0.347935
v -0.036700 0.836254 0.343690
v -0.061391 0.001466 0.347935
v -0.061391 0.238740 0.347935
v -0.057145 0.836254 0.343690
v 0.203250 0.001466 0.347935
v 0.199004 0.836254 0.343690
v 0.203250 0.238740 0.347935
v 0.130628 0.001466 0.131103
v 0.050645 0.001466 0.131103
v 0.043283 0.001466 0.312492
v 0.123266 0.001466 0.312492
v 0.050645 0.836254 0.135348
v 0.130628 0.836254 0.135348
v 0.123266 0.001466 0.211502
v 0.043283 0.001466 0.211502
v 0.123266 0.001466 0.232093
v 0.043283 0.001466 0.232093
v 0.050645 0.238740 0.131103
v 0.130628 0.238740 0.131103
v 0.043283 0.001466 0.347935
v 0.123266 0.001466 0.347935
v 0.123266 0.836254 0.343690
v 0.043283 0.836254 0.343690
v 0.123266 0.238740 0.347935
v 0.043283 0.238740 0.347935
v 0.304118 0.836254 0.312492
v 0.203250 0.836254 0.312492
v 0.210611 0.836254 0.131103
v 0.297620 0.836254 0.131103
v 0.203250 0.836254 0.347935
v 0.130628 0.836254 0.131103
v -0.036700 0.836254 0.232093
v -0.036700 0.836254 0.211502
v 0.304118 0.836254 0.211502
v 0.304118 0.836254 0.232093
v -0.061391 0.836254 0.211502
v -0.061391 0.836254 0.131103
v 0.328809 0.836254 0.232093
v 0.328809 0.836254 0.312492
v -0.061391 0.836254 0.312492
v -0.061391 0.836254 0.232093
v 0.328809 0.836254 0.131103
v 0.328809 0.836254 0.211502
v -0.029338 0.836254 0.131103
v 0.043283 0.836254 0.347935
v -0.036700 0.836254 0.347935
v -0.061391 0.836254 0.347935
v 0.050645 0.836254 0.131103
v 0.123266 0.836254 0.347935
v -0.029338 0.822205 0.135348
v 0.297620 0.822205 0.135348
v 0.304118 0.822205 0.308246
v -0.032455 0.822205 0.236338
v -0.032455 0.822205 0.207257
v 0.299873 0.822205 0.207257
v 0.299873 0.822205 0.236338
v -0.057145 0.822205 0.312492
v -0.057145 0.822205 0.207257
v -0.057145 0.822205 0.135348
v 0.324564 0.822205 0.236338
v 0.324564 0.822205 0.308246
v 0.324564 0.822205 0.135348
v -0.057145 0.822205 0.236338
v 0.324564 0.822205 0.207257
v 0.210611 0.822205 0.135348
v 0.199004 0.822205 0.308246
v -0.036700 0.822205 0.343690
v -0.057145 0.822205 0.343690
v 0.199004 0.822205 0.343690
v 0.050645 0.822205 0.135348
v 0.130628 0.822205 0.135348
v 0.123266 0.822205 0.343690
v 0.043283 0.822205 0.343690
vt 0.829418 0.974841
vt 0.829418 0.824900
vt 0.836887 0.824900
vt 0.836887 0.974841
vt 0.837139 0.826571
vt 0.837139 0.967874
vt 0.828782 0.967874
vt 0.828782 0.826571
vt 0.840777 0.979044
vt 0.840777 0.832194
vt 0.836429 0.832194
vt 0.836429 0.979044
vt 0.702631 0.616633
vt 0.728214 0.616633
vt 0.728214 0.597328
vt 0.702631 0.597328
vt 0.641773 0.597328
vt 0.641773 0.597328
vt 0.641773 0.597328
vt 0.641773 0.597328
vt 0.836337 0.770056
vt 0.836337 0.824832
vt 0.828978 0.824832
vt 0.828978 0.770056
vt 0.837139 0.770460
vt 0.828782 0.770460
vt 0.861841 0.829977
vt 0.861841 0.771817
vt 0.866648 0.771817
vt 0.866648 0.829977
vt 0.391102 0.175202
vt 0.401166 0.175202
vt 0.401166 0.110760
vt 0.391102 0.110760
vt 0.413001 0.175202
vt 0.423066 0.175202
vt 0.423066 0.110760
vt 0.413001 0.110760
vt 0.401202 0.110760
vt 0.411266 0.110760
vt 0.411266 0.175202
vt 0.401202 0.175202
vt 0.423101 0.110760
vt 0.433165 0.110760
vt 0.433165 0.175202
vt 0.423101 0.175202
vt 0.413262 0.168878
vt 0.413262 0.119578
vt 0.374102 0.119578
vt 0.374102 0.168878
vt 0.477506 0.167814
vt 0.477506 0.131985
vt 0.482292 0.131985
vt 0.482292 0.167814
vt 0.391102 0.175202
vt 0.401166 0.175202
vt 0.401166 0.110760
vt 0.391102 0.110760
vt 0.413001 0.175202
vt 0.423066 0.175202
vt 0.423066 0.110760
vt 0.413001 0.110760
vt 0.401202 0.110760
vt 0.411266 0.110760
vt 0.411266 0.175202
vt 0.401202 0.175202
vt 0.423101 0.110760
vt 0.433165 0.110760
vt 0.433165 0.175202
vt 0.423101 0.175202
vt 0.413262 0.168878
vt 0.413262 0.119578
vt 0.374102 0.119578
vt 0.374102 0.168878
vt 0.477506 0.131985
vt 0.477506 0.167814
vt 0.482292 0.167814
vt 0.482292 0.131985
vt 0.384576 0.165578
vt 0.459211 0.165578
vt 0.476552 0.175958
vt 0.367234 0.175958
vt 0.459211 0.120902
vt 0.476552 0.110522
vt 0.384576 0.120902
vt 0.367234 0.110522
vt 0.384576 0.165578
vt 0.459211 0.165578
vt 0.476552 0.175958
vt 0.367234 0.175958
vt 0.459211 0.120902
vt 0.476552 0.110522
vt 0.384576 0.120902
vt 0.367234 0.110522
vt 0.420638 0.050749
vt 0.420638 0.110681
vt 0.369938 0.110681
vt 0.369938 0.050749
vt 0.420638 0.177690
vt 0.420638 0.237622
vt 0.369938 0.237622
vt 0.369938 0.177690
vt 0.477506 0.228747
vt 0.477506 0.192918
vt 0.482292 0.192918
vt 0.482292 0.228747
vt 0.477506 0.192918
vt 0.477506 0.228747
vt 0.482292 0.228747
vt 0.482292 0.192918
vt 0.477506 0.162452
vt 0.477506 0.198281
vt 0.482292 0.198281
vt 0.482292 0.162452
vt 0.477506 0.198281
vt 0.477506 0.162452
vt 0.482292 0.162452
vt 0.482292 0.198281
vt 0.477506 0.198281
vt 0.477506 0.162452
vt 0.482292 0.162452
vt 0.482292 0.198281
vt 0.477506 0.162452
vt 0.477506 0.198281
vt 0.482292 0.198281
vt 0.482292 0.162452
vt 0.102439 0.133430
vt 0.102439 0.133430
vt 0.102439 0.092683
vt 0.102439 0.092683
vt 0.050436 0.092683
vt 0.050436 0.092683
vt 0.050436 0.133430
vt 0.050436 0.133430
vt 0.290799 0.143249
vt 0.339062 0.143249
vt 0.339062 0.143249
vt 0.290799 0.143249
vt 0.103240 0.185864
vt 0.103240 0.236381
vt 0.100600 0.231324
vt 0.100600 0.190921
vt 0.275717 0.119990
vt 0.349162 0.119990
vt 0.349162 0.119990
vt 0.275717 0.119990
vt 0.351653 0.143249
vt 0.278208 0.143249
vt 0.278208 0.143249
vt 0.351653 0.143249
vt 0.324116 0.119729
vt 0.275853 0.119729
vt 0.275853 0.119729
vt 0.324116 0.119729
vt 0.274340 0.198923
vt 0.350195 0.198923
vt 0.350195 0.249007
vt 0.274340 0.249007
vt 0.349162 0.054798
vt 0.349162 0.119990
vt 0.275717 0.119990
vt 0.275717 0.054798
vt 0.076871 0.185864
vt 0.079511 0.190921
vt 0.076871 0.236381
vt 0.079511 0.231324
vt 0.275853 0.054537
vt 0.275853 0.119729
vt 0.324116 0.119729
vt 0.324116 0.054537
vt 0.339062 0.078057
vt 0.339062 0.143249
vt 0.290799 0.143249
vt 0.290799 0.078057
vt 0.278208 0.078057
vt 0.278208 0.143249
vt 0.351653 0.143249
vt 0.351653 0.078057
vt 0.350195 0.198923
vt 0.274340 0.198923
vt 0.274340 0.249007
vt 0.350195 0.249007
vt 0.275853 0.054537
vt 0.275853 0.119729
vt 0.324116 0.119729
vt 0.324116 0.054537
vt 0.278208 0.078057
vt 0.278208 0.143249
vt 0.351653 0.143249
vt 0.351653 0.078057
vt 0.339062 0.078057
vt 0.339062 0.143249
vt 0.290799 0.143249
vt 0.290799 0.078057
vt 0.349162 0.054798
vt 0.349162 0.119990
vt 0.275717 0.119990
vt 0.275717 0.054798
vt 0.350195 0.198923
vt 0.274340 0.198923
vt 0.274340 0.249007
vt 0.350195 0.249007
vt 0.103240 0.236381
vt 0.076871 0.236381
vt 0.079511 0.231324
vt 0.100600 0.231324
vt 0.275717 0.119990
vt 0.349162 0.119990
vt 0.349162 0.119990
vt 0.275717 0.119990
vt 0.076871 0.185864
vt 0.079511 0.190921
vt 0.103240 0.185864
vt 0.100600 0.190921
vt 0.274340 0.198923
vt 0.350195 0.198923
vt 0.350195 0.249007
vt 0.274340 0.249007
vt 0.351653 0.143249
vt 0.278208 0.143249
vt 0.278208 0.143249
vt 0.351653 0.143249
vt 0.290799 0.143249
vt 0.339062 0.143249
vt 0.339062 0.143249
vt 0.290799 0.143249
vt 0.324116 0.119729
vt 0.275853 0.119729
vt 0.275853 0.119729
vt 0.324116 0.119729
vt 0.290799 0.143249
vt 0.339062 0.143249
vt 0.339062 0.143249
vt 0.290799 0.143249
vt 0.103240 0.185864
vt 0.103240 0.236381
vt 0.100600 0.231324
vt 0.100600 0.190921
vt 0.275717 0.119990
vt 0.349162 0.119990
vt 0.349162 0.119990
vt 0.275717 0.119990
vt 0.351653 0.143249
vt 0.278208 0.143249
vt 0.278208 0.143249
vt 0.351653 0.143249
vt 0.324116 0.119729
vt 0.275853 0.119729
vt 0.275853 0.119729
vt 0.324116 0.119729
vt 0.274340 0.198923
vt 0.350195 0.198923
vt 0.350195 0.249007
vt 0.274340 0.249007
vt 0.349162 0.054798
vt 0.349162 0.119990
vt 0.275717 0.119990
vt 0.275717 0.054798
vt 0.076871 0.185864
vt 0.079511 0.190921
vt 0.076871 0.236381
vt 0.079511 0.231324
vt 0.275853 0.054537
vt 0.275853 0.119729
vt 0.324116 0.119729
vt 0.324116 0.054537
vt 0.339062 0.078057
vt 0.339062 0.143249
vt 0.290799 0.143249
vt 0.290799 0.078057
vt 0.278208 0.078057
vt 0.278208 0.143249
vt 0.351653 0.143249
vt 0.351653 0.078057
vt 0.350195 0.198923
vt 0.274340 0.198923
vt 0.274340 0.249007
vt 0.350195 0.249007
vt 0.431235 0.243300
vt 0.437902 0.243300
vt 0.437902 0.042572
vt 0.431235 0.042572
vt 0.368758 0.138739
vt 0.368758 0.147133
vt 0.415098 0.147133
vt 0.415098 0.138739
vt 0.431235 0.042572
vt 0.437902 0.042572
vt 0.437902 0.243300
vt 0.431235 0.243300
vt 0.415098 0.138739
vt 0.415098 0.147133
vt 0.368758 0.147133
vt 0.368758 0.138739
vt 0.368758 0.243300
vt 0.415098 0.243300
vt 0.415098 0.042572
vt 0.368758 0.042572
vt 0.415098 0.243300
vt 0.368758 0.243300
vt 0.368758 0.042572
vt 0.415098 0.042572
vt 0.837139 0.770460
vt 0.837139 0.826571
vt 0.828782 0.826571
vt 0.828782 0.770460
vt 0.677326 0.652140
vt 0.663046 0.536020
vt 0.679677 0.536020
vt 0.692661 0.652140
vt 0.829254 0.770887
vt 0.829254 0.824900
vt 0.836723 0.824900
vt 0.836723 0.770887
vt 0.835775 0.770887
vt 0.835775 0.824900
vt 0.829546 0.824900
vt 0.829546 0.770887
vt 0.702631 0.655244
vt 0.728214 0.655244
vt 0.728214 0.635939
vt 0.702631 0.635939
vt 0.838139 0.770056
vt 0.838139 0.824832
vt 0.835775 0.974841
vt 0.829546 0.974841
vt 0.641773 0.655244
vt 0.641773 0.635939
vt 0.641773 0.635939
vt 0.641773 0.655244
vt 0.677326 0.568775
vt 0.677326 0.759558
vt 0.692661 0.759558
vt 0.692661 0.568775
vt 0.860171 0.829625
vt 0.860171 0.974940
vt 0.870033 0.974940
vt 0.870033 0.829625
vt 0.851057 0.788234
vt 0.851057 0.979018
vt 0.835722 0.979018
vt 0.835722 0.788234
vt 0.851057 0.871600
vt 0.835722 0.871600
vt 0.860171 0.771920
vt 0.870033 0.771920
vt 0.840777 0.773880
vt 0.850639 0.832194
vt 0.850639 0.773880
vt 0.872725 0.869030
vt 0.872725 0.785664
vt 0.857390 0.785664
vt 0.857390 0.869030
vt 0.872725 0.976448
vt 0.857390 0.976448
vt 0.850639 0.979044
vt 0.728214 0.616633
vt 0.728214 0.597328
vt 0.861841 0.976441
vt 0.866648 0.976441
vt 0.829254 0.974841
vt 0.836723 0.974841
vt 0.868716 0.772919
vt 0.868716 0.830453
vt 0.863960 0.830453
vt 0.863960 0.772919
vt 0.677326 0.652140
vt 0.663046 0.536020
vt 0.868716 0.975339
vt 0.863960 0.975339
vt 0.677326 0.568775
vt 0.677326 0.759558
vt 0.728214 0.655244
vt 0.728214 0.635939
vt 0.679677 0.536020
vt 0.692661 0.652140
vt 0.641773 0.616633
vt 0.641773 0.616633
vt 0.682345 0.655244
vt 0.682345 0.635939
vt 0.836337 0.968138
vt 0.838139 0.968138
vt 0.692661 0.759558
vt 0.692661 0.568775
vt 0.682345 0.616633
vt 0.829418 0.770887
vt 0.836887 0.770887
vt 0.682345 0.597328
vt 0.828978 0.968138
vt 0.837139 0.967874
vt 0.828782 0.967874
vt 0.836609 0.770035
vt 0.836609 0.826182
vt 0.839174 0.826182
vt 0.839174 0.770035
vt 0.828300 0.826182
vt 0.828300 0.967575
vt 0.836609 0.967575
vt 0.828299 0.770035
vt 0.839174 0.967575
vt 0.836429 0.773880
vt 0.702631 0.597328
vt 0.682345 0.597328
vt 0.869319 0.828125
vt 0.869319 0.971098
vt 0.862583 0.971098
vt 0.862583 0.828125
vt 0.869319 0.771351
vt 0.862583 0.771351
vt 0.662059 0.597328
vt 0.662059 0.597328
vt 0.828008 0.770035
vt 0.828008 0.826182
vt 0.836318 0.826182
vt 0.836318 0.770035
vt 0.828206 0.770035
vt 0.828206 0.826182
vt 0.836516 0.826182
vt 0.836515 0.770035
vt 0.828008 0.967575
vt 0.836318 0.967575
vt 0.828206 0.967575
vt 0.836516 0.967575
vt 0.837139 0.826571
vt 0.837139 0.967874
vt 0.828782 0.967874
vt 0.828782 0.826571
vt 0.837139 0.826571
vt 0.837139 0.967874
vt 0.828782 0.967874
vt 0.828782 0.826571
vt 0.662059 0.616633
vt 0.662059 0.635939
vt 0.662059 0.655244
vt 0.837139 0.770460
vt 0.828782 0.770460
vt 0.837139 0.770460
vt 0.828782 0.770460
vt 0.129379 0.134627
vt 0.129379 0.111027
vt 0.125716 0.111027
vt 0.125716 0.134627
vt 0.057384 0.114218
vt 0.057384 0.151993
vt 0.056172 0.150467
vt 0.056172 0.114218
vt 0.106738 0.147822
vt 0.106738 0.116554
vt 0.107950 0.116554
vt 0.107950 0.147822
vt 0.047266 0.151993
vt 0.046054 0.150467
vt 0.106738 0.176565
vt 0.107950 0.176565
vt 0.077910 0.235171
vt 0.086211 0.235171
vt 0.085000 0.236696
vt 0.079122 0.236696
vt 0.086211 0.115744
vt 0.077910 0.115744
vt 0.079122 0.114218
vt 0.085000 0.114218
vt 0.086211 0.244044
vt 0.106738 0.244044
vt 0.107950 0.245570
vt 0.085000 0.245570
vt 0.077910 0.106871
vt 0.057384 0.106871
vt 0.056172 0.105345
vt 0.079122 0.105345
vt 0.056172 0.244044
vt 0.077910 0.244044
vt 0.079122 0.245570
vt 0.056172 0.245570
vt 0.106738 0.106871
vt 0.086211 0.106871
vt 0.085000 0.105345
vt 0.107950 0.105345
vt 0.106738 0.234051
vt 0.107950 0.234051
vt 0.047266 0.207954
vt 0.047266 0.236696
vt 0.046054 0.236696
vt 0.046054 0.207954
vt 0.047266 0.244044
vt 0.046054 0.245570
vt 0.106738 0.205308
vt 0.107950 0.205308
vt 0.047266 0.179210
vt 0.046054 0.179210
vt 0.057384 0.151993
vt 0.057384 0.114218
vt 0.057384 0.106871
vt 0.077910 0.106871
vt 0.077910 0.115744
vt 0.086211 0.115744
vt 0.086211 0.106871
vt 0.106738 0.106871
vt 0.106738 0.116554
vt 0.106738 0.147822
vt 0.106738 0.176565
vt 0.106738 0.205308
vt 0.106738 0.234051
vt 0.106738 0.244044
vt 0.086211 0.244044
vt 0.086211 0.235171
vt 0.077910 0.235171
vt 0.077910 0.244044
vt 0.056172 0.244044
vt 0.047266 0.244044
vt 0.047266 0.236696
vt 0.047266 0.207954
vt 0.047266 0.179210
vt 0.047266 0.151993
vt 0.129379 0.112210
vt 0.129379 0.087353
vt 0.125716 0.087353
vt 0.125716 0.112210
vt 0.129379 0.087353
vt 0.129379 0.052855
vt 0.125716 0.052855
vt 0.125716 0.087353
vt 0.129379 0.046145
vt 0.129379 0.054988
vt 0.125716 0.054988
vt 0.125716 0.046145
vt 0.129379 0.111027
vt 0.129379 0.136020
vt 0.125716 0.136020
vt 0.125716 0.111027
vt 0.129379 0.138460
vt 0.125716 0.138460
vt 0.129379 0.083544
vt 0.125716 0.083544
vt 0.129379 0.046145
vt 0.125716 0.046145
vt 0.129379 0.101483
vt 0.129379 0.077882
vt 0.125716 0.077882
vt 0.125716 0.101483
vt 0.129379 0.146259
vt 0.129379 0.134627
vt 0.125716 0.134627
vt 0.125716 0.146259
vt 0.129379 0.164710
vt 0.125716 0.164710
vt 0.129379 0.162294
vt 0.129379 0.171420
vt 0.125716 0.171420
vt 0.125716 0.162294
vt 0.129379 0.109794
vt 0.125716 0.109794
vt 0.129379 0.171420
vt 0.125716 0.171420
vt 0.129379 0.171420
vt 0.129379 0.163317
vt 0.125716 0.163317
vt 0.125716 0.171420
vt 0.129379 0.101483
vt 0.129379 0.111027
vt 0.125716 0.111027
vt 0.125716 0.101483
vt 0.129379 0.146259
vt 0.125716 0.146259
vt 0.129379 0.163317
vt 0.129379 0.171420
vt 0.125716 0.171420
vt 0.125716 0.163317
vt 0.129379 0.111027
vt 0.129379 0.101483
vt 0.125716 0.101483
vt 0.125716 0.111027
vt 0.129379 0.136044
vt 0.125716 0.136044
vt 0.129379 0.054248
vt 0.129379 0.046145
vt 0.125716 0.046145
vt 0.125716 0.054248
vt 0.129379 0.077882
vt 0.129379 0.101483
vt 0.125716 0.101483
vt 0.125716 0.077882
vt 0.129379 0.046145
vt 0.129379 0.054248
vt 0.125716 0.054248
vt 0.125716 0.046145
vn 0.0000 0.0000 1.0000
vn 0.0000 0.0000 -1.0000
vn -1.0000 0.0000 0.0000
vn 0.0000 -1.0000 -0.0000
vn 1.0000 0.0000 0.0000
vn 0.0000 1.0000 0.0000
usemtl 1
s off
f 1048/2274/38 977/2275/38 1003/2276/38 1057/2277/38
f 1010/2278/39 1042/2279/39 1043/2280/39 868/2281/39
f 1054/2282/40 983/2283/40 1017/2284/40 1061/2285/40
f 1012/2286/41 973/2287/41 865/2288/41 1007/2289/41
f 982/2290/41 863/2291/41 1013/2292/41 1016/2293/41
f 865/2294/38 869/2295/38 1009/2296/38 1007/2297/38
f 1005/2298/39 1010/2278/39 868/2281/39 866/2299/39
f 867/2300/39 864/2301/39 988/2302/39 987/2303/39
f 873/2304/40 889/2305/40 890/2306/40 875/2307/40
f 875/2308/39 890/2309/39 891/2310/39 879/2311/39
f 879/2312/42 891/2313/42 892/2314/42 877/2315/42
f 877/2316/38 892/2317/38 889/2318/38 873/2319/38
f 875/2320/41 879/2321/41 877/2322/41 873/2323/41
f 888/2324/39 884/2325/39 902/2326/39 903/2327/39
f 881/2328/40 893/2329/40 894/2330/40 883/2331/40
f 883/2332/39 894/2333/39 895/2334/39 887/2335/39
f 887/2336/42 895/2337/42 896/2338/42 885/2339/42
f 885/2340/38 896/2341/38 893/2342/38 881/2343/38
f 883/2344/41 887/2345/41 885/2346/41 881/2347/41
f 882/2348/38 886/2349/38 904/2350/38 901/2351/38
f 874/2352/43 876/2353/43 890/2354/43 889/2355/43
f 876/2353/43 880/2356/43 891/2357/43 890/2354/43
f 880/2356/43 878/2358/43 892/2359/43 891/2357/43
f 878/2358/43 874/2352/43 889/2355/43 892/2359/43
f 882/2360/43 884/2361/43 894/2362/43 893/2363/43
f 884/2361/43 888/2364/43 895/2365/43 894/2362/43
f 888/2364/43 886/2366/43 896/2367/43 895/2365/43
f 886/2366/43 882/2360/43 893/2363/43 896/2367/43
f 899/2368/43 898/2369/43 897/2370/43 900/2371/43
f 903/2372/43 902/2373/43 901/2374/43 904/2375/43
f 874/2376/38 878/2377/38 900/2378/38 897/2379/38
f 880/2380/39 876/2381/39 898/2382/39 899/2383/39
f 886/2384/42 888/2385/42 903/2386/42 904/2387/42
f 884/2388/40 882/2389/40 901/2390/40 902/2391/40
f 878/2392/42 880/2393/42 899/2394/42 900/2395/42
f 876/2396/40 874/2397/40 897/2398/40 898/2399/40
f 905/2400/40 906/2401/40 908/2402/40 907/2403/40
f 907/2403/39 908/2402/39 912/2404/39 911/2405/39
f 911/2405/42 912/2404/42 910/2406/42 909/2407/42
f 909/2407/38 910/2406/38 906/2401/38 905/2400/38
f 907/2403/41 911/2405/41 909/2407/41 905/2400/41
f 912/2404/43 908/2402/43 906/2401/43 910/2406/43
f 917/2408/39 918/2409/39 914/2410/39 913/2411/39
f 921/2412/43 925/2413/43 919/2414/43 918/2415/43
f 920/2416/42 917/2417/42 913/2418/42 916/2419/42
f 918/2420/40 919/2421/40 915/2422/40 914/2423/40
f 919/2424/38 920/2425/38 916/2426/38 915/2427/38
f 914/2428/43 915/2429/43 916/2430/43 913/2431/43
f 924/2432/42 923/2433/42 927/2434/42 928/2435/42
f 923/2436/43 921/2412/43 918/2415/43 917/2437/43
f 927/2438/43 923/2436/43 917/2437/43 920/2439/43
f 925/2413/43 927/2438/43 920/2439/43 919/2414/43
f 928/2440/38 927/2441/38 925/2442/38 926/2443/38
f 922/2444/39 921/2445/39 923/2446/39 924/2447/39
f 926/2448/40 925/2449/40 921/2450/40 922/2451/40
f 926/2452/41 922/2453/41 924/2454/41 928/2455/41
f 929/2456/38 930/2457/38 932/2458/38 931/2459/38
f 931/2460/40 932/2461/40 936/2462/40 935/2463/40
f 935/2464/39 936/2465/39 934/2466/39 933/2467/39
f 933/2468/42 934/2469/42 930/2470/42 929/2471/42
f 931/2472/41 935/2473/41 933/2474/41 929/2475/41
f 932/2476/43 930/2477/43 937/2478/43 938/2479/43
f 937/2480/42 940/2481/42 944/2482/42 941/2483/42
f 930/2477/43 934/2484/43 940/2485/43 937/2478/43
f 936/2486/43 932/2476/43 938/2479/43 939/2487/43
f 934/2484/43 936/2486/43 939/2487/43 940/2485/43
f 943/2488/43 942/2489/43 941/2490/43 944/2491/43
f 939/2492/40 938/2493/40 942/2494/40 943/2495/40
f 940/2496/39 939/2497/39 943/2498/39 944/2499/39
f 938/2500/38 937/2501/38 941/2502/38 942/2503/38
f 949/2504/39 950/2505/39 946/2506/39 945/2507/39
f 953/2508/43 957/2509/43 951/2510/43 950/2511/43
f 952/2512/42 949/2513/42 945/2514/42 948/2515/42
f 950/2516/40 951/2517/40 947/2518/40 946/2519/40
f 951/2520/38 952/2521/38 948/2522/38 947/2523/38
f 946/2524/43 947/2525/43 948/2526/43 945/2527/43
f 956/2528/42 955/2529/42 959/2530/42 960/2531/42
f 955/2532/43 953/2508/43 950/2511/43 949/2533/43
f 959/2534/43 955/2532/43 949/2533/43 952/2535/43
f 957/2509/43 959/2534/43 952/2535/43 951/2510/43
f 960/2536/38 959/2537/38 957/2538/38 958/2539/38
f 954/2540/39 953/2541/39 955/2542/39 956/2543/39
f 958/2544/40 957/2545/40 953/2546/40 954/2547/40
f 958/2548/41 954/2549/41 956/2550/41 960/2551/41
f 961/2552/40 962/2553/40 964/2554/40 963/2555/40
f 963/2556/39 964/2557/39 968/2558/39 967/2559/39
f 967/2560/42 968/2561/42 966/2562/42 965/2563/42
f 965/2564/38 966/2565/38 962/2566/38 961/2567/38
f 963/2568/41 967/2569/41 965/2570/41 961/2571/41
f 968/2572/43 964/2573/43 962/2574/43 966/2575/43
f 1022/2576/39 1033/2577/39 1010/2578/39 1005/2579/39
f 970/2580/40 979/2581/40 980/2582/40 969/2583/40
f 973/2584/39 978/2585/39 997/2586/39 1001/2587/39
f 974/2588/42 977/2589/42 978/2590/42 973/2591/42
f 1005/2592/41 866/2593/41 974/2594/41 1011/2595/41
f 1011/2595/41 974/2594/41 973/2287/41 1012/2286/41
f 869/2295/38 865/2294/38 995/2596/38 994/2597/38
f 977/2589/42 1048/2598/42 1049/2599/42 978/2590/42
f 864/2600/41 969/2601/41 999/2602/41 988/2603/41
f 979/2604/40 1046/2605/40 1047/2606/40 980/2607/40
f 998/2608/40 1050/2609/40 1051/2610/40 987/2611/40
f 997/2612/42 1052/2613/42 1053/2614/42 994/2615/42
f 1001/2616/42 997/2612/42 994/2615/42 995/2617/42
f 999/2618/40 998/2608/40 987/2611/40 988/2619/40
f 982/2620/40 983/2283/40 1004/2621/40 981/2622/40
f 990/2623/42 989/2624/42 1003/2625/42 991/2626/42
f 989/2624/42 1056/2627/42 1057/2628/42 1003/2625/42
f 983/2283/40 1054/2282/40 1055/2629/40 1004/2621/40
f 865/2288/41 973/2287/41 1001/2630/41 995/2631/41
f 1058/2632/39 867/2300/39 987/2303/39 1051/2633/39
f 978/2585/39 1049/2634/39 1052/2635/39 997/2586/39
f 866/2636/39 868/2637/39 989/2638/39 990/2639/39
f 979/2581/39 970/2580/39 981/2640/39 1004/2641/39
f 868/2637/39 1043/2642/39 1056/2643/39 989/2638/39
f 1046/2605/39 979/2604/39 1004/2644/39 1055/2645/39
f 974/2594/41 866/2593/41 990/2646/41 991/2647/41
f 969/2583/38 980/2582/38 998/2648/38 999/2649/38
f 970/2650/41 863/2291/41 982/2290/41 981/2651/41
f 1022/2652/41 1005/2592/41 1011/2595/41 1028/2653/41
f 1040/2654/38 869/2295/38 994/2597/38 1053/2655/38
f 980/2607/38 1047/2606/38 1050/2656/38 998/2657/38
f 1028/2653/41 1011/2595/41 1012/2286/41 1030/2658/41
f 977/2275/38 974/2659/38 991/2660/38 1003/2276/38
f 1030/2658/41 1012/2286/41 1007/2289/41 1025/2661/41
f 869/2295/38 1040/2654/38 1041/2662/38 1009/2296/38
f 1033/2577/39 1045/2663/39 1042/2664/39 1010/2578/39
f 1013/2665/38 1014/2666/38 1017/2667/38 1016/2668/38
f 1039/2669/38 1059/2670/38 1060/2671/38 1014/2666/38
f 1034/2672/38 1039/2669/38 1014/2666/38 1013/2665/38
f 1014/2666/38 1060/2671/38 1061/2673/38 1017/2667/38
f 983/2283/40 982/2620/40 1016/2674/40 1017/2284/40
f 1025/2661/41 1007/2289/41 1019/2675/41 1035/2676/41
f 1009/2677/42 1041/2678/42 1044/2679/42 1021/2680/42
f 1007/2681/42 1009/2677/42 1021/2680/42 1019/2682/42
f 863/2291/41 1024/2683/41 1034/2684/41 1013/2292/41
f 1024/2683/41 1025/2661/41 1035/2676/41 1034/2684/41
f 1019/2685/38 1021/2686/38 1038/2687/38 1035/2688/38
f 1035/2689/38 1038/2690/38 1039/2691/38 1034/2692/38
f 1021/2686/38 1044/2693/38 1063/2694/38 1038/2687/38
f 1038/2690/38 1063/2695/38 1059/2696/38 1039/2691/38
f 867/2697/39 1058/2698/39 1062/2699/39 1032/2700/39
f 1032/2701/39 1062/2702/39 1045/2703/39 1033/2704/39
f 970/2650/41 1031/2705/41 1024/2683/41 863/2291/41
f 1031/2705/41 1030/2658/41 1025/2661/41 1024/2683/41
f 969/2601/41 1029/2706/41 1031/2705/41 970/2650/41
f 1029/2706/41 1028/2653/41 1030/2658/41 1031/2705/41
f 864/2600/41 1023/2707/41 1029/2706/41 969/2601/41
f 1023/2707/41 1022/2652/41 1028/2653/41 1029/2706/41
f 864/2708/39 867/2697/39 1032/2700/39 1023/2709/39
f 1023/2710/39 1032/2701/39 1033/2704/39 1022/2711/39
f 993/2712/40 992/2713/40 1074/2714/40 1075/2715/40
f 872/2716/43 1008/2717/43 1041/2718/43 1040/2719/43
f 1006/2720/43 871/2721/43 1043/2722/43 1042/2723/43
f 1008/2717/43 1020/2724/43 1044/2725/43 1041/2718/43
f 1027/2726/43 1006/2720/43 1042/2723/43 1045/2727/43
f 971/2728/43 972/2729/43 1047/2730/43 1046/2731/43
f 975/2732/43 976/2733/43 1049/2734/43 1048/2735/43
f 985/2736/43 986/2737/43 1051/2738/43 1050/2739/43
f 992/2740/43 993/2741/43 1053/2742/43 1052/2743/43
f 984/2744/43 1000/2745/43 1055/2746/43 1054/2747/43
f 996/2748/43 1002/2749/43 1057/2750/43 1056/2751/43
f 986/2737/43 870/2752/43 1058/2753/43 1051/2738/43
f 972/2729/43 985/2736/43 1050/2739/43 1047/2730/43
f 1000/2745/43 971/2728/43 1046/2731/43 1055/2746/43
f 1002/2749/43 975/2732/43 1048/2735/43 1057/2750/43
f 976/2733/43 992/2740/43 1052/2743/43 1049/2734/43
f 871/2721/43 996/2748/43 1056/2751/43 1043/2722/43
f 993/2741/43 872/2716/43 1040/2719/43 1053/2742/43
f 1037/2754/43 1015/2755/43 1060/2756/43 1059/2757/43
f 1015/2755/43 1018/2758/43 1061/2759/43 1060/2756/43
f 1018/2758/43 984/2744/43 1054/2747/43 1061/2759/43
f 870/2752/43 1026/2760/43 1062/2761/43 1058/2753/43
f 1026/2760/43 1027/2726/43 1045/2727/43 1062/2761/43
f 1020/2724/43 1036/2762/43 1063/2763/43 1044/2725/43
f 1036/2762/43 1037/2754/43 1059/2757/43 1063/2763/43
f 1080/2764/43 1066/2765/43 1075/2766/43 1074/2767/43 1070/2768/43 1069/2769/43 1078/2770/43 1076/2771/43 1065/2772/43 1079/2773/43 1085/2774/43 1084/2775/43 1064/2776/43 1073/2777/43 1072/2778/43 1068/2779/43 1067/2780/43 1077/2781/43 1071/2782/43 1082/2783/43 1081/2784/43 1087/2785/43 1086/2786/43 1083/2787/43
f 1036/2788/39 1020/2789/39 1083/2790/39 1086/2791/39
f 1008/2792/39 872/2793/39 1066/2794/39 1080/2795/39
f 996/2796/38 871/2797/38 1065/2798/38 1076/2799/38
f 1000/2800/42 984/2801/42 1071/2802/42 1077/2803/42
f 1037/2804/39 1036/2788/39 1086/2791/39 1087/2805/39
f 871/2797/38 1006/2806/38 1079/2807/38 1065/2798/38
f 872/2793/39 993/2808/39 1075/2809/39 1066/2794/39
f 1002/2810/40 996/2811/40 1076/2812/40 1078/2813/40
f 1020/2814/40 1008/2815/40 1080/2816/40 1083/2817/40
f 1015/2818/39 1037/2804/39 1087/2805/39 1081/2819/39
f 870/2820/38 986/2821/38 1073/2822/38 1064/2823/38
f 1006/2806/38 1027/2824/38 1085/2825/38 1079/2807/38
f 1018/2826/39 1015/2818/39 1081/2819/39 1082/2827/39
f 985/2828/39 972/2829/39 1068/2830/39 1072/2831/39
f 972/2832/42 971/2833/42 1067/2834/42 1068/2835/42
f 984/2801/42 1018/2836/42 1082/2837/42 1071/2802/42
f 971/2838/38 1000/2839/38 1077/2840/38 1067/2841/38
f 976/2842/40 975/2843/40 1069/2844/40 1070/2845/40
f 1026/2846/38 870/2820/38 1064/2823/38 1084/2847/38
f 975/2848/39 1002/2849/39 1078/2850/39 1069/2851/39
f 986/2852/42 985/2853/42 1072/2854/42 1073/2855/42
f 1027/2824/38 1026/2846/38 1084/2847/38 1085/2825/38
f 992/2856/38 976/2857/38 1070/2858/38 1074/2859/38
o 立方体.006_立方体.002
v 1.304264 -0.002976 -1.006049
v 1.279327 -0.002976 -1.030986
v 1.296558 -0.002976 -1.007269
v 1.289606 -0.002976 -1.010811
v 1.284089 -0.002976 -1.016328
v 1.280547 -0.002976 -1.023280
v 1.283446 0.797160 -1.031310
v 1.304588 0.797160 -1.010168
v 1.284514 0.797160 -1.024569
v 1.287464 0.797160 -1.018780
v 1.292058 0.797160 -1.014185
v 1.297847 0.797160 -1.011236
v 1.279327 -0.002976 -1.130828
v 1.304264 -0.002976 -1.155765
v 1.280547 -0.002976 -1.138534
v 1.284089 -0.002976 -1.145486
v 1.289606 -0.002976 -1.151003
v 1.296558 -0.002976 -1.154545
v 1.304588 0.797160 -1.151646
v 1.283446 0.797160 -1.130504
v 1.297847 0.797160 -1.150578
v 1.292058 0.797160 -1.147628
v 1.287464 0.797160 -1.143034
v 1.284514 0.797160 -1.137245
v 1.571292 -0.002976 -1.030986
v 1.546354 -0.002976 -1.006049
v 1.570071 -0.002976 -1.023280
v 1.566529 -0.002976 -1.016328
v 1.561012 -0.002976 -1.010811
v 1.554060 -0.002976 -1.007269
v 1.546030 0.797160 -1.010168
v 1.567172 0.797160 -1.031310
v 1.552772 0.797160 -1.011236
v 1.558560 0.797160 -1.014185
v 1.563155 0.797160 -1.018780
v 1.566104 0.797160 -1.024569
v 1.546354 -0.002976 -1.155765
v 1.571292 -0.002976 -1.130828
v 1.554060 -0.002976 -1.154545
v 1.561012 -0.002976 -1.151003
v 1.566529 -0.002976 -1.145486
v 1.570071 -0.002976 -1.138534
v 1.567172 0.797160 -1.130504
v 1.546030 0.797160 -1.151646
v 1.566104 0.797160 -1.137245
v 1.563155 0.797160 -1.143034
v 1.558560 0.797160 -1.147628
v 1.552772 0.797160 -1.150578
v 1.572493 -0.001606 -1.164944
v 1.597430 -0.001606 -1.189881
v 1.573714 -0.001606 -1.172650
v 1.577256 -0.001606 -1.179602
v 1.582772 -0.001606 -1.185119
v 1.589724 -0.001606 -1.188661
v 1.597754 0.898414 -1.185762
v 1.576612 0.898414 -1.164620
v 1.591013 0.898414 -1.184694
v 1.585224 0.898414 -1.181744
v 1.580630 0.898414 -1.177150
v 1.577680 0.898414 -1.171361
v 1.697273 -0.001606 -1.189881
v 1.722210 -0.001606 -1.164944
v 1.704978 -0.001606 -1.188661
v 1.711930 -0.001606 -1.185119
v 1.717447 -0.001606 -1.179602
v 1.720989 -0.001606 -1.172650
v 1.718090 0.898414 -1.164620
v 1.696948 0.898414 -1.185762
v 1.717022 0.898414 -1.171361
v 1.714073 0.898414 -1.177150
v 1.709479 0.898414 -1.181744
v 1.703690 0.898414 -1.184694
v 1.597430 -0.001606 -0.953231
v 1.572493 -0.001606 -0.978168
v 1.589724 -0.001606 -0.954451
v 1.582772 -0.001606 -0.957994
v 1.577256 -0.001606 -0.963510
v 1.573714 -0.001606 -0.970462
v 1.576612 0.898414 -0.978492
v 1.597754 0.898414 -0.957350
v 1.577680 0.898414 -0.971751
v 1.580630 0.898414 -0.965962
v 1.585224 0.898414 -0.961368
v 1.591013 0.898414 -0.958418
v 1.722210 -0.001606 -0.978168
v 1.697273 -0.001606 -0.953231
v 1.720989 -0.001606 -0.970462
v 1.717447 -0.001606 -0.963510
v 1.711930 -0.001606 -0.957994
v 1.704978 -0.001606 -0.954451
v 1.696948 0.898414 -0.957350
v 1.718090 0.898414 -0.978492
v 1.703690 0.898414 -0.958418
v 1.709479 0.898414 -0.961368
v 1.714073 0.898414 -0.965962
v 1.717022 0.898414 -0.971751
v 1.304264 0.797160 -1.006049
v 1.296558 0.797160 -1.007269
v 1.289606 0.797160 -1.010811
v 1.284089 0.797160 -1.016328
v 1.280547 0.797160 -1.023280
v 1.279327 0.797160 -1.030986
v 1.296558 0.797160 -1.154545
v 1.304264 0.797160 -1.155765
v 1.289606 0.797160 -1.151003
v 1.284089 0.797160 -1.145486
v 1.280547 0.797160 -1.138534
v 1.279327 0.797160 -1.130828
v 1.570071 0.797160 -1.138534
v 1.571292 0.797160 -1.130828
v 1.566529 0.797160 -1.145486
v 1.561012 0.797160 -1.151003
v 1.554060 0.797160 -1.154545
v 1.546354 0.797160 -1.155765
v 1.554060 0.797160 -1.007269
v 1.546354 0.797160 -1.006049
v 1.561012 0.797160 -1.010811
v 1.566529 0.797160 -1.016328
v 1.570071 0.797160 -1.023280
v 1.571292 0.797160 -1.030986
v 1.572493 0.898414 -1.164944
v 1.573714 0.898414 -1.172650
v 1.577256 0.898414 -1.179602
v 1.582772 0.898414 -1.185119
v 1.589724 0.898414 -1.188661
v 1.597430 0.898414 -1.189881
v 1.720989 0.898414 -1.172650
v 1.722210 0.898414 -1.164944
v 1.717447 0.898414 -1.179602
v 1.711930 0.898414 -1.185119
v 1.704978 0.898414 -1.188661
v 1.697273 0.898414 -1.189881
v 1.704978 0.898414 -0.954451
v 1.697273 0.898414 -0.953231
v 1.711930 0.898414 -0.957994
v 1.717447 0.898414 -0.963510
v 1.720989 0.898414 -0.970462
v 1.722210 0.898414 -0.978168
v 1.573714 0.898414 -0.970462
v 1.572493 0.898414 -0.978168
v 1.577256 0.898414 -0.963510
v 1.582772 0.898414 -0.957994
v 1.589724 0.898414 -0.954451
v 1.597430 0.898414 -0.953231
v 1.304588 0.784411 -1.010168
v 1.297847 0.784411 -1.011236
v 1.292058 0.784411 -1.014185
v 1.287464 0.784411 -1.018780
v 1.284514 0.784411 -1.024569
v 1.283446 0.784411 -1.031310
v 1.297847 0.784411 -1.150578
v 1.304588 0.784411 -1.151646
v 1.292058 0.784411 -1.147628
v 1.287464 0.784411 -1.143034
v 1.284514 0.784411 -1.137245
v 1.283446 0.784411 -1.130504
v 1.566104 0.784411 -1.137245
v 1.567172 0.784411 -1.130504
v 1.563155 0.784411 -1.143034
v 1.558560 0.784411 -1.147628
v 1.552772 0.784411 -1.150578
v 1.546030 0.784411 -1.151646
v 1.552772 0.784411 -1.011236
v 1.546030 0.784411 -1.010168
v 1.558560 0.784411 -1.014185
v 1.563155 0.784411 -1.018780
v 1.566104 0.784411 -1.024569
v 1.567172 0.784411 -1.031310
v 1.576612 0.885665 -1.164620
v 1.577680 0.885665 -1.171361
v 1.580630 0.885665 -1.177150
v 1.585224 0.885665 -1.181744
v 1.591013 0.885665 -1.184694
v 1.597754 0.885665 -1.185762
v 1.717022 0.885665 -1.171361
v 1.718090 0.885665 -1.164620
v 1.714073 0.885665 -1.177150
v 1.709479 0.885665 -1.181744
v 1.703690 0.885665 -1.184694
v 1.696948 0.885665 -1.185762
v 1.703690 0.885665 -0.958418
v 1.696948 0.885665 -0.957350
v 1.709479 0.885665 -0.961368
v 1.714073 0.885665 -0.965962
v 1.717022 0.885665 -0.971751
v 1.718090 0.885665 -0.978492
v 1.577680 0.885665 -0.971751
v 1.576612 0.885665 -0.978492
v 1.580630 0.885665 -0.965962
v 1.585224 0.885665 -0.961368
v 1.591013 0.885665 -0.958418
v 1.597754 0.885665 -0.957350
v 1.603624 0.887308 -1.008847
v 1.618853 0.901292 -1.015407
v 1.603624 0.887308 -1.050203
v 1.618853 0.901292 -1.043643
v 1.699627 0.887308 -1.008847
v 1.684397 0.901292 -1.015407
v 1.699627 0.887308 -1.050203
v 1.684397 0.901292 -1.043643
v 1.307092 0.775737 -1.025341
v 1.314526 0.791584 -1.041545
v 1.307092 0.775737 -1.127490
v 1.314526 0.791584 -1.111286
v 1.353958 0.775737 -1.025341
v 1.346523 0.791584 -1.041545
v 1.353958 0.775737 -1.127490
v 1.346523 0.791584 -1.111286
v 1.603624 0.901292 -1.008847
v 1.603624 0.901292 -1.050203
v 1.699627 0.901292 -1.050203
v 1.699627 0.901292 -1.008847
v 1.307092 0.791584 -1.025341
v 1.307092 0.791584 -1.127490
v 1.353958 0.791584 -1.127490
v 1.353958 0.791584 -1.025341
v 1.618853 0.906040 -1.015407
v 1.618853 0.906040 -1.043643
v 1.684397 0.906040 -1.043643
v 1.684397 0.906040 -1.015407
v 1.314526 0.796965 -1.041545
v 1.314526 0.796965 -1.111286
v 1.346523 0.796965 -1.111286
v 1.346523 0.796965 -1.041545
v 1.606327 0.884589 -1.055230
v 1.606327 0.890452 -1.055230
v 1.606327 0.884589 -1.139425
v 1.606327 0.890452 -1.139425
v 1.687966 0.884589 -1.055230
v 1.687966 0.890452 -1.055230
v 1.687966 0.884589 -1.139425
v 1.687966 0.890452 -1.139425
v 1.435139 0.803512 -1.135852
v 1.411901 0.803512 -1.135852
v 1.411901 0.803512 -1.110886
v 1.435139 0.803512 -1.110886
v 1.435139 0.800763 -1.135852
v 1.411901 0.800763 -1.135852
v 1.411901 0.800763 -1.110886
v 1.435139 0.800763 -1.110886
v 1.408993 0.800763 -1.138977
v 1.408993 0.777543 -1.138977
v 1.438048 0.800763 -1.138977
v 1.438048 0.777543 -1.138977
v 1.408993 0.800763 -1.107761
v 1.408993 0.777543 -1.107761
v 1.438048 0.800763 -1.107761
v 1.438048 0.777543 -1.107761
v 1.401099 0.777543 -1.107761
v 1.401099 0.800763 -1.107761
v 1.372043 0.777543 -1.107761
v 1.372043 0.800763 -1.107761
v 1.401099 0.777543 -1.138977
v 1.401099 0.800763 -1.138977
v 1.372043 0.777543 -1.138977
v 1.372043 0.800763 -1.138977
v 1.398190 0.800763 -1.110886
v 1.374952 0.800763 -1.110886
v 1.374952 0.800763 -1.135852
v 1.398190 0.800763 -1.135852
v 1.398190 0.803512 -1.110886
v 1.374952 0.803512 -1.110886
v 1.374952 0.803512 -1.135852
v 1.398190 0.803512 -1.135852
v 1.472088 0.803512 -1.135852
v 1.448850 0.803512 -1.135852
v 1.448850 0.803512 -1.110886
v 1.472088 0.803512 -1.110886
v 1.472088 0.800763 -1.135852
v 1.448850 0.800763 -1.135852
v 1.448850 0.800763 -1.110886
v 1.472088 0.800763 -1.110886
v 1.445942 0.800763 -1.138977
v 1.445942 0.777543 -1.138977
v 1.474997 0.800763 -1.138977
v 1.474997 0.777543 -1.138977
v 1.445942 0.800763 -1.107761
v 1.445942 0.777543 -1.107761
v 1.474997 0.800763 -1.107761
v 1.474997 0.777543 -1.107761
v 1.488830 0.780714 -1.011921
v 1.488830 0.786577 -1.011921
v 1.488830 0.780714 -1.152143
v 1.488830 0.786577 -1.152143
v 1.529583 0.780714 -1.011921
v 1.529583 0.786577 -1.011921
v 1.529583 0.780714 -1.152143
v 1.529583 0.786577 -1.152143
vt 0.930245 0.793277
vt 0.930245 0.942412
vt 0.904482 0.942412
vt 0.904482 0.793277
vt 0.923550 0.793388
vt 0.923550 0.942524
vt 0.911531 0.942524
vt 0.911531 0.793388
vt 0.094473 0.241504
vt 0.094473 0.244165
vt 0.088606 0.244165
vt 0.088606 0.241504
vt 0.911531 0.793388
vt 0.911531 0.942524
vt 0.923550 0.942524
vt 0.923550 0.793388
vt 0.904482 0.793277
vt 0.904482 0.942412
vt 0.930245 0.942412
vt 0.930245 0.793277
vt 0.903662 0.942412
vt 0.903662 0.793277
vt 0.902922 0.942412
vt 0.902922 0.793277
vt 0.901828 0.942412
vt 0.901828 0.793277
vt 0.908529 0.793388
vt 0.908529 0.942524
vt 0.910603 0.942524
vt 0.910603 0.793388
vt 0.903662 0.793277
vt 0.903662 0.942412
vt 0.902922 0.793277
vt 0.902922 0.942412
vt 0.901828 0.793277
vt 0.901828 0.942412
vt 0.926552 0.942524
vt 0.926552 0.793388
vt 0.924478 0.793388
vt 0.924478 0.942524
vt 0.924478 0.793388
vt 0.924478 0.942524
vt 0.925315 0.793388
vt 0.925315 0.942524
vt 0.926552 0.793388
vt 0.926552 0.942524
vt 0.932899 0.942412
vt 0.932899 0.793277
vt 0.931065 0.793277
vt 0.931065 0.942412
vt 0.931065 0.793277
vt 0.931065 0.942412
vt 0.932899 0.793277
vt 0.932899 0.942412
vt 0.908529 0.942524
vt 0.908529 0.793388
vt 0.909766 0.793388
vt 0.909766 0.942524
vt 0.910603 0.793388
vt 0.910603 0.942524
vt 0.125000 0.541641
vt 0.126045 0.528773
vt 0.129078 0.517165
vt 0.133802 0.507953
vt 0.139754 0.502038
vt 0.146353 0.500000
vt 0.353647 0.500000
vt 0.360246 0.502038
vt 0.366198 0.507953
vt 0.370922 0.517165
vt 0.373955 0.528773
vt 0.375000 0.541641
vt 0.375000 0.708359
vt 0.373955 0.721227
vt 0.370922 0.732835
vt 0.366198 0.742047
vt 0.360246 0.747962
vt 0.353647 0.750000
vt 0.146353 0.750000
vt 0.139754 0.747962
vt 0.133802 0.742047
vt 0.129078 0.732835
vt 0.126045 0.721227
vt 0.125000 0.708359
vt 0.960022 0.798559
vt 0.960022 0.969096
vt 0.940745 0.969096
vt 0.940745 0.798559
vt 0.956571 0.798670
vt 0.956571 0.969207
vt 0.944551 0.969207
vt 0.944551 0.798670
vt 0.095408 0.232956
vt 0.095408 0.125131
vt 0.089541 0.125131
vt 0.089541 0.232956
vt 0.944551 0.798670
vt 0.944551 0.969207
vt 0.956571 0.969207
vt 0.956571 0.798670
vt 0.940745 0.798559
vt 0.940745 0.969096
vt 0.960022 0.969096
vt 0.960022 0.798559
vt 0.940132 0.969096
vt 0.940132 0.798559
vt 0.939578 0.969096
vt 0.939578 0.798559
vt 0.938760 0.969096
vt 0.938760 0.798559
vt 0.941549 0.798670
vt 0.941549 0.969207
vt 0.943623 0.969207
vt 0.943623 0.798670
vt 0.940132 0.798559
vt 0.940132 0.969096
vt 0.939578 0.798559
vt 0.939578 0.969096
vt 0.938760 0.798559
vt 0.938760 0.969096
vt 0.959573 0.969207
vt 0.959573 0.798670
vt 0.957498 0.798670
vt 0.957498 0.969207
vt 0.957498 0.798670
vt 0.957498 0.969207
vt 0.958335 0.798670
vt 0.958335 0.969207
vt 0.959573 0.798670
vt 0.959573 0.969207
vt 0.962008 0.969096
vt 0.962008 0.798559
vt 0.960636 0.798559
vt 0.960636 0.969096
vt 0.960636 0.798559
vt 0.960636 0.969096
vt 0.962008 0.798559
vt 0.962008 0.969096
vt 0.941549 0.969207
vt 0.941549 0.798670
vt 0.942787 0.798670
vt 0.942787 0.969207
vt 0.943623 0.798670
vt 0.943623 0.969207
vt 0.125000 0.541641
vt 0.126045 0.528773
vt 0.129078 0.517165
vt 0.133802 0.507953
vt 0.139754 0.502038
vt 0.146353 0.500000
vt 0.353647 0.500000
vt 0.360246 0.502038
vt 0.366198 0.507953
vt 0.370922 0.517165
vt 0.373955 0.528773
vt 0.375000 0.541641
vt 0.375000 0.708359
vt 0.373955 0.721227
vt 0.370922 0.732835
vt 0.366198 0.742047
vt 0.360246 0.747962
vt 0.353647 0.750000
vt 0.146353 0.750000
vt 0.139754 0.747962
vt 0.133802 0.742047
vt 0.129078 0.732835
vt 0.126045 0.721227
vt 0.125000 0.708359
vt 0.103868 0.078994
vt 0.103479 0.076073
vt 0.104925 0.075515
vt 0.105369 0.078854
vt 0.102404 0.073565
vt 0.103634 0.072503
vt 0.100730 0.071574
vt 0.101624 0.070112
vt 0.098621 0.070296
vt 0.099090 0.068577
vt 0.096164 0.069833
vt 0.096282 0.068048
vt 0.052702 0.076073
vt 0.052313 0.078994
vt 0.050811 0.078854
vt 0.051256 0.075515
vt 0.053777 0.073565
vt 0.052547 0.072502
vt 0.055451 0.071574
vt 0.054557 0.070112
vt 0.057560 0.070296
vt 0.057091 0.068577
vt 0.060017 0.069833
vt 0.059899 0.068048
vt 0.057560 0.192313
vt 0.060017 0.192776
vt 0.059899 0.194561
vt 0.057091 0.194032
vt 0.055451 0.191035
vt 0.054557 0.192497
vt 0.053777 0.189044
vt 0.052547 0.190107
vt 0.052702 0.186536
vt 0.051256 0.187095
vt 0.052313 0.183615
vt 0.050811 0.183755
vt 0.103479 0.186536
vt 0.103868 0.183615
vt 0.105369 0.183755
vt 0.104925 0.187095
vt 0.102404 0.189044
vt 0.103634 0.190107
vt 0.100730 0.191035
vt 0.101624 0.192497
vt 0.098621 0.192313
vt 0.099090 0.194032
vt 0.096164 0.192776
vt 0.096282 0.194561
vt 0.103868 0.079439
vt 0.103479 0.076327
vt 0.104925 0.075515
vt 0.105369 0.078854
vt 0.102404 0.073795
vt 0.103634 0.072503
vt 0.100730 0.071804
vt 0.101624 0.070112
vt 0.098621 0.070536
vt 0.099090 0.068577
vt 0.096164 0.070104
vt 0.096282 0.068048
vt 0.052702 0.076327
vt 0.052313 0.079439
vt 0.050811 0.078854
vt 0.051256 0.075515
vt 0.053777 0.073795
vt 0.052547 0.072502
vt 0.055451 0.071804
vt 0.054557 0.070112
vt 0.057560 0.070536
vt 0.057091 0.068577
vt 0.060017 0.070104
vt 0.059899 0.068048
vt 0.057560 0.192073
vt 0.060017 0.192505
vt 0.059899 0.194561
vt 0.057091 0.194032
vt 0.055451 0.190805
vt 0.054557 0.192497
vt 0.053777 0.188814
vt 0.052547 0.190107
vt 0.052702 0.186282
vt 0.051256 0.187095
vt 0.052313 0.183170
vt 0.050811 0.183755
vt 0.103479 0.186282
vt 0.103868 0.183171
vt 0.105369 0.183755
vt 0.104925 0.187095
vt 0.102404 0.188814
vt 0.103634 0.190107
vt 0.100730 0.190805
vt 0.101624 0.192497
vt 0.098621 0.192074
vt 0.099090 0.194032
vt 0.096164 0.192505
vt 0.096282 0.194561
vt 0.060017 0.192776
vt 0.057560 0.192313
vt 0.055451 0.191035
vt 0.053777 0.189044
vt 0.052702 0.186536
vt 0.052313 0.183615
vt 0.052313 0.078994
vt 0.052702 0.076073
vt 0.053777 0.073565
vt 0.055451 0.071574
vt 0.057560 0.070296
vt 0.060017 0.069833
vt 0.096164 0.069833
vt 0.098621 0.070296
vt 0.100730 0.071574
vt 0.102404 0.073565
vt 0.103479 0.076073
vt 0.103868 0.078994
vt 0.103868 0.183615
vt 0.103479 0.186536
vt 0.102404 0.189044
vt 0.100730 0.191035
vt 0.098621 0.192313
vt 0.096164 0.192776
vt 0.060017 0.192505
vt 0.057560 0.192073
vt 0.055451 0.190805
vt 0.053777 0.188814
vt 0.052702 0.186282
vt 0.052313 0.183170
vt 0.052313 0.079439
vt 0.052702 0.076327
vt 0.053777 0.073795
vt 0.055451 0.071804
vt 0.057560 0.070536
vt 0.060017 0.070104
vt 0.096164 0.070104
vt 0.098621 0.070536
vt 0.100730 0.071804
vt 0.102404 0.073795
vt 0.103479 0.076327
vt 0.103868 0.079439
vt 0.103868 0.183171
vt 0.103479 0.186282
vt 0.102404 0.188814
vt 0.100730 0.190805
vt 0.098621 0.192074
vt 0.096164 0.192505
vt 0.095408 0.083288
vt 0.095408 0.079383
vt 0.089541 0.079383
vt 0.089541 0.083288
vt 0.094473 0.234245
vt 0.094473 0.094375
vt 0.088606 0.094375
vt 0.088606 0.234245
vt 0.094473 0.061295
vt 0.094473 0.064649
vt 0.088606 0.064649
vt 0.088606 0.061295
vt 0.095408 0.076029
vt 0.089541 0.076029
vt 0.094473 0.126018
vt 0.094473 0.068554
vt 0.088606 0.068554
vt 0.088606 0.126018
vt 0.094473 0.068554
vt 0.088606 0.068554
vt 0.095408 0.073368
vt 0.089541 0.073368
vt 0.094473 0.094375
vt 0.094473 0.234245
vt 0.088606 0.234245
vt 0.088606 0.094375
vt 0.094473 0.064649
vt 0.088606 0.064649
vt 0.095408 0.240215
vt 0.095408 0.236862
vt 0.089541 0.236862
vt 0.089541 0.240215
vt 0.095408 0.121226
vt 0.095408 0.125131
vt 0.089541 0.125131
vt 0.089541 0.121226
vt 0.094473 0.061295
vt 0.088606 0.061295
vt 0.095408 0.117873
vt 0.089541 0.117873
vt 0.094473 0.084455
vt 0.094473 0.087117
vt 0.088606 0.087117
vt 0.088606 0.084455
vt 0.095408 0.232956
vt 0.095408 0.236862
vt 0.089541 0.236862
vt 0.089541 0.232956
vt 0.095408 0.148011
vt 0.095408 0.150672
vt 0.089541 0.150672
vt 0.089541 0.148011
vt 0.094473 0.090470
vt 0.088606 0.090470
vt 0.095408 0.240215
vt 0.089541 0.240215
vt 0.094473 0.238150
vt 0.088606 0.238150
vt 0.095408 0.144657
vt 0.089541 0.144657
vt 0.095408 0.150672
vt 0.095408 0.148011
vt 0.089541 0.148011
vt 0.089541 0.150672
vt 0.094473 0.241504
vt 0.088606 0.241504
vt 0.095408 0.140752
vt 0.089541 0.140752
vt 0.094473 0.090470
vt 0.088606 0.090470
vt 0.095408 0.144657
vt 0.089541 0.144657
vt 0.094473 0.244165
vt 0.088606 0.244165
vt 0.095408 0.121226
vt 0.089541 0.121226
vt 0.094473 0.087117
vt 0.088606 0.087117
vt 0.095408 0.140752
vt 0.089541 0.140752
vt 0.094473 0.129923
vt 0.094473 0.133277
vt 0.088606 0.133277
vt 0.088606 0.129923
vt 0.095408 0.117873
vt 0.089541 0.117873
vt 0.094473 0.084455
vt 0.088606 0.084455
vt 0.095408 0.083288
vt 0.089541 0.083288
vt 0.094473 0.126018
vt 0.088606 0.126018
vt 0.095408 0.073368
vt 0.095408 0.076029
vt 0.089541 0.076029
vt 0.089541 0.073368
vt 0.094473 0.133277
vt 0.094473 0.129923
vt 0.088606 0.129923
vt 0.088606 0.133277
vt 0.094473 0.238150
vt 0.088606 0.238150
vt 0.095408 0.079383
vt 0.089541 0.079383
vt 0.391102 0.175202
vt 0.401166 0.175202
vt 0.401166 0.110760
vt 0.391102 0.110760
vt 0.413001 0.175202
vt 0.423066 0.175202
vt 0.423066 0.110760
vt 0.413001 0.110760
vt 0.401202 0.110760
vt 0.411266 0.110760
vt 0.411266 0.175202
vt 0.401202 0.175202
vt 0.423101 0.110760
vt 0.433165 0.110760
vt 0.433165 0.175202
vt 0.423101 0.175202
vt 0.413262 0.168878
vt 0.413262 0.119578
vt 0.374102 0.119578
vt 0.374102 0.168878
vt 0.477506 0.167814
vt 0.477506 0.131985
vt 0.482292 0.131985
vt 0.482292 0.167814
vt 0.391102 0.175202
vt 0.401166 0.175202
vt 0.401166 0.110760
vt 0.391102 0.110760
vt 0.413001 0.175202
vt 0.423066 0.175202
vt 0.423066 0.110760
vt 0.413001 0.110760
vt 0.401202 0.110760
vt 0.411266 0.110760
vt 0.411266 0.175202
vt 0.401202 0.175202
vt 0.423101 0.110760
vt 0.433165 0.110760
vt 0.433165 0.175202
vt 0.423101 0.175202
vt 0.413262 0.168878
vt 0.413262 0.119578
vt 0.374102 0.119578
vt 0.374102 0.168878
vt 0.477506 0.131985
vt 0.477506 0.167814
vt 0.482292 0.167814
vt 0.482292 0.131985
vt 0.384576 0.165578
vt 0.459211 0.165578
vt 0.476552 0.175958
vt 0.367234 0.175958
vt 0.459211 0.120902
vt 0.476552 0.110522
vt 0.384576 0.120902
vt 0.367234 0.110522
vt 0.384576 0.165578
vt 0.459211 0.165578
vt 0.476552 0.175958
vt 0.367234 0.175958
vt 0.459211 0.120902
vt 0.476552 0.110522
vt 0.384576 0.120902
vt 0.367234 0.110522
vt 0.420638 0.050749
vt 0.420638 0.110681
vt 0.369938 0.110681
vt 0.369938 0.050749
vt 0.420638 0.177690
vt 0.420638 0.237622
vt 0.369938 0.237622
vt 0.369938 0.177690
vt 0.477506 0.228747
vt 0.477506 0.192918
vt 0.482292 0.192918
vt 0.482292 0.228747
vt 0.477506 0.192918
vt 0.477506 0.228747
vt 0.482292 0.228747
vt 0.482292 0.192918
vt 0.477506 0.162452
vt 0.477506 0.198281
vt 0.482292 0.198281
vt 0.482292 0.162452
vt 0.477506 0.198281
vt 0.477506 0.162452
vt 0.482292 0.162452
vt 0.482292 0.198281
vt 0.477506 0.198281
vt 0.477506 0.162452
vt 0.482292 0.162452
vt 0.482292 0.198281
vt 0.477506 0.162452
vt 0.477506 0.198281
vt 0.482292 0.198281
vt 0.482292 0.162452
vt 0.102439 0.133430
vt 0.102439 0.133430
vt 0.102439 0.092683
vt 0.102439 0.092683
vt 0.050436 0.092683
vt 0.050436 0.092683
vt 0.050436 0.133430
vt 0.050436 0.133430
vt 0.290799 0.143249
vt 0.339062 0.143249
vt 0.339062 0.143249
vt 0.290799 0.143249
vt 0.103240 0.185864
vt 0.103240 0.236381
vt 0.100600 0.231324
vt 0.100600 0.190921
vt 0.275717 0.119990
vt 0.349162 0.119990
vt 0.349162 0.119990
vt 0.275717 0.119990
vt 0.351653 0.143249
vt 0.278208 0.143249
vt 0.278208 0.143249
vt 0.351653 0.143249
vt 0.324116 0.119729
vt 0.275853 0.119729
vt 0.275853 0.119729
vt 0.324116 0.119729
vt 0.274340 0.198923
vt 0.350195 0.198923
vt 0.350195 0.249007
vt 0.274340 0.249007
vt 0.349162 0.054798
vt 0.349162 0.119990
vt 0.275717 0.119990
vt 0.275717 0.054798
vt 0.076871 0.185864
vt 0.079511 0.190921
vt 0.076871 0.236381
vt 0.079511 0.231324
vt 0.275853 0.054537
vt 0.275853 0.119729
vt 0.324116 0.119729
vt 0.324116 0.054537
vt 0.339062 0.078057
vt 0.339062 0.143249
vt 0.290799 0.143249
vt 0.290799 0.078057
vt 0.278208 0.078057
vt 0.278208 0.143249
vt 0.351653 0.143249
vt 0.351653 0.078057
vt 0.350195 0.198923
vt 0.274340 0.198923
vt 0.274340 0.249007
vt 0.350195 0.249007
vt 0.275853 0.054537
vt 0.275853 0.119729
vt 0.324116 0.119729
vt 0.324116 0.054537
vt 0.278208 0.078057
vt 0.278208 0.143249
vt 0.351653 0.143249
vt 0.351653 0.078057
vt 0.339062 0.078057
vt 0.339062 0.143249
vt 0.290799 0.143249
vt 0.290799 0.078057
vt 0.349162 0.054798
vt 0.349162 0.119990
vt 0.275717 0.119990
vt 0.275717 0.054798
vt 0.350195 0.198923
vt 0.274340 0.198923
vt 0.274340 0.249007
vt 0.350195 0.249007
vt 0.103240 0.236381
vt 0.076871 0.236381
vt 0.079511 0.231324
vt 0.100600 0.231324
vt 0.275717 0.119990
vt 0.349162 0.119990
vt 0.349162 0.119990
vt 0.275717 0.119990
vt 0.076871 0.185864
vt 0.079511 0.190921
vt 0.103240 0.185864
vt 0.100600 0.190921
vt 0.274340 0.198923
vt 0.350195 0.198923
vt 0.350195 0.249007
vt 0.274340 0.249007
vt 0.351653 0.143249
vt 0.278208 0.143249
vt 0.278208 0.143249
vt 0.351653 0.143249
vt 0.290799 0.143249
vt 0.339062 0.143249
vt 0.339062 0.143249
vt 0.290799 0.143249
vt 0.324116 0.119729
vt 0.275853 0.119729
vt 0.275853 0.119729
vt 0.324116 0.119729
vt 0.290799 0.143249
vt 0.339062 0.143249
vt 0.339062 0.143249
vt 0.290799 0.143249
vt 0.103240 0.185864
vt 0.103240 0.236381
vt 0.100600 0.231324
vt 0.100600 0.190921
vt 0.275717 0.119990
vt 0.349162 0.119990
vt 0.349162 0.119990
vt 0.275717 0.119990
vt 0.351653 0.143249
vt 0.278208 0.143249
vt 0.278208 0.143249
vt 0.351653 0.143249
vt 0.324116 0.119729
vt 0.275853 0.119729
vt 0.275853 0.119729
vt 0.324116 0.119729
vt 0.274340 0.198923
vt 0.350195 0.198923
vt 0.350195 0.249007
vt 0.274340 0.249007
vt 0.349162 0.054798
vt 0.349162 0.119990
vt 0.275717 0.119990
vt 0.275717 0.054798
vt 0.076871 0.185864
vt 0.079511 0.190921
vt 0.076871 0.236381
vt 0.079511 0.231324
vt 0.275853 0.054537
vt 0.275853 0.119729
vt 0.324116 0.119729
vt 0.324116 0.054537
vt 0.339062 0.078057
vt 0.339062 0.143249
vt 0.290799 0.143249
vt 0.290799 0.078057
vt 0.278208 0.078057
vt 0.278208 0.143249
vt 0.351653 0.143249
vt 0.351653 0.078057
vt 0.350195 0.198923
vt 0.274340 0.198923
vt 0.274340 0.249007
vt 0.350195 0.249007
vt 0.431235 0.243300
vt 0.437902 0.243300
vt 0.437902 0.042572
vt 0.431235 0.042572
vt 0.368758 0.138739
vt 0.368758 0.147133
vt 0.415098 0.147133
vt 0.415098 0.138739
vt 0.431235 0.042572
vt 0.437902 0.042572
vt 0.437902 0.243300
vt 0.431235 0.243300
vt 0.415098 0.138739
vt 0.415098 0.147133
vt 0.368758 0.147133
vt 0.368758 0.138739
vt 0.368758 0.243300
vt 0.415098 0.243300
vt 0.415098 0.042572
vt 0.368758 0.042572
vt 0.415098 0.243300
vt 0.368758 0.243300
vt 0.368758 0.042572
vt 0.415098 0.042572
vn 0.0000 0.0000 1.0000
vn 1.0000 0.0000 0.0000
vn 0.7071 0.0000 0.7071
vn -1.0000 0.0000 0.0000
vn 0.0000 0.0000 -1.0000
vn -0.1564 0.0000 0.9877
vn -0.4540 0.0000 0.8910
vn -0.7071 0.0000 0.7071
vn -0.8910 0.0000 0.4540
vn -0.9877 0.0000 0.1564
vn -0.1564 0.0000 -0.9877
vn -0.4540 0.0000 -0.8910
vn -0.7071 0.0000 -0.7071
vn -0.8910 0.0000 -0.4540
vn -0.9877 0.0000 -0.1564
vn 0.9877 0.0000 -0.1564
vn 0.8910 0.0000 -0.4540
vn 0.7071 0.0000 -0.7071
vn 0.4540 0.0000 -0.8910
vn 0.1564 0.0000 -0.9877
vn 0.1564 0.0000 0.9877
vn 0.4540 0.0000 0.8910
vn 0.8910 0.0000 0.4540
vn 0.9877 0.0000 0.1564
vn 0.0000 -1.0000 -0.0000
vn 0.0000 1.0000 0.0000
usemtl 1
s off
f 1113/2860/44 1203/2861/44 1184/2862/44 1088/2863/44
f 1125/2864/45 1197/2865/45 1207/2866/45 1112/2867/45
f 1109/2868/46 1110/2869/46 1241/2870/46 1240/2871/46
f 1089/2872/47 1189/2873/47 1195/2874/47 1100/2875/47
f 1101/2876/48 1191/2877/48 1201/2878/48 1124/2879/48
f 1088/2863/49 1184/2862/49 1185/2880/49 1090/2881/49
f 1090/2881/50 1185/2880/50 1186/2882/50 1091/2883/50
f 1091/2883/51 1186/2882/51 1187/2884/51 1092/2885/51
f 1092/2886/52 1187/2887/52 1188/2888/52 1093/2889/52
f 1093/2889/53 1188/2888/53 1189/2873/53 1089/2872/53
f 1191/2877/54 1101/2876/54 1105/2890/54 1190/2891/54
f 1190/2891/55 1105/2890/55 1104/2892/55 1192/2893/55
f 1192/2893/56 1104/2892/56 1103/2894/56 1193/2895/56
f 1193/2896/57 1103/2897/57 1102/2898/57 1194/2899/57
f 1194/2899/58 1102/2898/58 1100/2875/58 1195/2874/58
f 1197/2865/59 1125/2864/59 1129/2900/59 1196/2901/59
f 1196/2901/60 1129/2900/60 1128/2902/60 1198/2903/60
f 1198/2903/61 1128/2902/61 1127/2904/61 1199/2905/61
f 1199/2906/62 1127/2907/62 1126/2908/62 1200/2909/62
f 1200/2909/63 1126/2908/63 1124/2879/63 1201/2878/63
f 1203/2861/64 1113/2860/64 1117/2910/64 1202/2911/64
f 1202/2911/65 1117/2910/65 1116/2912/65 1204/2913/65
f 1204/2914/46 1116/2915/46 1115/2916/46 1205/2917/46
f 1205/2917/66 1115/2916/66 1114/2918/66 1206/2919/66
f 1206/2919/67 1114/2918/67 1112/2867/67 1207/2866/67
f 1100/2920/68 1102/2921/68 1103/2922/68 1104/2923/68 1105/2924/68 1101/2925/68 1124/2926/68 1126/2927/68 1127/2928/68 1128/2929/68 1129/2930/68 1125/2931/68 1112/2932/68 1114/2933/68 1115/2934/68 1116/2935/68 1117/2936/68 1113/2937/68 1088/2938/68 1090/2939/68 1091/2940/68 1092/2941/68 1093/2942/68 1089/2943/68
f 1161/2944/47 1227/2945/47 1208/2946/47 1136/2947/47
f 1173/2948/44 1221/2949/44 1231/2950/44 1160/2951/44
f 1179/2952/47 1154/2953/47 1263/2954/47 1273/2955/47
f 1137/2956/48 1213/2957/48 1219/2958/48 1148/2959/48
f 1149/2960/45 1215/2961/45 1225/2962/45 1172/2963/45
f 1136/2947/58 1208/2946/58 1209/2964/58 1138/2965/58
f 1138/2965/57 1209/2964/57 1210/2966/57 1139/2967/57
f 1139/2967/56 1210/2966/56 1211/2968/56 1140/2969/56
f 1140/2970/55 1211/2971/55 1212/2972/55 1141/2973/55
f 1141/2973/54 1212/2972/54 1213/2957/54 1137/2956/54
f 1215/2961/59 1149/2960/59 1153/2974/59 1214/2975/59
f 1214/2975/60 1153/2974/60 1152/2976/60 1216/2977/60
f 1216/2977/61 1152/2976/61 1151/2978/61 1217/2979/61
f 1217/2980/62 1151/2981/62 1150/2982/62 1218/2983/62
f 1218/2983/63 1150/2982/63 1148/2959/63 1219/2958/63
f 1221/2949/64 1173/2948/64 1177/2984/64 1220/2985/64
f 1220/2985/65 1177/2984/65 1176/2986/65 1222/2987/65
f 1222/2987/46 1176/2986/46 1175/2988/46 1223/2989/46
f 1223/2990/66 1175/2991/66 1174/2992/66 1224/2993/66
f 1224/2993/67 1174/2992/67 1172/2963/67 1225/2962/67
f 1227/2945/53 1161/2944/53 1165/2994/53 1226/2995/53
f 1226/2995/52 1165/2994/52 1164/2996/52 1228/2997/52
f 1228/2998/51 1164/2999/51 1163/3000/51 1229/3001/51
f 1229/3001/50 1163/3000/50 1162/3002/50 1230/3003/50
f 1230/3003/49 1162/3002/49 1160/2951/49 1231/2950/49
f 1148/3004/68 1150/3005/68 1151/3006/68 1152/3007/68 1153/3008/68 1149/3009/68 1172/3010/68 1174/3011/68 1175/3012/68 1176/3013/68 1177/3014/68 1173/3015/68 1160/3016/68 1162/3017/68 1163/3018/68 1164/3019/68 1165/3020/68 1161/3021/68 1136/3022/68 1138/3023/68 1139/3024/68 1140/3025/68 1141/3026/68 1137/3027/68
f 1095/3028/69 1099/3029/69 1185/3030/69 1184/3031/69
f 1099/3029/69 1098/3032/69 1186/3033/69 1185/3030/69
f 1098/3032/69 1097/3034/69 1187/3035/69 1186/3033/69
f 1097/3034/69 1096/3036/69 1188/3037/69 1187/3035/69
f 1096/3036/69 1094/3038/69 1189/3039/69 1188/3037/69
f 1108/3040/69 1106/3041/69 1191/3042/69 1190/3043/69
f 1109/3044/69 1108/3040/69 1190/3043/69 1192/3045/69
f 1110/3046/69 1109/3044/69 1192/3045/69 1193/3047/69
f 1111/3048/69 1110/3046/69 1193/3047/69 1194/3049/69
f 1107/3050/69 1111/3048/69 1194/3049/69 1195/3051/69
f 1132/3052/69 1130/3053/69 1197/3054/69 1196/3055/69
f 1133/3056/69 1132/3052/69 1196/3055/69 1198/3057/69
f 1134/3058/69 1133/3056/69 1198/3057/69 1199/3059/69
f 1135/3060/69 1134/3058/69 1199/3059/69 1200/3061/69
f 1131/3062/69 1135/3060/69 1200/3061/69 1201/3063/69
f 1120/3064/69 1118/3065/69 1203/3066/69 1202/3067/69
f 1121/3068/69 1120/3064/69 1202/3067/69 1204/3069/69
f 1122/3070/69 1121/3068/69 1204/3069/69 1205/3071/69
f 1123/3072/69 1122/3070/69 1205/3071/69 1206/3073/69
f 1119/3074/69 1123/3072/69 1206/3073/69 1207/3075/69
f 1094/3038/69 1107/3050/69 1195/3051/69 1189/3039/69
f 1118/3065/69 1095/3028/69 1184/3031/69 1203/3066/69
f 1130/3053/69 1119/3074/69 1207/3075/69 1197/3054/69
f 1106/3041/69 1131/3062/69 1201/3063/69 1191/3042/69
f 1143/3076/69 1147/3077/69 1209/3078/69 1208/3079/69
f 1147/3077/69 1146/3080/69 1210/3081/69 1209/3078/69
f 1146/3080/69 1145/3082/69 1211/3083/69 1210/3081/69
f 1145/3082/69 1144/3084/69 1212/3085/69 1211/3083/69
f 1144/3084/69 1142/3086/69 1213/3087/69 1212/3085/69
f 1156/3088/69 1154/3089/69 1215/3090/69 1214/3091/69
f 1157/3092/69 1156/3088/69 1214/3091/69 1216/3093/69
f 1158/3094/69 1157/3092/69 1216/3093/69 1217/3095/69
f 1159/3096/69 1158/3094/69 1217/3095/69 1218/3097/69
f 1155/3098/69 1159/3096/69 1218/3097/69 1219/3099/69
f 1180/3100/69 1178/3101/69 1221/3102/69 1220/3103/69
f 1181/3104/69 1180/3100/69 1220/3103/69 1222/3105/69
f 1182/3106/69 1181/3104/69 1222/3105/69 1223/3107/69
f 1183/3108/69 1182/3106/69 1223/3107/69 1224/3109/69
f 1179/3110/69 1183/3108/69 1224/3109/69 1225/3111/69
f 1168/3112/69 1166/3113/69 1227/3114/69 1226/3115/69
f 1169/3116/69 1168/3112/69 1226/3115/69 1228/3117/69
f 1170/3118/69 1169/3116/69 1228/3117/69 1229/3119/69
f 1171/3120/69 1170/3118/69 1229/3119/69 1230/3121/69
f 1167/3122/69 1171/3120/69 1230/3121/69 1231/3123/69
f 1142/3086/69 1155/3098/69 1219/3099/69 1213/3087/69
f 1166/3113/69 1143/3076/69 1208/3079/69 1227/3114/69
f 1178/3101/69 1167/3122/69 1231/3123/69 1221/3102/69
f 1154/3089/69 1179/3110/69 1225/3111/69 1215/3090/69
f 1245/3124/69 1244/3125/69 1246/3126/69 1247/3127/69 1248/3128/69 1249/3129/69 1239/3130/69 1238/3131/69 1240/3132/69 1241/3133/69 1242/3134/69 1243/3135/69 1237/3136/69 1236/3137/69 1235/3138/69 1234/3139/69 1233/3140/69 1232/3141/69 1251/3142/69 1250/3143/69 1252/3144/69 1253/3145/69 1254/3146/69 1255/3147/69
f 1269/3148/69 1268/3149/69 1270/3150/69 1271/3151/69 1272/3152/69 1273/3153/69 1263/3154/69 1262/3155/69 1264/3156/69 1265/3157/69 1266/3158/69 1267/3159/69 1261/3160/69 1260/3161/69 1259/3162/69 1258/3163/69 1257/3164/69 1256/3165/69 1275/3166/69 1274/3167/69 1276/3168/69 1277/3169/69 1278/3170/69 1279/3171/69
f 1178/3172/54 1180/3173/54 1268/3174/54 1269/3175/54
f 1095/3176/48 1118/3177/48 1251/3178/48 1232/3179/48
f 1110/3180/66 1111/3181/66 1242/3182/66 1241/3183/66
f 1180/3173/55 1181/3184/55 1270/3185/55 1268/3174/55
f 1119/3186/47 1130/3187/47 1245/3188/47 1255/3189/47
f 1111/3181/67 1107/3190/67 1243/3191/67 1242/3182/67
f 1181/3184/56 1182/3192/56 1271/3193/56 1270/3185/56
f 1131/3194/44 1106/3195/44 1239/3196/44 1249/3197/44
f 1130/3187/53 1132/3198/53 1244/3199/53 1245/3188/53
f 1182/3200/57 1183/3201/57 1272/3202/57 1271/3203/57
f 1147/3204/67 1143/3205/67 1256/3206/67 1257/3207/67
f 1132/3198/52 1133/3208/52 1246/3209/52 1244/3199/52
f 1183/3201/58 1179/2952/58 1273/2955/58 1272/3202/58
f 1146/3210/66 1147/3204/66 1257/3207/66 1258/3211/66
f 1133/3212/51 1134/3213/51 1247/3214/51 1246/3215/51
f 1166/3216/59 1168/3217/59 1274/3218/59 1275/3219/59
f 1145/3220/46 1146/3221/46 1258/3222/46 1259/3223/46
f 1134/3213/50 1135/3224/50 1248/3225/50 1247/3214/50
f 1168/3217/60 1169/3226/60 1276/3227/60 1274/3218/60
f 1099/3228/63 1095/3176/63 1232/3179/63 1233/3229/63
f 1144/3230/65 1145/3220/65 1259/3223/65 1260/3231/65
f 1135/3224/49 1131/3194/49 1249/3197/49 1248/3225/49
f 1169/3232/61 1170/3233/61 1277/3234/61 1276/3235/61
f 1098/3236/62 1099/3228/62 1233/3229/62 1234/3237/62
f 1142/3238/64 1144/3230/64 1260/3231/64 1261/3239/64
f 1118/3177/54 1120/3240/54 1250/3241/54 1251/3178/54
f 1170/3233/62 1171/3242/62 1278/3243/62 1277/3234/62
f 1097/3244/61 1098/3236/61 1234/3237/61 1235/3245/61
f 1154/2953/53 1156/3246/53 1262/3247/53 1263/2954/53
f 1120/3240/55 1121/3248/55 1252/3249/55 1250/3241/55
f 1171/3242/63 1167/3250/63 1279/3251/63 1278/3243/63
f 1096/3252/60 1097/3253/60 1235/3254/60 1236/3255/60
f 1156/3246/52 1157/3256/52 1264/3257/52 1262/3247/52
f 1121/3248/56 1122/3258/56 1253/3259/56 1252/3249/56
f 1155/3260/44 1142/3238/44 1261/3239/44 1267/3261/44
f 1094/3262/59 1096/3252/59 1236/3255/59 1237/3263/59
f 1157/3264/51 1158/3265/51 1265/3266/51 1264/3267/51
f 1122/3268/57 1123/3269/57 1254/3270/57 1253/3271/57
f 1143/3205/45 1166/3216/45 1275/3219/45 1256/3206/45
f 1106/3195/64 1108/3272/64 1238/3273/64 1239/3196/64
f 1158/3265/50 1159/3274/50 1266/3275/50 1265/3266/50
f 1123/3269/58 1119/3186/58 1255/3189/58 1254/3270/58
f 1167/3250/48 1178/3172/48 1269/3175/48 1279/3251/48
f 1108/3272/65 1109/2868/65 1240/2871/65 1238/3273/65
f 1159/3274/49 1155/3260/49 1267/3261/49 1266/3275/49
f 1107/3190/45 1094/3262/45 1237/3263/45 1243/3191/45
f 1280/3276/47 1296/3277/47 1297/3278/47 1282/3279/47
f 1282/3280/48 1297/3281/48 1298/3282/48 1286/3283/48
f 1286/3284/45 1298/3285/45 1299/3286/45 1284/3287/45
f 1284/3288/44 1299/3289/44 1296/3290/44 1280/3291/44
f 1282/3292/68 1286/3293/68 1284/3294/68 1280/3295/68
f 1295/3296/48 1291/3297/48 1309/3298/48 1310/3299/48
f 1288/3300/47 1300/3301/47 1301/3302/47 1290/3303/47
f 1290/3304/48 1301/3305/48 1302/3306/48 1294/3307/48
f 1294/3308/45 1302/3309/45 1303/3310/45 1292/3311/45
f 1292/3312/44 1303/3313/44 1300/3314/44 1288/3315/44
f 1290/3316/68 1294/3317/68 1292/3318/68 1288/3319/68
f 1289/3320/44 1293/3321/44 1311/3322/44 1308/3323/44
f 1281/3324/69 1283/3325/69 1297/3326/69 1296/3327/69
f 1283/3325/69 1287/3328/69 1298/3329/69 1297/3326/69
f 1287/3328/69 1285/3330/69 1299/3331/69 1298/3329/69
f 1285/3330/69 1281/3324/69 1296/3327/69 1299/3331/69
f 1289/3332/69 1291/3333/69 1301/3334/69 1300/3335/69
f 1291/3333/69 1295/3336/69 1302/3337/69 1301/3334/69
f 1295/3336/69 1293/3338/69 1303/3339/69 1302/3337/69
f 1293/3338/69 1289/3332/69 1300/3335/69 1303/3339/69
f 1306/3340/69 1305/3341/69 1304/3342/69 1307/3343/69
f 1310/3344/69 1309/3345/69 1308/3346/69 1311/3347/69
f 1281/3348/44 1285/3349/44 1307/3350/44 1304/3351/44
f 1287/3352/48 1283/3353/48 1305/3354/48 1306/3355/48
f 1293/3356/45 1295/3357/45 1310/3358/45 1311/3359/45
f 1291/3360/47 1289/3361/47 1308/3362/47 1309/3363/47
f 1285/3364/45 1287/3365/45 1306/3366/45 1307/3367/45
f 1283/3368/47 1281/3369/47 1304/3370/47 1305/3371/47
f 1312/3372/47 1313/3373/47 1315/3374/47 1314/3375/47
f 1314/3375/48 1315/3374/48 1319/3376/48 1318/3377/48
f 1318/3377/45 1319/3376/45 1317/3378/45 1316/3379/45
f 1316/3379/44 1317/3378/44 1313/3373/44 1312/3372/44
f 1314/3375/68 1318/3377/68 1316/3379/68 1312/3372/68
f 1319/3376/69 1315/3374/69 1313/3373/69 1317/3378/69
f 1324/3380/48 1325/3381/48 1321/3382/48 1320/3383/48
f 1328/3384/69 1332/3385/69 1326/3386/69 1325/3387/69
f 1327/3388/45 1324/3389/45 1320/3390/45 1323/3391/45
f 1325/3392/47 1326/3393/47 1322/3394/47 1321/3395/47
f 1326/3396/44 1327/3397/44 1323/3398/44 1322/3399/44
f 1321/3400/69 1322/3401/69 1323/3402/69 1320/3403/69
f 1331/3404/45 1330/3405/45 1334/3406/45 1335/3407/45
f 1330/3408/69 1328/3384/69 1325/3387/69 1324/3409/69
f 1334/3410/69 1330/3408/69 1324/3409/69 1327/3411/69
f 1332/3385/69 1334/3410/69 1327/3411/69 1326/3386/69
f 1335/3412/44 1334/3413/44 1332/3414/44 1333/3415/44
f 1329/3416/48 1328/3417/48 1330/3418/48 1331/3419/48
f 1333/3420/47 1332/3421/47 1328/3422/47 1329/3423/47
f 1333/3424/68 1329/3425/68 1331/3426/68 1335/3427/68
f 1336/3428/44 1337/3429/44 1339/3430/44 1338/3431/44
f 1338/3432/47 1339/3433/47 1343/3434/47 1342/3435/47
f 1342/3436/48 1343/3437/48 1341/3438/48 1340/3439/48
f 1340/3440/45 1341/3441/45 1337/3442/45 1336/3443/45
f 1338/3444/68 1342/3445/68 1340/3446/68 1336/3447/68
f 1339/3448/69 1337/3449/69 1344/3450/69 1345/3451/69
f 1344/3452/45 1347/3453/45 1351/3454/45 1348/3455/45
f 1337/3449/69 1341/3456/69 1347/3457/69 1344/3450/69
f 1343/3458/69 1339/3448/69 1345/3451/69 1346/3459/69
f 1341/3456/69 1343/3458/69 1346/3459/69 1347/3457/69
f 1350/3460/69 1349/3461/69 1348/3462/69 1351/3463/69
f 1346/3464/47 1345/3465/47 1349/3466/47 1350/3467/47
f 1347/3468/48 1346/3469/48 1350/3470/48 1351/3471/48
f 1345/3472/44 1344/3473/44 1348/3474/44 1349/3475/44
f 1356/3476/48 1357/3477/48 1353/3478/48 1352/3479/48
f 1360/3480/69 1364/3481/69 1358/3482/69 1357/3483/69
f 1359/3484/45 1356/3485/45 1352/3486/45 1355/3487/45
f 1357/3488/47 1358/3489/47 1354/3490/47 1353/3491/47
f 1358/3492/44 1359/3493/44 1355/3494/44 1354/3495/44
f 1353/3496/69 1354/3497/69 1355/3498/69 1352/3499/69
f 1363/3500/45 1362/3501/45 1366/3502/45 1367/3503/45
f 1362/3504/69 1360/3480/69 1357/3483/69 1356/3505/69
f 1366/3506/69 1362/3504/69 1356/3505/69 1359/3507/69
f 1364/3481/69 1366/3506/69 1359/3507/69 1358/3482/69
f 1367/3508/44 1366/3509/44 1364/3510/44 1365/3511/44
f 1361/3512/48 1360/3513/48 1362/3514/48 1363/3515/48
f 1365/3516/47 1364/3517/47 1360/3518/47 1361/3519/47
f 1365/3520/68 1361/3521/68 1363/3522/68 1367/3523/68
f 1368/3524/47 1369/3525/47 1371/3526/47 1370/3527/47
f 1370/3528/48 1371/3529/48 1375/3530/48 1374/3531/48
f 1374/3532/45 1375/3533/45 1373/3534/45 1372/3535/45
f 1372/3536/44 1373/3537/44 1369/3538/44 1368/3539/44
f 1370/3540/68 1374/3541/68 1372/3542/68 1368/3543/68
f 1375/3544/69 1371/3545/69 1369/3546/69 1373/3547/69
o 立方体.008
v -0.576826 -0.000248 1.093171
v -0.571557 0.381322 1.093171
v -0.576826 -0.000248 0.993008
v -0.571557 0.381322 0.998277
v -0.337372 -0.000248 1.093171
v -0.342641 0.381322 1.093171
v -0.337372 -0.000248 0.993008
v -0.342641 0.381322 0.998277
v -0.426387 -0.000248 0.993008
v -0.487812 -0.000248 0.993008
v -0.487812 0.381322 0.998277
v -0.426387 0.381322 0.998277
v -0.487812 -0.000248 1.093171
v -0.426387 -0.000248 1.093171
v -0.421118 0.381322 1.087902
v -0.493081 0.381322 1.087902
v -0.576826 -0.000248 1.142638
v -0.571557 0.381322 1.137369
v -0.342641 0.381322 1.137369
v -0.337372 -0.000248 1.142638
v -0.426387 -0.000248 1.142638
v -0.493081 0.381322 1.137369
v -0.487812 -0.000248 1.142638
v -0.421118 0.381322 1.137369
v -0.576826 0.381322 1.093171
v -0.576826 0.381322 0.993008
v -0.426387 0.381322 0.993008
v -0.337372 0.381322 0.993008
v -0.337372 0.381322 1.093171
v -0.487812 0.381322 0.993008
v -0.426387 0.381322 1.093171
v -0.487812 0.381322 1.093171
v -0.487812 0.381322 1.142638
v -0.576826 0.381322 1.142638
v -0.337372 0.381322 1.142638
v -0.426387 0.381322 1.142638
v -0.571557 0.374823 1.093171
v -0.571557 0.374823 0.998277
v -0.342641 0.374823 1.093171
v -0.342641 0.374823 0.998277
v -0.487812 0.374823 0.998277
v -0.426387 0.374823 0.998277
v -0.421118 0.374823 1.087902
v -0.493081 0.374823 1.087902
v -0.571557 0.374823 1.137369
v -0.342641 0.374823 1.137369
v -0.493081 0.374823 1.137369
v -0.421118 0.374823 1.137369
v -0.576826 0.347490 1.093171
v -0.576826 0.347490 0.993008
v -0.337372 0.347490 0.993008
v -0.337372 0.347490 1.093171
v -0.426387 0.347490 1.093171
v -0.487812 0.347490 1.093171
v -0.487812 0.347490 0.993008
v -0.426387 0.347490 0.993008
v -0.576826 0.347490 1.142638
v -0.337372 0.347490 1.142638
v -0.426387 0.347490 1.142638
v -0.487812 0.347490 1.142638
v -0.559747 0.364215 1.075726
v -0.549559 0.384330 1.065539
v -0.559747 0.364215 1.011507
v -0.549559 0.384330 1.021694
v -0.495527 0.364215 1.075726
v -0.505715 0.384330 1.065539
v -0.495527 0.364215 1.011507
v -0.505715 0.384330 1.021694
v -0.479862 0.371843 1.076693
v -0.469675 0.391958 1.066506
v -0.479862 0.371843 1.012474
v -0.469675 0.391958 1.022661
v -0.369462 0.371843 1.076693
v -0.379649 0.391958 1.066506
v -0.369462 0.371843 1.012474
v -0.379649 0.391958 1.022661
v -0.559747 0.384330 1.075726
v -0.559747 0.384330 1.011507
v -0.495527 0.384330 1.011507
v -0.495527 0.384330 1.075726
v -0.479862 0.391958 1.076693
v -0.479862 0.391958 1.012474
v -0.369462 0.391958 1.012474
v -0.369462 0.391958 1.076693
v -0.549559 0.391159 1.065539
v -0.549559 0.391159 1.021694
v -0.505715 0.391159 1.021694
v -0.505715 0.391159 1.065539
v -0.469675 0.398787 1.066506
v -0.469675 0.398787 1.022661
v -0.379649 0.398787 1.022661
v -0.379649 0.398787 1.066506
v -0.526865 0.394178 1.091766
v -0.526865 0.373083 1.091766
v -0.496428 0.394178 1.091766
v -0.496428 0.373083 1.091766
v -0.526865 0.394178 1.128782
v -0.526865 0.373083 1.128782
v -0.496428 0.394178 1.128782
v -0.496428 0.373083 1.128782
v -0.388930 0.373083 1.114424
v -0.388930 0.394178 1.114424
v -0.388930 0.373083 1.090100
v -0.388930 0.394178 1.090100
v -0.351915 0.373083 1.114424
v -0.351915 0.394178 1.114424
v -0.351915 0.373083 1.090100
v -0.351915 0.394178 1.090100
v -0.385224 0.394178 1.111989
v -0.385224 0.394178 1.092535
v -0.355620 0.394178 1.092535
v -0.355620 0.394178 1.111989
v -0.385224 0.396676 1.111989
v -0.385224 0.396676 1.092535
v -0.355620 0.396676 1.092535
v -0.355620 0.396676 1.111989
v -0.533180 0.373083 1.128782
v -0.533180 0.394178 1.128782
v -0.563616 0.373083 1.128782
v -0.563616 0.394178 1.128782
v -0.533180 0.373083 1.091766
v -0.533180 0.394178 1.091766
v -0.563616 0.373083 1.091766
v -0.563616 0.394178 1.091766
v -0.536227 0.394178 1.125076
v -0.560569 0.394178 1.125076
v -0.560569 0.394178 1.095472
v -0.536227 0.394178 1.095472
v -0.536227 0.396676 1.125076
v -0.560569 0.396676 1.125076
v -0.560569 0.396676 1.095472
v -0.536227 0.396676 1.095472
v -0.499475 0.394178 1.125076
v -0.523818 0.394178 1.125076
v -0.523818 0.394178 1.095472
v -0.499475 0.394178 1.095472
v -0.499475 0.396676 1.125076
v -0.523818 0.396676 1.125076
v -0.523818 0.396676 1.095472
v -0.499475 0.396676 1.095472
vt 0.209717 0.551250
vt 0.209717 0.560622
vt 0.269637 0.560622
vt 0.269637 0.551250
vt 0.226469 0.551250
vt 0.226469 0.560622
vt 0.269464 0.560622
vt 0.269550 0.551250
vt 0.269637 0.560622
vt 0.209717 0.560622
vt 0.209717 0.551250
vt 0.228780 0.508801
vt 0.273716 0.508801
vt 0.273716 0.445146
vt 0.228780 0.445146
vt 0.152836 0.508801
vt 0.197772 0.508801
vt 0.197772 0.445146
vt 0.152836 0.445146
vt 0.180125 0.560622
vt 0.180125 0.551250
vt 0.226469 0.551250
vt 0.226469 0.560622
vt 0.196800 0.560622
vt 0.196800 0.551250
vt 0.153804 0.551250
vt 0.153804 0.560622
vt 0.196800 0.560622
vt 0.196800 0.551250
vt 0.238266 0.551250
vt 0.238266 0.560622
vt 0.181286 0.560622
vt 0.180706 0.551250
vt 0.269056 0.551250
vt 0.269056 0.560622
vt 0.211893 0.560622
vt 0.211893 0.551250
vt 0.197772 0.413709
vt 0.152836 0.413709
vt 0.202757 0.551250
vt 0.202757 0.560622
vt 0.178864 0.560622
vt 0.178864 0.551250
vt 0.209717 0.281330
vt 0.180125 0.281330
vt 0.273716 0.413709
vt 0.228780 0.413709
vt 0.202757 0.551250
vt 0.202757 0.281330
vt 0.178864 0.281330
vt 0.178864 0.551250
vt 0.437506 0.133963
vt 0.437506 0.112046
vt 0.437506 0.112046
vt 0.437506 0.133963
vt 0.369402 0.131629
vt 0.369402 0.173673
vt 0.367017 0.176008
vt 0.367017 0.131629
vt 0.435121 0.173673
vt 0.473033 0.173673
vt 0.475418 0.176008
vt 0.435121 0.176008
vt 0.473033 0.131629
vt 0.475418 0.131629
vt 0.407314 0.173673
vt 0.407314 0.176008
vt 0.404929 0.133963
vt 0.407314 0.131629
vt 0.435121 0.131629
vt 0.404929 0.112046
vt 0.369402 0.112046
vt 0.367017 0.109711
vt 0.407314 0.109711
vt 0.473033 0.112046
vt 0.435121 0.109711
vt 0.475418 0.109711
vt 0.369402 0.131629
vt 0.369402 0.112046
vt 0.404929 0.112046
vt 0.404929 0.133963
vt 0.473033 0.112046
vt 0.473033 0.131629
vt 0.473033 0.173673
vt 0.435121 0.173673
vt 0.407314 0.173673
vt 0.369402 0.173673
vt 0.202757 0.560622
vt 0.178864 0.560622
vt 0.180125 0.560622
vt 0.202757 0.281330
vt 0.178864 0.281330
vt 0.269056 0.281330
vt 0.211893 0.281330
vt 0.238266 0.281330
vt 0.181286 0.281330
vt 0.196800 0.281330
vt 0.226469 0.281330
vt 0.153804 0.281330
vt 0.226469 0.281330
vt 0.196800 0.281330
vt 0.209717 0.281330
vt 0.180125 0.281330
vt 0.269637 0.281330
vt 0.269464 0.281330
vt 0.269637 0.281330
vt 0.391102 0.175202
vt 0.401166 0.175202
vt 0.401166 0.110760
vt 0.391102 0.110760
vt 0.413001 0.175202
vt 0.423066 0.175202
vt 0.423066 0.110760
vt 0.413001 0.110760
vt 0.401202 0.110760
vt 0.411266 0.110760
vt 0.411266 0.175202
vt 0.401202 0.175202
vt 0.423101 0.110760
vt 0.433165 0.110760
vt 0.433165 0.175202
vt 0.423101 0.175202
vt 0.413262 0.168878
vt 0.413262 0.119578
vt 0.374102 0.119578
vt 0.374102 0.168878
vt 0.477506 0.167814
vt 0.477506 0.131985
vt 0.482292 0.131985
vt 0.482292 0.167814
vt 0.391102 0.175202
vt 0.401166 0.175202
vt 0.401166 0.110760
vt 0.391102 0.110760
vt 0.413001 0.175202
vt 0.423066 0.175202
vt 0.423066 0.110760
vt 0.413001 0.110760
vt 0.401202 0.110760
vt 0.411266 0.110760
vt 0.411266 0.175202
vt 0.401202 0.175202
vt 0.423101 0.110760
vt 0.433165 0.110760
vt 0.433165 0.175202
vt 0.423101 0.175202
vt 0.413262 0.168878
vt 0.413262 0.119578
vt 0.374102 0.119578
vt 0.374102 0.168878
vt 0.477506 0.131985
vt 0.477506 0.167814
vt 0.482292 0.167814
vt 0.482292 0.131985
vt 0.384576 0.165578
vt 0.459211 0.165578
vt 0.476552 0.175958
vt 0.367234 0.175958
vt 0.459211 0.120902
vt 0.476552 0.110522
vt 0.384576 0.120902
vt 0.367234 0.110522
vt 0.384576 0.165578
vt 0.459211 0.165578
vt 0.476552 0.175958
vt 0.367234 0.175958
vt 0.459211 0.120902
vt 0.476552 0.110522
vt 0.384576 0.120902
vt 0.367234 0.110522
vt 0.420638 0.050749
vt 0.420638 0.110681
vt 0.369938 0.110681
vt 0.369938 0.050749
vt 0.420638 0.177690
vt 0.420638 0.237622
vt 0.369938 0.237622
vt 0.369938 0.177690
vt 0.477506 0.228747
vt 0.477506 0.192918
vt 0.482292 0.192918
vt 0.482292 0.228747
vt 0.477506 0.192918
vt 0.477506 0.228747
vt 0.482292 0.228747
vt 0.482292 0.192918
vt 0.477506 0.162452
vt 0.477506 0.198281
vt 0.482292 0.198281
vt 0.482292 0.162452
vt 0.477506 0.198281
vt 0.477506 0.162452
vt 0.482292 0.162452
vt 0.482292 0.198281
vt 0.477506 0.198281
vt 0.477506 0.162452
vt 0.482292 0.162452
vt 0.482292 0.198281
vt 0.477506 0.162452
vt 0.477506 0.198281
vt 0.482292 0.198281
vt 0.482292 0.162452
vt 0.103240 0.236381
vt 0.076871 0.236381
vt 0.079511 0.231324
vt 0.100600 0.231324
vt 0.350195 0.198923
vt 0.274340 0.198923
vt 0.274340 0.249007
vt 0.350195 0.249007
vt 0.349162 0.054798
vt 0.349162 0.119990
vt 0.275717 0.119990
vt 0.275717 0.054798
vt 0.339062 0.078057
vt 0.339062 0.143249
vt 0.290799 0.143249
vt 0.290799 0.078057
vt 0.278208 0.078057
vt 0.278208 0.143249
vt 0.351653 0.143249
vt 0.351653 0.078057
vt 0.275853 0.054537
vt 0.275853 0.119729
vt 0.324116 0.119729
vt 0.324116 0.054537
vt 0.275853 0.054537
vt 0.275853 0.119729
vt 0.324116 0.119729
vt 0.324116 0.054537
vt 0.278208 0.078057
vt 0.278208 0.143249
vt 0.351653 0.143249
vt 0.351653 0.078057
vt 0.339062 0.078057
vt 0.339062 0.143249
vt 0.290799 0.143249
vt 0.290799 0.078057
vt 0.349162 0.054798
vt 0.349162 0.119990
vt 0.275717 0.119990
vt 0.275717 0.054798
vt 0.350195 0.198923
vt 0.274340 0.198923
vt 0.274340 0.249007
vt 0.350195 0.249007
vt 0.103240 0.236381
vt 0.076871 0.236381
vt 0.079511 0.231324
vt 0.100600 0.231324
vt 0.275717 0.119990
vt 0.349162 0.119990
vt 0.349162 0.119990
vt 0.275717 0.119990
vt 0.076871 0.185864
vt 0.079511 0.190921
vt 0.103240 0.185864
vt 0.100600 0.190921
vt 0.274340 0.198923
vt 0.350195 0.198923
vt 0.350195 0.249007
vt 0.274340 0.249007
vt 0.351653 0.143249
vt 0.278208 0.143249
vt 0.278208 0.143249
vt 0.351653 0.143249
vt 0.290799 0.143249
vt 0.339062 0.143249
vt 0.339062 0.143249
vt 0.290799 0.143249
vt 0.324116 0.119729
vt 0.275853 0.119729
vt 0.275853 0.119729
vt 0.324116 0.119729
vt 0.275853 0.054537
vt 0.275853 0.119729
vt 0.324116 0.119729
vt 0.324116 0.054537
vt 0.278208 0.078057
vt 0.278208 0.143249
vt 0.351653 0.143249
vt 0.351653 0.078057
vt 0.339062 0.078057
vt 0.339062 0.143249
vt 0.290799 0.143249
vt 0.290799 0.078057
vt 0.349162 0.054798
vt 0.349162 0.119990
vt 0.275717 0.119990
vt 0.275717 0.054798
vt 0.350195 0.198923
vt 0.274340 0.198923
vt 0.274340 0.249007
vt 0.350195 0.249007
vt 0.103240 0.236381
vt 0.076871 0.236381
vt 0.079511 0.231324
vt 0.100600 0.231324
vt 0.275717 0.119990
vt 0.349162 0.119990
vt 0.349162 0.119990
vt 0.275717 0.119990
vt 0.076871 0.185864
vt 0.079511 0.190921
vt 0.103240 0.185864
vt 0.100600 0.190921
vt 0.274340 0.198923
vt 0.350195 0.198923
vt 0.350195 0.249007
vt 0.274340 0.249007
vt 0.351653 0.143249
vt 0.278208 0.143249
vt 0.278208 0.143249
vt 0.351653 0.143249
vt 0.290799 0.143249
vt 0.339062 0.143249
vt 0.339062 0.143249
vt 0.290799 0.143249
vt 0.324116 0.119729
vt 0.275853 0.119729
vt 0.275853 0.119729
vt 0.324116 0.119729
vt 0.275717 0.119990
vt 0.349162 0.119990
vt 0.349162 0.119990
vt 0.275717 0.119990
vt 0.076871 0.185864
vt 0.079511 0.190921
vt 0.103240 0.185864
vt 0.100600 0.190921
vt 0.274340 0.198923
vt 0.350195 0.198923
vt 0.350195 0.249007
vt 0.274340 0.249007
vt 0.351653 0.143249
vt 0.278208 0.143249
vt 0.278208 0.143249
vt 0.351653 0.143249
vt 0.290799 0.143249
vt 0.339062 0.143249
vt 0.339062 0.143249
vt 0.290799 0.143249
vt 0.324116 0.119729
vt 0.275853 0.119729
vt 0.275853 0.119729
vt 0.324116 0.119729
vn -1.0000 0.0000 0.0000
vn 0.0000 0.0000 -1.0000
vn 1.0000 0.0000 0.0000
vn 0.0000 -1.0000 0.0000
vn 0.0000 0.0000 1.0000
vn 0.0000 1.0000 0.0000
usemtl 1
s off
f 1424/3548/70 1400/3549/70 1401/3550/70 1425/3551/70
f 1431/3552/71 1402/3553/71 1403/3554/71 1426/3555/71
f 1426/3555/72 1403/3556/72 1404/3557/72 1427/3558/72
f 1384/3559/73 1382/3560/73 1380/3561/73 1389/3562/73
f 1378/3563/73 1385/3564/73 1388/3565/73 1376/3566/73
f 1385/3564/73 1384/3559/73 1389/3562/73 1388/3565/73
f 1427/3558/72 1404/3557/72 1410/3567/72 1433/3568/72
f 1428/3569/74 1406/3570/74 1407/3571/74 1429/3572/74
f 1425/3573/71 1401/3574/71 1405/3575/71 1430/3576/71
f 1430/3576/71 1405/3575/71 1402/3553/71 1431/3552/71
f 1435/3577/74 1408/3578/74 1409/3579/74 1432/3580/74
f 1433/3581/74 1410/3582/74 1411/3583/74 1434/3584/74
f 1376/3566/73 1388/3565/73 1398/3585/73 1392/3586/73
f 1429/3587/72 1407/3588/72 1408/3589/72 1435/3590/72
f 1424/3548/70 1376/3591/70 1392/3592/70 1432/3580/70
f 1389/3562/73 1380/3561/73 1395/3593/73 1396/3594/73
f 1428/3595/70 1389/3596/70 1396/3597/70 1434/3598/70
f 1390/3599/72 1399/3600/72 1423/3601/72 1418/3602/72
f 1377/3603/75 1379/3604/75 1401/3605/75 1400/3606/75
f 1387/3607/75 1383/3608/75 1403/3609/75 1402/3610/75
f 1383/3608/75 1381/3611/75 1404/3612/75 1403/3609/75
f 1379/3604/75 1386/3613/75 1405/3614/75 1401/3605/75
f 1386/3613/75 1387/3607/75 1402/3610/75 1405/3614/75
f 1390/3599/75 1391/3615/75 1407/3616/75 1406/3617/75
f 1397/3618/75 1393/3619/75 1409/3620/75 1408/3621/75
f 1394/3622/75 1399/3600/75 1411/3623/75 1410/3624/75
f 1381/3611/75 1394/3622/75 1410/3624/75 1404/3612/75
f 1399/3600/75 1390/3599/75 1406/3617/75 1411/3623/75
f 1391/3615/75 1397/3618/75 1408/3621/75 1407/3616/75
f 1393/3619/75 1377/3603/75 1400/3606/75 1409/3620/75
f 1412/3625/75 1420/3626/75 1422/3627/75 1419/3628/75 1418/3602/75 1423/3601/75 1421/3629/75 1414/3630/75 1415/3631/75 1417/3632/75 1416/3633/75 1413/3634/75
f 1393/3619/71 1397/3618/71 1422/3627/71 1420/3626/71
f 1386/3613/74 1379/3604/74 1413/3634/74 1416/3633/74
f 1397/3618/70 1391/3615/70 1419/3628/70 1422/3627/70
f 1379/3604/72 1377/3603/72 1412/3625/72 1413/3634/72
f 1399/3600/71 1394/3622/71 1421/3629/71 1423/3601/71
f 1387/3607/74 1386/3613/74 1416/3633/74 1417/3632/74
f 1377/3603/72 1393/3619/72 1420/3626/72 1412/3625/72
f 1383/3608/74 1387/3607/74 1417/3632/74 1415/3631/74
f 1394/3622/70 1381/3611/70 1414/3630/70 1421/3629/70
f 1391/3615/71 1390/3599/71 1418/3602/71 1419/3628/71
f 1381/3611/70 1383/3608/70 1415/3631/70 1414/3630/70
f 1406/3635/70 1428/3595/70 1434/3598/70 1411/3636/70
f 1400/3549/70 1424/3548/70 1432/3580/70 1409/3637/70
f 1388/3638/72 1429/3587/72 1435/3590/72 1398/3639/72
f 1395/3640/74 1433/3581/74 1434/3584/74 1396/3641/74
f 1398/3642/74 1435/3577/74 1432/3580/74 1392/3643/74
f 1385/3644/71 1430/3576/71 1431/3552/71 1384/3645/71
f 1378/3646/71 1425/3573/71 1430/3576/71 1385/3644/71
f 1389/3647/74 1428/3569/74 1429/3572/74 1388/3648/74
f 1380/3649/72 1427/3558/72 1433/3568/72 1395/3650/72
f 1382/3651/72 1426/3555/72 1427/3558/72 1380/3649/72
f 1384/3645/71 1431/3552/71 1426/3555/71 1382/3652/71
f 1376/3591/70 1424/3548/70 1425/3551/70 1378/3653/70
f 1436/3654/70 1452/3655/70 1453/3656/70 1438/3657/70
f 1438/3658/71 1453/3659/71 1454/3660/71 1442/3661/71
f 1442/3662/72 1454/3663/72 1455/3664/72 1440/3665/72
f 1440/3666/74 1455/3667/74 1452/3668/74 1436/3669/74
f 1438/3670/73 1442/3671/73 1440/3672/73 1436/3673/73
f 1451/3674/71 1447/3675/71 1465/3676/71 1466/3677/71
f 1444/3678/70 1456/3679/70 1457/3680/70 1446/3681/70
f 1446/3682/71 1457/3683/71 1458/3684/71 1450/3685/71
f 1450/3686/72 1458/3687/72 1459/3688/72 1448/3689/72
f 1448/3690/74 1459/3691/74 1456/3692/74 1444/3693/74
f 1446/3694/73 1450/3695/73 1448/3696/73 1444/3697/73
f 1445/3698/74 1449/3699/74 1467/3700/74 1464/3701/74
f 1437/3702/75 1439/3703/75 1453/3704/75 1452/3705/75
f 1439/3703/75 1443/3706/75 1454/3707/75 1453/3704/75
f 1443/3706/75 1441/3708/75 1455/3709/75 1454/3707/75
f 1441/3708/75 1437/3702/75 1452/3705/75 1455/3709/75
f 1445/3710/75 1447/3711/75 1457/3712/75 1456/3713/75
f 1447/3711/75 1451/3714/75 1458/3715/75 1457/3712/75
f 1451/3714/75 1449/3716/75 1459/3717/75 1458/3715/75
f 1449/3716/75 1445/3710/75 1456/3713/75 1459/3717/75
f 1462/3718/75 1461/3719/75 1460/3720/75 1463/3721/75
f 1466/3722/75 1465/3723/75 1464/3724/75 1467/3725/75
f 1437/3726/74 1441/3727/74 1463/3728/74 1460/3729/74
f 1443/3730/71 1439/3731/71 1461/3732/71 1462/3733/71
f 1449/3734/72 1451/3735/72 1466/3736/72 1467/3737/72
f 1447/3738/70 1445/3739/70 1464/3740/70 1465/3741/70
f 1441/3742/72 1443/3743/72 1462/3744/72 1463/3745/72
f 1439/3746/70 1437/3747/70 1460/3748/70 1461/3749/70
f 1472/3750/75 1474/3751/75 1508/3752/75 1509/3753/75
f 1473/3754/73 1469/3755/73 1471/3756/73 1475/3757/73
f 1471/3758/72 1470/3759/72 1474/3760/72 1475/3761/72
f 1469/3762/71 1468/3763/71 1470/3764/71 1471/3765/71
f 1473/3766/70 1472/3767/70 1468/3768/70 1469/3769/70
f 1475/3770/74 1474/3771/74 1472/3772/74 1473/3773/74
f 1476/3774/70 1477/3775/70 1479/3776/70 1478/3777/70
f 1478/3778/71 1479/3779/71 1483/3780/71 1482/3781/71
f 1482/3782/72 1483/3783/72 1481/3784/72 1480/3785/72
f 1480/3786/74 1481/3787/74 1477/3788/74 1476/3789/74
f 1478/3790/73 1482/3791/73 1480/3792/73 1476/3793/73
f 1479/3794/75 1477/3795/75 1484/3796/75 1485/3797/75
f 1484/3798/74 1487/3799/74 1491/3800/74 1488/3801/74
f 1477/3795/75 1481/3802/75 1487/3803/75 1484/3796/75
f 1483/3804/75 1479/3794/75 1485/3797/75 1486/3805/75
f 1481/3802/75 1483/3804/75 1486/3805/75 1487/3803/75
f 1490/3806/75 1489/3807/75 1488/3808/75 1491/3809/75
f 1486/3810/71 1485/3811/71 1489/3812/71 1490/3813/71
f 1487/3814/72 1486/3815/72 1490/3816/72 1491/3817/72
f 1485/3818/70 1484/3819/70 1488/3820/70 1489/3821/70
f 1492/3822/74 1493/3823/74 1495/3824/74 1494/3825/74
f 1494/3826/70 1495/3827/70 1499/3828/70 1498/3829/70
f 1498/3830/71 1499/3831/71 1497/3832/71 1496/3833/71
f 1496/3834/72 1497/3835/72 1493/3836/72 1492/3837/72
f 1494/3838/73 1498/3839/73 1496/3840/73 1492/3841/73
f 1495/3842/75 1493/3843/75 1500/3844/75 1501/3845/75
f 1500/3846/72 1503/3847/72 1507/3848/72 1504/3849/72
f 1493/3843/75 1497/3850/75 1503/3851/75 1500/3844/75
f 1499/3852/75 1495/3842/75 1501/3845/75 1502/3853/75
f 1497/3850/75 1499/3852/75 1502/3853/75 1503/3851/75
f 1506/3854/75 1505/3855/75 1504/3856/75 1507/3857/75
f 1502/3858/70 1501/3859/70 1505/3860/70 1506/3861/70
f 1503/3862/71 1502/3863/71 1506/3864/71 1507/3865/71
f 1501/3866/74 1500/3867/74 1504/3868/74 1505/3869/74
f 1508/3870/72 1511/3871/72 1515/3872/72 1512/3873/72
f 1474/3751/75 1470/3874/75 1511/3875/75 1508/3752/75
f 1468/3876/75 1472/3750/75 1509/3753/75 1510/3877/75
f 1470/3874/75 1468/3876/75 1510/3877/75 1511/3875/75
f 1514/3878/75 1513/3879/75 1512/3880/75 1515/3881/75
f 1510/3882/70 1509/3883/70 1513/3884/70 1514/3885/70
f 1511/3886/71 1510/3887/71 1514/3888/71 1515/3889/71
f 1509/3890/74 1508/3891/74 1512/3892/74 1513/3893/74
o 立方体.009_立方体.010
v 0.840015 0.000459 -0.144084
v 0.844834 0.718502 -0.148903
v 0.840015 0.000459 -0.364657
v 0.844834 0.718502 -0.359838
v 1.187933 0.000459 -0.364657
v 1.183114 0.718502 -0.359838
v 1.187933 0.000459 -0.245687
v 1.086330 0.000459 -0.144084
v 1.084334 0.718502 -0.148903
v 1.183114 0.718502 -0.247683
v 0.840015 0.718502 -0.144084
v 0.840015 0.718502 -0.364657
v 1.187933 0.718502 -0.364657
v 1.187933 0.718502 -0.245687
v 1.086330 0.718502 -0.144084
v 0.844834 0.706333 -0.148903
v 0.844834 0.706333 -0.359838
v 1.183114 0.706333 -0.359838
v 1.183114 0.706333 -0.247683
v 1.084334 0.706333 -0.148903
v 0.852785 0.697620 -0.222005
v 0.858744 0.736715 -0.227964
v 0.852785 0.697620 -0.347187
v 0.858744 0.736715 -0.341228
v 1.137256 0.697620 -0.222005
v 1.131297 0.736715 -0.227964
v 1.137256 0.697620 -0.347187
v 1.131297 0.736715 -0.341228
v 0.852785 0.736715 -0.222005
v 0.852785 0.736715 -0.347187
v 1.137256 0.736715 -0.347187
v 1.137256 0.736715 -0.222005
v 0.858744 0.729429 -0.227964
v 0.858744 0.729429 -0.341228
v 1.131297 0.729429 -0.341228
v 1.131297 0.729429 -0.227964
v 0.840015 0.359481 -0.144084
v 0.840015 0.359481 -0.364657
v 1.187933 0.359481 -0.364657
v 1.086330 0.359481 -0.144084
v 1.187933 0.359481 -0.245687
v 0.979702 0.705513 -0.176759
v 0.993766 0.718427 -0.182817
v 0.979702 0.705513 -0.214950
v 0.993766 0.718427 -0.208892
v 1.068359 0.705513 -0.176759
v 1.054295 0.718427 -0.182817
v 1.068359 0.705513 -0.214950
v 1.054295 0.718427 -0.208892
v 0.876297 0.727361 -0.238428
v 0.883162 0.741995 -0.253392
v 0.876297 0.727361 -0.332759
v 0.883162 0.741995 -0.317795
v 0.919576 0.727361 -0.238428
v 0.912710 0.741995 -0.253392
v 0.919576 0.727361 -0.332759
v 0.912710 0.741995 -0.317795
v 0.979702 0.718427 -0.176759
v 0.979702 0.718427 -0.214950
v 1.068359 0.718427 -0.214950
v 1.068359 0.718427 -0.176759
v 0.876297 0.741995 -0.238428
v 0.876297 0.741995 -0.332759
v 0.919576 0.741995 -0.332759
v 0.919576 0.741995 -0.238428
v 0.993766 0.722811 -0.182817
v 0.993766 0.722811 -0.208892
v 1.054295 0.722811 -0.208892
v 1.054295 0.722811 -0.182817
v 0.883162 0.746963 -0.253392
v 0.883162 0.746963 -0.317795
v 0.912710 0.746963 -0.317795
v 0.912710 0.746963 -0.253392
v 1.080851 0.761391 -0.292102
v 1.080851 0.719678 -0.292102
v 1.080851 0.761391 -0.239660
v 1.080851 0.719678 -0.239660
v 0.904345 0.761391 -0.292102
v 0.904345 0.719678 -0.292102
v 0.904345 0.761391 -0.239660
v 0.904345 0.719678 -0.239660
v 0.994051 0.753010 -0.329860
v 0.972591 0.753010 -0.329860
v 0.972591 0.753010 -0.306805
v 0.994051 0.753010 -0.306805
v 0.994051 0.750471 -0.329860
v 0.972591 0.750471 -0.329860
v 0.972591 0.750471 -0.306805
v 0.994051 0.750471 -0.306805
v 0.969905 0.750471 -0.332746
v 0.969905 0.729028 -0.332746
v 0.996737 0.750471 -0.332746
v 0.996737 0.729028 -0.332746
v 0.969905 0.750471 -0.303919
v 0.969905 0.729028 -0.303919
v 0.996737 0.750471 -0.303919
v 0.996737 0.729028 -0.303919
v 0.962615 0.729028 -0.303919
v 0.962615 0.750471 -0.303919
v 0.935783 0.729028 -0.303919
v 0.935783 0.750471 -0.303919
v 0.962615 0.729028 -0.332746
v 0.962615 0.750471 -0.332746
v 0.935783 0.729028 -0.332746
v 0.935783 0.750471 -0.332746
v 0.959929 0.750471 -0.306805
v 0.938470 0.750471 -0.306805
v 0.938470 0.750471 -0.329860
v 0.959929 0.750471 -0.329860
v 0.959929 0.753010 -0.306805
v 0.938470 0.753010 -0.306805
v 0.938470 0.753010 -0.329860
v 0.959929 0.753010 -0.329860
v 1.028172 0.753010 -0.329860
v 1.006713 0.753010 -0.329860
v 1.006713 0.753010 -0.306805
v 1.028172 0.753010 -0.306805
v 1.028172 0.750471 -0.329860
v 1.006713 0.750471 -0.329860
v 1.006713 0.750471 -0.306805
v 1.028172 0.750471 -0.306805
v 1.004026 0.750471 -0.332746
v 1.004026 0.729028 -0.332746
v 1.030858 0.750471 -0.332746
v 1.030858 0.729028 -0.332746
v 1.004026 0.750471 -0.303919
v 1.004026 0.729028 -0.303919
v 1.030858 0.750471 -0.303919
v 1.030858 0.729028 -0.303919
v 0.846242 0.703177 -0.221764
v 0.846242 0.710682 -0.221764
v 1.025718 0.703177 -0.221764
v 1.025718 0.710682 -0.221764
v 0.846242 0.703177 -0.169602
v 0.846242 0.710682 -0.169602
v 1.025718 0.703177 -0.169602
v 1.025718 0.710682 -0.169602
vt 0.215889 0.834596
vt 0.215889 0.971572
vt 0.285267 0.971572
vt 0.285267 0.834596
vt 0.174522 0.834596
vt 0.174522 0.971572
vt 0.283954 0.971572
vt 0.283954 0.834596
vt 0.206194 0.834596
vt 0.206194 0.971572
vt 0.283669 0.971572
vt 0.283669 0.834596
vt 0.400223 0.050635
vt 0.450114 0.050635
vt 0.450114 0.050635
vt 0.400223 0.050635
vt 0.183752 0.834596
vt 0.183752 0.971572
vt 0.146331 0.971572
vt 0.146331 0.834596
vt 0.246853 0.915582
vt 0.246853 0.768955
vt 0.278811 0.768955
vt 0.278811 0.915582
vt 0.125000 0.500000
vt 0.375000 0.500000
vt 0.375000 0.634841
vt 0.259841 0.750000
vt 0.125000 0.750000
vt 0.400223 0.105953
vt 0.399219 0.107216
vt 0.399219 0.049371
vt 0.470691 0.105953
vt 0.471695 0.107216
vt 0.470691 0.076540
vt 0.450530 0.049371
vt 0.471695 0.076017
vt 0.470691 0.105953
vt 0.400223 0.105953
vt 0.470691 0.076540
vt 0.206099 0.971824
vt 0.206099 0.981789
vt 0.250119 0.981789
vt 0.250119 0.971824
vt 0.178092 0.971824
vt 0.178092 0.981789
vt 0.278126 0.981789
vt 0.278126 0.971824
vt 0.250119 0.971824
vt 0.250119 0.981789
vt 0.206099 0.981789
vt 0.206099 0.971824
vt 0.278126 0.971824
vt 0.278126 0.981789
vt 0.178092 0.981789
vt 0.178092 0.971824
vt 0.125000 0.500000
vt 0.375000 0.500000
vt 0.375000 0.750000
vt 0.125000 0.750000
vt 0.142046 0.128186
vt 0.142046 0.087195
vt 0.142046 0.087195
vt 0.142046 0.128186
vt 0.140686 0.130342
vt 0.140686 0.085038
vt 0.204281 0.128186
vt 0.205641 0.130342
vt 0.204281 0.087195
vt 0.205641 0.085038
vt 0.204281 0.128186
vt 0.204281 0.087195
vt 0.246853 0.971572
vt 0.246853 0.834596
vt 0.278811 0.834596
vt 0.278811 0.971572
vt 0.183752 0.768955
vt 0.183752 0.915582
vt 0.146331 0.915582
vt 0.146331 0.768955
vt 0.206194 0.768955
vt 0.206194 0.915582
vt 0.283669 0.915582
vt 0.283669 0.768955
vt 0.174522 0.768955
vt 0.174522 0.915582
vt 0.283954 0.915582
vt 0.283954 0.768955
vt 0.215889 0.768955
vt 0.215889 0.915582
vt 0.285267 0.915582
vt 0.285267 0.768955
vt 0.391102 0.175202
vt 0.401166 0.175202
vt 0.401166 0.110760
vt 0.391102 0.110760
vt 0.413001 0.175202
vt 0.423066 0.175202
vt 0.423066 0.110760
vt 0.413001 0.110760
vt 0.401202 0.110760
vt 0.411266 0.110760
vt 0.411266 0.175202
vt 0.401202 0.175202
vt 0.423101 0.110760
vt 0.433165 0.110760
vt 0.433165 0.175202
vt 0.423101 0.175202
vt 0.413262 0.168878
vt 0.413262 0.119578
vt 0.374102 0.119578
vt 0.374102 0.168878
vt 0.477506 0.167814
vt 0.477506 0.131985
vt 0.482292 0.131985
vt 0.482292 0.167814
vt 0.391102 0.175202
vt 0.401166 0.175202
vt 0.401166 0.110760
vt 0.391102 0.110760
vt 0.413001 0.175202
vt 0.423066 0.175202
vt 0.423066 0.110760
vt 0.413001 0.110760
vt 0.401202 0.110760
vt 0.411266 0.110760
vt 0.411266 0.175202
vt 0.401202 0.175202
vt 0.423101 0.110760
vt 0.433165 0.110760
vt 0.433165 0.175202
vt 0.423101 0.175202
vt 0.413262 0.168878
vt 0.413262 0.119578
vt 0.374102 0.119578
vt 0.374102 0.168878
vt 0.477506 0.131985
vt 0.477506 0.167814
vt 0.482292 0.167814
vt 0.482292 0.131985
vt 0.384576 0.165578
vt 0.459211 0.165578
vt 0.476552 0.175958
vt 0.367234 0.175958
vt 0.459211 0.120902
vt 0.476552 0.110522
vt 0.384576 0.120902
vt 0.367234 0.110522
vt 0.384576 0.165578
vt 0.459211 0.165578
vt 0.476552 0.175958
vt 0.367234 0.175958
vt 0.459211 0.120902
vt 0.476552 0.110522
vt 0.384576 0.120902
vt 0.367234 0.110522
vt 0.420638 0.050749
vt 0.420638 0.110681
vt 0.369938 0.110681
vt 0.369938 0.050749
vt 0.420638 0.177690
vt 0.420638 0.237622
vt 0.369938 0.237622
vt 0.369938 0.177690
vt 0.477506 0.228747
vt 0.477506 0.192918
vt 0.482292 0.192918
vt 0.482292 0.228747
vt 0.477506 0.192918
vt 0.477506 0.228747
vt 0.482292 0.228747
vt 0.482292 0.192918
vt 0.477506 0.162452
vt 0.477506 0.198281
vt 0.482292 0.198281
vt 0.482292 0.162452
vt 0.477506 0.198281
vt 0.477506 0.162452
vt 0.482292 0.162452
vt 0.482292 0.198281
vt 0.477506 0.198281
vt 0.477506 0.162452
vt 0.482292 0.162452
vt 0.482292 0.198281
vt 0.477506 0.162452
vt 0.477506 0.198281
vt 0.482292 0.198281
vt 0.482292 0.162452
vt 0.349317 0.074839
vt 0.349317 0.248440
vt 0.275017 0.248440
vt 0.275017 0.074839
vt 0.349317 0.248440
vt 0.349317 0.074839
vt 0.275017 0.074839
vt 0.275017 0.248440
vt 0.273869 0.074839
vt 0.350464 0.074839
vt 0.350464 0.248440
vt 0.273870 0.248440
vt 0.276567 0.050843
vt 0.347767 0.050843
vt 0.347767 0.112980
vt 0.276567 0.112980
vt 0.275288 0.248440
vt 0.349045 0.248440
vt 0.349045 0.074839
vt 0.275288 0.074839
vt 0.282617 0.187429
vt 0.341717 0.187429
vt 0.341717 0.135850
vt 0.282617 0.135850
vt 0.290799 0.143249
vt 0.339062 0.143249
vt 0.339062 0.143249
vt 0.290799 0.143249
vt 0.103240 0.185864
vt 0.103240 0.236381
vt 0.100600 0.231324
vt 0.100600 0.190921
vt 0.275717 0.119990
vt 0.349162 0.119990
vt 0.349162 0.119990
vt 0.275717 0.119990
vt 0.351653 0.143249
vt 0.278208 0.143249
vt 0.278208 0.143249
vt 0.351653 0.143249
vt 0.324116 0.119729
vt 0.275853 0.119729
vt 0.275853 0.119729
vt 0.324116 0.119729
vt 0.274340 0.198923
vt 0.350195 0.198923
vt 0.350195 0.249007
vt 0.274340 0.249007
vt 0.349162 0.054798
vt 0.349162 0.119990
vt 0.275717 0.119990
vt 0.275717 0.054798
vt 0.076871 0.185864
vt 0.079511 0.190921
vt 0.076871 0.236381
vt 0.079511 0.231324
vt 0.275853 0.054537
vt 0.275853 0.119729
vt 0.324116 0.119729
vt 0.324116 0.054537
vt 0.339062 0.078057
vt 0.339062 0.143249
vt 0.290799 0.143249
vt 0.290799 0.078057
vt 0.278208 0.078057
vt 0.278208 0.143249
vt 0.351653 0.143249
vt 0.351653 0.078057
vt 0.350195 0.198923
vt 0.274340 0.198923
vt 0.274340 0.249007
vt 0.350195 0.249007
vt 0.275853 0.054537
vt 0.275853 0.119729
vt 0.324116 0.119729
vt 0.324116 0.054537
vt 0.278208 0.078057
vt 0.278208 0.143249
vt 0.351653 0.143249
vt 0.351653 0.078057
vt 0.339062 0.078057
vt 0.339062 0.143249
vt 0.290799 0.143249
vt 0.290799 0.078057
vt 0.349162 0.054798
vt 0.349162 0.119990
vt 0.275717 0.119990
vt 0.275717 0.054798
vt 0.350195 0.198923
vt 0.274340 0.198923
vt 0.274340 0.249007
vt 0.350195 0.249007
vt 0.103240 0.236381
vt 0.076871 0.236381
vt 0.079511 0.231324
vt 0.100600 0.231324
vt 0.275717 0.119990
vt 0.349162 0.119990
vt 0.349162 0.119990
vt 0.275717 0.119990
vt 0.076871 0.185864
vt 0.079511 0.190921
vt 0.103240 0.185864
vt 0.100600 0.190921
vt 0.274340 0.198923
vt 0.350195 0.198923
vt 0.350195 0.249007
vt 0.274340 0.249007
vt 0.351653 0.143249
vt 0.278208 0.143249
vt 0.278208 0.143249
vt 0.351653 0.143249
vt 0.290799 0.143249
vt 0.339062 0.143249
vt 0.339062 0.143249
vt 0.290799 0.143249
vt 0.324116 0.119729
vt 0.275853 0.119729
vt 0.275853 0.119729
vt 0.324116 0.119729
vt 0.290799 0.143249
vt 0.339062 0.143249
vt 0.339062 0.143249
vt 0.290799 0.143249
vt 0.103240 0.185864
vt 0.103240 0.236381
vt 0.100600 0.231324
vt 0.100600 0.190921
vt 0.275717 0.119990
vt 0.349162 0.119990
vt 0.349162 0.119990
vt 0.275717 0.119990
vt 0.351653 0.143249
vt 0.278208 0.143249
vt 0.278208 0.143249
vt 0.351653 0.143249
vt 0.324116 0.119729
vt 0.275853 0.119729
vt 0.275853 0.119729
vt 0.324116 0.119729
vt 0.274340 0.198923
vt 0.350195 0.198923
vt 0.350195 0.249007
vt 0.274340 0.249007
vt 0.349162 0.054798
vt 0.349162 0.119990
vt 0.275717 0.119990
vt 0.275717 0.054798
vt 0.076871 0.185864
vt 0.079511 0.190921
vt 0.076871 0.236381
vt 0.079511 0.231324
vt 0.275853 0.054537
vt 0.275853 0.119729
vt 0.324116 0.119729
vt 0.324116 0.054537
vt 0.339062 0.078057
vt 0.339062 0.143249
vt 0.290799 0.143249
vt 0.290799 0.078057
vt 0.278208 0.078057
vt 0.278208 0.143249
vt 0.351653 0.143249
vt 0.351653 0.078057
vt 0.350195 0.198923
vt 0.274340 0.198923
vt 0.274340 0.249007
vt 0.350195 0.249007
vt 0.431235 0.243300
vt 0.437902 0.243300
vt 0.437902 0.042572
vt 0.431235 0.042572
vt 0.368758 0.138739
vt 0.368758 0.147133
vt 0.415098 0.147133
vt 0.415098 0.138739
vt 0.431235 0.042572
vt 0.437902 0.042572
vt 0.437902 0.243300
vt 0.431235 0.243300
vt 0.415098 0.138739
vt 0.415098 0.147133
vt 0.368758 0.147133
vt 0.368758 0.138739
vt 0.368758 0.243300
vt 0.415098 0.243300
vt 0.415098 0.042572
vt 0.368758 0.042572
vt 0.415098 0.243300
vt 0.368758 0.243300
vt 0.368758 0.042572
vt 0.415098 0.042572
vn -1.0000 0.0000 0.0000
vn 0.0000 0.0000 -1.0000
vn 0.0000 0.0000 1.0000
vn 1.0000 0.0000 0.0000
vn 0.7071 0.0000 0.7071
vn 0.0000 -1.0000 0.0000
vn 0.0000 1.0000 0.0000
vn -0.7071 0.0000 -0.7071
usemtl 1
s off
f 1552/3894/76 1526/3895/76 1527/3896/76 1553/3897/76
f 1553/3898/77 1527/3899/77 1528/3900/77 1554/3901/77
f 1555/3902/78 1530/3903/78 1526/3904/78 1552/3905/78
f 1517/3906/77 1524/3907/77 1535/3908/77 1531/3909/77
f 1554/3910/79 1528/3911/79 1529/3912/79 1556/3913/79
f 1555/3914/80 1523/3915/80 1522/3916/80 1556/3917/80
f 1518/3918/81 1520/3919/81 1522/3920/81 1523/3921/81 1516/3922/81
f 1517/3906/82 1519/3923/82 1527/3924/82 1526/3925/82
f 1519/3923/82 1521/3926/82 1528/3927/82 1527/3924/82
f 1525/3928/82 1524/3907/82 1530/3929/82 1529/3930/82
f 1521/3926/82 1525/3928/82 1529/3930/82 1528/3927/82
f 1524/3907/82 1517/3906/82 1526/3925/82 1530/3929/82
f 1533/3931/82 1532/3932/82 1531/3909/82 1535/3908/82 1534/3933/82
f 1524/3907/83 1525/3928/83 1534/3933/83 1535/3908/83
f 1519/3923/79 1517/3906/79 1531/3909/79 1532/3932/79
f 1525/3928/76 1521/3926/76 1533/3931/76 1534/3933/76
f 1521/3926/78 1519/3923/78 1532/3932/78 1533/3931/78
f 1536/3934/76 1544/3935/76 1545/3936/76 1538/3937/76
f 1538/3938/77 1545/3939/77 1546/3940/77 1542/3941/77
f 1542/3942/79 1546/3943/79 1547/3944/79 1540/3945/79
f 1540/3946/78 1547/3947/78 1544/3948/78 1536/3949/78
f 1538/3950/81 1542/3951/81 1540/3952/81 1536/3953/81
f 1539/3954/79 1537/3955/79 1548/3956/79 1549/3957/79
f 1537/3955/82 1539/3954/82 1545/3958/82 1544/3959/82
f 1539/3954/82 1543/3960/82 1546/3961/82 1545/3958/82
f 1543/3960/82 1541/3962/82 1547/3963/82 1546/3961/82
f 1541/3962/82 1537/3955/82 1544/3959/82 1547/3963/82
f 1550/3964/82 1549/3957/82 1548/3956/82 1551/3965/82
f 1537/3955/77 1541/3962/77 1551/3965/77 1548/3956/77
f 1543/3960/78 1539/3954/78 1549/3957/78 1550/3964/78
f 1541/3962/76 1543/3960/76 1550/3964/76 1551/3965/76
f 1530/3966/80 1555/3967/80 1556/3968/80 1529/3969/80
f 1520/3970/79 1554/3971/79 1556/3972/79 1522/3973/79
f 1523/3974/78 1555/3975/78 1552/3976/78 1516/3977/78
f 1518/3978/77 1553/3979/77 1554/3980/77 1520/3981/77
f 1516/3982/76 1552/3983/76 1553/3984/76 1518/3985/76
f 1557/3986/76 1573/3987/76 1574/3988/76 1559/3989/76
f 1559/3990/77 1574/3991/77 1575/3992/77 1563/3993/77
f 1563/3994/79 1575/3995/79 1576/3996/79 1561/3997/79
f 1561/3998/78 1576/3999/78 1573/4000/78 1557/4001/78
f 1559/4002/81 1563/4003/81 1561/4004/81 1557/4005/81
f 1572/4006/77 1568/4007/77 1586/4008/77 1587/4009/77
f 1565/4010/76 1577/4011/76 1578/4012/76 1567/4013/76
f 1567/4014/77 1578/4015/77 1579/4016/77 1571/4017/77
f 1571/4018/79 1579/4019/79 1580/4020/79 1569/4021/79
f 1569/4022/78 1580/4023/78 1577/4024/78 1565/4025/78
f 1567/4026/81 1571/4027/81 1569/4028/81 1565/4029/81
f 1566/4030/78 1570/4031/78 1588/4032/78 1585/4033/78
f 1558/4034/82 1560/4035/82 1574/4036/82 1573/4037/82
f 1560/4035/82 1564/4038/82 1575/4039/82 1574/4036/82
f 1564/4038/82 1562/4040/82 1576/4041/82 1575/4039/82
f 1562/4040/82 1558/4034/82 1573/4037/82 1576/4041/82
f 1566/4042/82 1568/4043/82 1578/4044/82 1577/4045/82
f 1568/4043/82 1572/4046/82 1579/4047/82 1578/4044/82
f 1572/4046/82 1570/4048/82 1580/4049/82 1579/4047/82
f 1570/4048/82 1566/4042/82 1577/4045/82 1580/4049/82
f 1583/4050/82 1582/4051/82 1581/4052/82 1584/4053/82
f 1587/4054/82 1586/4055/82 1585/4056/82 1588/4057/82
f 1558/4058/78 1562/4059/78 1584/4060/78 1581/4061/78
f 1564/4062/77 1560/4063/77 1582/4064/77 1583/4065/77
f 1570/4066/79 1572/4067/79 1587/4068/79 1588/4069/79
f 1568/4070/76 1566/4071/76 1585/4072/76 1586/4073/76
f 1562/4074/79 1564/4075/79 1583/4076/79 1584/4077/79
f 1560/4078/76 1558/4079/76 1581/4080/76 1582/4081/76
f 1589/4082/82 1593/4083/82 1595/4084/82 1591/4085/82
f 1594/4086/81 1590/4087/81 1592/4088/81 1596/4089/81
f 1592/4090/78 1591/4091/78 1595/4092/78 1596/4093/78
f 1590/4094/79 1589/4095/79 1591/4096/79 1592/4097/79
f 1594/4098/77 1593/4099/77 1589/4100/77 1590/4101/77
f 1596/4102/76 1595/4103/76 1593/4104/76 1594/4105/76
f 1601/4106/77 1602/4107/77 1598/4108/77 1597/4109/77
f 1605/4110/82 1609/4111/82 1603/4112/82 1602/4113/82
f 1604/4114/79 1601/4115/79 1597/4116/79 1600/4117/79
f 1602/4118/76 1603/4119/76 1599/4120/76 1598/4121/76
f 1603/4122/78 1604/4123/78 1600/4124/78 1599/4125/78
f 1598/4126/82 1599/4127/82 1600/4128/82 1597/4129/82
f 1608/4130/79 1607/4131/79 1611/4132/79 1612/4133/79
f 1607/4134/82 1605/4110/82 1602/4113/82 1601/4135/82
f 1611/4136/82 1607/4134/82 1601/4135/82 1604/4137/82
f 1609/4111/82 1611/4136/82 1604/4137/82 1603/4112/82
f 1612/4138/78 1611/4139/78 1609/4140/78 1610/4141/78
f 1606/4142/77 1605/4143/77 1607/4144/77 1608/4145/77
f 1610/4146/76 1609/4147/76 1605/4148/76 1606/4149/76
f 1610/4150/81 1606/4151/81 1608/4152/81 1612/4153/81
f 1613/4154/78 1614/4155/78 1616/4156/78 1615/4157/78
f 1615/4158/76 1616/4159/76 1620/4160/76 1619/4161/76
f 1619/4162/77 1620/4163/77 1618/4164/77 1617/4165/77
f 1617/4166/79 1618/4167/79 1614/4168/79 1613/4169/79
f 1615/4170/81 1619/4171/81 1617/4172/81 1613/4173/81
f 1616/4174/82 1614/4175/82 1621/4176/82 1622/4177/82
f 1621/4178/79 1624/4179/79 1628/4180/79 1625/4181/79
f 1614/4175/82 1618/4182/82 1624/4183/82 1621/4176/82
f 1620/4184/82 1616/4174/82 1622/4177/82 1623/4185/82
f 1618/4182/82 1620/4184/82 1623/4185/82 1624/4183/82
f 1627/4186/82 1626/4187/82 1625/4188/82 1628/4189/82
f 1623/4190/76 1622/4191/76 1626/4192/76 1627/4193/76
f 1624/4194/77 1623/4195/77 1627/4196/77 1628/4197/77
f 1622/4198/78 1621/4199/78 1625/4200/78 1626/4201/78
f 1633/4202/77 1634/4203/77 1630/4204/77 1629/4205/77
f 1637/4206/82 1641/4207/82 1635/4208/82 1634/4209/82
f 1636/4210/79 1633/4211/79 1629/4212/79 1632/4213/79
f 1634/4214/76 1635/4215/76 1631/4216/76 1630/4217/76
f 1635/4218/78 1636/4219/78 1632/4220/78 1631/4221/78
f 1630/4222/82 1631/4223/82 1632/4224/82 1629/4225/82
f 1640/4226/79 1639/4227/79 1643/4228/79 1644/4229/79
f 1639/4230/82 1637/4206/82 1634/4209/82 1633/4231/82
f 1643/4232/82 1639/4230/82 1633/4231/82 1636/4233/82
f 1641/4207/82 1643/4232/82 1636/4233/82 1635/4208/82
f 1644/4234/78 1643/4235/78 1641/4236/78 1642/4237/78
f 1638/4238/77 1637/4239/77 1639/4240/77 1640/4241/77
f 1642/4242/76 1641/4243/76 1637/4244/76 1638/4245/76
f 1642/4246/81 1638/4247/81 1640/4248/81 1644/4249/81
f 1645/4250/77 1646/4251/77 1648/4252/77 1647/4253/77
f 1647/4254/79 1648/4255/79 1652/4256/79 1651/4257/79
f 1651/4258/78 1652/4259/78 1650/4260/78 1649/4261/78
f 1649/4262/76 1650/4263/76 1646/4264/76 1645/4265/76
f 1647/4266/81 1651/4267/81 1649/4268/81 1645/4269/81
f 1652/4270/82 1648/4271/82 1646/4272/82 1650/4273/82
o 立方体.007_立方体.012
v 0.277851 0.286953 -1.093344
v 0.256939 1.441350 -1.148986
v 0.277851 0.286953 -1.341987
v 0.256939 1.441350 -1.286346
v 0.441985 0.286953 -1.093344
v 0.462898 1.441350 -1.148986
v 0.441985 0.286953 -1.341987
v 0.462898 1.441350 -1.286346
v 0.277851 0.286953 -1.058123
v 0.256939 1.441350 -1.079035
v 0.256939 1.441350 -1.356296
v 0.277851 0.286953 -1.377209
v 0.462898 1.441350 -1.356296
v 0.441985 0.286953 -1.377209
v 0.462898 1.441350 -1.079035
v 0.441985 0.286953 -1.058123
v 0.163398 0.286953 -1.058123
v 0.184310 1.441350 -1.079035
v 0.184310 1.441350 -1.356296
v 0.163398 0.286953 -1.377209
v 0.535525 1.441350 -1.356296
v 0.556437 0.286953 -1.377209
v 0.535525 1.441350 -1.079035
v 0.556437 0.286953 -1.058123
v 0.273788 1.441350 -1.337924
v 0.446049 1.441350 -1.337924
v 0.446049 1.441350 -1.097407
v 0.273788 1.441350 -1.097407
v 0.167461 1.441350 -1.373146
v 0.273788 1.441350 -1.373146
v 0.273788 1.441350 -1.062186
v 0.167461 1.441350 -1.062186
v 0.446049 1.441350 -1.062186
v 0.552374 1.441350 -1.062186
v 0.552374 1.441350 -1.373146
v 0.446049 1.441350 -1.373146
v 0.241027 1.845461 -1.270434
v 0.478810 1.845461 -1.270434
v 0.478810 1.845461 -1.164897
v 0.241027 1.845461 -1.164897
v 0.200222 1.845461 -1.340385
v 0.241027 1.845461 -1.340385
v 0.241027 1.845461 -1.094947
v 0.200222 1.845461 -1.094947
v 0.478810 1.845461 -1.094947
v 0.519613 1.845461 -1.094947
v 0.519613 1.845461 -1.340385
v 0.478810 1.845461 -1.340385
v 0.223770 1.424299 -1.128319
v 0.282456 1.993770 -1.160374
v 0.223770 1.424299 -1.309436
v 0.282456 1.993770 -1.277381
v 0.494385 1.424299 -1.128319
v 0.435699 1.993770 -1.160374
v 0.494385 1.424299 -1.309436
v 0.435699 1.993770 -1.277381
v 0.223770 1.993770 -1.128319
v 0.223770 1.993770 -1.309436
v 0.494385 1.993770 -1.309436
v 0.494385 1.993770 -1.128319
v 0.303564 2.289316 -1.188819
v 0.303564 2.289316 -1.248936
v 0.414591 2.289316 -1.188819
v 0.414591 2.289316 -1.248936
v 0.282456 2.289316 -1.160374
v 0.282456 2.289316 -1.277381
v 0.435699 2.289316 -1.277381
v 0.435699 2.289316 -1.160374
v 0.303564 2.316851 -1.188819
v 0.303564 2.316851 -1.248936
v 0.414591 2.316851 -1.188819
v 0.414591 2.316851 -1.248936
v 0.282456 2.219969 -1.160374
v 0.282456 2.219969 -1.277381
v 0.435699 2.219969 -1.160374
v 0.435699 2.219969 -1.277381
v 0.159970 0.286951 -1.053934
v 0.159970 1.451254 -1.053934
v 0.159970 0.286951 -1.065242
v 0.159970 1.451254 -1.065242
v 0.171278 0.286951 -1.053934
v 0.171278 1.451254 -1.053934
v 0.171278 0.286951 -1.065242
v 0.171278 1.451254 -1.065242
v 0.270235 0.286951 -1.053934
v 0.270235 1.451254 -1.053934
v 0.270235 0.286951 -1.065242
v 0.270235 1.451254 -1.065242
v 0.281543 0.286951 -1.053934
v 0.281543 1.451254 -1.053934
v 0.281543 0.286951 -1.065242
v 0.281543 1.451254 -1.065242
v 0.438512 0.286951 -1.053934
v 0.438512 1.451254 -1.053934
v 0.438512 0.286951 -1.065242
v 0.438512 1.451254 -1.065242
v 0.449820 0.286951 -1.053934
v 0.449820 1.451254 -1.053934
v 0.449820 0.286951 -1.065242
v 0.449820 1.451254 -1.065242
v 0.548777 0.286951 -1.053934
v 0.548777 1.451254 -1.053934
v 0.548777 0.286951 -1.065242
v 0.548777 1.451254 -1.065242
v 0.560085 0.286951 -1.053934
v 0.560085 1.451254 -1.053934
v 0.560085 0.286951 -1.065242
v 0.560085 1.451254 -1.065242
v 0.159970 0.286951 -1.368807
v 0.159970 1.451254 -1.368807
v 0.159970 0.286951 -1.380115
v 0.159970 1.451254 -1.380115
v 0.171278 0.286951 -1.368807
v 0.171278 1.451254 -1.368807
v 0.171278 0.286951 -1.380115
v 0.171278 1.451254 -1.380115
v 0.270235 0.286951 -1.368807
v 0.270235 1.451254 -1.368807
v 0.270235 0.286951 -1.380115
v 0.270235 1.451254 -1.380115
v 0.281543 0.286951 -1.368807
v 0.281543 1.451254 -1.368807
v 0.281543 0.286951 -1.380115
v 0.281543 1.451254 -1.380115
v 0.438512 0.286951 -1.368807
v 0.438512 1.451254 -1.368807
v 0.438512 0.286951 -1.380115
v 0.438512 1.451254 -1.380115
v 0.449820 0.286951 -1.368807
v 0.449820 1.451254 -1.368807
v 0.449820 0.286951 -1.380115
v 0.449820 1.451254 -1.380115
v 0.548777 0.286951 -1.368807
v 0.548777 1.451254 -1.368807
v 0.548777 0.286951 -1.380115
v 0.548777 1.451254 -1.380115
v 0.560085 0.286951 -1.368807
v 0.560085 1.451254 -1.368807
v 0.560085 0.286951 -1.380115
v 0.560085 1.451254 -1.380115
v 0.560084 0.286951 -1.279442
v 0.560084 1.451254 -1.279442
v 0.560084 0.286951 -1.268134
v 0.560084 1.451254 -1.268134
v 0.548776 0.286951 -1.279442
v 0.548776 1.451254 -1.279442
v 0.548776 0.286951 -1.268134
v 0.548776 1.451254 -1.268134
v 0.449819 0.286951 -1.347147
v 0.449819 1.451254 -1.347147
v 0.449819 0.286951 -1.335839
v 0.449819 1.451254 -1.335839
v 0.438511 0.286951 -1.347147
v 0.438511 1.451254 -1.347147
v 0.438511 0.286951 -1.335839
v 0.438511 1.451254 -1.335839
v 0.281542 0.286951 -1.347147
v 0.281542 1.451254 -1.347147
v 0.281542 0.286951 -1.335839
v 0.281542 1.451254 -1.335839
v 0.270234 0.286951 -1.347147
v 0.270234 1.451254 -1.347147
v 0.270234 0.286951 -1.335839
v 0.270234 1.451254 -1.335839
v 0.171277 0.286951 -1.279442
v 0.171277 1.451254 -1.279442
v 0.171277 0.286951 -1.268134
v 0.171277 1.451254 -1.268134
v 0.159969 0.286951 -1.279442
v 0.159969 1.451254 -1.279442
v 0.159969 0.286951 -1.268134
v 0.159969 1.451254 -1.268134
v 0.560084 0.286951 -1.156454
v 0.560084 1.451254 -1.156454
v 0.560084 0.286951 -1.145146
v 0.560084 1.451254 -1.145146
v 0.548776 0.286951 -1.156454
v 0.548776 1.451254 -1.156454
v 0.548776 0.286951 -1.145146
v 0.548776 1.451254 -1.145146
v 0.449819 0.286951 -1.100067
v 0.449819 1.451254 -1.100067
v 0.449819 0.286951 -1.088759
v 0.449819 1.451254 -1.088759
v 0.438511 0.286951 -1.100067
v 0.438511 1.451254 -1.100067
v 0.438511 0.286951 -1.088759
v 0.438511 1.451254 -1.088759
v 0.281542 0.286951 -1.100067
v 0.281542 1.451254 -1.100067
v 0.281542 0.286951 -1.088759
v 0.281542 1.451254 -1.088759
v 0.270234 0.286951 -1.100067
v 0.270234 1.451254 -1.100067
v 0.270234 0.286951 -1.088759
v 0.270234 1.451254 -1.088759
v 0.171277 0.286951 -1.156454
v 0.171277 1.451254 -1.156454
v 0.171277 0.286951 -1.145146
v 0.171277 1.451254 -1.145146
v 0.159969 0.286951 -1.156454
v 0.159969 1.451254 -1.156454
v 0.159969 0.286951 -1.145146
v 0.159969 1.451254 -1.145146
v 0.277851 1.441350 -1.341987
v 0.441985 1.441350 -1.341987
v 0.441985 1.441350 -1.093344
v 0.277851 1.441350 -1.093344
v 0.163398 1.441350 -1.377209
v 0.277851 1.441350 -1.377209
v 0.277851 1.441350 -1.058123
v 0.163398 1.441350 -1.058123
v 0.441985 1.441350 -1.058123
v 0.556437 1.441350 -1.058123
v 0.556437 1.441350 -1.377209
v 0.441985 1.441350 -1.377209
v 0.252875 1.441350 -1.282283
v 0.466961 1.441350 -1.282283
v 0.466961 1.441350 -1.153049
v 0.252875 1.441350 -1.153049
v 0.188374 1.441350 -1.352233
v 0.252875 1.441350 -1.352233
v 0.252875 1.441350 -1.083098
v 0.188374 1.441350 -1.083098
v 0.466961 1.441350 -1.083098
v 0.531462 1.441350 -1.083098
v 0.531462 1.441350 -1.352233
v 0.466961 1.441350 -1.352233
v 0.273788 1.433682 -1.337924
v 0.256939 1.433682 -1.286346
v 0.462898 1.433682 -1.286346
v 0.446049 1.433682 -1.337924
v 0.446049 1.433682 -1.097407
v 0.462898 1.433682 -1.148986
v 0.256939 1.433682 -1.148986
v 0.273788 1.433682 -1.097407
v 0.167461 1.433682 -1.373146
v 0.184310 1.433682 -1.356296
v 0.256939 1.433682 -1.356296
v 0.273788 1.433682 -1.373146
v 0.273788 1.433682 -1.062186
v 0.256939 1.433682 -1.079035
v 0.184310 1.433682 -1.079035
v 0.167461 1.433682 -1.062186
v 0.552374 1.433682 -1.062186
v 0.535525 1.433682 -1.079035
v 0.462898 1.433682 -1.079035
v 0.446049 1.433682 -1.062186
v 0.446049 1.433682 -1.373146
v 0.462898 1.433682 -1.356296
v 0.535525 1.433682 -1.356296
v 0.552374 1.433682 -1.373146
v 0.180648 1.395200 -1.075597
v 0.180648 1.853144 -1.075597
v 0.180648 1.395200 -1.086905
v 0.180648 1.853144 -1.086905
v 0.191956 1.395200 -1.075597
v 0.191956 1.853144 -1.075597
v 0.191956 1.395200 -1.086905
v 0.191956 1.853144 -1.086905
v 0.249557 1.395200 -1.075597
v 0.249557 1.853144 -1.075597
v 0.249557 1.395200 -1.086905
v 0.249557 1.853144 -1.086905
v 0.260864 1.395200 -1.075597
v 0.260864 1.853144 -1.075597
v 0.260864 1.395200 -1.086905
v 0.260864 1.853144 -1.086905
v 0.459190 1.395200 -1.075597
v 0.459190 1.853144 -1.075597
v 0.459190 1.395200 -1.086905
v 0.459190 1.853144 -1.086905
v 0.470498 1.395200 -1.075597
v 0.470498 1.853144 -1.075597
v 0.470498 1.395200 -1.086905
v 0.470498 1.853144 -1.086905
v 0.528099 1.395200 -1.075597
v 0.528099 1.853144 -1.075597
v 0.528099 1.395200 -1.086905
v 0.528099 1.853144 -1.086905
v 0.539406 1.395200 -1.075597
v 0.539406 1.853144 -1.075597
v 0.539406 1.395200 -1.086905
v 0.539406 1.853144 -1.086905
v 0.180648 1.395200 -1.349146
v 0.180648 1.853144 -1.349146
v 0.180648 1.395200 -1.360454
v 0.180648 1.853144 -1.360454
v 0.191956 1.395200 -1.349146
v 0.191956 1.853144 -1.349146
v 0.191956 1.395200 -1.360454
v 0.191956 1.853144 -1.360454
v 0.249557 1.395200 -1.349146
v 0.249557 1.853144 -1.349146
v 0.249557 1.395200 -1.360454
v 0.249557 1.853144 -1.360454
v 0.260864 1.395200 -1.349146
v 0.260864 1.853144 -1.349146
v 0.260864 1.395200 -1.360454
v 0.260864 1.853144 -1.360454
v 0.459190 1.395200 -1.349146
v 0.459190 1.853144 -1.349146
v 0.459190 1.395200 -1.360454
v 0.459190 1.853144 -1.360454
v 0.470498 1.395200 -1.349146
v 0.470498 1.853144 -1.349146
v 0.470498 1.395200 -1.360454
v 0.470498 1.853144 -1.360454
v 0.528099 1.395200 -1.349146
v 0.528099 1.853144 -1.349146
v 0.528099 1.395200 -1.360454
v 0.528099 1.853144 -1.360454
v 0.539406 1.395200 -1.349146
v 0.539406 1.853144 -1.349146
v 0.539406 1.395200 -1.360454
v 0.539406 1.853144 -1.360454
v 0.252875 1.845461 -1.282283
v 0.466961 1.845461 -1.282283
v 0.466961 1.845461 -1.153049
v 0.252875 1.845461 -1.153049
v 0.188374 1.845461 -1.352233
v 0.252875 1.845461 -1.352233
v 0.252875 1.845461 -1.083098
v 0.188374 1.845461 -1.083098
v 0.466961 1.845461 -1.083098
v 0.531462 1.845461 -1.083098
v 0.531462 1.845461 -1.352233
v 0.466961 1.845461 -1.352233
v 0.241027 1.839641 -1.270434
v 0.478810 1.839641 -1.270434
v 0.478810 1.839641 -1.164897
v 0.241027 1.839641 -1.164897
v 0.200222 1.839641 -1.340385
v 0.241027 1.839641 -1.340385
v 0.241027 1.839641 -1.094947
v 0.200222 1.839641 -1.094947
v 0.478810 1.839641 -1.094947
v 0.519613 1.839641 -1.094947
v 0.519613 1.839641 -1.340385
v 0.478810 1.839641 -1.340385
v 0.233684 1.993770 -1.137431
v 0.233684 1.993770 -1.300324
v 0.484470 1.993770 -1.300324
v 0.484470 1.993770 -1.137431
v 0.282456 1.986076 -1.160374
v 0.282456 1.986076 -1.277381
v 0.435699 1.986076 -1.277381
v 0.435699 1.986076 -1.160374
v 0.233684 1.986076 -1.137431
v 0.233684 1.986076 -1.300324
v 0.484470 1.986076 -1.300324
v 0.484470 1.986076 -1.137431
v 0.283330 1.986076 -1.168081
v 0.283535 1.986076 -1.271151
v 0.430336 1.986076 -1.279973
v 0.435054 1.986076 -1.167055
v 0.229165 1.986076 -1.142601
v 0.229370 1.986076 -1.296631
v 0.484501 1.986076 -1.305453
v 0.489219 1.986076 -1.141575
v 0.283330 2.289463 -1.168081
v 0.283535 2.289463 -1.271151
v 0.430336 2.289463 -1.279973
v 0.435054 2.289463 -1.167055
v 0.275353 2.289463 -1.164329
v 0.275558 2.289463 -1.274904
v 0.437033 2.289463 -1.283123
v 0.441752 2.289463 -1.163905
v 0.287597 1.986076 -1.159010
v 0.287802 1.986076 -1.280222
v 0.434603 1.986076 -1.270902
v 0.430787 1.986076 -1.157984
v 0.233432 1.986076 -1.133530
v 0.233637 1.986076 -1.305702
v 0.488768 1.986076 -1.296382
v 0.484952 1.986076 -1.132504
v 0.287597 2.289463 -1.159010
v 0.287802 2.289463 -1.280222
v 0.434603 2.289463 -1.270902
v 0.430787 2.289463 -1.157984
v 0.279620 2.289463 -1.155258
v 0.279826 2.289463 -1.283974
v 0.441301 2.289463 -1.274052
v 0.437485 2.289463 -1.154834
v 0.378029 1.986076 -1.193881
v 0.378029 2.289463 -1.193881
v 0.340561 1.986076 -1.244325
v 0.340561 2.289463 -1.244325
v 0.373310 1.986076 -1.253146
v 0.373310 2.289463 -1.253146
v 0.340356 2.289463 -1.194907
v 0.340356 1.986076 -1.194907
v 0.373761 1.986076 -1.184811
v 0.373761 2.289463 -1.184811
v 0.344828 1.986076 -1.253396
v 0.344828 2.289463 -1.253396
v 0.377577 1.986076 -1.244075
v 0.377577 2.289463 -1.244075
v 0.344623 2.289463 -1.185836
v 0.344623 1.986076 -1.185836
v 0.314949 2.316851 -1.200204
v 0.314949 2.316851 -1.237551
v 0.403205 2.316851 -1.237551
v 0.403205 2.316851 -1.200204
v 0.303564 2.316851 -1.188819
v 0.303564 2.316851 -1.248936
v 0.414591 2.316851 -1.248936
v 0.414591 2.316851 -1.188819
v 0.348285 2.380091 -1.206689
v 0.348285 2.380091 -1.231066
v 0.369870 2.380091 -1.231066
v 0.369870 2.380091 -1.206689
v 0.314949 2.380091 -1.200204
v 0.314949 2.380091 -1.237551
v 0.403205 2.380091 -1.237551
v 0.403205 2.380091 -1.200204
v 0.351898 2.408617 -1.210770
v 0.351898 2.408617 -1.226985
v 0.366256 2.408617 -1.226985
v 0.366256 2.408617 -1.210770
v 0.351898 2.682809 -1.210770
v 0.351898 2.682809 -1.226985
v 0.366256 2.682809 -1.226985
v 0.366256 2.682809 -1.210770
v 0.344121 2.375514 -1.216531
v 0.344217 2.375514 -1.220844
v 0.372737 2.375514 -1.224989
v 0.374953 2.375514 -1.216049
v 0.318672 2.375514 -1.204560
v 0.318768 2.375514 -1.232816
v 0.398185 2.375514 -1.236960
v 0.400402 2.375514 -1.204078
v 0.344121 2.493067 -1.216531
v 0.344217 2.493067 -1.220844
v 0.372737 2.493067 -1.224989
v 0.374953 2.493067 -1.216049
v 0.340373 2.493067 -1.214768
v 0.340469 2.493067 -1.222607
v 0.375883 2.493067 -1.226469
v 0.378100 2.493067 -1.214569
v 0.346126 2.375514 -1.212270
v 0.346222 2.375514 -1.225106
v 0.374741 2.375514 -1.220727
v 0.372948 2.375514 -1.211788
v 0.320677 2.375514 -1.200298
v 0.320773 2.375514 -1.237078
v 0.400190 2.375514 -1.232698
v 0.398397 2.375514 -1.199816
v 0.346126 2.493067 -1.212270
v 0.346222 2.493067 -1.225106
v 0.374741 2.493067 -1.220727
v 0.372948 2.493067 -1.211788
v 0.342378 2.493067 -1.210507
v 0.342474 2.493067 -1.226869
v 0.377888 2.493067 -1.222207
v 0.376095 2.493067 -1.210307
v 0.363978 2.375514 -1.221213
v 0.363978 2.493067 -1.221213
v 0.355193 2.375514 -1.215681
v 0.355193 2.493067 -1.215681
v 0.361761 2.375514 -1.219826
v 0.361761 2.493067 -1.219826
v 0.355096 2.493067 -1.221695
v 0.355096 2.375514 -1.221695
v 0.361973 2.375514 -1.216951
v 0.361973 2.493067 -1.216951
v 0.357198 2.375514 -1.219943
v 0.357198 2.493067 -1.219943
v 0.363766 2.375514 -1.215564
v 0.363766 2.493067 -1.215564
v 0.357101 2.493067 -1.217433
v 0.357101 2.375514 -1.217433
v 0.466961 1.630007 -1.282283
v 0.466961 1.630007 -1.352233
v 0.466961 1.630007 -1.153049
v 0.252875 1.630007 -1.153049
v 0.188374 1.630007 -1.083098
v 0.188374 1.630007 -1.352233
v 0.531462 1.630007 -1.352233
v 0.252875 1.630007 -1.352233
v 0.252875 1.630007 -1.282283
v 0.252875 1.630007 -1.083098
v 0.531462 1.630007 -1.083098
v 0.466961 1.630007 -1.083098
v 0.594038 0.549441 -1.110073
v 0.125798 0.549441 -1.110073
v 0.594038 0.549441 -1.325259
v 0.125798 0.549441 -1.325259
v 0.615221 0.549441 -1.110073
v 0.104615 0.549441 -1.110073
v 0.104615 0.549441 -1.325259
v 0.615221 0.549441 -1.325259
v 0.615221 0.549441 -0.991275
v 0.104615 0.549441 -0.991275
v 0.104615 0.549441 -1.444054
v 0.615221 0.549441 -1.444054
v 0.603245 -0.003413 -1.119280
v 0.116591 -0.003413 -1.119280
v 0.603245 -0.003413 -1.316051
v 0.116591 -0.003413 -1.316051
v 0.624428 -0.003413 -1.119280
v 0.095408 -0.003413 -1.119280
v 0.095408 -0.003413 -1.316051
v 0.624428 -0.003413 -1.316052
v 0.624428 -0.003413 -0.982068
v 0.095408 -0.003413 -0.982068
v 0.095408 -0.003413 -1.453262
v 0.624428 -0.003413 -1.453261
v 0.116591 0.549441 -1.316051
v 0.116591 0.549441 -1.119280
v 0.603245 0.549441 -1.119280
v 0.603245 0.549441 -1.316051
v 0.095408 0.549441 -1.316051
v 0.095408 0.549441 -1.453262
v 0.624428 0.549441 -1.453261
v 0.624428 0.549441 -1.316052
v 0.095408 0.549441 -1.119280
v 0.095408 0.549441 -0.982068
v 0.624428 0.549441 -0.982068
v 0.624428 0.549441 -1.119280
v 0.125798 0.531633 -1.325259
v 0.125798 0.531633 -1.110073
v 0.594038 0.531633 -1.110073
v 0.594038 0.531633 -1.325259
v 0.104615 0.531633 -1.325259
v 0.104615 0.531633 -1.444054
v 0.615221 0.531633 -1.444054
v 0.615221 0.531633 -1.325259
v 0.104615 0.531633 -1.110073
v 0.104615 0.531633 -0.991275
v 0.615221 0.531633 -0.991275
v 0.615221 0.531633 -1.110073
vt 0.476483 0.622286
vt 0.476483 0.886539
vt 0.524895 0.886539
vt 0.524895 0.622286
vt 0.524912 0.622286
vt 0.524912 0.886539
vt 0.476731 0.886539
vt 0.476731 0.622286
vt 0.611089 0.886539
vt 0.611089 0.622286
vt 0.564404 0.622286
vt 0.564404 0.886539
vt 0.611089 0.622286
vt 0.611089 0.886539
vt 0.564404 0.886539
vt 0.564404 0.622286
vt 0.491039 0.886539
vt 0.491039 0.622286
vt 0.484635 0.622286
vt 0.484635 0.886539
vt 0.491039 0.622286
vt 0.491039 0.886539
vt 0.484635 0.886539
vt 0.484635 0.622286
vt 0.477216 0.886539
vt 0.477216 0.622286
vt 0.511079 0.622286
vt 0.511079 0.886539
vt 0.476684 0.622286
vt 0.476684 0.886539
vt 0.510368 0.886539
vt 0.510368 0.622286
vt 0.477445 0.622286
vt 0.477445 0.886539
vt 0.511308 0.886539
vt 0.511308 0.622286
vt 0.564292 0.886539
vt 0.564292 0.622286
vt 0.597975 0.622286
vt 0.597975 0.886539
vt 0.484584 0.886539
vt 0.484584 0.622286
vt 0.490988 0.622286
vt 0.490988 0.886539
vt 0.484584 0.622286
vt 0.484584 0.886539
vt 0.490988 0.886539
vt 0.490988 0.622286
vt 0.125000 0.500000
vt 0.125000 0.500000
vt 0.125000 0.500000
vt 0.375000 0.500000
vt 0.375000 0.500000
vt 0.375000 0.500000
vt 0.375000 0.750000
vt 0.375000 0.750000
vt 0.375000 0.750000
vt 0.125000 0.750000
vt 0.125000 0.750000
vt 0.125000 0.750000
vt 0.522094 0.905638
vt 0.511092 0.905638
vt 0.511092 0.981155
vt 0.522094 0.981155
vt 0.157417 0.149687
vt 0.155960 0.163965
vt 0.155322 0.164960
vt 0.156815 0.148070
vt 0.162375 0.171431
vt 0.161819 0.172550
vt 0.184782 0.166864
vt 0.181526 0.171593
vt 0.180610 0.170088
vt 0.183747 0.165530
vt 0.174216 0.217467
vt 0.175104 0.165456
vt 0.175969 0.167460
vt 0.174809 0.216367
vt 0.180369 0.146778
vt 0.180829 0.144555
vt 0.154899 0.245947
vt 0.153022 0.219939
vt 0.153967 0.221125
vt 0.155370 0.243845
vt 0.161848 0.219066
vt 0.161040 0.217443
vt 0.180509 0.225676
vt 0.181119 0.224777
vt 0.183841 0.221971
vt 0.181263 0.247126
vt 0.180641 0.245400
vt 0.183157 0.222815
vt 0.155943 0.215188
vt 0.156820 0.216465
vt 0.181264 0.161776
vt 0.182253 0.163409
vt 0.182758 0.138022
vt 0.182248 0.140376
vt 0.185996 0.245836
vt 0.147132 0.245837
vt 0.147132 0.245837
vt 0.185996 0.245836
vt 0.484095 0.905638
vt 0.517765 0.905638
vt 0.517765 0.981155
vt 0.484095 0.981155
vt 0.522094 0.905638
vt 0.479766 0.905638
vt 0.479766 0.981155
vt 0.522094 0.981155
vt 0.579669 0.905638
vt 0.569525 0.905638
vt 0.569525 0.981155
vt 0.579669 0.981155
vt 0.605962 0.905638
vt 0.595817 0.905638
vt 0.595817 0.981155
vt 0.605962 0.981155
vt 0.511092 0.905638
vt 0.522094 0.905638
vt 0.522094 0.981155
vt 0.511092 0.981155
vt 0.479766 0.905638
vt 0.490767 0.905638
vt 0.490767 0.981155
vt 0.479766 0.981155
vt 0.483156 0.905638
vt 0.493300 0.905638
vt 0.493300 0.981155
vt 0.483156 0.981155
vt 0.479766 0.905638
vt 0.522094 0.905638
vt 0.522094 0.981155
vt 0.479766 0.981155
vt 0.517765 0.905638
vt 0.484095 0.905638
vt 0.484095 0.981155
vt 0.517765 0.981155
vt 0.490767 0.905638
vt 0.479766 0.905638
vt 0.479766 0.981155
vt 0.490767 0.981155
vt 0.509276 0.905638
vt 0.519420 0.905638
vt 0.519420 0.981155
vt 0.509276 0.981155
vt 0.490573 0.886169
vt 0.490573 0.982009
vt 0.512214 0.982009
vt 0.512214 0.886169
vt 0.482118 0.886169
vt 0.482118 0.982009
vt 0.520942 0.982009
vt 0.520942 0.886169
vt 0.598685 0.886169
vt 0.598685 0.982009
vt 0.576702 0.982009
vt 0.576702 0.886169
vt 0.520942 0.886169
vt 0.520942 0.982009
vt 0.482118 0.982009
vt 0.482118 0.886169
vt 0.125000 0.500000
vt 0.375000 0.500000
vt 0.375000 0.750000
vt 0.125000 0.750000
vt 0.597875 0.974834
vt 0.577585 0.974834
vt 0.577585 0.982312
vt 0.597875 0.982312
vt 0.145970 0.090024
vt 0.145970 0.128089
vt 0.142024 0.130218
vt 0.142024 0.087895
vt 0.202089 0.128089
vt 0.206035 0.130218
vt 0.202089 0.090024
vt 0.206035 0.087895
vt 0.578374 0.882065
vt 0.598285 0.882065
vt 0.598285 0.886678
vt 0.578374 0.886678
vt 0.570318 0.974834
vt 0.604945 0.974834
vt 0.604945 0.982312
vt 0.570318 0.982312
vt 0.604945 0.974834
vt 0.570318 0.974834
vt 0.570318 0.982312
vt 0.604945 0.982312
vt 0.577585 0.974834
vt 0.597875 0.974834
vt 0.597875 0.982312
vt 0.577585 0.982312
vt 0.432852 0.148275
vt 0.432852 0.128949
vt 0.438972 0.119805
vt 0.438972 0.157419
vt 0.400662 0.128949
vt 0.394542 0.119805
vt 0.400661 0.148275
vt 0.394542 0.157419
vt 0.598285 0.886678
vt 0.578374 0.886678
vt 0.598285 0.882065
vt 0.578374 0.882065
vt 0.578374 0.886678
vt 0.598285 0.886678
vt 0.584329 0.882065
vt 0.592330 0.882065
vt 0.592330 0.886678
vt 0.584329 0.886678
vt 0.592330 0.882065
vt 0.584329 0.882065
vt 0.584329 0.886678
vt 0.592330 0.886678
vt 0.535578 0.934585
vt 0.552681 0.934585
vt 0.552681 0.973585
vt 0.535578 0.973585
vt 0.566022 0.934585
vt 0.536069 0.934585
vt 0.536069 0.973585
vt 0.566022 0.973585
vt 0.536069 0.934585
vt 0.566022 0.934585
vt 0.566022 0.973585
vt 0.536069 0.973585
vt 0.552681 0.934585
vt 0.535578 0.934585
vt 0.535578 0.973585
vt 0.552681 0.973585
vt 0.549872 0.641801
vt 0.549872 0.958318
vt 0.552314 0.958318
vt 0.552314 0.641801
vt 0.549872 0.641801
vt 0.549872 0.958318
vt 0.552314 0.958318
vt 0.552314 0.641801
vt 0.549872 0.958318
vt 0.549872 0.641801
vt 0.552314 0.641801
vt 0.552314 0.958318
vt 0.549872 0.801597
vt 0.552314 0.801597
vt 0.552314 0.798523
vt 0.549872 0.798523
vt 0.552314 0.801597
vt 0.549872 0.801597
vt 0.549872 0.798523
vt 0.552314 0.798523
vt 0.564952 0.641801
vt 0.564952 0.958318
vt 0.567394 0.958318
vt 0.567394 0.641801
vt 0.564952 0.641801
vt 0.564952 0.958318
vt 0.567394 0.958318
vt 0.567394 0.641801
vt 0.564952 0.958318
vt 0.564952 0.641801
vt 0.567394 0.641801
vt 0.567394 0.958318
vt 0.564952 0.801597
vt 0.567394 0.801597
vt 0.567394 0.798523
vt 0.564952 0.798523
vt 0.567394 0.801597
vt 0.564952 0.801597
vt 0.564952 0.798523
vt 0.567394 0.798523
vt 0.536645 0.641801
vt 0.536645 0.958318
vt 0.539087 0.958318
vt 0.539087 0.641801
vt 0.536645 0.641801
vt 0.536645 0.958318
vt 0.539087 0.958318
vt 0.539087 0.641801
vt 0.536645 0.958318
vt 0.536645 0.641801
vt 0.539087 0.641801
vt 0.539087 0.958318
vt 0.536645 0.801597
vt 0.539087 0.801597
vt 0.539087 0.798523
vt 0.536645 0.798523
vt 0.539087 0.801597
vt 0.536645 0.801597
vt 0.536645 0.798523
vt 0.539087 0.798523
vt 0.549872 0.641801
vt 0.549872 0.958318
vt 0.552314 0.958318
vt 0.552314 0.641801
vt 0.549872 0.641801
vt 0.549872 0.958318
vt 0.552314 0.958318
vt 0.552314 0.641801
vt 0.549872 0.958318
vt 0.549872 0.641801
vt 0.552314 0.641801
vt 0.552314 0.958318
vt 0.549872 0.801597
vt 0.552314 0.801597
vt 0.552314 0.798523
vt 0.549872 0.798523
vt 0.552314 0.801597
vt 0.549872 0.801597
vt 0.549872 0.798523
vt 0.552314 0.798523
vt 0.549872 0.641801
vt 0.549872 0.958318
vt 0.552314 0.958318
vt 0.552314 0.641801
vt 0.549872 0.641801
vt 0.549872 0.958318
vt 0.552314 0.958318
vt 0.552314 0.641801
vt 0.549872 0.958318
vt 0.549872 0.641801
vt 0.552314 0.641801
vt 0.552314 0.958318
vt 0.549872 0.801597
vt 0.552314 0.801597
vt 0.552314 0.798523
vt 0.549872 0.798523
vt 0.552314 0.801597
vt 0.549872 0.801597
vt 0.549872 0.798523
vt 0.552314 0.798523
vt 0.564952 0.641801
vt 0.564952 0.958318
vt 0.567394 0.958318
vt 0.567394 0.641801
vt 0.564952 0.641801
vt 0.564952 0.958318
vt 0.567394 0.958318
vt 0.567394 0.641801
vt 0.564952 0.958318
vt 0.564952 0.641801
vt 0.567394 0.641801
vt 0.567394 0.958318
vt 0.564952 0.801597
vt 0.567394 0.801597
vt 0.567394 0.798523
vt 0.564952 0.798523
vt 0.567394 0.801597
vt 0.564952 0.801597
vt 0.564952 0.798523
vt 0.567394 0.798523
vt 0.536645 0.641801
vt 0.536645 0.958318
vt 0.539087 0.958318
vt 0.539087 0.641801
vt 0.536645 0.641801
vt 0.536645 0.958318
vt 0.539087 0.958318
vt 0.539087 0.641801
vt 0.536645 0.958318
vt 0.536645 0.641801
vt 0.539087 0.641801
vt 0.539087 0.958318
vt 0.536645 0.801597
vt 0.539087 0.801597
vt 0.539087 0.798523
vt 0.536645 0.798523
vt 0.539087 0.801597
vt 0.536645 0.801597
vt 0.536645 0.798523
vt 0.539087 0.798523
vt 0.549872 0.641801
vt 0.549872 0.958318
vt 0.552314 0.958318
vt 0.552314 0.641801
vt 0.549872 0.641801
vt 0.549872 0.958318
vt 0.552314 0.958318
vt 0.552314 0.641801
vt 0.549872 0.958318
vt 0.549872 0.641801
vt 0.552314 0.641801
vt 0.552314 0.958318
vt 0.549872 0.801597
vt 0.552314 0.801597
vt 0.552314 0.798523
vt 0.549872 0.798523
vt 0.552314 0.801597
vt 0.549872 0.801597
vt 0.549872 0.798523
vt 0.552314 0.798523
vt 0.549872 0.641801
vt 0.549872 0.958318
vt 0.552314 0.958318
vt 0.552314 0.641801
vt 0.549872 0.641801
vt 0.549872 0.958318
vt 0.552314 0.958318
vt 0.552314 0.641801
vt 0.549872 0.958318
vt 0.549872 0.641801
vt 0.552314 0.641801
vt 0.552314 0.958318
vt 0.549872 0.801597
vt 0.552314 0.801597
vt 0.552314 0.798523
vt 0.549872 0.798523
vt 0.552314 0.801597
vt 0.549872 0.801597
vt 0.549872 0.798523
vt 0.552314 0.798523
vt 0.564952 0.641801
vt 0.564952 0.958318
vt 0.567394 0.958318
vt 0.567394 0.641801
vt 0.564952 0.641801
vt 0.564952 0.958318
vt 0.567394 0.958318
vt 0.567394 0.641801
vt 0.564952 0.958318
vt 0.564952 0.641801
vt 0.567394 0.641801
vt 0.567394 0.958318
vt 0.564952 0.801597
vt 0.567394 0.801597
vt 0.567394 0.798523
vt 0.564952 0.798523
vt 0.567394 0.801597
vt 0.564952 0.801597
vt 0.564952 0.798523
vt 0.567394 0.798523
vt 0.536645 0.641801
vt 0.536645 0.958318
vt 0.539087 0.958318
vt 0.539087 0.641801
vt 0.536645 0.641801
vt 0.536645 0.958318
vt 0.539087 0.958318
vt 0.539087 0.641801
vt 0.536645 0.958318
vt 0.536645 0.641801
vt 0.539087 0.641801
vt 0.539087 0.958318
vt 0.536645 0.801597
vt 0.539087 0.801597
vt 0.539087 0.798523
vt 0.536645 0.798523
vt 0.539087 0.801597
vt 0.536645 0.801597
vt 0.536645 0.798523
vt 0.539087 0.798523
vt 0.549872 0.641801
vt 0.549872 0.958318
vt 0.552314 0.958318
vt 0.552314 0.641801
vt 0.549872 0.641801
vt 0.549872 0.958318
vt 0.552314 0.958318
vt 0.552314 0.641801
vt 0.549872 0.958318
vt 0.549872 0.641801
vt 0.552314 0.641801
vt 0.552314 0.958318
vt 0.549872 0.801597
vt 0.552314 0.801597
vt 0.552314 0.798523
vt 0.549872 0.798523
vt 0.552314 0.801597
vt 0.549872 0.801597
vt 0.549872 0.798523
vt 0.552314 0.798523
vt 0.549872 0.641801
vt 0.549872 0.958318
vt 0.552314 0.958318
vt 0.552314 0.641801
vt 0.549872 0.641801
vt 0.549872 0.958318
vt 0.552314 0.958318
vt 0.552314 0.641801
vt 0.549872 0.958318
vt 0.549872 0.641801
vt 0.552314 0.641801
vt 0.552314 0.958318
vt 0.549872 0.801597
vt 0.552314 0.801597
vt 0.552314 0.798523
vt 0.549872 0.798523
vt 0.552314 0.801597
vt 0.549872 0.801597
vt 0.549872 0.798523
vt 0.552314 0.798523
vt 0.564952 0.641801
vt 0.564952 0.958318
vt 0.567394 0.958318
vt 0.567394 0.641801
vt 0.564952 0.641801
vt 0.564952 0.958318
vt 0.567394 0.958318
vt 0.567394 0.641801
vt 0.564952 0.958318
vt 0.564952 0.641801
vt 0.567394 0.641801
vt 0.567394 0.958318
vt 0.564952 0.801597
vt 0.567394 0.801597
vt 0.567394 0.798523
vt 0.564952 0.798523
vt 0.567394 0.801597
vt 0.564952 0.801597
vt 0.564952 0.798523
vt 0.567394 0.798523
vt 0.536645 0.641801
vt 0.536645 0.958318
vt 0.539087 0.958318
vt 0.539087 0.641801
vt 0.536645 0.641801
vt 0.536645 0.958318
vt 0.539087 0.958318
vt 0.539087 0.641801
vt 0.536645 0.958318
vt 0.536645 0.641801
vt 0.539087 0.641801
vt 0.539087 0.958318
vt 0.536645 0.801597
vt 0.539087 0.801597
vt 0.539087 0.798523
vt 0.536645 0.798523
vt 0.539087 0.801597
vt 0.536645 0.801597
vt 0.536645 0.798523
vt 0.539087 0.798523
vt 0.549872 0.641801
vt 0.549872 0.958318
vt 0.552314 0.958318
vt 0.552314 0.641801
vt 0.549872 0.641801
vt 0.549872 0.958318
vt 0.552314 0.958318
vt 0.552314 0.641801
vt 0.549872 0.958318
vt 0.549872 0.641801
vt 0.552314 0.641801
vt 0.552314 0.958318
vt 0.549872 0.801597
vt 0.552314 0.801597
vt 0.552314 0.798523
vt 0.549872 0.798523
vt 0.552314 0.801597
vt 0.549872 0.801597
vt 0.549872 0.798523
vt 0.552314 0.798523
vt 0.156077 0.173493
vt 0.155600 0.214654
vt 0.155645 0.174070
vt 0.180705 0.215853
vt 0.181885 0.172217
vt 0.181174 0.215295
vt 0.154610 0.141296
vt 0.153029 0.168074
vt 0.152583 0.168666
vt 0.154337 0.140377
vt 0.183010 0.137149
vt 0.185265 0.167554
vt 0.184310 0.221453
vt 0.181491 0.248036
vt 0.154667 0.246716
vt 0.152583 0.219349
vt 0.162753 0.170703
vt 0.162151 0.219748
vt 0.173811 0.218186
vt 0.174778 0.164606
vt 0.157657 0.150551
vt 0.156406 0.163430
vt 0.180923 0.161179
vt 0.180028 0.148016
vt 0.179048 0.239279
vt 0.178825 0.238411
vt 0.180078 0.226166
vt 0.157113 0.238110
vt 0.156290 0.224492
vt 0.156602 0.224980
vt 0.157430 0.237000
vt 0.156639 0.172577
vt 0.180088 0.216762
vt 0.153688 0.167147
vt 0.155325 0.142995
vt 0.179624 0.240924
vt 0.155397 0.223122
vt 0.156684 0.240126
vt 0.508087 0.702623
vt 0.508087 0.872587
vt 0.510529 0.872587
vt 0.510529 0.702623
vt 0.508087 0.702623
vt 0.508087 0.872587
vt 0.510529 0.872587
vt 0.510529 0.702623
vt 0.508087 0.872587
vt 0.508087 0.702623
vt 0.510529 0.702623
vt 0.510529 0.872587
vt 0.508087 0.788431
vt 0.510529 0.788431
vt 0.510529 0.786780
vt 0.508087 0.786780
vt 0.510529 0.788431
vt 0.508087 0.788431
vt 0.508087 0.786780
vt 0.510529 0.786780
vt 0.576928 0.702623
vt 0.576928 0.872587
vt 0.579370 0.872587
vt 0.579370 0.702623
vt 0.576928 0.702623
vt 0.576928 0.872587
vt 0.579370 0.872587
vt 0.579370 0.702623
vt 0.576928 0.872587
vt 0.576928 0.702623
vt 0.579370 0.702623
vt 0.579370 0.872587
vt 0.576928 0.788431
vt 0.579370 0.788431
vt 0.579370 0.786780
vt 0.576928 0.786780
vt 0.579370 0.788431
vt 0.576928 0.788431
vt 0.576928 0.786780
vt 0.579370 0.786780
vt 0.490043 0.702623
vt 0.490043 0.872587
vt 0.492485 0.872587
vt 0.492485 0.702623
vt 0.490043 0.702623
vt 0.490043 0.872587
vt 0.492485 0.872587
vt 0.492485 0.702623
vt 0.490043 0.872587
vt 0.490043 0.702623
vt 0.492485 0.702623
vt 0.492485 0.872587
vt 0.490043 0.788431
vt 0.492485 0.788431
vt 0.492485 0.786780
vt 0.490043 0.786780
vt 0.492485 0.788431
vt 0.490043 0.788431
vt 0.490043 0.786780
vt 0.492485 0.786780
vt 0.508087 0.702623
vt 0.508087 0.872587
vt 0.510529 0.872587
vt 0.510529 0.702623
vt 0.508087 0.702623
vt 0.508087 0.872587
vt 0.510529 0.872587
vt 0.510529 0.702623
vt 0.508087 0.872587
vt 0.508087 0.702623
vt 0.510529 0.702623
vt 0.510529 0.872587
vt 0.508087 0.788431
vt 0.510529 0.788431
vt 0.510529 0.786780
vt 0.508087 0.786780
vt 0.510529 0.788431
vt 0.508087 0.788431
vt 0.508087 0.786780
vt 0.510529 0.786780
vt 0.508087 0.702623
vt 0.508087 0.872587
vt 0.510529 0.872587
vt 0.510529 0.702623
vt 0.508087 0.702623
vt 0.508087 0.872587
vt 0.510529 0.872587
vt 0.510529 0.702623
vt 0.508087 0.872587
vt 0.508087 0.702623
vt 0.510529 0.702623
vt 0.510529 0.872587
vt 0.508087 0.788431
vt 0.510529 0.788431
vt 0.510529 0.786780
vt 0.508087 0.786780
vt 0.510529 0.788431
vt 0.508087 0.788431
vt 0.508087 0.786780
vt 0.510529 0.786780
vt 0.576928 0.702623
vt 0.576928 0.872587
vt 0.579370 0.872587
vt 0.579370 0.702623
vt 0.576928 0.702623
vt 0.576928 0.872587
vt 0.579370 0.872587
vt 0.579370 0.702623
vt 0.576928 0.872587
vt 0.576928 0.702623
vt 0.579370 0.702623
vt 0.579370 0.872587
vt 0.576928 0.788431
vt 0.579370 0.788431
vt 0.579370 0.786780
vt 0.576928 0.786780
vt 0.579370 0.788431
vt 0.576928 0.788431
vt 0.576928 0.786780
vt 0.579370 0.786780
vt 0.490043 0.702623
vt 0.490043 0.872587
vt 0.492485 0.872587
vt 0.492485 0.702623
vt 0.490043 0.702623
vt 0.490043 0.872587
vt 0.492485 0.872587
vt 0.492485 0.702623
vt 0.490043 0.872587
vt 0.490043 0.702623
vt 0.492485 0.702623
vt 0.492485 0.872587
vt 0.490043 0.788431
vt 0.492485 0.788431
vt 0.492485 0.786780
vt 0.490043 0.786780
vt 0.492485 0.788431
vt 0.490043 0.788431
vt 0.490043 0.786780
vt 0.492485 0.786780
vt 0.508087 0.702623
vt 0.508087 0.872587
vt 0.510529 0.872587
vt 0.510529 0.702623
vt 0.508087 0.702623
vt 0.508087 0.872587
vt 0.510529 0.872587
vt 0.510529 0.702623
vt 0.508087 0.872587
vt 0.508087 0.702623
vt 0.510529 0.702623
vt 0.510529 0.872587
vt 0.508087 0.788431
vt 0.510529 0.788431
vt 0.510529 0.786780
vt 0.508087 0.786780
vt 0.510529 0.788431
vt 0.508087 0.788431
vt 0.508087 0.786780
vt 0.510529 0.786780
vt 0.174919 0.237702
vt 0.174919 0.190302
vt 0.176796 0.192664
vt 0.176796 0.235340
vt 0.158208 0.190302
vt 0.158208 0.237702
vt 0.156332 0.235340
vt 0.156332 0.192664
vt 0.185996 0.237702
vt 0.187872 0.235340
vt 0.187872 0.248198
vt 0.147132 0.237702
vt 0.145256 0.248198
vt 0.145256 0.235340
vt 0.147132 0.182168
vt 0.147132 0.190302
vt 0.145256 0.192664
vt 0.145256 0.179807
vt 0.185996 0.190302
vt 0.185996 0.182168
vt 0.187872 0.179807
vt 0.187872 0.192664
vt 0.174919 0.237702
vt 0.185996 0.237702
vt 0.147132 0.237702
vt 0.158208 0.237702
vt 0.158208 0.190302
vt 0.147132 0.190302
vt 0.147132 0.182168
vt 0.185996 0.182168
vt 0.185996 0.190302
vt 0.174919 0.190302
vt 0.552681 0.934585
vt 0.535578 0.934585
vt 0.535578 0.934585
vt 0.552681 0.934585
vt 0.202089 0.128089
vt 0.202089 0.090024
vt 0.145970 0.090024
vt 0.145970 0.128089
vt 0.192153 0.095385
vt 0.155905 0.095385
vt 0.192153 0.122727
vt 0.155905 0.122727
vt 0.536069 0.934585
vt 0.566022 0.934585
vt 0.566022 0.934585
vt 0.536069 0.934585
vt 0.873368 0.851590
vt 0.866965 0.914518
vt 0.866062 0.914518
vt 0.866062 0.851590
vt 0.835526 0.851590
vt 0.841756 0.914518
vt 0.842832 0.914518
vt 0.842832 0.851590
vt 0.872732 0.851590
vt 0.866329 0.914518
vt 0.865425 0.914518
vt 0.865425 0.851590
vt 0.842805 0.851590
vt 0.842805 0.914518
vt 0.841729 0.914518
vt 0.835498 0.851590
vt 0.872793 0.851590
vt 0.865486 0.851590
vt 0.865486 0.914518
vt 0.866389 0.914518
vt 0.836101 0.851590
vt 0.843408 0.851590
vt 0.843408 0.914518
vt 0.842332 0.914518
vt 0.873307 0.851590
vt 0.866001 0.851590
vt 0.866001 0.914518
vt 0.866904 0.914518
vt 0.843380 0.851590
vt 0.836074 0.851590
vt 0.842304 0.914518
vt 0.843380 0.914518
vt 0.865486 0.870337
vt 0.866062 0.872218
vt 0.858369 0.877782
vt 0.857793 0.875901
vt 0.865425 0.895639
vt 0.866329 0.896293
vt 0.866904 0.894411
vt 0.866001 0.893758
vt 0.858308 0.851590
vt 0.858308 0.914518
vt 0.866062 0.872218
vt 0.866965 0.871565
vt 0.866389 0.869683
vt 0.865486 0.870337
vt 0.842805 0.872431
vt 0.835498 0.867146
vt 0.836074 0.865264
vt 0.843380 0.870549
vt 0.842671 0.851590
vt 0.845602 0.914518
vt 0.844378 0.914518
vt 0.841447 0.851590
vt 0.845545 0.914518
vt 0.842532 0.851590
vt 0.841309 0.851590
vt 0.844321 0.914518
vt 0.835526 0.899095
vt 0.842832 0.893810
vt 0.843408 0.895691
vt 0.836101 0.900976
vt 0.850497 0.851590
vt 0.850497 0.914518
vt 0.872732 0.900924
vt 0.865425 0.895639
vt 0.866001 0.893758
vt 0.873307 0.899043
vt 0.863308 0.914518
vt 0.866239 0.851590
vt 0.867463 0.851590
vt 0.864531 0.914518
vt 0.873368 0.866933
vt 0.872793 0.865052
vt 0.843380 0.870549
vt 0.842805 0.872431
vt 0.850497 0.877995
vt 0.851073 0.876114
vt 0.841729 0.871653
vt 0.842304 0.869771
vt 0.864417 0.914518
vt 0.867429 0.851590
vt 0.866205 0.851590
vt 0.863193 0.914518
vt 0.842832 0.893810
vt 0.841756 0.894588
vt 0.842332 0.896469
vt 0.843408 0.895691
vt 0.860373 0.851590
vt 0.860373 0.914518
vt 0.859149 0.914518
vt 0.859149 0.851590
vt 0.849727 0.914518
vt 0.849727 0.851590
vt 0.848503 0.851590
vt 0.848503 0.914518
vt 0.849588 0.851590
vt 0.849588 0.914518
vt 0.848365 0.914518
vt 0.848365 0.851590
vt 0.859183 0.851590
vt 0.859183 0.914518
vt 0.860407 0.914518
vt 0.860407 0.851590
vt 0.851073 0.914518
vt 0.851073 0.851590
vt 0.857793 0.875901
vt 0.858369 0.877782
vt 0.858369 0.914518
vt 0.858369 0.851590
vt 0.858308 0.888194
vt 0.857732 0.890075
vt 0.851101 0.890127
vt 0.850525 0.888245
vt 0.857793 0.851590
vt 0.857793 0.914518
vt 0.857732 0.890075
vt 0.858308 0.888194
vt 0.850525 0.914518
vt 0.850525 0.851590
vt 0.851101 0.851590
vt 0.851101 0.914518
vt 0.850525 0.888245
vt 0.851101 0.890127
vt 0.851073 0.876114
vt 0.850497 0.877995
vt 0.857732 0.914518
vt 0.857732 0.851590
vt 0.228311 0.215221
vt 0.228311 0.150215
vt 0.245067 0.150215
vt 0.245067 0.215221
vt 0.578374 0.886678
vt 0.598285 0.886678
vt 0.592330 0.886678
vt 0.584329 0.886678
vt 0.584329 0.886678
vt 0.592330 0.886678
vt 0.429551 0.144615
vt 0.429551 0.132609
vt 0.432852 0.128949
vt 0.432852 0.148275
vt 0.403963 0.132609
vt 0.400662 0.128949
vt 0.403963 0.144615
vt 0.400661 0.148275
vt 0.405843 0.142530
vt 0.405843 0.134694
vt 0.405843 0.134694
vt 0.405843 0.142530
vt 0.228311 0.150215
vt 0.228311 0.215221
vt 0.245067 0.215221
vt 0.245067 0.150215
vt 0.228311 0.196472
vt 0.228311 0.168964
vt 0.245067 0.168964
vt 0.245067 0.196472
vt 0.228311 0.168964
vt 0.228311 0.196472
vt 0.245067 0.196472
vt 0.245067 0.168964
vt 0.427670 0.142530
vt 0.427670 0.134694
vt 0.429551 0.132609
vt 0.429551 0.144615
vt 0.403963 0.132609
vt 0.403963 0.144615
vt 0.427670 0.142530
vt 0.405843 0.142530
vt 0.427670 0.142530
vt 0.427670 0.134694
vt 0.405843 0.134694
vt 0.427670 0.134694
vt 0.873368 0.851590
vt 0.866965 0.914518
vt 0.866062 0.914518
vt 0.866062 0.851590
vt 0.835526 0.851590
vt 0.841756 0.914518
vt 0.842832 0.914518
vt 0.842832 0.851590
vt 0.872732 0.851590
vt 0.866329 0.914518
vt 0.865425 0.914518
vt 0.865425 0.851590
vt 0.842805 0.851590
vt 0.842805 0.914518
vt 0.841729 0.914518
vt 0.835498 0.851590
vt 0.872793 0.851590
vt 0.865486 0.851590
vt 0.865486 0.914518
vt 0.866389 0.914518
vt 0.836101 0.851590
vt 0.843408 0.851590
vt 0.843408 0.914518
vt 0.842332 0.914518
vt 0.873307 0.851590
vt 0.866001 0.851590
vt 0.866001 0.914518
vt 0.866904 0.914518
vt 0.843380 0.851590
vt 0.836074 0.851590
vt 0.842304 0.914518
vt 0.843380 0.914518
vt 0.865486 0.870337
vt 0.866062 0.872218
vt 0.858369 0.877782
vt 0.857793 0.875901
vt 0.865425 0.895639
vt 0.866329 0.896293
vt 0.866904 0.894411
vt 0.866001 0.893758
vt 0.858308 0.851590
vt 0.858308 0.914518
vt 0.866062 0.872218
vt 0.866965 0.871565
vt 0.866389 0.869683
vt 0.865486 0.870337
vt 0.842805 0.872431
vt 0.835498 0.867146
vt 0.836074 0.865264
vt 0.843380 0.870549
vt 0.842671 0.851590
vt 0.845602 0.914518
vt 0.844378 0.914518
vt 0.841447 0.851590
vt 0.845545 0.914518
vt 0.842532 0.851590
vt 0.841309 0.851590
vt 0.844321 0.914518
vt 0.835526 0.899095
vt 0.842832 0.893810
vt 0.843408 0.895691
vt 0.836101 0.900976
vt 0.850497 0.851590
vt 0.850497 0.914518
vt 0.872732 0.900924
vt 0.865425 0.895639
vt 0.866001 0.893758
vt 0.873307 0.899043
vt 0.863308 0.914518
vt 0.866239 0.851590
vt 0.867463 0.851590
vt 0.864531 0.914518
vt 0.873368 0.866933
vt 0.872793 0.865052
vt 0.843380 0.870549
vt 0.842805 0.872431
vt 0.850497 0.877995
vt 0.851073 0.876114
vt 0.841729 0.871653
vt 0.842304 0.869771
vt 0.864417 0.914518
vt 0.867429 0.851590
vt 0.866205 0.851590
vt 0.863193 0.914518
vt 0.842832 0.893810
vt 0.841756 0.894588
vt 0.842332 0.896469
vt 0.843408 0.895691
vt 0.860373 0.851590
vt 0.860373 0.914518
vt 0.859149 0.914518
vt 0.859149 0.851590
vt 0.849727 0.914518
vt 0.849727 0.851590
vt 0.848503 0.851590
vt 0.848503 0.914518
vt 0.849588 0.851590
vt 0.849588 0.914518
vt 0.848365 0.914518
vt 0.848365 0.851590
vt 0.859183 0.851590
vt 0.859183 0.914518
vt 0.860407 0.914518
vt 0.860407 0.851590
vt 0.851073 0.914518
vt 0.851073 0.851590
vt 0.857793 0.875901
vt 0.858369 0.877782
vt 0.858369 0.914518
vt 0.858369 0.851590
vt 0.858308 0.888194
vt 0.857732 0.890075
vt 0.851101 0.890127
vt 0.850525 0.888245
vt 0.857793 0.851590
vt 0.857793 0.914518
vt 0.857732 0.890075
vt 0.858308 0.888194
vt 0.850525 0.914518
vt 0.850525 0.851590
vt 0.851101 0.851590
vt 0.851101 0.914518
vt 0.850525 0.888245
vt 0.851101 0.890127
vt 0.851073 0.876114
vt 0.850497 0.877995
vt 0.857732 0.914518
vt 0.857732 0.851590
vt 0.509276 0.965413
vt 0.519420 0.965413
vt 0.490767 0.965413
vt 0.479766 0.965413
vt 0.517765 0.965413
vt 0.484095 0.965413
vt 0.479766 0.965413
vt 0.522094 0.965413
vt 0.483156 0.965413
vt 0.493300 0.965413
vt 0.479766 0.965413
vt 0.490767 0.965413
vt 0.511092 0.965413
vt 0.522094 0.965413
vt 0.605962 0.965413
vt 0.595817 0.965413
vt 0.579669 0.965413
vt 0.569525 0.965413
vt 0.522094 0.965413
vt 0.479766 0.965413
vt 0.484095 0.965413
vt 0.517765 0.965413
vt 0.522094 0.965413
vt 0.511092 0.965413
vt 0.367151 0.047737
vt 0.474841 0.047737
vt 0.474841 0.047737
vt 0.367151 0.047737
vt 0.125000 0.500000
vt 0.125000 0.500000
vt 0.125000 0.500000
vt 0.375000 0.500000
vt 0.375000 0.500000
vt 0.375000 0.500000
vt 0.375000 0.750000
vt 0.375000 0.750000
vt 0.375000 0.750000
vt 0.125000 0.750000
vt 0.125000 0.750000
vt 0.125000 0.750000
vt 0.603034 0.886486
vt 0.607923 0.886486
vt 0.607923 0.745542
vt 0.603034 0.745542
vt 0.610590 0.886159
vt 0.576841 0.886159
vt 0.576841 0.745214
vt 0.610590 0.745214
vt 0.477037 0.886159
vt 0.611161 0.886159
vt 0.611161 0.745214
vt 0.477037 0.745214
vt 0.521495 0.886486
vt 0.566905 0.886486
vt 0.566905 0.745542
vt 0.521495 0.745542
vt 0.607923 0.886486
vt 0.603034 0.886486
vt 0.603034 0.745542
vt 0.607923 0.745542
vt 0.490321 0.886159
vt 0.524071 0.886159
vt 0.524071 0.745214
vt 0.490321 0.745214
vt 0.490726 0.886486
vt 0.485837 0.886486
vt 0.485837 0.745542
vt 0.490726 0.745542
vt 0.566905 0.886486
vt 0.521495 0.886486
vt 0.521495 0.745542
vt 0.566905 0.745542
vt 0.611161 0.886159
vt 0.477037 0.886159
vt 0.477037 0.745214
vt 0.611161 0.745214
vt 0.524071 0.886159
vt 0.490321 0.886159
vt 0.490321 0.745214
vt 0.524071 0.745214
vt 0.576841 0.886159
vt 0.610590 0.886159
vt 0.610590 0.745214
vt 0.576841 0.745214
vt 0.485837 0.886486
vt 0.490726 0.886486
vt 0.490726 0.745542
vt 0.485837 0.745542
vt 0.371618 0.097615
vt 0.371618 0.187964
vt 0.369676 0.184098
vt 0.369676 0.101481
vt 0.470374 0.187964
vt 0.470374 0.097615
vt 0.472316 0.101481
vt 0.472316 0.184098
vt 0.367151 0.187964
vt 0.367151 0.237841
vt 0.365209 0.241707
vt 0.365209 0.184098
vt 0.474841 0.237841
vt 0.474841 0.187964
vt 0.476783 0.184098
vt 0.476783 0.241707
vt 0.367151 0.097615
vt 0.365209 0.101481
vt 0.365209 0.043871
vt 0.474841 0.097615
vt 0.476783 0.043871
vt 0.476783 0.101481
vt 0.474841 0.097615
vt 0.470374 0.097615
vt 0.470374 0.187964
vt 0.474841 0.187964
vt 0.474841 0.237841
vt 0.367151 0.237841
vt 0.367151 0.187964
vt 0.371618 0.187964
vt 0.371618 0.097615
vt 0.367151 0.097615
vn 0.0000 0.0000 -1.0000
vn 0.0000 0.0000 1.0000
vn -1.0000 0.0000 0.0000
vn 1.0000 0.0000 0.0000
vn 0.0000 -1.0000 0.0000
vn 0.0000 1.0000 0.0000
vn -0.4257 0.0000 0.9049
vn 0.4257 -0.0000 -0.9049
vn 0.4257 -0.0000 0.9049
vn -0.4257 0.0000 -0.9049
vn 0.8923 -0.1659 -0.4198
vn -0.8916 -0.1704 -0.4195
vn 0.8923 -0.1659 0.4198
vn -0.8916 -0.1704 0.4194
vn 0.9049 0.0000 -0.4257
vn -0.9049 0.0000 0.4257
vn 0.9049 0.0000 0.4257
vn -0.9049 0.0000 -0.4257
vn 0.9921 0.1257 0.0000
vn -0.9921 0.1257 0.0000
vn 0.0000 0.1416 0.9899
vn 0.0000 0.1416 -0.9899
vn 0.8866 -0.1999 -0.4171
vn -0.8856 -0.2052 -0.4166
vn 0.8866 -0.1999 0.4171
vn -0.8856 -0.2052 0.4166
usemtl 1
s off
f 1655/4274/84 1857/4275/84 1858/4276/84 1659/4277/84
f 1657/4278/85 1859/4279/85 1860/4280/85 1653/4281/85
f 1861/4282/86 1672/4283/86 1669/4284/86 1864/4285/86
f 1674/4286/87 1867/4287/87 1866/4288/87 1676/4289/87
f 1859/4290/86 1657/4291/86 1668/4292/86 1865/4293/86
f 1653/4294/87 1860/4295/87 1863/4296/87 1661/4297/87
f 1862/4298/84 1664/4299/84 1672/4300/84 1861/4301/84
f 1661/4302/85 1863/4303/85 1864/4304/85 1669/4305/85
f 1666/4306/84 1868/4307/84 1867/4308/84 1674/4309/84
f 1865/4310/85 1668/4311/85 1676/4312/85 1866/4313/85
f 1857/4314/87 1655/4315/87 1664/4316/87 1862/4317/87
f 1659/4318/86 1858/4319/86 1868/4320/86 1666/4321/86
f 1672/4322/88 1664/4323/88 1655/4324/88 1659/4325/88 1666/4326/88 1674/4327/88 1676/4328/88 1668/4329/88 1657/4330/88 1653/4331/88 1661/4332/88 1669/4333/88
f 2126/4334/86 2125/4335/86 1970/4336/86 1980/4337/86
f 1671/4338/84 1663/4339/84 1891/4340/84 1890/4341/84
f 1663/4339/87 1656/4342/87 1882/4343/87 1891/4340/87
f 1683/4344/86 1680/4345/86 1888/4346/86 1893/4347/86
f 1658/4348/85 1654/4349/85 1887/4350/85 1886/4351/85
f 1670/4352/86 1671/4338/86 1890/4341/86 1895/4353/86
f 1687/4354/85 1688/4355/85 1901/4356/85 1904/4357/85
f 1656/4342/84 1660/4358/84 1883/4359/84 1882/4343/84
f 1667/4360/86 1658/4348/86 1886/4351/86 1899/4361/86
f 1685/4362/84 1686/4363/84 1897/4364/84 1900/4365/84
f 1688/4355/87 1678/4366/87 1884/4367/87 1901/4356/87
f 1654/4349/87 1662/4368/87 1894/4369/87 1887/4350/87
f 1684/4370/84 1683/4344/84 1893/4347/84 1896/4371/84
f 1693/4372/87 1696/4373/87 1988/4374/87 1985/4375/87
f 2128/4376/85 2127/4377/85 1971/4378/85 1972/4379/85
f 2130/4380/86 2129/4381/86 1976/4382/86 1973/4383/86
f 2131/4384/84 2126/4385/84 1980/4386/84 1979/4387/84
f 2132/4388/84 2130/4389/84 1973/4390/84 1974/4391/84
f 2133/4392/87 2132/4393/87 1974/4394/87 1969/4395/87
f 2134/4396/87 2128/4397/87 1972/4398/87 1975/4399/87
f 2129/4400/85 2134/4401/85 1975/4402/85 1976/4403/85
f 2135/4404/87 2131/4405/87 1979/4406/87 1978/4407/87
f 2125/4408/84 2133/4409/84 1969/4410/84 1970/4411/84
f 2127/4412/86 2136/4413/86 1977/4414/86 1971/4415/86
f 2136/4416/85 2135/4417/85 1978/4418/85 1977/4419/85
f 1701/4420/86 1709/4421/86 1710/4422/86 1703/4423/86
f 1703/4424/84 1710/4425/84 1711/4426/84 1707/4427/84
f 1707/4428/87 1711/4429/87 1712/4430/87 1705/4431/87
f 1705/4432/85 1712/4433/85 1709/4434/85 1701/4435/85
f 1703/4436/88 1707/4437/88 1705/4438/88 1701/4439/88
f 1726/4440/86 1725/4441/86 1717/4442/86 1718/4443/86
f 1993/4444/89 1994/4445/89 1710/4446/89 1709/4447/89
f 1994/4445/89 1995/4448/89 1711/4449/89 1710/4446/89
f 1995/4448/89 1996/4450/89 1712/4451/89 1711/4449/89
f 1996/4450/89 1993/4444/89 1709/4447/89 1712/4451/89
f 1713/4452/85 1715/4453/85 1723/4454/85 1721/4455/85
f 1725/4456/85 1727/4457/85 1720/4458/85 1717/4459/85
f 1728/4460/84 1726/4461/84 1718/4462/84 1719/4463/84
f 1727/4464/87 1728/4465/87 1719/4466/87 1720/4467/87
f 1713/4468/89 1714/4469/89 1718/4470/89 1717/4471/89
f 1714/4469/89 1716/4472/89 1719/4473/89 1718/4470/89
f 1716/4472/89 1715/4474/89 1720/4475/89 1719/4473/89
f 1715/4474/89 1713/4468/89 1717/4471/89 1720/4475/89
f 1721/4455/85 1723/4454/85 2060/4476/85 2057/4477/85
f 1716/4478/84 1714/4479/84 1722/4480/84 1724/4481/84
f 1715/4482/87 1716/4483/87 1724/4484/87 1723/4485/87
f 1714/4486/86 1713/4487/86 1721/4488/86 1722/4489/86
f 1706/4490/87 1708/4491/87 1728/4492/87 1727/4493/87
f 1708/4494/84 1704/4495/84 1726/4496/84 1728/4497/84
f 1702/4498/85 1706/4499/85 1727/4500/85 1725/4501/85
f 1704/4502/86 1702/4503/86 1725/4504/86 1726/4505/86
f 1729/4506/86 1730/4507/86 1732/4508/86 1731/4509/86
f 1731/4510/84 1732/4511/84 1736/4512/84 1735/4513/84
f 1735/4513/87 1736/4512/87 1734/4514/87 1733/4515/87
f 1733/4516/85 1734/4517/85 1730/4507/85 1729/4506/85
f 1731/4518/88 1735/4519/88 1733/4520/88 1729/4521/88
f 1736/4522/89 1732/4523/89 1730/4524/89 1734/4525/89
f 1737/4526/86 1738/4527/86 1740/4528/86 1739/4529/86
f 1739/4530/84 1740/4531/84 1744/4532/84 1743/4533/84
f 1743/4533/87 1744/4532/87 1742/4534/87 1741/4535/87
f 1741/4536/85 1742/4537/85 1738/4527/85 1737/4526/85
f 1739/4538/88 1743/4539/88 1741/4540/88 1737/4541/88
f 1744/4542/89 1740/4543/89 1738/4544/89 1742/4545/89
f 1745/4546/86 1746/4547/86 1748/4548/86 1747/4549/86
f 1747/4550/84 1748/4551/84 1752/4552/84 1751/4553/84
f 1751/4553/87 1752/4552/87 1750/4554/87 1749/4555/87
f 1749/4556/85 1750/4557/85 1746/4547/85 1745/4546/85
f 1747/4558/88 1751/4559/88 1749/4560/88 1745/4561/88
f 1752/4562/89 1748/4563/89 1746/4564/89 1750/4565/89
f 1753/4566/86 1754/4567/86 1756/4568/86 1755/4569/86
f 1755/4570/84 1756/4571/84 1760/4572/84 1759/4573/84
f 1759/4573/87 1760/4572/87 1758/4574/87 1757/4575/87
f 1757/4576/85 1758/4577/85 1754/4567/85 1753/4566/85
f 1755/4578/88 1759/4579/88 1757/4580/88 1753/4581/88
f 1760/4582/89 1756/4583/89 1754/4584/89 1758/4585/89
f 1761/4586/86 1762/4587/86 1764/4588/86 1763/4589/86
f 1763/4590/84 1764/4591/84 1768/4592/84 1767/4593/84
f 1767/4593/87 1768/4592/87 1766/4594/87 1765/4595/87
f 1765/4596/85 1766/4597/85 1762/4587/85 1761/4586/85
f 1763/4598/88 1767/4599/88 1765/4600/88 1761/4601/88
f 1768/4602/89 1764/4603/89 1762/4604/89 1766/4605/89
f 1769/4606/86 1770/4607/86 1772/4608/86 1771/4609/86
f 1771/4610/84 1772/4611/84 1776/4612/84 1775/4613/84
f 1775/4613/87 1776/4612/87 1774/4614/87 1773/4615/87
f 1773/4616/85 1774/4617/85 1770/4607/85 1769/4606/85
f 1771/4618/88 1775/4619/88 1773/4620/88 1769/4621/88
f 1776/4622/89 1772/4623/89 1770/4624/89 1774/4625/89
f 1777/4626/86 1778/4627/86 1780/4628/86 1779/4629/86
f 1779/4630/84 1780/4631/84 1784/4632/84 1783/4633/84
f 1783/4633/87 1784/4632/87 1782/4634/87 1781/4635/87
f 1781/4636/85 1782/4637/85 1778/4627/85 1777/4626/85
f 1779/4638/88 1783/4639/88 1781/4640/88 1777/4641/88
f 1784/4642/89 1780/4643/89 1778/4644/89 1782/4645/89
f 1785/4646/86 1786/4647/86 1788/4648/86 1787/4649/86
f 1787/4650/84 1788/4651/84 1792/4652/84 1791/4653/84
f 1791/4653/87 1792/4652/87 1790/4654/87 1789/4655/87
f 1789/4656/85 1790/4657/85 1786/4647/85 1785/4646/85
f 1787/4658/88 1791/4659/88 1789/4660/88 1785/4661/88
f 1792/4662/89 1788/4663/89 1786/4664/89 1790/4665/89
f 1793/4666/87 1794/4667/87 1796/4668/87 1795/4669/87
f 1795/4670/85 1796/4671/85 1800/4672/85 1799/4673/85
f 1799/4673/86 1800/4672/86 1798/4674/86 1797/4675/86
f 1797/4676/84 1798/4677/84 1794/4667/84 1793/4666/84
f 1795/4678/88 1799/4679/88 1797/4680/88 1793/4681/88
f 1800/4682/89 1796/4683/89 1794/4684/89 1798/4685/89
f 1801/4686/87 1802/4687/87 1804/4688/87 1803/4689/87
f 1803/4690/85 1804/4691/85 1808/4692/85 1807/4693/85
f 1807/4693/86 1808/4692/86 1806/4694/86 1805/4695/86
f 1805/4696/84 1806/4697/84 1802/4687/84 1801/4686/84
f 1803/4698/88 1807/4699/88 1805/4700/88 1801/4701/88
f 1808/4702/89 1804/4703/89 1802/4704/89 1806/4705/89
f 1809/4706/87 1810/4707/87 1812/4708/87 1811/4709/87
f 1811/4710/85 1812/4711/85 1816/4712/85 1815/4713/85
f 1815/4713/86 1816/4712/86 1814/4714/86 1813/4715/86
f 1813/4716/84 1814/4717/84 1810/4707/84 1809/4706/84
f 1811/4718/88 1815/4719/88 1813/4720/88 1809/4721/88
f 1816/4722/89 1812/4723/89 1810/4724/89 1814/4725/89
f 1817/4726/87 1818/4727/87 1820/4728/87 1819/4729/87
f 1819/4730/85 1820/4731/85 1824/4732/85 1823/4733/85
f 1823/4733/86 1824/4732/86 1822/4734/86 1821/4735/86
f 1821/4736/84 1822/4737/84 1818/4727/84 1817/4726/84
f 1819/4738/88 1823/4739/88 1821/4740/88 1817/4741/88
f 1824/4742/89 1820/4743/89 1818/4744/89 1822/4745/89
f 1825/4746/87 1826/4747/87 1828/4748/87 1827/4749/87
f 1827/4750/85 1828/4751/85 1832/4752/85 1831/4753/85
f 1831/4753/86 1832/4752/86 1830/4754/86 1829/4755/86
f 1829/4756/84 1830/4757/84 1826/4747/84 1825/4746/84
f 1827/4758/88 1831/4759/88 1829/4760/88 1825/4761/88
f 1832/4762/89 1828/4763/89 1826/4764/89 1830/4765/89
f 1833/4766/87 1834/4767/87 1836/4768/87 1835/4769/87
f 1835/4770/85 1836/4771/85 1840/4772/85 1839/4773/85
f 1839/4773/86 1840/4772/86 1838/4774/86 1837/4775/86
f 1837/4776/84 1838/4777/84 1834/4767/84 1833/4766/84
f 1835/4778/88 1839/4779/88 1837/4780/88 1833/4781/88
f 1840/4782/89 1836/4783/89 1834/4784/89 1838/4785/89
f 1841/4786/87 1842/4787/87 1844/4788/87 1843/4789/87
f 1843/4790/85 1844/4791/85 1848/4792/85 1847/4793/85
f 1847/4793/86 1848/4792/86 1846/4794/86 1845/4795/86
f 1845/4796/84 1846/4797/84 1842/4787/84 1841/4786/84
f 1843/4798/88 1847/4799/88 1845/4800/88 1841/4801/88
f 1848/4802/89 1844/4803/89 1842/4804/89 1846/4805/89
f 1849/4806/87 1850/4807/87 1852/4808/87 1851/4809/87
f 1851/4810/85 1852/4811/85 1856/4812/85 1855/4813/85
f 1855/4813/86 1856/4812/86 1854/4814/86 1853/4815/86
f 1853/4816/84 1854/4817/84 1850/4807/84 1849/4806/84
f 1851/4818/88 1855/4819/88 1853/4820/88 1849/4821/88
f 1856/4822/89 1852/4823/89 1850/4824/89 1854/4825/89
f 1677/4826/89 1678/4366/89 1858/4827/89 1857/4828/89
f 1679/4829/89 1680/4345/89 1860/4830/89 1859/4831/89
f 1681/4832/89 1682/4833/89 1862/4834/89 1861/4835/89
f 1683/4344/89 1684/4370/89 1864/4836/89 1863/4837/89
f 1686/4363/89 1685/4362/89 1865/4838/89 1866/4839/89
f 1688/4355/89 1687/4354/89 1867/4840/89 1868/4841/89
f 1680/4345/89 1683/4344/89 1863/4837/89 1860/4830/89
f 1685/4362/89 1679/4829/89 1859/4831/89 1865/4838/89
f 1684/4370/89 1681/4832/89 1861/4835/89 1864/4836/89
f 1682/4833/89 1677/4826/89 1857/4828/89 1862/4834/89
f 1687/4354/89 1686/4363/89 1866/4839/89 1867/4840/89
f 1678/4366/89 1688/4355/89 1868/4841/89 1858/4827/89
f 1660/4358/89 1656/4342/89 1869/4842/89 1870/4843/89
f 1654/4349/89 1658/4348/89 1871/4844/89 1872/4845/89
f 1663/4339/89 1671/4338/89 1873/4846/89 1874/4847/89
f 1670/4352/89 1662/4368/89 1875/4848/89 1876/4849/89
f 1667/4360/89 1675/4850/89 1878/4851/89 1877/4852/89
f 1673/4853/89 1665/4854/89 1880/4855/89 1879/4856/89
f 1662/4368/89 1654/4349/89 1872/4845/89 1875/4848/89
f 1658/4348/89 1667/4360/89 1877/4852/89 1871/4844/89
f 1671/4338/89 1670/4352/89 1876/4849/89 1873/4846/89
f 1656/4342/89 1663/4339/89 1874/4847/89 1869/4842/89
f 1675/4850/89 1673/4853/89 1879/4856/89 1878/4851/89
f 1665/4854/89 1660/4358/89 1870/4843/89 1880/4855/89
f 1882/4343/89 1883/4359/89 1884/4367/89 1881/4857/89
f 1886/4351/89 1887/4350/89 1888/4346/89 1885/4858/89
f 1890/4341/89 1891/4340/89 1892/4859/89 1889/4860/89
f 1894/4369/89 1895/4353/89 1896/4371/89 1893/4347/89
f 1898/4861/89 1899/4361/89 1900/4365/89 1897/4364/89
f 1902/4862/89 1903/4863/89 1904/4357/89 1901/4356/89
f 1887/4350/89 1894/4369/89 1893/4347/89 1888/4346/89
f 1899/4361/89 1886/4351/89 1885/4858/89 1900/4365/89
f 1895/4353/89 1890/4341/89 1889/4860/89 1896/4371/89
f 1891/4340/89 1882/4343/89 1881/4857/89 1892/4859/89
f 1903/4863/89 1898/4861/89 1897/4364/89 1904/4357/89
f 1883/4359/89 1902/4862/89 1901/4356/89 1884/4367/89
f 1679/4829/87 1685/4362/87 1900/4365/87 1885/4858/87
f 1673/4853/87 1675/4850/87 1898/4861/87 1903/4863/87
f 1678/4366/85 1677/4826/85 1881/4857/85 1884/4367/85
f 1662/4368/85 1670/4352/85 1895/4353/85 1894/4369/85
f 1681/4832/87 1684/4370/87 1896/4371/87 1889/4860/87
f 1660/4358/86 1665/4854/86 1902/4862/86 1883/4359/86
f 1680/4345/84 1679/4829/84 1885/4858/84 1888/4346/84
f 1675/4850/85 1667/4360/85 1899/4361/85 1898/4861/85
f 1677/4826/86 1682/4833/86 1892/4859/86 1881/4857/86
f 1682/4833/85 1681/4832/85 1889/4860/85 1892/4859/85
f 1665/4854/84 1673/4853/84 1903/4863/84 1902/4862/84
f 1686/4363/86 1687/4354/86 1904/4357/86 1897/4364/86
f 1905/4864/86 1906/4865/86 1908/4866/86 1907/4867/86
f 1907/4868/84 1908/4869/84 1912/4870/84 1911/4871/84
f 1911/4871/87 1912/4870/87 1910/4872/87 1909/4873/87
f 1909/4874/85 1910/4875/85 1906/4865/85 1905/4864/85
f 1907/4876/88 1911/4877/88 1909/4878/88 1905/4879/88
f 1912/4880/89 1908/4881/89 1906/4882/89 1910/4883/89
f 1913/4884/86 1914/4885/86 1916/4886/86 1915/4887/86
f 1915/4888/84 1916/4889/84 1920/4890/84 1919/4891/84
f 1919/4891/87 1920/4890/87 1918/4892/87 1917/4893/87
f 1917/4894/85 1918/4895/85 1914/4885/85 1913/4884/85
f 1915/4896/88 1919/4897/88 1917/4898/88 1913/4899/88
f 1920/4900/89 1916/4901/89 1914/4902/89 1918/4903/89
f 1921/4904/86 1922/4905/86 1924/4906/86 1923/4907/86
f 1923/4908/84 1924/4909/84 1928/4910/84 1927/4911/84
f 1927/4911/87 1928/4910/87 1926/4912/87 1925/4913/87
f 1925/4914/85 1926/4915/85 1922/4905/85 1921/4904/85
f 1923/4916/88 1927/4917/88 1925/4918/88 1921/4919/88
f 1928/4920/89 1924/4921/89 1922/4922/89 1926/4923/89
f 1929/4924/86 1930/4925/86 1932/4926/86 1931/4927/86
f 1931/4928/84 1932/4929/84 1936/4930/84 1935/4931/84
f 1935/4931/87 1936/4930/87 1934/4932/87 1933/4933/87
f 1933/4934/85 1934/4935/85 1930/4925/85 1929/4924/85
f 1931/4936/88 1935/4937/88 1933/4938/88 1929/4939/88
f 1936/4940/89 1932/4941/89 1930/4942/89 1934/4943/89
f 1937/4944/86 1938/4945/86 1940/4946/86 1939/4947/86
f 1939/4948/84 1940/4949/84 1944/4950/84 1943/4951/84
f 1943/4951/87 1944/4950/87 1942/4952/87 1941/4953/87
f 1941/4954/85 1942/4955/85 1938/4945/85 1937/4944/85
f 1939/4956/88 1943/4957/88 1941/4958/88 1937/4959/88
f 1944/4960/89 1940/4961/89 1938/4962/89 1942/4963/89
f 1945/4964/86 1946/4965/86 1948/4966/86 1947/4967/86
f 1947/4968/84 1948/4969/84 1952/4970/84 1951/4971/84
f 1951/4971/87 1952/4970/87 1950/4972/87 1949/4973/87
f 1949/4974/85 1950/4975/85 1946/4965/85 1945/4964/85
f 1947/4976/88 1951/4977/88 1949/4978/88 1945/4979/88
f 1952/4980/89 1948/4981/89 1946/4982/89 1950/4983/89
f 1953/4984/86 1954/4985/86 1956/4986/86 1955/4987/86
f 1955/4988/84 1956/4989/84 1960/4990/84 1959/4991/84
f 1959/4991/87 1960/4990/87 1958/4992/87 1957/4993/87
f 1957/4994/85 1958/4995/85 1954/4985/85 1953/4984/85
f 1955/4996/88 1959/4997/88 1957/4998/88 1953/4999/88
f 1960/5000/89 1956/5001/89 1954/5002/89 1958/5003/89
f 1961/5004/86 1962/5005/86 1964/5006/86 1963/5007/86
f 1963/5008/84 1964/5009/84 1968/5010/84 1967/5011/84
f 1967/5011/87 1968/5010/87 1966/5012/87 1965/5013/87
f 1965/5014/85 1966/5015/85 1962/5005/85 1961/5004/85
f 1963/5016/88 1967/5017/88 1965/5018/88 1961/5019/88
f 1968/5020/89 1964/5021/89 1962/5022/89 1966/5023/89
f 1689/5024/89 1690/5025/89 1970/5026/89 1969/5027/89
f 1691/5028/89 1692/5029/89 1972/5030/89 1971/5031/89
f 1693/4372/89 1694/5032/89 1974/5033/89 1973/5034/89
f 1695/5035/89 1696/4373/89 1976/5036/89 1975/5037/89
f 1698/5038/89 1697/5039/89 1977/5040/89 1978/5041/89
f 1700/5042/89 1699/5043/89 1979/5044/89 1980/5045/89
f 1692/5029/89 1695/5035/89 1975/5037/89 1972/5030/89
f 1697/5039/89 1691/5028/89 1971/5031/89 1977/5040/89
f 1696/4373/89 1693/4372/89 1973/5034/89 1976/5036/89
f 1694/5032/89 1689/5024/89 1969/5027/89 1974/5033/89
f 1699/5043/89 1698/5038/89 1978/5041/89 1979/5044/89
f 1690/5025/89 1700/5042/89 1980/5045/89 1970/5026/89
f 1981/5046/89 1986/5047/89 1985/4375/89 1988/4374/89 1987/5048/89 1984/5049/89 1983/5050/89 1989/5051/89 1990/5052/89 1991/5053/89 1992/5054/89 1982/5055/89
f 1699/5043/85 1700/5042/85 1992/5054/85 1991/5053/85
f 1694/5032/85 1693/4372/85 1985/4375/85 1986/5047/85
f 1689/5024/86 1694/5032/86 1986/5047/86 1981/5046/86
f 1695/5035/86 1692/5029/86 1984/5049/86 1987/5048/86
f 1696/4373/84 1695/5035/84 1987/5048/84 1988/4374/84
f 1698/5038/86 1699/5043/86 1991/5053/86 1990/5052/86
f 1690/5025/85 1689/5024/85 1981/5046/85 1982/5055/85
f 1691/5028/87 1697/5039/87 1989/5051/87 1983/5050/87
f 1697/5039/84 1698/5038/84 1990/5052/84 1989/5051/84
f 1700/5042/87 1690/5025/87 1982/5055/87 1992/5054/87
f 1692/5029/84 1691/5028/84 1983/5050/84 1984/5049/84
f 1702/4503/86 1704/4502/86 1998/5056/86 1997/5057/86
f 1708/4491/87 1706/4490/87 2000/5058/87 1999/5059/87
f 1996/4450/86 1995/4448/86 2003/5060/86 2004/5061/86
f 1994/4445/87 1993/4444/87 2001/5062/87 2002/5063/87
f 2000/5064/89 1997/5065/89 2001/5062/89 2004/5061/89
f 1999/5066/89 2000/5064/89 2004/5061/89 2003/5060/89
f 1998/5067/89 1999/5066/89 2003/5060/89 2002/5063/89
f 1997/5065/89 1998/5067/89 2002/5063/89 2001/5062/89
f 1995/4448/85 1994/4445/85 2002/5063/85 2003/5060/85
f 1993/4444/84 1996/4450/84 2004/5061/84 2001/5062/84
f 1706/4499/85 1702/4498/85 1997/5068/85 2000/5069/85
f 1704/4495/84 1708/4494/84 1999/5070/84 1998/5071/84
f 2012/5072/90 2020/5073/90 2016/5074/90 2008/5075/90
f 2010/5076/91 2018/5077/91 2014/5078/91 2006/5079/91
f 2011/5080/92 2019/5081/92 2015/5082/92 2007/5083/92
f 2005/5084/92 2013/5085/92 2017/5086/92 2009/5087/92
f 2028/5088/91 2024/5089/91 2032/5090/91 2036/5091/91
f 2026/5092/90 2022/5093/90 2030/5094/90 2034/5095/90
f 2027/5096/93 2023/5097/93 2031/5098/93 2035/5099/93
f 2021/5100/93 2025/5101/93 2033/5102/93 2029/5103/93
f 2024/5104/89 2008/5105/89 2037/5106/89 2045/5107/89
f 2015/5108/88 2019/5109/88 2035/5110/88 2031/5111/88
f 2031/5098/93 2023/5097/93 2049/5112/93 2050/5113/93
f 2016/5114/88 2020/5115/88 2036/5116/88 2032/5117/88
f 2005/5118/89 2009/5119/89 2025/5120/89 2021/5121/89
f 2009/5122/94 2017/5123/94 2033/5124/94 2025/5125/94
f 2020/5126/95 2012/5127/95 2028/5128/95 2036/5129/95
f 2010/5130/89 2006/5131/89 2022/5132/89 2026/5133/89
f 2013/5085/92 2005/5084/92 2044/5134/92 2043/5135/92
f 2011/5136/89 2007/5137/89 2023/5138/89 2027/5139/89
f 2018/5140/96 2010/5141/96 2026/5142/96 2034/5143/96
f 2012/5144/89 2008/5105/89 2024/5104/89 2028/5145/89
f 2029/5146/88 2013/5147/88 2043/5148/88 2051/5149/88
f 2017/5150/88 2013/5147/88 2029/5146/88 2033/5151/88
f 2019/5152/97 2011/5153/97 2027/5154/97 2035/5155/97
f 2014/5156/88 2018/5157/88 2034/5158/88 2030/5159/88
f 2041/5160/98 2042/5161/98 2050/5162/98 2049/5163/98
f 2043/5164/99 2044/5165/99 2052/5166/99 2051/5167/99
f 2037/5168/100 2038/5169/100 2046/5170/100 2045/5171/100
f 2039/5172/101 2040/5173/101 2048/5174/101 2047/5175/101
f 2021/5100/93 2029/5103/93 2051/5176/93 2052/5177/93
f 2016/5114/88 2032/5117/88 2046/5178/88 2038/5179/88
f 2008/5075/90 2016/5074/90 2038/5180/90 2037/5181/90
f 2015/5108/88 2031/5111/88 2050/5182/88 2042/5183/88
f 2014/5156/88 2030/5159/88 2048/5184/88 2040/5185/88
f 2032/5090/91 2024/5089/91 2045/5186/91 2046/5187/91
f 2023/5138/89 2007/5137/89 2041/5188/89 2049/5189/89
f 2006/5079/91 2014/5078/91 2040/5190/91 2039/5191/91
f 2030/5094/90 2022/5093/90 2047/5192/90 2048/5193/90
f 2022/5132/89 2006/5131/89 2039/5194/89 2047/5195/89
f 2005/5118/89 2021/5121/89 2052/5196/89 2044/5197/89
f 2007/5083/92 2015/5082/92 2042/5198/92 2041/5199/92
f 2053/5200/85 2056/5201/85 2068/5202/85 2065/5203/85
f 1724/4481/85 1722/4480/85 2058/5204/85 2059/5205/85
f 1723/4485/85 1724/4484/85 2059/5206/85 2060/5207/85
f 1722/4489/85 1721/4488/85 2057/5208/85 2058/5209/85
f 2053/5210/89 2054/5211/89 2058/5212/89 2057/5213/89
f 2054/5211/89 2055/5214/89 2059/5215/89 2058/5212/89
f 2055/5214/89 2056/5216/89 2060/5217/89 2059/5215/89
f 2056/5216/89 2053/5210/89 2057/5213/89 2060/5217/89
f 2064/5218/102 2063/5219/102 2071/5220/102 2072/5221/102
f 2055/5222/84 2054/5223/84 2066/5224/84 2067/5225/84
f 2056/5226/87 2055/5227/87 2067/5228/87 2068/5229/87
f 2054/5230/86 2053/5231/86 2065/5232/86 2066/5233/86
f 2061/5234/89 2062/5235/89 2066/5236/89 2065/5237/89
f 2062/5235/89 2063/5219/89 2067/5238/89 2066/5236/89
f 2063/5219/89 2064/5218/89 2068/5239/89 2067/5238/89
f 2064/5218/89 2061/5234/89 2065/5237/89 2068/5239/89
f 2069/5240/85 2072/5221/85 2076/5241/85 2073/5242/85
f 2062/5235/103 2061/5234/103 2069/5240/103 2070/5243/103
f 2061/5234/104 2064/5218/104 2072/5221/104 2069/5240/104
f 2063/5219/105 2062/5235/105 2070/5243/105 2071/5220/105
f 2075/5244/89 2074/5245/89 2073/5242/89 2076/5241/89
f 2071/5220/84 2070/5243/84 2074/5245/84 2075/5244/84
f 2072/5221/87 2071/5220/87 2075/5244/87 2076/5241/87
f 2070/5243/86 2069/5240/86 2073/5242/86 2074/5245/86
f 2084/5246/90 2092/5247/90 2088/5248/90 2080/5249/90
f 2082/5250/91 2090/5251/91 2086/5252/91 2078/5253/91
f 2083/5254/92 2091/5255/92 2087/5256/92 2079/5257/92
f 2077/5258/92 2085/5259/92 2089/5260/92 2081/5261/92
f 2100/5262/91 2096/5263/91 2104/5264/91 2108/5265/91
f 2098/5266/90 2094/5267/90 2102/5268/90 2106/5269/90
f 2099/5270/93 2095/5271/93 2103/5272/93 2107/5273/93
f 2093/5274/93 2097/5275/93 2105/5276/93 2101/5277/93
f 2096/5278/89 2080/5279/89 2109/5280/89 2117/5281/89
f 2087/5282/88 2091/5283/88 2107/5284/88 2103/5285/88
f 2103/5272/93 2095/5271/93 2121/5286/93 2122/5287/93
f 2088/5288/88 2092/5289/88 2108/5290/88 2104/5291/88
f 2077/5292/89 2081/5293/89 2097/5294/89 2093/5295/89
f 2081/5296/106 2089/5297/106 2105/5298/106 2097/5299/106
f 2092/5300/107 2084/5301/107 2100/5302/107 2108/5303/107
f 2082/5304/89 2078/5305/89 2094/5306/89 2098/5307/89
f 2085/5259/92 2077/5258/92 2116/5308/92 2115/5309/92
f 2083/5310/89 2079/5311/89 2095/5312/89 2099/5313/89
f 2090/5314/108 2082/5315/108 2098/5316/108 2106/5317/108
f 2084/5318/89 2080/5279/89 2096/5278/89 2100/5319/89
f 2101/5320/88 2085/5321/88 2115/5322/88 2123/5323/88
f 2089/5324/88 2085/5321/88 2101/5320/88 2105/5325/88
f 2091/5326/109 2083/5327/109 2099/5328/109 2107/5329/109
f 2086/5330/88 2090/5331/88 2106/5332/88 2102/5333/88
f 2113/5334/98 2114/5335/98 2122/5336/98 2121/5337/98
f 2115/5338/99 2116/5339/99 2124/5340/99 2123/5341/99
f 2109/5342/100 2110/5343/100 2118/5344/100 2117/5345/100
f 2111/5346/101 2112/5347/101 2120/5348/101 2119/5349/101
f 2093/5274/93 2101/5277/93 2123/5350/93 2124/5351/93
f 2088/5288/88 2104/5291/88 2118/5352/88 2110/5353/88
f 2080/5249/90 2088/5248/90 2110/5354/90 2109/5355/90
f 2087/5282/88 2103/5285/88 2122/5356/88 2114/5357/88
f 2086/5330/88 2102/5333/88 2120/5358/88 2112/5359/88
f 2104/5264/91 2096/5263/91 2117/5360/91 2118/5361/91
f 2095/5312/89 2079/5311/89 2113/5362/89 2121/5363/89
f 2078/5253/91 2086/5252/91 2112/5364/91 2111/5365/91
f 2102/5268/90 2094/5267/90 2119/5366/90 2120/5367/90
f 2094/5306/89 2078/5305/89 2111/5368/89 2119/5369/89
f 2077/5292/89 2093/5295/89 2124/5370/89 2116/5371/89
f 2079/5257/92 2087/5256/92 2114/5372/92 2113/5373/92
f 1877/5374/85 1878/5375/85 2135/4417/85 2136/4416/85
f 1871/5376/86 1877/5377/86 2136/4413/86 2127/4412/86
f 1870/5378/84 1869/5379/84 2133/4409/84 2125/4408/84
f 1878/5380/87 1879/5381/87 2131/4405/87 2135/4404/87
f 1876/5382/85 1875/5383/85 2134/4401/85 2129/4400/85
f 1875/5384/87 1872/5385/87 2128/4397/87 2134/4396/87
f 1869/5386/87 1874/5387/87 2132/4393/87 2133/4392/87
f 1874/5388/84 1873/5389/84 2130/4389/84 2132/4388/84
f 1879/5390/84 1880/5391/84 2126/4385/84 2131/4384/84
f 1873/5392/86 1876/5393/86 2129/4381/86 2130/4380/86
f 1872/5394/85 1871/5395/85 2127/4377/85 2128/4376/85
f 1880/5396/86 1870/5397/86 2125/4335/86 2126/4334/86
f 2146/5398/84 2145/5399/84 2183/5400/84 2182/5401/84
f 2158/5402/88 2154/5403/88 2150/5404/88 2152/5405/88 2155/5406/88 2159/5407/88 2160/5408/88 2156/5409/88 2151/5410/88 2149/5411/88 2153/5412/88 2157/5413/88
f 2163/5414/84 2172/5415/84 2153/5416/84 2149/5417/84
f 2167/5418/87 2168/5419/87 2156/5420/87 2160/5421/87
f 2166/5422/84 2167/5423/84 2160/5424/84 2159/5425/84
f 2162/5426/86 2161/5427/86 2152/5428/86 2150/5429/86
f 2168/5430/85 2164/5431/85 2151/5432/85 2156/5433/85
f 2170/5434/86 2169/5435/86 2154/5436/86 2158/5437/86
f 2161/5438/85 2165/5439/85 2155/5440/85 2152/5441/85
f 2164/5442/87 2163/5443/87 2149/5444/87 2151/5445/87
f 2171/5446/85 2170/5447/85 2158/5448/85 2157/5449/85
f 2172/5450/87 2171/5451/87 2157/5452/87 2153/5453/87
f 2165/5454/86 2166/5455/86 2159/5456/86 2155/5457/86
f 2169/5458/84 2162/5459/84 2150/5460/84 2154/5461/84
f 2138/5462/89 2140/5463/89 2161/5464/89 2162/5465/89
f 2139/5466/89 2137/5467/89 2163/5468/89 2164/5469/89
f 2143/5470/89 2147/5471/89 2166/5472/89 2165/5473/89
f 2148/5474/89 2144/5475/89 2168/5476/89 2167/5477/89
f 2146/5398/89 2142/5478/89 2169/5479/89 2170/5480/89
f 2141/5481/89 2145/5399/89 2171/5482/89 2172/5483/89
f 2137/5467/89 2141/5481/89 2172/5483/89 2163/5468/89
f 2144/5475/89 2139/5466/89 2164/5469/89 2168/5476/89
f 2145/5399/89 2146/5398/89 2170/5480/89 2171/5482/89
f 2142/5478/89 2138/5462/89 2162/5465/89 2169/5479/89
f 2147/5471/89 2148/5474/89 2167/5477/89 2166/5472/89
f 2140/5463/89 2143/5470/89 2165/5473/89 2161/5464/89
f 2182/5401/89 2183/5400/89 2184/5484/89 2175/5485/89 2176/5486/89 2180/5487/89 2179/5488/89 2178/5489/89 2177/5490/89 2173/5491/89 2174/5492/89 2181/5493/89
f 2145/5399/86 2141/5481/86 2184/5484/86 2183/5400/86
f 2147/5471/87 2143/5470/87 2177/5490/87 2178/5489/87
f 2138/5462/85 2142/5478/85 2181/5493/85 2174/5492/85
f 2141/5481/85 2137/5467/85 2175/5485/85 2184/5484/85
f 2144/5475/86 2148/5474/86 2179/5488/86 2180/5487/86
f 2148/5474/85 2147/5471/85 2178/5489/85 2179/5488/85
f 2140/5463/87 2138/5462/87 2174/5492/87 2173/5491/87
f 2139/5466/84 2144/5475/84 2180/5487/84 2176/5486/84
f 2142/5478/87 2146/5398/87 2182/5401/87 2181/5493/87
f 2143/5470/84 2140/5463/84 2173/5491/84 2177/5490/84
f 2137/5467/86 2139/5466/86 2176/5486/86 2175/5485/86
o 立方体.012_立方体.004
v 0.750735 0.000710 0.926649
v 0.755272 0.198361 0.922112
v 0.750735 0.000710 0.784143
v 0.755272 0.198361 0.788681
v 0.893241 0.000710 0.926649
v 0.888704 0.198361 0.922112
v 0.893241 0.000710 0.784143
v 0.888704 0.198361 0.788681
v 0.790479 0.117049 0.825471
v 0.785942 0.000710 0.820934
v 0.790479 0.117049 1.006735
v 0.800663 0.014553 1.011272
v 0.976280 0.014553 1.011272
v 0.971743 0.117049 1.006735
v 0.976280 0.014553 0.835587
v 0.971743 0.117049 0.825471
v 0.750735 0.177364 0.926649
v 0.750735 0.177364 0.784143
v 0.893241 0.177364 0.784143
v 0.893241 0.177364 0.926649
v 0.750735 0.198361 0.926649
v 0.750735 0.198361 0.784143
v 0.893241 0.198361 0.784143
v 0.893241 0.198361 0.926649
v 0.800847 0.102257 1.011272
v 0.785942 0.117049 0.820934
v 0.976280 0.102257 0.835449
v 0.976280 0.102257 1.011272
v 0.755272 0.187947 0.922112
v 0.755272 0.187947 0.788681
v 0.888704 0.187947 0.788681
v 0.888704 0.187947 0.922112
v 0.790479 0.106634 1.006735
v 0.790479 0.106634 0.825471
v 0.971743 0.106634 0.825471
v 0.971743 0.106634 1.006735
v 0.910919 0.098942 0.891181
v 0.918551 0.114012 0.883549
v 0.910919 0.098942 0.843067
v 0.918551 0.114012 0.850699
v 0.959033 0.098942 0.891181
v 0.951401 0.114012 0.883549
v 0.959033 0.098942 0.843067
v 0.951401 0.114012 0.850699
v 0.770942 0.185653 0.843575
v 0.778575 0.200723 0.835943
v 0.770942 0.185653 0.795461
v 0.778575 0.200723 0.803093
v 0.853657 0.185653 0.843575
v 0.846024 0.200723 0.835943
v 0.853657 0.185653 0.795461
v 0.846024 0.200723 0.803093
v 0.910919 0.114012 0.891181
v 0.910919 0.114012 0.843067
v 0.959033 0.114012 0.843067
v 0.959033 0.114012 0.891181
v 0.770942 0.200723 0.843575
v 0.770942 0.200723 0.795461
v 0.853657 0.200723 0.795461
v 0.853657 0.200723 0.843575
v 0.918551 0.119128 0.883549
v 0.918551 0.119128 0.850699
v 0.951401 0.119128 0.850699
v 0.951401 0.119128 0.883549
v 0.778575 0.205840 0.835943
v 0.778575 0.205840 0.803093
v 0.846024 0.205840 0.803093
v 0.846024 0.205840 0.835943
v 0.935555 0.121390 0.903199
v 0.935555 0.105585 0.903199
v 0.958359 0.121390 0.903199
v 0.958359 0.105585 0.903199
v 0.935555 0.121390 0.930932
v 0.935555 0.105585 0.930932
v 0.958359 0.121390 0.930932
v 0.958359 0.105585 0.930932
v 0.843704 0.186582 0.904281
v 0.843704 0.202387 0.904281
v 0.843704 0.186582 0.886057
v 0.843704 0.202387 0.886057
v 0.871437 0.186582 0.904281
v 0.871437 0.202387 0.904281
v 0.871437 0.186582 0.886057
v 0.871437 0.202387 0.886057
v 0.846481 0.202387 0.902457
v 0.846481 0.202387 0.887882
v 0.868661 0.202387 0.887882
v 0.868661 0.202387 0.902457
v 0.846481 0.204258 0.902457
v 0.846481 0.204258 0.887882
v 0.868661 0.204258 0.887882
v 0.868661 0.204258 0.902457
v 0.930823 0.105585 0.930932
v 0.930823 0.121390 0.930932
v 0.908019 0.105585 0.930932
v 0.908019 0.121390 0.930932
v 0.930823 0.105585 0.903199
v 0.930823 0.121390 0.903199
v 0.908019 0.105585 0.903199
v 0.908019 0.121390 0.903199
v 0.928540 0.121390 0.928155
v 0.910302 0.121390 0.928155
v 0.910302 0.121390 0.905975
v 0.928540 0.121390 0.905975
v 0.928540 0.123262 0.928155
v 0.910302 0.123262 0.928155
v 0.910302 0.123262 0.905975
v 0.928540 0.123262 0.905975
v 0.956075 0.121390 0.928155
v 0.937838 0.121390 0.928155
v 0.937838 0.121390 0.905975
v 0.956075 0.121390 0.905975
v 0.956075 0.123262 0.928155
v 0.937838 0.123262 0.928155
v 0.937838 0.123262 0.905975
v 0.956075 0.123262 0.905975
v 0.785942 0.075473 0.820934
v 0.785942 0.040740 0.820934
v 0.801477 0.047996 1.011272
v 0.801477 0.068218 1.011272
v 0.976280 0.068218 0.835236
v 0.976280 0.047996 0.835236
v 0.976280 0.068218 1.011272
v 0.976280 0.047996 1.011272
v 0.800663 0.034305 1.011272
v 0.800847 0.082262 1.011272
v 0.976280 0.082262 0.835449
v 0.976280 0.034305 0.835587
v 0.976280 0.040740 1.011272
v 0.976280 0.075473 1.011272
v 0.785942 0.075473 1.011272
v 0.785942 0.117049 1.011272
v 0.976280 0.117049 0.820934
v 0.976280 0.117049 1.011272
v 0.976280 0.075473 0.820934
v 0.976280 0.082262 1.011272
v 0.976280 0.040740 0.820934
v 0.976280 0.000710 0.820934
v 0.976280 0.000710 1.011272
v 0.785942 0.000710 1.011272
v 0.785942 0.040740 1.011272
v 0.976280 0.034305 1.011272
v 0.973558 0.034305 1.008550
v 0.973558 0.014553 1.008550
v 0.973558 0.102257 1.008550
v 0.973558 0.082262 1.008550
v 0.973558 0.068218 1.008550
v 0.973558 0.047996 1.008550
v 0.801477 0.047996 1.007422
v 0.801477 0.068218 1.007422
v 0.972430 0.068218 0.835236
v 0.972430 0.047996 0.835236
v 0.800847 0.082262 1.007422
v 0.800847 0.102257 1.007422
v 0.972430 0.102257 0.835449
v 0.972430 0.082262 0.835449
v 0.972430 0.034305 0.835587
v 0.972430 0.014553 0.835587
v 0.800663 0.014553 1.007422
v 0.800663 0.034305 1.007422
vt 0.162239 0.549586
vt 0.162239 0.562596
vt 0.252629 0.562596
vt 0.252629 0.549586
vt 0.162239 0.549586
vt 0.162239 0.562596
vt 0.252629 0.562596
vt 0.252629 0.549586
vt 0.162239 0.562596
vt 0.162239 0.549586
vt 0.252629 0.549586
vt 0.252629 0.562596
vt 0.125000 0.500000
vt 0.375000 0.500000
vt 0.375000 0.750000
vt 0.125000 0.750000
vt 0.204181 0.086595
vt 0.204181 0.129334
vt 0.204181 0.129334
vt 0.204181 0.086595
vt 0.017363 0.940170
vt 0.017363 0.980632
vt 0.129774 0.980632
vt 0.129774 0.940599
vt 0.017363 0.939762
vt 0.017363 0.981264
vt 0.129774 0.981264
vt 0.129774 0.939762
vt 0.025810 0.847354
vt 0.025810 0.866935
vt 0.025810 0.866935
vt 0.025810 0.847354
vt 0.025935 0.880535
vt 0.025935 0.899897
vt 0.025935 0.899897
vt 0.025935 0.880535
vt 0.125000 0.500000
vt 0.375000 0.500000
vt 0.375000 0.750000
vt 0.125000 0.750000
vt 0.142208 0.129334
vt 0.142208 0.086595
vt 0.142208 0.086595
vt 0.142208 0.129334
vt 0.269405 0.329990
vt 0.269405 0.454755
vt 0.180355 0.454755
vt 0.180355 0.329990
vt 0.269405 0.329990
vt 0.269405 0.454755
vt 0.180355 0.454755
vt 0.180355 0.329990
vt 0.180355 0.329990
vt 0.180355 0.454755
vt 0.269405 0.454755
vt 0.269405 0.329990
vt 0.183449 0.215250
vt 0.183449 0.178887
vt 0.184685 0.177651
vt 0.184685 0.216486
vt 0.147086 0.178887
vt 0.145850 0.177651
vt 0.147086 0.215250
vt 0.145850 0.216486
vt 0.205732 0.085525
vt 0.205732 0.130403
vt 0.140657 0.085525
vt 0.140657 0.130403
vt 0.147086 0.178887
vt 0.183449 0.178887
vt 0.183449 0.215250
vt 0.147086 0.215250
vt 0.391102 0.175202
vt 0.401166 0.175202
vt 0.401166 0.110760
vt 0.391102 0.110760
vt 0.413001 0.175202
vt 0.423066 0.175202
vt 0.423066 0.110760
vt 0.413001 0.110760
vt 0.401202 0.110760
vt 0.411266 0.110760
vt 0.411266 0.175202
vt 0.401202 0.175202
vt 0.423101 0.110760
vt 0.433165 0.110760
vt 0.433165 0.175202
vt 0.423101 0.175202
vt 0.413262 0.168878
vt 0.413262 0.119578
vt 0.374102 0.119578
vt 0.374102 0.168878
vt 0.477506 0.167814
vt 0.477506 0.131985
vt 0.482292 0.131985
vt 0.482292 0.167814
vt 0.391102 0.175202
vt 0.401166 0.175202
vt 0.401166 0.110760
vt 0.391102 0.110760
vt 0.413001 0.175202
vt 0.423066 0.175202
vt 0.423066 0.110760
vt 0.413001 0.110760
vt 0.401202 0.110760
vt 0.411266 0.110760
vt 0.411266 0.175202
vt 0.401202 0.175202
vt 0.423101 0.110760
vt 0.433165 0.110760
vt 0.433165 0.175202
vt 0.423101 0.175202
vt 0.413262 0.168878
vt 0.413262 0.119578
vt 0.374102 0.119578
vt 0.374102 0.168878
vt 0.477506 0.131985
vt 0.477506 0.167814
vt 0.482292 0.167814
vt 0.482292 0.131985
vt 0.384576 0.165578
vt 0.459211 0.165578
vt 0.476552 0.175958
vt 0.367234 0.175958
vt 0.459211 0.120902
vt 0.476552 0.110522
vt 0.384576 0.120902
vt 0.367234 0.110522
vt 0.384576 0.165578
vt 0.459211 0.165578
vt 0.476552 0.175958
vt 0.367234 0.175958
vt 0.459211 0.120902
vt 0.476552 0.110522
vt 0.384576 0.120902
vt 0.367234 0.110522
vt 0.420638 0.050749
vt 0.420638 0.110681
vt 0.369938 0.110681
vt 0.369938 0.050749
vt 0.420638 0.177690
vt 0.420638 0.237622
vt 0.369938 0.237622
vt 0.369938 0.177690
vt 0.477506 0.228747
vt 0.477506 0.192918
vt 0.482292 0.192918
vt 0.482292 0.228747
vt 0.477506 0.192918
vt 0.477506 0.228747
vt 0.482292 0.228747
vt 0.482292 0.192918
vt 0.477506 0.162452
vt 0.477506 0.198281
vt 0.482292 0.198281
vt 0.482292 0.162452
vt 0.477506 0.198281
vt 0.477506 0.162452
vt 0.482292 0.162452
vt 0.482292 0.198281
vt 0.477506 0.198281
vt 0.477506 0.162452
vt 0.482292 0.162452
vt 0.482292 0.198281
vt 0.477506 0.162452
vt 0.477506 0.198281
vt 0.482292 0.198281
vt 0.482292 0.162452
vt 0.103240 0.236381
vt 0.076871 0.236381
vt 0.079511 0.231324
vt 0.100600 0.231324
vt 0.350195 0.198923
vt 0.274340 0.198923
vt 0.274340 0.249007
vt 0.350195 0.249007
vt 0.349162 0.054798
vt 0.349162 0.119990
vt 0.275717 0.119990
vt 0.275717 0.054798
vt 0.339062 0.078057
vt 0.339062 0.143249
vt 0.290799 0.143249
vt 0.290799 0.078057
vt 0.278208 0.078057
vt 0.278208 0.143249
vt 0.351653 0.143249
vt 0.351653 0.078057
vt 0.275853 0.054537
vt 0.275853 0.119729
vt 0.324116 0.119729
vt 0.324116 0.054537
vt 0.275853 0.054537
vt 0.275853 0.119729
vt 0.324116 0.119729
vt 0.324116 0.054537
vt 0.278208 0.078057
vt 0.278208 0.143249
vt 0.351653 0.143249
vt 0.351653 0.078057
vt 0.339062 0.078057
vt 0.339062 0.143249
vt 0.290799 0.143249
vt 0.290799 0.078057
vt 0.349162 0.054798
vt 0.349162 0.119990
vt 0.275717 0.119990
vt 0.275717 0.054798
vt 0.350195 0.198923
vt 0.274340 0.198923
vt 0.274340 0.249007
vt 0.350195 0.249007
vt 0.103240 0.236381
vt 0.076871 0.236381
vt 0.079511 0.231324
vt 0.100600 0.231324
vt 0.275717 0.119990
vt 0.349162 0.119990
vt 0.349162 0.119990
vt 0.275717 0.119990
vt 0.076871 0.185864
vt 0.079511 0.190921
vt 0.103240 0.185864
vt 0.100600 0.190921
vt 0.274340 0.198923
vt 0.350195 0.198923
vt 0.350195 0.249007
vt 0.274340 0.249007
vt 0.351653 0.143249
vt 0.278208 0.143249
vt 0.278208 0.143249
vt 0.351653 0.143249
vt 0.290799 0.143249
vt 0.339062 0.143249
vt 0.339062 0.143249
vt 0.290799 0.143249
vt 0.324116 0.119729
vt 0.275853 0.119729
vt 0.275853 0.119729
vt 0.324116 0.119729
vt 0.275853 0.054537
vt 0.275853 0.119729
vt 0.324116 0.119729
vt 0.324116 0.054537
vt 0.278208 0.078057
vt 0.278208 0.143249
vt 0.351653 0.143249
vt 0.351653 0.078057
vt 0.339062 0.078057
vt 0.339062 0.143249
vt 0.290799 0.143249
vt 0.290799 0.078057
vt 0.349162 0.054798
vt 0.349162 0.119990
vt 0.275717 0.119990
vt 0.275717 0.054798
vt 0.350195 0.198923
vt 0.274340 0.198923
vt 0.274340 0.249007
vt 0.350195 0.249007
vt 0.103240 0.236381
vt 0.076871 0.236381
vt 0.079511 0.231324
vt 0.100600 0.231324
vt 0.275717 0.119990
vt 0.349162 0.119990
vt 0.349162 0.119990
vt 0.275717 0.119990
vt 0.076871 0.185864
vt 0.079511 0.190921
vt 0.103240 0.185864
vt 0.100600 0.190921
vt 0.274340 0.198923
vt 0.350195 0.198923
vt 0.350195 0.249007
vt 0.274340 0.249007
vt 0.351653 0.143249
vt 0.278208 0.143249
vt 0.278208 0.143249
vt 0.351653 0.143249
vt 0.290799 0.143249
vt 0.339062 0.143249
vt 0.339062 0.143249
vt 0.290799 0.143249
vt 0.324116 0.119729
vt 0.275853 0.119729
vt 0.275853 0.119729
vt 0.324116 0.119729
vt 0.275717 0.119990
vt 0.349162 0.119990
vt 0.349162 0.119990
vt 0.275717 0.119990
vt 0.076871 0.185864
vt 0.079511 0.190921
vt 0.103240 0.185864
vt 0.100600 0.190921
vt 0.274340 0.198923
vt 0.350195 0.198923
vt 0.350195 0.249007
vt 0.274340 0.249007
vt 0.351653 0.143249
vt 0.278208 0.143249
vt 0.278208 0.143249
vt 0.351653 0.143249
vt 0.290799 0.143249
vt 0.339062 0.143249
vt 0.339062 0.143249
vt 0.290799 0.143249
vt 0.324116 0.119729
vt 0.275853 0.119729
vt 0.275853 0.119729
vt 0.324116 0.119729
vt 0.026538 0.933127
vt 0.026538 0.913597
vt 0.026538 0.913597
vt 0.026538 0.933127
vt 0.026017 0.834096
vt 0.129774 0.834096
vt 0.129774 0.834096
vt 0.026017 0.834096
vt 0.129774 0.965677
vt 0.026166 0.965817
vt 0.026166 0.965817
vt 0.129774 0.965677
vt 0.129774 0.899876
vt 0.026057 0.900283
vt 0.026057 0.900283
vt 0.129774 0.899876
vt 0.017363 0.865131
vt 0.017363 0.905091
vt 0.129774 0.905091
vt 0.129774 0.865131
vt 0.017363 0.868610
vt 0.017363 0.906631
vt 0.129774 0.907155
vt 0.129774 0.868610
vt 0.017363 0.840328
vt 0.017363 0.873961
vt 0.129774 0.913133
vt 0.129774 0.906108
vt 0.129774 0.932715
vt 0.129774 0.939740
vt 0.129774 0.847354
vt 0.129774 0.840328
vt 0.129774 0.866935
vt 0.129774 0.873961
vt 0.026166 0.946647
vt 0.017363 0.979999
vt 0.129774 0.899897
vt 0.017363 0.914220
vt 0.129774 0.914220
vt 0.129774 0.979999
vt 0.129774 0.946315
vt 0.129774 0.880535
vt 0.026017 0.814970
vt 0.017363 0.801565
vt 0.129774 0.814970
vt 0.129774 0.801565
vt 0.129774 0.880749
vt 0.026057 0.880916
vt 0.017363 0.867345
vt 0.129774 0.867345
vt 0.129774 0.899897
vt 0.129774 0.880535
vt 0.129774 0.946315
vt 0.026166 0.946647
vt 0.129774 0.880749
vt 0.026057 0.880916
vt 0.129774 0.913133
vt 0.129774 0.932715
vt 0.026017 0.814970
vt 0.129774 0.814970
vt 0.129774 0.866935
vt 0.129774 0.847354
vn -1.0000 0.0000 0.0000
vn 0.0000 0.0000 -1.0000
vn 1.0000 0.0000 0.0000
vn 0.0000 0.0000 1.0000
vn 0.0000 -1.0000 0.0000
vn 0.0000 1.0000 0.0000
vn 1.0000 0.0000 -0.0065
vn -0.0065 0.0000 1.0000
vn -0.0066 0.0000 1.0000
usemtl 1
s off
f 2201/5494/110 2205/5495/110 2206/5496/110 2202/5497/110
f 2202/5498/111 2206/5499/111 2207/5500/111 2203/5501/111
f 2203/5501/112 2207/5500/112 2208/5502/112 2204/5503/112
f 2204/5504/113 2208/5505/113 2205/5495/113 2201/5494/113
f 2187/5506/114 2191/5507/114 2189/5508/114 2185/5509/114
f 2193/5510/112 2195/5511/112 2217/5512/112 2218/5513/112
f 2315/5514/110 2316/5515/110 2210/5516/110 2301/5517/110
f 2301/5518/111 2210/5519/111 2317/5520/111 2319/5521/111
f 2306/5522/113 2305/5523/113 2335/5524/113 2336/5525/113
f 2311/5526/113 2211/5527/113 2339/5528/113 2340/5529/113
f 2194/5530/114 2322/5531/114 2323/5532/114 2324/5533/114
f 2198/5534/110 2200/5535/110 2219/5536/110 2220/5537/110
f 2189/5538/113 2204/5539/113 2201/5540/113 2185/5541/113
f 2191/5542/112 2203/5543/112 2204/5544/112 2189/5545/112
f 2187/5546/111 2202/5547/111 2203/5543/111 2191/5542/111
f 2185/5541/110 2201/5540/110 2202/5548/110 2187/5549/110
f 2186/5550/115 2188/5551/115 2206/5552/115 2205/5553/115
f 2188/5551/115 2192/5554/115 2207/5555/115 2206/5552/115
f 2192/5554/115 2190/5556/115 2208/5557/115 2207/5555/115
f 2190/5556/115 2186/5550/115 2205/5553/115 2208/5557/115
f 2195/5511/115 2193/5510/115 2210/5558/115 2316/5559/115
f 2193/5510/115 2200/5535/115 2317/5560/115 2210/5558/115
f 2200/5535/115 2198/5534/115 2318/5561/115 2317/5560/115
f 2198/5534/115 2195/5511/115 2316/5559/115 2318/5561/115
f 2215/5562/115 2214/5563/115 2213/5564/115 2216/5565/115
f 2219/5536/115 2218/5513/115 2217/5512/115 2220/5537/115
f 2190/5556/110 2192/5554/110 2215/5562/110 2216/5565/110
f 2188/5551/112 2186/5550/112 2213/5564/112 2214/5563/112
f 2195/5511/111 2198/5534/111 2220/5537/111 2217/5512/111
f 2200/5535/113 2193/5510/113 2218/5513/113 2219/5536/113
f 2186/5550/111 2190/5556/111 2216/5565/111 2213/5564/111
f 2192/5554/113 2188/5551/113 2214/5563/113 2215/5562/113
f 2221/5566/110 2237/5567/110 2238/5568/110 2223/5569/110
f 2223/5570/111 2238/5571/111 2239/5572/111 2227/5573/111
f 2227/5574/112 2239/5575/112 2240/5576/112 2225/5577/112
f 2225/5578/113 2240/5579/113 2237/5580/113 2221/5581/113
f 2223/5582/114 2227/5583/114 2225/5584/114 2221/5585/114
f 2236/5586/111 2232/5587/111 2250/5588/111 2251/5589/111
f 2229/5590/110 2241/5591/110 2242/5592/110 2231/5593/110
f 2231/5594/111 2242/5595/111 2243/5596/111 2235/5597/111
f 2235/5598/112 2243/5599/112 2244/5600/112 2233/5601/112
f 2233/5602/113 2244/5603/113 2241/5604/113 2229/5605/113
f 2231/5606/114 2235/5607/114 2233/5608/114 2229/5609/114
f 2230/5610/113 2234/5611/113 2252/5612/113 2249/5613/113
f 2222/5614/115 2224/5615/115 2238/5616/115 2237/5617/115
f 2224/5615/115 2228/5618/115 2239/5619/115 2238/5616/115
f 2228/5618/115 2226/5620/115 2240/5621/115 2239/5619/115
f 2226/5620/115 2222/5614/115 2237/5617/115 2240/5621/115
f 2230/5622/115 2232/5623/115 2242/5624/115 2241/5625/115
f 2232/5623/115 2236/5626/115 2243/5627/115 2242/5624/115
f 2236/5626/115 2234/5628/115 2244/5629/115 2243/5627/115
f 2234/5628/115 2230/5622/115 2241/5625/115 2244/5629/115
f 2247/5630/115 2246/5631/115 2245/5632/115 2248/5633/115
f 2251/5634/115 2250/5635/115 2249/5636/115 2252/5637/115
f 2222/5638/113 2226/5639/113 2248/5640/113 2245/5641/113
f 2228/5642/111 2224/5643/111 2246/5644/111 2247/5645/111
f 2234/5646/112 2236/5647/112 2251/5648/112 2252/5649/112
f 2232/5650/110 2230/5651/110 2249/5652/110 2250/5653/110
f 2226/5654/112 2228/5655/112 2247/5656/112 2248/5657/112
f 2224/5658/110 2222/5659/110 2245/5660/110 2246/5661/110
f 2257/5662/115 2259/5663/115 2293/5664/115 2294/5665/115
f 2258/5666/114 2254/5667/114 2256/5668/114 2260/5669/114
f 2256/5670/112 2255/5671/112 2259/5672/112 2260/5673/112
f 2254/5674/111 2253/5675/111 2255/5676/111 2256/5677/111
f 2258/5678/110 2257/5679/110 2253/5680/110 2254/5681/110
f 2260/5682/113 2259/5683/113 2257/5684/113 2258/5685/113
f 2261/5686/110 2262/5687/110 2264/5688/110 2263/5689/110
f 2263/5690/111 2264/5691/111 2268/5692/111 2267/5693/111
f 2267/5694/112 2268/5695/112 2266/5696/112 2265/5697/112
f 2265/5698/113 2266/5699/113 2262/5700/113 2261/5701/113
f 2263/5702/114 2267/5703/114 2265/5704/114 2261/5705/114
f 2264/5706/115 2262/5707/115 2269/5708/115 2270/5709/115
f 2269/5710/113 2272/5711/113 2276/5712/113 2273/5713/113
f 2262/5707/115 2266/5714/115 2272/5715/115 2269/5708/115
f 2268/5716/115 2264/5706/115 2270/5709/115 2271/5717/115
f 2266/5714/115 2268/5716/115 2271/5717/115 2272/5715/115
f 2275/5718/115 2274/5719/115 2273/5720/115 2276/5721/115
f 2271/5722/111 2270/5723/111 2274/5724/111 2275/5725/111
f 2272/5726/112 2271/5727/112 2275/5728/112 2276/5729/112
f 2270/5730/110 2269/5731/110 2273/5732/110 2274/5733/110
f 2277/5734/113 2278/5735/113 2280/5736/113 2279/5737/113
f 2279/5738/110 2280/5739/110 2284/5740/110 2283/5741/110
f 2283/5742/111 2284/5743/111 2282/5744/111 2281/5745/111
f 2281/5746/112 2282/5747/112 2278/5748/112 2277/5749/112
f 2279/5750/114 2283/5751/114 2281/5752/114 2277/5753/114
f 2280/5754/115 2278/5755/115 2285/5756/115 2286/5757/115
f 2285/5758/112 2288/5759/112 2292/5760/112 2289/5761/112
f 2278/5755/115 2282/5762/115 2288/5763/115 2285/5756/115
f 2284/5764/115 2280/5754/115 2286/5757/115 2287/5765/115
f 2282/5762/115 2284/5764/115 2287/5765/115 2288/5763/115
f 2291/5766/115 2290/5767/115 2289/5768/115 2292/5769/115
f 2287/5770/110 2286/5771/110 2290/5772/110 2291/5773/110
f 2288/5774/111 2287/5775/111 2291/5776/111 2292/5777/111
f 2286/5778/113 2285/5779/113 2289/5780/113 2290/5781/113
f 2293/5782/112 2296/5783/112 2300/5784/112 2297/5785/112
f 2259/5663/115 2255/5786/115 2296/5787/115 2293/5664/115
f 2253/5788/115 2257/5662/115 2294/5665/115 2295/5789/115
f 2255/5786/115 2253/5788/115 2295/5789/115 2296/5787/115
f 2299/5790/115 2298/5791/115 2297/5792/115 2300/5793/115
f 2295/5794/110 2294/5795/110 2298/5796/110 2299/5797/110
f 2296/5798/111 2295/5799/111 2299/5800/111 2300/5801/111
f 2294/5802/113 2293/5803/113 2297/5804/113 2298/5805/113
f 2304/5806/112 2303/5807/112 2333/5808/112 2334/5809/112
f 2312/5810/114 2326/5811/114 2327/5812/114 2341/5813/114
f 2212/5814/114 2209/5815/114 2338/5816/114 2329/5817/114
f 2326/5818/114 2309/5819/114 2344/5820/114 2327/5821/114
f 2194/5822/111 2302/5823/111 2321/5824/111 2322/5825/111
f 2302/5823/111 2301/5518/111 2319/5521/111 2321/5824/111
f 2324/5826/110 2325/5827/110 2302/5828/110 2194/5829/110
f 2325/5827/110 2315/5514/110 2301/5517/110 2302/5828/110
f 2303/5807/113 2304/5806/113 2315/5514/113 2325/5827/113
f 2305/5523/112 2306/5522/112 2321/5830/112 2319/5831/112
f 2308/5832/113 2303/5807/113 2325/5827/113 2313/5833/113
f 2304/5806/113 2307/5834/113 2314/5835/113 2315/5514/113
f 2306/5522/112 2308/5836/112 2313/5837/112 2321/5830/112
f 2307/5838/112 2305/5523/112 2319/5831/112 2314/5839/112
f 2310/5840/113 2209/5815/113 2316/5841/113 2315/5514/113
f 2212/5842/112 2211/5527/112 2317/5843/112 2318/5844/112
f 2209/5815/113 2212/5814/113 2318/5845/113 2316/5841/113
f 2211/5527/112 2311/5526/112 2319/5831/112 2317/5843/112
f 2320/5846/113 2310/5840/113 2315/5514/113 2314/5835/113
f 2311/5526/112 2320/5847/112 2314/5839/112 2319/5831/112
f 2312/5810/112 2199/5848/112 2322/5849/112 2321/5830/112
f 2199/5848/112 2197/5850/112 2323/5851/112 2322/5849/112
f 2197/5852/113 2196/5853/113 2324/5854/113 2323/5855/113
f 2196/5853/113 2309/5819/113 2325/5827/113 2324/5854/113
f 2309/5819/113 2326/5818/113 2313/5833/113 2325/5827/113
f 2326/5811/112 2312/5810/112 2321/5830/112 2313/5837/112
f 2340/5529/116 2339/5528/116 2329/5856/116 2330/5857/116
f 2330/5858/117 2329/5817/117 2338/5816/117 2337/5859/117
f 2328/5860/117 2327/5821/117 2344/5820/117 2343/5861/117
f 2332/5862/118 2331/5863/118 2334/5809/118 2333/5808/118
f 2342/5864/116 2341/5813/116 2327/5812/116 2328/5865/116
f 2336/5525/116 2335/5524/116 2331/5866/116 2332/5867/116
f 2310/5840/115 2320/5846/115 2330/5858/115 2337/5859/115
f 2199/5848/113 2312/5810/113 2341/5813/113 2342/5864/113
f 2303/5807/115 2308/5832/115 2332/5862/115 2333/5808/115
f 2320/5847/115 2311/5526/115 2340/5529/115 2330/5857/115
f 2197/5850/115 2199/5848/115 2342/5864/115 2328/5865/115
f 2307/5834/114 2304/5806/114 2334/5809/114 2331/5863/114
f 2196/5853/115 2197/5852/115 2328/5860/115 2343/5861/115
f 2308/5836/115 2306/5522/115 2336/5525/115 2332/5867/115
f 2209/5815/112 2310/5840/112 2337/5859/112 2338/5816/112
f 2309/5819/112 2196/5853/112 2343/5861/112 2344/5820/112
f 2305/5523/114 2307/5838/114 2331/5866/114 2335/5524/114
f 2211/5527/114 2212/5842/114 2329/5856/114 2339/5528/114
o 立方体.011_立方体.014
v -1.550650 0.995547 0.351887
v -1.476372 0.995547 0.277610
v -1.476372 0.529867 0.277610
v -1.550650 0.529867 0.351887
v -1.476372 0.995547 0.653157
v -1.550650 0.995547 0.578880
v -1.550650 0.529867 0.578880
v -1.476372 0.529867 0.653157
v -1.476372 -0.001728 0.653157
v -1.550650 -0.001728 0.578880
v -1.550650 0.463952 0.578880
v -1.476372 0.463952 0.653157
v -1.550650 -0.001728 0.351887
v -1.476372 -0.001728 0.277610
v -1.476372 0.463952 0.277610
v -1.550650 0.463952 0.351887
v -1.175102 -0.001728 0.578880
v -1.249380 -0.001728 0.653157
v -1.249380 0.463952 0.653157
v -1.175102 0.463952 0.578880
v -1.249380 -0.001728 0.277610
v -1.175102 -0.001728 0.351887
v -1.175102 0.463952 0.351887
v -1.249380 0.463952 0.277610
v -1.175102 0.529867 0.578880
v -1.249380 0.529867 0.653157
v -1.249380 0.995547 0.653157
v -1.175102 0.995547 0.578880
v -1.249380 0.529867 0.277610
v -1.175102 0.529867 0.351887
v -1.175102 0.995547 0.351887
v -1.249380 0.995547 0.277610
v -1.550650 1.527143 0.351887
v -1.476372 1.527143 0.277610
v -1.476372 1.061463 0.277610
v -1.550650 1.061463 0.351887
v -1.476372 1.527143 0.653157
v -1.550650 1.527143 0.578880
v -1.550650 1.061463 0.578880
v -1.476372 1.061463 0.653157
v -1.175102 1.061463 0.578880
v -1.249380 1.061463 0.653157
v -1.249380 1.527143 0.653157
v -1.175102 1.527143 0.578880
v -1.249380 1.061463 0.277610
v -1.175102 1.061463 0.351887
v -1.175102 1.527143 0.351887
v -1.249380 1.527143 0.277610
v -1.481065 1.721019 0.380710
v -1.447549 1.721019 0.347195
v -1.476372 1.593058 0.277610
v -1.550650 1.593058 0.351887
v -1.447549 1.721019 0.583573
v -1.481065 1.721019 0.550057
v -1.550650 1.593058 0.578880
v -1.476372 1.593058 0.653157
v -1.175102 1.593058 0.578880
v -1.249380 1.593058 0.653157
v -1.278203 1.721019 0.583573
v -1.244687 1.721019 0.550057
v -1.249380 1.593058 0.277610
v -1.175102 1.593058 0.351887
v -1.244687 1.721019 0.380710
v -1.278203 1.721019 0.347195
v -1.494527 1.618273 0.385810
v -1.442450 1.618273 0.333733
v -1.442450 0.230566 0.333733
v -1.494527 0.230566 0.385810
v -1.442450 1.618273 0.597034
v -1.494527 1.618273 0.544957
v -1.494527 0.230566 0.544957
v -1.442450 0.230566 0.597034
v -1.231225 0.230566 0.544957
v -1.283302 0.230566 0.597034
v -1.283302 1.618273 0.597034
v -1.231225 1.618273 0.544957
v -1.283302 0.230566 0.333733
v -1.231225 0.230566 0.385810
v -1.231225 1.618273 0.385810
v -1.283302 1.618273 0.333733
v -1.249380 1.721019 0.277610
v -1.175102 1.721019 0.351887
v -1.550650 1.721019 0.351887
v -1.476372 1.721019 0.277610
v -1.476372 1.721019 0.653157
v -1.550650 1.721019 0.578880
v -1.175102 1.721019 0.578880
v -1.249380 1.721019 0.653157
v -1.282530 1.798342 0.573126
v -1.255133 1.798342 0.545730
v -1.470619 1.798342 0.545730
v -1.443222 1.798342 0.573126
v -1.443222 1.798342 0.357641
v -1.470619 1.798342 0.385037
v -1.255133 1.798342 0.385037
v -1.282530 1.798342 0.357641
v -1.475929 0.003096 0.298758
v -1.475929 1.779379 0.298758
v -1.475929 0.003096 0.286719
v -1.475929 1.779379 0.286719
v -1.463890 0.003096 0.298758
v -1.463890 1.779379 0.298758
v -1.463890 0.003096 0.286719
v -1.463890 1.779379 0.286719
v -1.265671 0.003096 0.298758
v -1.265671 1.779379 0.298758
v -1.265671 0.003096 0.286719
v -1.265671 1.779379 0.286719
v -1.253632 0.003096 0.298758
v -1.253632 1.779379 0.298758
v -1.253632 0.003096 0.286719
v -1.253632 1.779379 0.286719
v -1.475929 0.003096 0.642878
v -1.475929 1.779379 0.642878
v -1.475929 0.003096 0.630839
v -1.475929 1.779379 0.630839
v -1.463890 0.003096 0.642878
v -1.463890 1.779379 0.642878
v -1.463890 0.003096 0.630839
v -1.463890 1.779379 0.630839
v -1.265671 0.003096 0.642878
v -1.265671 1.779379 0.642878
v -1.265671 0.003096 0.630839
v -1.265671 1.779379 0.630839
v -1.253632 0.003096 0.642878
v -1.253632 1.779379 0.642878
v -1.253632 0.003096 0.630839
v -1.253632 1.779379 0.630839
v -1.198740 0.003096 0.353650
v -1.198740 1.779379 0.353650
v -1.186701 0.003096 0.353650
v -1.186701 1.779379 0.353650
v -1.198740 0.003096 0.365689
v -1.198740 1.779379 0.365689
v -1.186701 0.003096 0.365689
v -1.186701 1.779379 0.365689
v -1.198740 0.003096 0.563908
v -1.198740 1.779379 0.563908
v -1.186701 0.003096 0.563908
v -1.186701 1.779379 0.563908
v -1.198740 0.003096 0.575947
v -1.198740 1.779379 0.575947
v -1.186701 0.003096 0.575947
v -1.186701 1.779379 0.575947
v -1.542860 0.003096 0.353650
v -1.542860 1.779379 0.353650
v -1.530821 0.003096 0.353650
v -1.530821 1.779379 0.353650
v -1.542860 0.003096 0.365689
v -1.542860 1.779379 0.365689
v -1.530821 0.003096 0.365689
v -1.530821 1.779379 0.365689
v -1.542860 0.003096 0.563908
v -1.542860 1.779379 0.563908
v -1.530821 0.003096 0.563908
v -1.530821 1.779379 0.563908
v -1.542860 0.003096 0.575947
v -1.542860 1.779379 0.575947
v -1.530821 0.003096 0.575947
v -1.530821 1.779379 0.575947
v -1.255946 0.003096 0.348063
v -1.255946 1.779379 0.348063
v -1.246493 0.003096 0.338610
v -1.246493 1.779379 0.338610
v -1.246493 0.003096 0.357516
v -1.246493 1.779379 0.357516
v -1.237040 0.003096 0.348063
v -1.237040 1.779379 0.348063
v -1.255946 0.003096 0.581533
v -1.255946 1.779379 0.581533
v -1.246493 0.003096 0.572081
v -1.246493 1.779379 0.572081
v -1.246493 0.003096 0.590986
v -1.246493 1.779379 0.590986
v -1.237041 0.003096 0.581533
v -1.237041 1.779379 0.581533
v -1.488964 0.003096 0.348063
v -1.488964 1.779379 0.348063
v -1.479511 0.003096 0.338610
v -1.479511 1.779379 0.338610
v -1.479511 0.003096 0.357516
v -1.479511 1.779379 0.357516
v -1.470058 0.003096 0.348063
v -1.470058 1.779379 0.348063
v -1.488964 0.003096 0.581533
v -1.488964 1.779379 0.581533
v -1.479511 0.003096 0.572081
v -1.479511 1.779379 0.572081
v -1.479511 0.003096 0.590986
v -1.479511 1.779379 0.590986
v -1.470058 0.003096 0.581533
v -1.470058 1.779379 0.581533
v -1.198740 0.003096 0.459983
v -1.198740 1.779379 0.459983
v -1.186701 0.003096 0.459983
v -1.186701 1.779379 0.459983
v -1.198740 0.003096 0.472022
v -1.198740 1.779379 0.472022
v -1.186701 0.003096 0.472022
v -1.186701 1.779379 0.472022
v -1.542860 0.003096 0.459983
v -1.542860 1.779379 0.459983
v -1.530821 0.003096 0.459983
v -1.530821 1.779379 0.459983
v -1.542860 0.003096 0.472022
v -1.542860 1.779379 0.472022
v -1.530821 0.003096 0.472022
v -1.530821 1.779379 0.472022
v -1.358760 0.003096 0.632042
v -1.358760 1.779379 0.632042
v -1.358760 0.003096 0.644081
v -1.358760 1.779379 0.644081
v -1.370800 0.003096 0.632042
v -1.370800 1.779379 0.632042
v -1.370800 0.003096 0.644081
v -1.370800 1.779379 0.644081
v -1.358760 0.003096 0.287923
v -1.358760 1.779379 0.287923
v -1.358760 0.003096 0.299962
v -1.358760 1.779379 0.299962
v -1.370799 0.003096 0.287923
v -1.370799 1.779379 0.287923
v -1.370799 0.003096 0.299962
v -1.370799 1.779379 0.299962
v -1.470254 1.717035 0.292381
v -1.535878 1.717035 0.358006
v -1.535878 1.717035 0.572761
v -1.470254 1.717035 0.638386
v -1.189874 1.717035 0.572761
v -1.255498 1.717035 0.638386
v -1.255498 1.717035 0.292381
v -1.189874 1.717035 0.358006
v -1.255498 1.770391 0.292381
v -1.189874 1.770391 0.358006
v -1.535878 1.770391 0.358006
v -1.470254 1.770391 0.292381
v -1.470254 1.770391 0.638386
v -1.535878 1.770391 0.572761
v -1.189874 1.770391 0.572761
v -1.255498 1.770391 0.638386
v -1.262583 1.717035 0.309485
v -1.262583 1.770391 0.309485
v -1.206977 1.717035 0.365090
v -1.206977 1.770391 0.365090
v -1.463169 1.717035 0.309485
v -1.518774 1.717035 0.365090
v -1.463169 1.770391 0.309485
v -1.518774 1.770391 0.365090
v -1.518774 1.717035 0.565677
v -1.463169 1.717035 0.621282
v -1.518774 1.770391 0.565677
v -1.463169 1.770391 0.621282
v -1.206977 1.770391 0.565677
v -1.262583 1.770391 0.621282
v -1.262583 1.717035 0.621282
v -1.206977 1.717035 0.565677
v -1.278203 1.798342 0.347195
v -1.244687 1.798342 0.380710
v -1.447549 1.798342 0.347195
v -1.481065 1.798342 0.550057
v -1.481065 1.798342 0.380710
v -1.447549 1.798342 0.583573
v -1.244687 1.798342 0.550057
v -1.278203 1.798342 0.583573
v -1.282530 1.785059 0.357641
v -1.255133 1.785059 0.385037
v -1.443222 1.785059 0.357641
v -1.470619 1.785059 0.545730
v -1.470619 1.785059 0.385037
v -1.443222 1.785059 0.573126
v -1.255133 1.785059 0.545730
v -1.282530 1.785059 0.573126
v -1.447549 1.787002 0.583573
v -1.481065 1.787002 0.550057
v -1.278203 1.787002 0.347195
v -1.244687 1.787002 0.380710
v -1.447549 1.787002 0.347195
v -1.278203 1.787002 0.583573
v -1.244687 1.787002 0.550057
v -1.481065 1.787002 0.380710
vt 0.981505 0.365776
vt 0.856944 0.365776
vt 0.856944 0.567848
vt 0.981505 0.567848
vt 0.856944 0.532902
vt 0.981505 0.532902
vt 0.981505 0.330830
vt 0.856944 0.330830
vt 0.981505 0.280542
vt 0.856944 0.280542
vt 0.856944 0.482614
vt 0.981505 0.482614
vt 0.056874 0.166631
vt 0.094475 0.166631
vt 0.106779 0.147131
vt 0.106779 0.087537
vt 0.094475 0.068036
vt 0.056874 0.068036
vt 0.044569 0.087537
vt 0.044569 0.147131
vt 0.856944 0.365776
vt 0.981505 0.365776
vt 0.981505 0.567848
vt 0.856944 0.567848
vt 0.856944 0.280542
vt 0.981505 0.280542
vt 0.981505 0.482614
vt 0.856944 0.482614
vt 0.864843 0.365776
vt 0.855679 0.365776
vt 0.855679 0.567848
vt 0.864843 0.567848
vt 0.864843 0.567848
vt 0.855679 0.567848
vt 0.855679 0.365776
vt 0.864843 0.365776
vt 0.982082 0.567848
vt 0.973593 0.567848
vt 0.973593 0.365776
vt 0.982082 0.365776
vt 0.973593 0.567848
vt 0.982082 0.567848
vt 0.982082 0.365776
vt 0.973593 0.365776
vt 0.125000 0.549446
vt 0.125000 0.700554
vt 0.174446 0.750000
vt 0.325554 0.750000
vt 0.375000 0.700554
vt 0.375000 0.549446
vt 0.325554 0.500000
vt 0.174446 0.500000
vt 0.856944 0.320602
vt 0.981505 0.320602
vt 0.981505 0.522674
vt 0.856944 0.522674
vt 0.056874 0.166631
vt 0.094475 0.166631
vt 0.106779 0.147131
vt 0.106779 0.087537
vt 0.094475 0.068036
vt 0.056874 0.068036
vt 0.044569 0.087537
vt 0.044569 0.147131
vt 0.981505 0.320602
vt 0.856944 0.320602
vt 0.856944 0.522674
vt 0.981505 0.522674
vt 0.856944 0.365776
vt 0.981505 0.365776
vt 0.981505 0.567848
vt 0.856944 0.567848
vt 0.864843 0.365776
vt 0.855679 0.365776
vt 0.855679 0.567848
vt 0.864843 0.567848
vt 0.864843 0.567848
vt 0.855679 0.567848
vt 0.855679 0.365776
vt 0.864843 0.365776
vt 0.982082 0.567848
vt 0.973593 0.567848
vt 0.973593 0.365776
vt 0.982082 0.365776
vt 0.973593 0.567848
vt 0.982082 0.567848
vt 0.982082 0.365776
vt 0.973593 0.365776
vt 0.056874 0.165443
vt 0.094475 0.165443
vt 0.106779 0.145943
vt 0.106779 0.086349
vt 0.094475 0.066848
vt 0.056874 0.066848
vt 0.044569 0.086349
vt 0.044569 0.145943
vt 0.856944 0.532902
vt 0.981505 0.532902
vt 0.981505 0.330830
vt 0.856944 0.330830
vt 0.981505 0.280542
vt 0.856944 0.280542
vt 0.856944 0.482614
vt 0.981505 0.482614
vt 0.056874 0.166631
vt 0.094475 0.166631
vt 0.106779 0.147131
vt 0.106779 0.087537
vt 0.094475 0.068036
vt 0.056874 0.068036
vt 0.044569 0.087537
vt 0.044569 0.147131
vt 0.856944 0.365776
vt 0.981505 0.365776
vt 0.981505 0.567848
vt 0.856944 0.567848
vt 0.856944 0.365776
vt 0.981505 0.365776
vt 0.981505 0.567848
vt 0.856944 0.567848
vt 0.864843 0.365776
vt 0.855679 0.365776
vt 0.855679 0.567848
vt 0.864843 0.567848
vt 0.864843 0.567848
vt 0.855679 0.567848
vt 0.855679 0.365776
vt 0.864843 0.365776
vt 0.982082 0.567848
vt 0.973593 0.567848
vt 0.973593 0.365776
vt 0.982082 0.365776
vt 0.973593 0.567848
vt 0.982082 0.567848
vt 0.982082 0.365776
vt 0.973593 0.365776
vt 0.056874 0.165443
vt 0.094475 0.165443
vt 0.106779 0.145943
vt 0.106779 0.086349
vt 0.094475 0.066848
vt 0.056874 0.066848
vt 0.044569 0.086349
vt 0.044569 0.145943
vt 0.981505 0.474354
vt 0.856944 0.474354
vt 0.856944 0.529880
vt 0.981505 0.529880
vt 0.981505 0.474354
vt 0.856944 0.474354
vt 0.856944 0.529880
vt 0.981505 0.529880
vt 0.954651 0.889758
vt 0.956617 0.889758
vt 0.956617 0.883602
vt 0.954651 0.883602
vt 0.856944 0.474354
vt 0.981505 0.474354
vt 0.981505 0.529880
vt 0.856944 0.529880
vt 0.856944 0.474354
vt 0.981505 0.474354
vt 0.981505 0.529880
vt 0.856944 0.529880
vt 0.864843 0.474354
vt 0.855679 0.474354
vt 0.855679 0.529880
vt 0.864843 0.529880
vt 0.864843 0.529880
vt 0.855679 0.529880
vt 0.855679 0.474354
vt 0.864843 0.474354
vt 0.982082 0.529880
vt 0.973593 0.529880
vt 0.973593 0.474354
vt 0.982082 0.474354
vt 0.973593 0.529880
vt 0.982082 0.529880
vt 0.982082 0.474354
vt 0.973593 0.474354
vt 0.056874 0.165443
vt 0.094475 0.165443
vt 0.106779 0.145943
vt 0.106779 0.086349
vt 0.094475 0.066848
vt 0.056874 0.066848
vt 0.044569 0.086349
vt 0.044569 0.145943
vt 0.957740 0.807760
vt 0.944191 0.807760
vt 0.944191 0.965094
vt 0.957740 0.965094
vt 0.957740 0.807760
vt 0.944191 0.807760
vt 0.944191 0.965094
vt 0.957740 0.965094
vt 0.625000 0.549446
vt 0.625000 0.700554
vt 0.674446 0.750000
vt 0.825554 0.750000
vt 0.875000 0.700554
vt 0.875000 0.549446
vt 0.825554 0.500000
vt 0.674446 0.500000
vt 0.944191 0.807760
vt 0.957740 0.807760
vt 0.957740 0.965094
vt 0.944191 0.965094
vt 0.944191 0.807760
vt 0.957740 0.807760
vt 0.957740 0.965094
vt 0.944191 0.965094
vt 0.939757 0.807760
vt 0.939757 0.965094
vt 0.962173 0.965094
vt 0.962173 0.807760
vt 0.962173 0.965094
vt 0.962173 0.807760
vt 0.962173 0.965094
vt 0.962173 0.807760
vt 0.125000 0.549446
vt 0.125000 0.700554
vt 0.174446 0.750000
vt 0.325554 0.750000
vt 0.375000 0.700554
vt 0.375000 0.549446
vt 0.325554 0.500000
vt 0.174446 0.500000
vt 0.206506 0.145130
vt 0.200351 0.130270
vt 0.184488 0.146133
vt 0.199348 0.152288
vt 0.249828 0.152288
vt 0.264688 0.146133
vt 0.248826 0.130270
vt 0.242670 0.145130
vt 0.242670 0.195610
vt 0.248826 0.210470
vt 0.264688 0.194607
vt 0.249828 0.188452
vt 0.199349 0.188452
vt 0.184488 0.194607
vt 0.200351 0.210470
vt 0.206506 0.195610
vt 0.057683 0.122005
vt 0.057683 0.122005
vt 0.057683 0.087688
vt 0.057683 0.087688
vt 0.954651 0.846341
vt 0.956617 0.846341
vt 0.956617 0.852498
vt 0.954651 0.852498
vt 0.956617 0.883602
vt 0.954651 0.883602
vt 0.956617 0.852498
vt 0.954651 0.852498
vt 0.956617 0.846341
vt 0.954651 0.846341
vt 0.956617 0.889758
vt 0.954651 0.889758
vt 0.954651 0.883602
vt 0.956617 0.883602
vt 0.956617 0.852498
vt 0.954651 0.852498
vt 0.954651 0.852498
vt 0.956617 0.852498
vt 0.956617 0.883602
vt 0.954651 0.883602
vt 0.981436 0.278771
vt 0.976490 0.278771
vt 0.976490 0.560405
vt 0.981436 0.560405
vt 0.981436 0.278771
vt 0.976490 0.278771
vt 0.976490 0.560405
vt 0.981436 0.560405
vt 0.976490 0.560405
vt 0.976490 0.278771
vt 0.981436 0.278771
vt 0.981436 0.560405
vt 0.981436 0.278771
vt 0.976490 0.278771
vt 0.976490 0.560405
vt 0.981436 0.560405
vt 0.981436 0.278771
vt 0.976490 0.278771
vt 0.976490 0.560405
vt 0.981436 0.560405
vt 0.981436 0.420542
vt 0.981436 0.418633
vt 0.976490 0.418633
vt 0.976490 0.420542
vt 0.981436 0.420542
vt 0.981436 0.418633
vt 0.976490 0.418633
vt 0.976490 0.420542
vt 0.981436 0.420542
vt 0.981436 0.418633
vt 0.976490 0.418633
vt 0.976490 0.420542
vt 0.981436 0.278771
vt 0.976490 0.278771
vt 0.976490 0.560405
vt 0.981436 0.560405
vt 0.976490 0.420542
vt 0.976490 0.418633
vt 0.981436 0.418633
vt 0.981436 0.420542
vt 0.981436 0.420542
vt 0.981436 0.418633
vt 0.976490 0.418633
vt 0.976490 0.420542
vt 0.976490 0.420542
vt 0.976490 0.418633
vt 0.981436 0.418633
vt 0.981436 0.420542
vt 0.976490 0.278771
vt 0.981436 0.278771
vt 0.981436 0.560405
vt 0.976490 0.560405
vt 0.981436 0.560405
vt 0.976490 0.560405
vt 0.976490 0.278771
vt 0.981436 0.278771
vt 0.976490 0.560405
vt 0.981436 0.560405
vt 0.981436 0.278771
vt 0.976490 0.278771
vt 0.976490 0.420542
vt 0.976490 0.418633
vt 0.981436 0.418633
vt 0.981436 0.420542
vt 0.976490 0.420542
vt 0.976490 0.418633
vt 0.981436 0.418633
vt 0.981436 0.420542
vt 0.976490 0.278771
vt 0.981436 0.278771
vt 0.981436 0.560405
vt 0.976490 0.560405
vt 0.976490 0.278771
vt 0.981436 0.278771
vt 0.981436 0.560405
vt 0.976490 0.560405
vt 0.981436 0.420542
vt 0.976490 0.420542
vt 0.976490 0.418633
vt 0.981436 0.418633
vt 0.981436 0.560405
vt 0.976490 0.560405
vt 0.976490 0.278771
vt 0.981436 0.278771
vt 0.976490 0.560405
vt 0.981436 0.560405
vt 0.981436 0.278771
vt 0.976490 0.278771
vt 0.976490 0.278771
vt 0.981436 0.278771
vt 0.981436 0.560405
vt 0.976490 0.560405
vt 0.976490 0.278771
vt 0.976490 0.560405
vt 0.981436 0.278771
vt 0.981436 0.560405
vt 0.981436 0.278771
vt 0.981436 0.560405
vt 0.981436 0.278771
vt 0.976490 0.278771
vt 0.976490 0.560405
vt 0.981436 0.560405
vt 0.981436 0.420542
vt 0.976490 0.420542
vt 0.976490 0.418633
vt 0.981436 0.418633
vt 0.981436 0.420542
vt 0.981436 0.418633
vt 0.976490 0.418633
vt 0.976490 0.420542
vt 0.981436 0.420542
vt 0.981436 0.418633
vt 0.976490 0.418633
vt 0.976490 0.420542
vt 0.981436 0.278771
vt 0.976490 0.278771
vt 0.976490 0.560405
vt 0.981436 0.560405
vt 0.981436 0.560405
vt 0.976490 0.560405
vt 0.976490 0.278771
vt 0.981436 0.278771
vt 0.981436 0.278771
vt 0.976490 0.278771
vt 0.976490 0.560405
vt 0.981436 0.560405
vt 0.981436 0.420542
vt 0.981436 0.418633
vt 0.976490 0.418633
vt 0.976490 0.420542
vt 0.981436 0.420542
vt 0.981436 0.418633
vt 0.976490 0.418633
vt 0.976490 0.420542
vt 0.976490 0.278771
vt 0.981436 0.278771
vt 0.981436 0.560405
vt 0.976490 0.560405
vt 0.976490 0.420542
vt 0.976490 0.418633
vt 0.981436 0.418633
vt 0.981436 0.420542
vt 0.981436 0.560405
vt 0.981436 0.278771
vt 0.976490 0.420542
vt 0.976490 0.418633
vt 0.981436 0.418633
vt 0.981436 0.420542
vt 0.976490 0.278771
vt 0.981436 0.278771
vt 0.981436 0.560405
vt 0.976490 0.560405
vt 0.976490 0.278771
vt 0.976490 0.560405
vt 0.981436 0.420542
vt 0.981436 0.418633
vt 0.976490 0.418633
vt 0.976490 0.420542
vt 0.976490 0.560405
vt 0.976490 0.278771
vt 0.981436 0.278771
vt 0.981436 0.560405
vt 0.981436 0.420542
vt 0.981436 0.418633
vt 0.976490 0.418633
vt 0.976490 0.420542
vt 0.976490 0.560405
vt 0.976490 0.278771
vt 0.976490 0.560405
vt 0.981436 0.560405
vt 0.981436 0.278771
vt 0.976490 0.278771
vt 0.976490 0.420542
vt 0.976490 0.418633
vt 0.981436 0.418633
vt 0.981436 0.420542
vt 0.976490 0.278771
vt 0.976490 0.560405
vt 0.981436 0.278771
vt 0.976490 0.278771
vt 0.976490 0.560405
vt 0.981436 0.560405
vt 0.981436 0.278771
vt 0.981436 0.560405
vt 0.976490 0.560405
vt 0.981436 0.560405
vt 0.981436 0.278771
vt 0.976490 0.278771
vt 0.981436 0.278771
vt 0.981436 0.560405
vt 0.981436 0.278771
vt 0.981436 0.560405
vt 0.976490 0.560405
vt 0.976490 0.278771
vt 0.981436 0.278771
vt 0.981436 0.560405
vt 0.976490 0.278771
vt 0.976490 0.560405
vt 0.976490 0.560405
vt 0.981436 0.560405
vt 0.981436 0.278771
vt 0.976490 0.278771
vt 0.981436 0.278771
vt 0.981436 0.560405
vt 0.976490 0.278771
vt 0.981436 0.278771
vt 0.981436 0.560405
vt 0.976490 0.560405
vt 0.976490 0.420542
vt 0.976490 0.418633
vt 0.981436 0.418633
vt 0.981436 0.420542
vt 0.976490 0.420542
vt 0.976490 0.418633
vt 0.981436 0.418633
vt 0.981436 0.420542
vt 0.981436 0.278771
vt 0.976490 0.278771
vt 0.976490 0.560405
vt 0.981436 0.560405
vt 0.976490 0.278771
vt 0.976490 0.560405
vt 0.981436 0.278771
vt 0.981436 0.560405
vt 0.976490 0.278771
vt 0.976490 0.560405
vt 0.976490 0.278771
vt 0.976490 0.560405
vt 0.981436 0.420542
vt 0.981436 0.418633
vt 0.976490 0.418633
vt 0.976490 0.420542
vt 0.981436 0.278771
vt 0.981436 0.560405
vt 0.981436 0.420542
vt 0.976490 0.420542
vt 0.976490 0.418633
vt 0.981436 0.418633
vt 0.981436 0.278771
vt 0.976490 0.278771
vt 0.976490 0.560405
vt 0.981436 0.560405
vt 0.981436 0.420542
vt 0.981436 0.418633
vt 0.976490 0.418633
vt 0.976490 0.420542
vt 0.981436 0.278771
vt 0.981436 0.560405
vt 0.976490 0.420542
vt 0.976490 0.418633
vt 0.981436 0.418633
vt 0.981436 0.420542
vt 0.981436 0.278771
vt 0.976490 0.278771
vt 0.976490 0.560405
vt 0.981436 0.560405
vt 0.976490 0.560405
vt 0.976490 0.278771
vt 0.981436 0.278771
vt 0.981436 0.560405
vt 0.981436 0.278771
vt 0.981436 0.560405
vt 0.976490 0.278771
vt 0.976490 0.560405
vt 0.981436 0.278771
vt 0.981436 0.560405
vt 0.976490 0.278771
vt 0.976490 0.560405
vt 0.981436 0.560405
vt 0.981436 0.278771
vt 0.981436 0.420542
vt 0.981436 0.418633
vt 0.976490 0.418633
vt 0.976490 0.420542
vt 0.976490 0.560405
vt 0.981436 0.560405
vt 0.981436 0.278771
vt 0.976490 0.278771
vt 0.981436 0.420542
vt 0.976490 0.420542
vt 0.976490 0.418633
vt 0.981436 0.418633
vt 0.981436 0.420542
vt 0.981436 0.418633
vt 0.976490 0.418633
vt 0.976490 0.420542
vt 0.981436 0.278771
vt 0.981436 0.560405
vt 0.976490 0.278771
vt 0.976490 0.560405
vt 0.976490 0.278771
vt 0.976490 0.560405
vt 0.976490 0.278771
vt 0.976490 0.560405
vt 0.981436 0.420542
vt 0.981436 0.418633
vt 0.976490 0.418633
vt 0.976490 0.420542
vt 0.981436 0.420542
vt 0.981436 0.418633
vt 0.976490 0.418633
vt 0.976490 0.420542
vt 0.981436 0.420542
vt 0.976490 0.420542
vt 0.976490 0.418633
vt 0.981436 0.418633
vt 0.976490 0.420542
vt 0.976490 0.418633
vt 0.981436 0.418633
vt 0.981436 0.420542
vt 0.976490 0.278771
vt 0.976490 0.560405
vt 0.976490 0.278771
vt 0.976490 0.560405
vt 0.976490 0.278771
vt 0.976490 0.560405
vt 0.981436 0.560405
vt 0.981436 0.278771
vt 0.981436 0.278771
vt 0.981436 0.560405
vt 0.942252 0.819310
vt 0.942252 0.912762
vt 0.957689 0.912762
vt 0.957689 0.819310
vt 0.942252 0.819310
vt 0.942252 0.912762
vt 0.957689 0.912762
vt 0.957689 0.819310
vt 0.942252 0.912762
vt 0.942252 0.819310
vt 0.957689 0.819310
vt 0.957689 0.912762
vt 0.942252 0.912762
vt 0.942252 0.819310
vt 0.957689 0.819310
vt 0.957689 0.912762
vt 0.942252 0.941319
vt 0.957689 0.941319
vt 0.957689 0.941319
vt 0.942252 0.941319
vt 0.957689 0.790753
vt 0.942252 0.790753
vt 0.957689 0.790753
vt 0.942252 0.790753
vt 0.942252 0.822393
vt 0.957689 0.822393
vt 0.957689 0.909679
vt 0.942252 0.909679
vt 0.942252 0.822393
vt 0.957689 0.822393
vt 0.957689 0.909679
vt 0.942252 0.909679
vt 0.942252 0.909679
vt 0.957689 0.909679
vt 0.957689 0.822393
vt 0.942252 0.822393
vt 0.942252 0.909679
vt 0.957689 0.909679
vt 0.957689 0.822393
vt 0.942252 0.822393
vt 0.957689 0.933876
vt 0.942252 0.933876
vt 0.942252 0.933876
vt 0.957689 0.933876
vt 0.957689 0.798196
vt 0.942252 0.798196
vt 0.942252 0.798196
vt 0.957689 0.798196
vt 0.458364 0.092028
vt 0.413551 0.092028
vt 0.415030 0.097396
vt 0.456885 0.097396
vt 0.472057 0.180024
vt 0.472057 0.112624
vt 0.468488 0.114847
vt 0.468488 0.177800
vt 0.458364 0.092028
vt 0.472057 0.112624
vt 0.468488 0.114847
vt 0.456885 0.097396
vt 0.458364 0.200620
vt 0.413551 0.200620
vt 0.415030 0.195252
vt 0.456885 0.195252
vt 0.399858 0.180024
vt 0.413551 0.200620
vt 0.415030 0.195252
vt 0.403427 0.177800
vt 0.472057 0.180024
vt 0.468488 0.177800
vt 0.413551 0.092028
vt 0.415030 0.097396
vt 0.399858 0.180024
vt 0.399858 0.112624
vt 0.403427 0.114847
vt 0.403427 0.177800
vt 0.399858 0.112624
vt 0.403427 0.114847
vt 0.458364 0.200620
vt 0.456885 0.195252
vt 0.063534 0.081838
vt 0.062610 0.079607
vt 0.055452 0.086764
vt 0.097850 0.081838
vt 0.098774 0.079607
vt 0.103701 0.122005
vt 0.105931 0.122929
vt 0.105931 0.086764
vt 0.103701 0.087688
vt 0.097850 0.127855
vt 0.098774 0.130086
vt 0.055452 0.122929
vt 0.062610 0.130086
vt 0.063534 0.127855
vt 0.063534 0.127855
vt 0.097850 0.127855
vt 0.103701 0.122005
vt 0.103701 0.087688
vt 0.097850 0.081838
vt 0.063534 0.081838
vt 0.247314 0.170307
vt 0.247314 0.184709
vt 0.222606 0.184709
vt 0.222606 0.170307
vt 0.222606 0.170307
vt 0.222606 0.184709
vt 0.247314 0.184709
vt 0.247314 0.170307
vt 0.222606 0.170307
vt 0.222606 0.184709
vt 0.217717 0.184709
vt 0.217717 0.170307
vt 0.247314 0.170307
vt 0.247314 0.184709
vt 0.252204 0.184709
vt 0.252204 0.170307
vt 0.222606 0.170307
vt 0.222606 0.184709
vt 0.247314 0.170307
vt 0.247314 0.184709
vt 0.252204 0.170307
vt 0.252204 0.184709
vt 0.217717 0.170307
vt 0.217717 0.184709
vn 0.0000 0.0000 -1.0000
vn -1.0000 0.0000 0.0000
vn 0.0000 -1.0000 0.0000
vn 1.0000 0.0000 0.0000
vn 0.0000 0.0000 1.0000
vn 0.7071 0.0000 -0.7071
vn 0.7071 0.0000 0.7071
vn -0.7071 0.0000 0.7071
vn -0.7071 0.0000 -0.7071
vn 0.0000 1.0000 0.0000
usemtl 1
s off
f 2362/5868/119 2353/5869/119 2356/5870/119 2363/5871/119
f 2366/5872/120 2361/5873/120 2364/5874/120 2367/5875/120
f 2370/5876/119 2352/5877/119 2349/5878/119 2371/5879/119
f 2367/5880/121 2364/5881/121 2363/5882/121 2356/5883/121 2355/5884/121 2360/5885/121 2359/5886/121 2368/5887/121
f 2354/5888/122 2357/5889/122 2360/5890/122 2355/5891/122
f 2358/5892/123 2365/5893/123 2368/5894/123 2359/5895/123
f 2353/5896/124 2354/5897/124 2355/5898/124 2356/5899/124
f 2359/5900/125 2360/5901/125 2357/5902/125 2358/5903/125
f 2367/5904/126 2368/5905/126 2365/5906/126 2366/5907/126
f 2363/5908/127 2364/5909/127 2361/5910/127 2362/5911/127
f 2357/5912/128 2354/5913/128 2353/5914/128 2362/5915/128 2361/5916/128 2366/5917/128 2365/5918/128 2358/5919/128
f 2374/5920/120 2369/5921/120 2372/5922/120 2375/5923/120
f 2375/5924/121 2372/5925/121 2371/5926/121 2349/5927/121 2350/5928/121 2345/5929/121 2346/5930/121 2376/5931/121
f 2351/5932/122 2348/5933/122 2345/5934/122 2350/5935/122
f 2347/5936/123 2373/5937/123 2376/5938/123 2346/5939/123
f 2352/5940/124 2351/5941/124 2350/5942/124 2349/5943/124
f 2346/5944/125 2345/5945/125 2348/5946/125 2347/5947/125
f 2375/5948/126 2376/5949/126 2373/5950/126 2374/5951/126
f 2371/5952/127 2372/5953/127 2369/5954/127 2370/5955/127
f 2348/5956/128 2351/5957/128 2352/5958/128 2370/5959/128 2369/5960/128 2374/5961/128 2373/5962/128 2347/5963/128
f 2386/5964/119 2384/5965/119 2381/5966/119 2387/5967/119
f 2390/5968/120 2385/5969/120 2388/5970/120 2391/5971/120
f 2391/5972/121 2388/5973/121 2387/5974/121 2381/5975/121 2382/5976/121 2377/5977/121 2378/5978/121 2392/5979/121
f 2383/5980/122 2380/5981/122 2377/5982/122 2382/5983/122
f 2379/5984/123 2389/5985/123 2392/5986/123 2378/5987/123
f 2384/5988/124 2383/5989/124 2382/5990/124 2381/5991/124
f 2378/5992/125 2377/5993/125 2380/5994/125 2379/5995/125
f 2391/5996/126 2392/5997/126 2389/5998/126 2390/5999/126
f 2387/6000/127 2388/6001/127 2385/6002/127 2386/6003/127
f 2380/6004/128 2383/6005/128 2384/6006/128 2386/6007/128 2385/6008/128 2390/6009/128 2389/6010/128 2379/6011/128
f 2402/6012/119 2400/6013/119 2429/6014/119 2432/6015/119
f 2406/6016/120 2401/6017/120 2431/6018/120 2426/6019/120
f 2618/6020/124 2604/6021/124 2606/6022/124 2617/6023/124
f 2399/6024/122 2396/6025/122 2427/6026/122 2430/6027/122
f 2395/6028/123 2405/6029/123 2425/6030/123 2428/6031/123
f 2400/6032/124 2399/6033/124 2430/6034/124 2429/6035/124
f 2428/6036/125 2427/6037/125 2396/6038/125 2395/6039/125
f 2426/6040/126 2425/6041/126 2405/6042/126 2406/6043/126
f 2432/6044/127 2431/6045/127 2401/6046/127 2402/6047/127
f 2396/6048/128 2399/6049/128 2400/6050/128 2402/6051/128 2401/6052/128 2406/6053/128 2405/6054/128 2395/6055/128
f 2418/6056/119 2416/6057/119 2413/6058/119 2419/6059/119
f 2422/6060/120 2417/6061/120 2420/6062/120 2423/6063/120
f 2423/6064/121 2420/6065/121 2419/6066/121 2413/6067/121 2414/6068/121 2409/6069/121 2410/6070/121 2424/6071/121
f 2415/6072/122 2412/6073/122 2409/6074/122 2414/6075/122
f 2411/6076/123 2421/6077/123 2424/6078/123 2410/6079/123
f 2416/6057/124 2415/6080/124 2414/6081/124 2413/6058/124
f 2410/6082/125 2409/6074/125 2412/6073/125 2411/6083/125
f 2423/6063/126 2424/6084/126 2421/6085/126 2422/6060/126
f 2419/6059/127 2420/6086/127 2417/6087/127 2418/6056/127
f 2412/6088/128 2415/6089/128 2416/6090/128 2418/6091/128 2417/6092/128 2422/6093/128 2421/6094/128 2411/6095/128
f 2408/6096/121 2425/6097/121 2426/6098/121 2407/6099/121
f 2393/6100/121 2427/6101/121 2428/6102/121 2394/6103/121
f 2397/6104/121 2429/6105/121 2430/6106/121 2398/6107/121
f 2404/6108/121 2431/6109/121 2432/6110/121 2403/6111/121
f 2398/6107/121 2430/6106/121 2427/6101/121 2393/6100/121
f 2403/6111/121 2432/6110/121 2429/6105/121 2397/6104/121
f 2407/6099/121 2426/6098/121 2431/6109/121 2404/6108/121
f 2394/6103/121 2428/6102/121 2425/6097/121 2408/6096/121
f 2434/6112/122 2615/6113/122 2610/6114/122 2439/6115/122
f 2620/6116/126 2602/6117/126 2601/6118/126 2619/6119/126
f 2619/6119/123 2601/6118/123 2603/6120/123 2621/6121/123
f 2617/6023/119 2606/6022/119 2608/6122/119 2622/6123/119
f 2622/6123/127 2608/6122/127 2607/6124/127 2623/6125/127
f 2621/6121/125 2603/6120/125 2605/6126/125 2624/6127/125
f 2623/6128/120 2607/6129/120 2602/6130/120 2620/6131/120
f 2624/6132/122 2605/6133/122 2604/6134/122 2618/6135/122
f 2495/6136/119 2493/6137/119 2494/6138/119 2496/6139/119
f 2469/6140/119 2465/6141/119 2466/6142/119 2470/6143/119
f 2490/6144/123 2489/6145/123 2491/6146/123 2492/6147/123
f 2447/6148/120 2445/6149/120 2446/6150/120 2448/6151/120
f 2485/6152/122 2481/6153/122 2482/6154/122 2486/6155/122
f 2480/6156/121 2478/6157/121 2474/6158/121 2476/6159/121
f 2464/6160/121 2462/6161/121 2458/6162/121 2460/6163/121
f 2488/6164/121 2486/6165/121 2482/6166/121 2484/6167/121
f 2461/6168/119 2457/6169/119 2458/6170/119 2462/6171/119
f 2467/6172/128 2465/6173/128 2469/6174/128 2471/6175/128
f 2568/6176/121 2566/6177/121 2562/6178/121 2564/6179/121
f 2451/6180/128 2449/6181/128 2453/6182/128 2455/6183/128
f 2467/6184/123 2471/6185/123 2472/6186/123 2468/6187/123
f 2524/6188/125 2522/6189/125 2521/6190/125 2523/6191/125
f 2526/6192/127 2528/6193/127 2527/6194/127 2525/6195/127
f 2523/6196/128 2521/6197/128 2525/6198/128 2527/6199/128
f 2459/6200/128 2457/6201/128 2461/6202/128 2463/6203/128
f 2515/6204/126 2519/6205/126 2520/6206/126 2516/6207/126
f 2475/6208/120 2479/6209/120 2480/6210/120 2476/6211/120
f 2479/6212/128 2475/6213/128 2473/6214/128 2477/6215/128
f 2452/6216/122 2450/6217/122 2449/6218/122 2451/6219/122
f 2462/6220/120 2464/6221/120 2463/6222/120 2461/6223/120
f 2483/6224/120 2487/6225/120 2488/6226/120 2484/6227/120
f 2443/6228/123 2447/6148/123 2448/6151/123 2444/6229/123
f 2482/6154/123 2481/6153/123 2483/6230/123 2484/6231/123
f 2453/6232/119 2449/6218/119 2450/6217/119 2454/6233/119
f 2551/6234/119 2549/6235/119 2550/6236/119 2552/6237/119
f 2495/6238/128 2491/6239/128 2489/6240/128 2493/6241/128
f 2456/6242/121 2454/6243/121 2450/6244/121 2452/6245/121
f 2552/6246/121 2550/6247/121 2546/6248/121 2548/6249/121
f 2455/6250/120 2453/6251/120 2454/6252/120 2456/6253/120
f 2500/6254/123 2498/6255/123 2497/6256/123 2499/6257/123
f 2503/6258/119 2501/6259/119 2502/6260/119 2504/6261/119
f 2512/6262/121 2510/6263/121 2506/6264/121 2508/6265/121
f 2448/6266/121 2446/6267/121 2442/6268/121 2444/6269/121
f 2561/6270/120 2563/6271/120 2564/6272/120 2562/6273/120
f 2507/6274/128 2505/6275/128 2509/6276/128 2511/6277/128
f 2468/6278/122 2466/6142/122 2465/6141/122 2467/6279/122
f 2443/6280/128 2441/6281/128 2445/6282/128 2447/6283/128
f 2507/6284/126 2511/6285/126 2512/6286/126 2508/6287/126
f 2511/6285/127 2509/6288/127 2510/6289/127 2512/6286/127
f 2528/6290/121 2526/6291/121 2522/6292/121 2524/6293/121
f 2506/6294/125 2505/6295/125 2507/6296/125 2508/6297/125
f 2520/6298/121 2518/6299/121 2514/6300/121 2516/6301/121
f 2518/6302/127 2520/6206/127 2519/6205/127 2517/6303/127
f 2474/6304/122 2478/6305/122 2477/6306/122 2473/6307/122
f 2515/6308/128 2513/6309/128 2517/6310/128 2519/6311/128
f 2479/6209/119 2477/6312/119 2478/6313/119 2480/6210/119
f 2517/6314/124 2513/6315/124 2514/6316/124 2518/6317/124
f 2514/6316/125 2513/6315/125 2515/6318/125 2516/6319/125
f 2566/6320/122 2568/6321/122 2567/6322/122 2565/6323/122
f 2525/6324/124 2521/6190/124 2522/6189/124 2526/6325/124
f 2473/6307/123 2475/6326/123 2476/6327/123 2474/6304/123
f 2530/6328/125 2529/6329/125 2531/6330/125 2532/6331/125
f 2523/6332/126 2527/6194/126 2528/6193/126 2524/6333/126
f 2542/6334/119 2544/6335/119 2543/6336/119 2541/6337/119
f 2533/6338/124 2529/6329/124 2530/6328/124 2534/6339/124
f 2553/6340/120 2555/6341/120 2556/6342/120 2554/6343/120
f 2531/6344/128 2529/6345/128 2533/6346/128 2535/6347/128
f 2483/6348/128 2481/6349/128 2485/6350/128 2487/6351/128
f 2535/6352/127 2533/6353/127 2534/6354/127 2536/6355/127
f 2487/6225/119 2485/6356/119 2486/6357/119 2488/6226/119
f 2509/6358/124 2505/6295/124 2506/6294/124 2510/6359/124
f 2531/6360/126 2535/6352/126 2536/6355/126 2532/6361/126
f 2539/6362/120 2543/6336/120 2544/6335/120 2540/6363/120
f 2544/6364/121 2542/6365/121 2538/6366/121 2540/6367/121
f 2458/6170/122 2457/6169/122 2459/6368/122 2460/6369/122
f 2543/6370/128 2539/6371/128 2537/6372/128 2541/6373/128
f 2541/6374/122 2537/6375/122 2538/6376/122 2542/6377/122
f 2496/6378/121 2494/6379/121 2490/6380/121 2492/6381/121
f 2537/6375/123 2539/6382/123 2540/6383/123 2538/6376/123
f 2547/6384/128 2545/6385/128 2549/6386/128 2551/6387/128
f 2549/6388/122 2545/6389/122 2546/6390/122 2550/6391/122
f 2442/6392/122 2441/6393/122 2443/6394/122 2444/6395/122
f 2445/6396/119 2441/6393/119 2442/6392/119 2446/6397/119
f 2547/6398/120 2551/6234/120 2552/6237/120 2548/6399/120
f 2493/6400/122 2489/6145/122 2490/6144/122 2494/6401/122
f 2491/6402/120 2495/6136/120 2496/6139/120 2492/6403/120
f 2562/6273/123 2566/6404/123 2565/6405/123 2561/6270/123
f 2560/6406/121 2558/6407/121 2554/6408/121 2556/6409/121
f 2558/6410/122 2560/6411/122 2559/6412/122 2557/6413/122
f 2559/6414/128 2555/6415/128 2553/6416/128 2557/6417/128
f 2472/6418/121 2470/6419/121 2466/6420/121 2468/6421/121
f 2546/6390/123 2545/6389/123 2547/6422/123 2548/6423/123
f 2499/6424/120 2503/6258/120 2504/6261/120 2500/6425/120
f 2459/6426/123 2463/6222/123 2464/6221/123 2460/6427/123
f 2451/6428/123 2455/6250/123 2456/6253/123 2452/6429/123
f 2504/6430/121 2502/6431/121 2498/6432/121 2500/6433/121
f 2536/6434/121 2534/6435/121 2530/6436/121 2532/6437/121
f 2567/6438/128 2563/6439/128 2561/6440/128 2565/6441/128
f 2499/6442/128 2497/6443/128 2501/6444/128 2503/6445/128
f 2471/6185/120 2469/6446/120 2470/6447/120 2472/6186/120
f 2563/6448/119 2567/6322/119 2568/6321/119 2564/6449/119
f 2555/6450/119 2559/6412/119 2560/6411/119 2556/6451/119
f 2554/6343/123 2558/6452/123 2557/6453/123 2553/6340/123
f 2501/6454/122 2497/6256/122 2498/6255/122 2502/6455/122
f 2574/6456/119 2572/6457/119 2581/6458/119 2584/6459/119
f 2576/6460/120 2573/6461/120 2583/6462/120 2578/6463/120
f 2571/6464/122 2570/6465/122 2579/6466/122 2582/6467/122
f 2569/6468/123 2575/6469/123 2577/6470/123 2580/6471/123
f 2572/6457/124 2571/6472/124 2582/6473/124 2581/6458/124
f 2580/6471/125 2579/6474/125 2570/6475/125 2569/6468/125
f 2578/6476/126 2577/6470/126 2575/6469/126 2576/6477/126
f 2584/6459/127 2583/6478/127 2573/6479/127 2574/6456/127
f 2599/6480/123 2598/6481/123 2596/6482/123 2594/6483/123
f 2587/6484/122 2588/6485/122 2597/6486/122 2600/6487/122
f 2593/6488/120 2595/6489/120 2592/6490/120 2590/6491/120
f 2589/6492/119 2591/6493/119 2586/6494/119 2585/6495/119
f 2594/6483/126 2596/6482/126 2595/6496/126 2593/6497/126
f 2591/6493/127 2589/6492/127 2590/6498/127 2592/6499/127
f 2588/6500/124 2587/6501/124 2585/6495/124 2586/6494/124
f 2598/6481/125 2599/6480/125 2600/6502/125 2597/6503/125
f 2578/6504/121 2583/6505/121 2597/6506/121 2588/6507/121
f 2580/6508/121 2577/6509/121 2586/6510/121 2591/6511/121
f 2576/6512/128 2575/6513/128 2585/6514/128 2587/6515/128
f 2570/6516/128 2571/6517/128 2593/6518/128 2590/6519/128
f 2581/6520/121 2582/6521/121 2595/6522/121 2596/6523/121
f 2577/6509/121 2578/6504/121 2588/6507/121 2586/6510/121
f 2575/6513/128 2569/6524/128 2589/6525/128 2585/6514/128
f 2569/6524/128 2570/6516/128 2590/6519/128 2589/6525/128
f 2573/6526/128 2576/6512/128 2587/6515/128 2600/6527/128
f 2572/6528/128 2574/6529/128 2599/6530/128 2594/6531/128
f 2583/6505/121 2584/6532/121 2598/6533/121 2597/6506/121
f 2579/6534/121 2580/6508/121 2591/6511/121 2592/6535/121
f 2582/6521/121 2579/6534/121 2592/6535/121 2595/6522/121
f 2571/6517/128 2572/6528/128 2594/6531/128 2593/6518/128
f 2584/6532/121 2581/6520/121 2596/6523/121 2598/6533/121
f 2574/6529/128 2573/6526/128 2600/6527/128 2599/6530/128
f 2440/6536/121 2601/6537/121 2602/6538/121 2439/6115/121
f 2437/6539/121 2603/6540/121 2601/6537/121 2440/6536/121
f 2435/6541/121 2604/6542/121 2605/6543/121 2438/6544/121
f 2436/6545/121 2606/6546/121 2604/6542/121 2435/6541/121
f 2439/6115/121 2602/6538/121 2607/6547/121 2434/6112/121
f 2434/6112/121 2607/6547/121 2608/6548/121 2433/6549/121
f 2438/6544/121 2605/6543/121 2603/6540/121 2437/6539/121
f 2433/6549/121 2608/6548/121 2606/6546/121 2436/6545/121
f 2610/6114/121 2615/6113/121 2616/6550/121 2614/6551/121 2612/6552/121 2613/6553/121 2611/6554/121 2609/6555/121
f 2438/6544/120 2613/6553/120 2612/6552/120 2435/6541/120
f 2439/6115/124 2610/6114/124 2609/6555/124 2440/6536/124
f 2436/6545/123 2614/6551/123 2616/6550/123 2433/6549/123
f 2433/6549/125 2616/6550/125 2615/6113/125 2434/6112/125
f 2435/6541/126 2612/6552/126 2614/6551/126 2436/6545/126
f 2440/6536/119 2609/6555/119 2611/6554/119 2437/6539/119
f 2437/6539/127 2611/6554/127 2613/6553/127 2438/6544/127
f 2393/6556/122 2624/6557/122 2618/6558/122 2398/6559/122
f 2404/6560/120 2623/6561/120 2620/6562/120 2407/6563/120
f 2394/6564/125 2621/6565/125 2624/6566/125 2393/6567/125
f 2403/6568/127 2622/6569/127 2623/6570/127 2404/6571/127
f 2397/6572/119 2617/6573/119 2622/6569/119 2403/6568/119
f 2408/6574/123 2619/6575/123 2621/6565/123 2394/6564/123
f 2407/6576/126 2620/6577/126 2619/6575/126 2408/6574/126
f 2398/6578/124 2618/6579/124 2617/6573/124 2397/6572/124
o 柱体
v 0.706804 -0.001611 0.619380
v 0.706804 0.454436 0.619380
v 0.705146 -0.001611 0.644908
v 0.705146 0.454436 0.644908
v 0.700235 -0.001611 0.669454
v 0.700235 0.454436 0.669454
v 0.692259 -0.001611 0.692077
v 0.692259 0.454436 0.692077
v 0.681526 -0.001611 0.711906
v 0.681526 0.454436 0.711906
v 0.668448 -0.001611 0.728179
v 0.668448 0.454436 0.728179
v 0.653527 -0.001611 0.740271
v 0.653527 0.454436 0.740271
v 0.637337 -0.001611 0.747717
v 0.637337 0.454436 0.747717
v 0.620500 -0.001611 0.750231
v 0.620500 0.454436 0.750231
v 0.603662 -0.001611 0.747717
v 0.603662 0.454436 0.747717
v 0.587472 -0.001611 0.740271
v 0.587472 0.454436 0.740271
v 0.572551 -0.001611 0.728179
v 0.572551 0.454436 0.728179
v 0.559473 -0.001611 0.711906
v 0.559473 0.454436 0.711906
v 0.548740 -0.001611 0.692077
v 0.548740 0.454436 0.692077
v 0.540765 -0.001611 0.669454
v 0.540765 0.454436 0.669454
v 0.535853 -0.001611 0.644908
v 0.535853 0.454436 0.644908
v 0.534195 -0.001611 0.619380
v 0.534195 0.454436 0.619380
v 0.535853 -0.001611 0.593852
v 0.535853 0.454436 0.593852
v 0.540765 -0.001611 0.569305
v 0.540765 0.454436 0.569305
v 0.548740 -0.001611 0.546683
v 0.548740 0.454436 0.546683
v 0.559473 -0.001611 0.526854
v 0.559473 0.454436 0.526854
v 0.572551 -0.001611 0.510581
v 0.572551 0.454436 0.510581
v 0.587472 -0.001611 0.498489
v 0.587472 0.454436 0.498489
v 0.603662 -0.001611 0.491043
v 0.603662 0.454436 0.491043
v 0.620500 -0.001611 0.488529
v 0.620500 0.454436 0.488529
v 0.637337 -0.001611 0.491043
v 0.637337 0.454436 0.491043
v 0.653527 -0.001611 0.498489
v 0.653527 0.454436 0.498489
v 0.668448 -0.001611 0.510581
v 0.668448 0.454436 0.510581
v 0.681526 -0.001611 0.526854
v 0.681526 0.454436 0.526854
v 0.692259 -0.001611 0.546683
v 0.692259 0.454436 0.546683
v 0.700235 -0.001611 0.569305
v 0.700235 0.454436 0.569305
v 0.705146 -0.001611 0.593852
v 0.705146 0.454436 0.593852
v 0.699387 0.482583 0.644148
v 0.700996 0.482583 0.619380
v 0.694632 0.482583 0.667915
v 0.686945 0.482583 0.689719
v 0.676679 0.482583 0.708685
v 0.664318 0.482583 0.724066
v 0.650444 0.482583 0.735309
v 0.635665 0.482583 0.742107
v 0.620500 0.482583 0.744371
v 0.605335 0.482583 0.742107
v 0.590556 0.482583 0.735309
v 0.576681 0.482583 0.724066
v 0.564320 0.482583 0.708685
v 0.554054 0.482583 0.689719
v 0.546367 0.482583 0.667915
v 0.541612 0.482583 0.644148
v 0.540003 0.482583 0.619380
v 0.541612 0.482583 0.594612
v 0.546367 0.482583 0.570845
v 0.554054 0.482583 0.549040
v 0.564320 0.482583 0.530075
v 0.576681 0.482583 0.514694
v 0.590556 0.482583 0.503450
v 0.605335 0.482583 0.496653
v 0.620500 0.482583 0.494388
v 0.635665 0.482583 0.496653
v 0.650444 0.482583 0.503450
v 0.664318 0.482583 0.514694
v 0.676679 0.482583 0.530075
v 0.686945 0.482583 0.549040
v 0.694632 0.482583 0.570845
v 0.699387 0.482583 0.594612
v 0.471031 -0.001532 0.544347
v 0.476827 0.117540 0.550143
v 0.644286 -0.001532 0.544347
v 0.638490 0.117540 0.550143
v 0.471031 -0.001532 0.838979
v 0.476827 0.117540 0.833183
v 0.644286 -0.001532 0.838979
v 0.638490 0.117540 0.833183
v 0.705146 0.482583 0.644908
v 0.706804 0.482583 0.619380
v 0.700235 0.482583 0.669454
v 0.692259 0.482583 0.692077
v 0.681526 0.482583 0.711906
v 0.668448 0.482583 0.728179
v 0.653527 0.482583 0.740271
v 0.637337 0.482583 0.747717
v 0.620500 0.482583 0.750231
v 0.603662 0.482583 0.747717
v 0.587472 0.482583 0.740271
v 0.572551 0.482583 0.728179
v 0.559473 0.482583 0.711906
v 0.548740 0.482583 0.692077
v 0.540765 0.482583 0.669454
v 0.535853 0.482583 0.644908
v 0.534195 0.482583 0.619380
v 0.535853 0.482583 0.593852
v 0.540765 0.482583 0.569305
v 0.548740 0.482583 0.546683
v 0.559473 0.482583 0.526854
v 0.572551 0.482583 0.510581
v 0.587472 0.482583 0.498489
v 0.603662 0.482583 0.491043
v 0.620500 0.482583 0.488528
v 0.637337 0.482583 0.491043
v 0.653527 0.482583 0.498489
v 0.668448 0.482583 0.510581
v 0.681526 0.482583 0.526854
v 0.692259 0.482583 0.546683
v 0.700235 0.482583 0.569305
v 0.705146 0.482583 0.593852
v 0.471031 0.117540 0.544347
v 0.644286 0.117540 0.544347
v 0.644286 0.117540 0.838979
v 0.471031 0.117540 0.838979
v 0.699387 0.474229 0.644148
v 0.700996 0.474229 0.619380
v 0.694632 0.474229 0.667915
v 0.686945 0.474229 0.689719
v 0.676679 0.474229 0.708685
v 0.664318 0.474229 0.724066
v 0.650444 0.474229 0.735309
v 0.635665 0.474229 0.742107
v 0.620500 0.474229 0.744371
v 0.605335 0.474229 0.742107
v 0.590556 0.474229 0.735309
v 0.576681 0.474229 0.724066
v 0.564320 0.474229 0.708685
v 0.554054 0.474229 0.689719
v 0.546367 0.474229 0.667915
v 0.541612 0.474229 0.644148
v 0.540003 0.474229 0.619380
v 0.541612 0.474229 0.594612
v 0.546367 0.474229 0.570845
v 0.554054 0.474229 0.549040
v 0.564320 0.474229 0.530075
v 0.576681 0.474229 0.514694
v 0.590556 0.474229 0.503450
v 0.605335 0.474229 0.496653
v 0.620500 0.474229 0.494388
v 0.635665 0.474229 0.496653
v 0.650444 0.474229 0.503450
v 0.664318 0.474229 0.514694
v 0.676679 0.474229 0.530075
v 0.686945 0.474229 0.549040
v 0.694632 0.474229 0.570845
v 0.699387 0.474229 0.594612
v 0.476827 0.109186 0.550143
v 0.638490 0.109186 0.550143
v 0.638490 0.109186 0.833183
v 0.476827 0.109186 0.833183
v 0.673822 0.464401 0.619981
v 0.663354 0.485070 0.630449
v 0.673822 0.464401 0.685972
v 0.663354 0.485070 0.675504
v 0.607831 0.464401 0.619981
v 0.618299 0.485070 0.630449
v 0.607831 0.464401 0.685972
v 0.618299 0.485070 0.675504
v 0.673822 0.485070 0.619981
v 0.673822 0.485070 0.685972
v 0.607831 0.485070 0.685972
v 0.607831 0.485070 0.619981
v 0.663354 0.492088 0.630449
v 0.663354 0.492088 0.675504
v 0.618299 0.492088 0.675504
v 0.618299 0.492088 0.630449
v 0.640033 0.495190 0.603498
v 0.640033 0.473513 0.603498
v 0.608756 0.495190 0.603498
v 0.608756 0.473513 0.603498
v 0.640033 0.495190 0.565461
v 0.640033 0.473513 0.565461
v 0.608756 0.495190 0.565461
v 0.608756 0.473513 0.565461
v 0.646522 0.473513 0.565461
v 0.646522 0.495190 0.565461
v 0.677799 0.473513 0.565461
v 0.677799 0.495190 0.565461
v 0.646522 0.473513 0.603498
v 0.646522 0.495190 0.603498
v 0.677799 0.473513 0.603498
v 0.677799 0.495190 0.603498
v 0.649653 0.495190 0.569269
v 0.674667 0.495190 0.569269
v 0.674667 0.495190 0.599690
v 0.649653 0.495190 0.599690
v 0.649653 0.497757 0.569269
v 0.674667 0.497757 0.569269
v 0.674667 0.497757 0.599690
v 0.649653 0.497757 0.599690
v 0.611887 0.495190 0.569269
v 0.636901 0.495190 0.569269
v 0.636901 0.495190 0.599690
v 0.611887 0.495190 0.599690
v 0.611887 0.497757 0.569269
v 0.636901 0.497757 0.569269
v 0.636901 0.497757 0.599690
v 0.611887 0.497757 0.599690
v 0.603405 0.495190 0.560173
v 0.603405 0.473513 0.560173
v 0.572128 0.495190 0.560173
v 0.572128 0.473513 0.560173
v 0.603405 0.495190 0.522136
v 0.603405 0.473513 0.522136
v 0.572128 0.495190 0.522136
v 0.572128 0.473513 0.522136
v 0.609894 0.473513 0.522136
v 0.609894 0.495190 0.522136
v 0.641171 0.473513 0.522136
v 0.641171 0.495190 0.522136
v 0.609894 0.473513 0.560173
v 0.609894 0.495190 0.560173
v 0.641171 0.473513 0.560173
v 0.641171 0.495190 0.560173
v 0.613025 0.495190 0.525944
v 0.638040 0.495190 0.525944
v 0.638040 0.495190 0.556365
v 0.613025 0.495190 0.556365
v 0.613025 0.497757 0.525944
v 0.638040 0.497757 0.525944
v 0.638040 0.497757 0.556365
v 0.613025 0.497757 0.556365
v 0.575260 0.495190 0.525944
v 0.600274 0.495190 0.525944
v 0.600274 0.495190 0.556365
v 0.575260 0.495190 0.556365
v 0.575260 0.497757 0.525944
v 0.600274 0.497757 0.525944
v 0.600274 0.497757 0.556365
v 0.575260 0.497757 0.556365
vt 0.882382 0.575455
vt 0.882382 0.760472
vt 0.962460 0.760472
vt 0.962460 0.575455
vt 0.854333 0.575455
vt 0.854333 0.760472
vt 0.990510 0.760472
vt 0.990510 0.575455
vt 0.962460 0.575455
vt 0.962460 0.760472
vt 0.882382 0.760472
vt 0.882382 0.575455
vt 0.990510 0.575455
vt 0.990510 0.760472
vt 0.854333 0.760472
vt 0.854333 0.575455
vt 0.125000 0.500000
vt 0.375000 0.500000
vt 0.375000 0.750000
vt 0.125000 0.750000
vt 0.102006 0.062042
vt 0.048442 0.062042
vt 0.046522 0.060252
vt 0.103926 0.060252
vt 0.048442 0.149441
vt 0.046522 0.151231
vt 0.102006 0.149441
vt 0.103926 0.151231
vt 0.048442 0.149441
vt 0.048442 0.062042
vt 0.102006 0.062042
vt 0.102006 0.149441
vt 0.391102 0.175202
vt 0.401166 0.175202
vt 0.401166 0.110760
vt 0.391102 0.110760
vt 0.413001 0.175202
vt 0.423066 0.175202
vt 0.423066 0.110760
vt 0.413001 0.110760
vt 0.401202 0.110760
vt 0.411266 0.110760
vt 0.411266 0.175202
vt 0.401202 0.175202
vt 0.423101 0.110760
vt 0.433165 0.110760
vt 0.433165 0.175202
vt 0.423101 0.175202
vt 0.413262 0.168878
vt 0.413262 0.119578
vt 0.374102 0.119578
vt 0.374102 0.168878
vt 0.384576 0.165578
vt 0.459211 0.165578
vt 0.476552 0.175958
vt 0.367234 0.175958
vt 0.459211 0.120902
vt 0.476552 0.110522
vt 0.384576 0.120902
vt 0.367234 0.110522
vt 0.420638 0.050749
vt 0.420638 0.110681
vt 0.369938 0.110681
vt 0.369938 0.050749
vt 0.477506 0.228747
vt 0.477506 0.192918
vt 0.482292 0.192918
vt 0.482292 0.228747
vt 0.477506 0.192918
vt 0.477506 0.228747
vt 0.482292 0.228747
vt 0.482292 0.192918
vt 0.477506 0.198281
vt 0.477506 0.162452
vt 0.482292 0.162452
vt 0.482292 0.198281
vt 0.477506 0.162452
vt 0.477506 0.198281
vt 0.482292 0.198281
vt 0.482292 0.162452
vt 0.103240 0.236381
vt 0.076871 0.236381
vt 0.079511 0.231324
vt 0.100600 0.231324
vt 0.350195 0.198923
vt 0.274340 0.198923
vt 0.274340 0.249007
vt 0.350195 0.249007
vt 0.349162 0.054798
vt 0.349162 0.119990
vt 0.275717 0.119990
vt 0.275717 0.054798
vt 0.339062 0.078057
vt 0.339062 0.143249
vt 0.290799 0.143249
vt 0.290799 0.078057
vt 0.278208 0.078057
vt 0.278208 0.143249
vt 0.351653 0.143249
vt 0.351653 0.078057
vt 0.275853 0.054537
vt 0.275853 0.119729
vt 0.324116 0.119729
vt 0.324116 0.054537
vt 0.275853 0.054537
vt 0.275853 0.119729
vt 0.324116 0.119729
vt 0.324116 0.054537
vt 0.278208 0.078057
vt 0.278208 0.143249
vt 0.351653 0.143249
vt 0.351653 0.078057
vt 0.339062 0.078057
vt 0.339062 0.143249
vt 0.290799 0.143249
vt 0.290799 0.078057
vt 0.349162 0.054798
vt 0.349162 0.119990
vt 0.275717 0.119990
vt 0.275717 0.054798
vt 0.350195 0.198923
vt 0.274340 0.198923
vt 0.274340 0.249007
vt 0.350195 0.249007
vt 0.103240 0.236381
vt 0.076871 0.236381
vt 0.079511 0.231324
vt 0.100600 0.231324
vt 0.275717 0.119990
vt 0.349162 0.119990
vt 0.349162 0.119990
vt 0.275717 0.119990
vt 0.076871 0.185864
vt 0.079511 0.190921
vt 0.103240 0.185864
vt 0.100600 0.190921
vt 0.274340 0.198923
vt 0.350195 0.198923
vt 0.350195 0.249007
vt 0.274340 0.249007
vt 0.351653 0.143249
vt 0.278208 0.143249
vt 0.278208 0.143249
vt 0.351653 0.143249
vt 0.290799 0.143249
vt 0.339062 0.143249
vt 0.339062 0.143249
vt 0.290799 0.143249
vt 0.324116 0.119729
vt 0.275853 0.119729
vt 0.275853 0.119729
vt 0.324116 0.119729
vt 0.275717 0.119990
vt 0.349162 0.119990
vt 0.349162 0.119990
vt 0.275717 0.119990
vt 0.076871 0.185864
vt 0.079511 0.190921
vt 0.103240 0.185864
vt 0.100600 0.190921
vt 0.274340 0.198923
vt 0.350195 0.198923
vt 0.350195 0.249007
vt 0.274340 0.249007
vt 0.351653 0.143249
vt 0.278208 0.143249
vt 0.278208 0.143249
vt 0.351653 0.143249
vt 0.290799 0.143249
vt 0.339062 0.143249
vt 0.339062 0.143249
vt 0.290799 0.143249
vt 0.324116 0.119729
vt 0.275853 0.119729
vt 0.275853 0.119729
vt 0.324116 0.119729
vt 0.103240 0.236381
vt 0.076871 0.236381
vt 0.079511 0.231324
vt 0.100600 0.231324
vt 0.350195 0.198923
vt 0.274340 0.198923
vt 0.274340 0.249007
vt 0.350195 0.249007
vt 0.349162 0.054798
vt 0.349162 0.119990
vt 0.275717 0.119990
vt 0.275717 0.054798
vt 0.339062 0.078057
vt 0.339062 0.143249
vt 0.290799 0.143249
vt 0.290799 0.078057
vt 0.278208 0.078057
vt 0.278208 0.143249
vt 0.351653 0.143249
vt 0.351653 0.078057
vt 0.275853 0.054537
vt 0.275853 0.119729
vt 0.324116 0.119729
vt 0.324116 0.054537
vt 0.275853 0.054537
vt 0.275853 0.119729
vt 0.324116 0.119729
vt 0.324116 0.054537
vt 0.278208 0.078057
vt 0.278208 0.143249
vt 0.351653 0.143249
vt 0.351653 0.078057
vt 0.339062 0.078057
vt 0.339062 0.143249
vt 0.290799 0.143249
vt 0.290799 0.078057
vt 0.349162 0.054798
vt 0.349162 0.119990
vt 0.275717 0.119990
vt 0.275717 0.054798
vt 0.350195 0.198923
vt 0.274340 0.198923
vt 0.274340 0.249007
vt 0.350195 0.249007
vt 0.103240 0.236381
vt 0.076871 0.236381
vt 0.079511 0.231324
vt 0.100600 0.231324
vt 0.275717 0.119990
vt 0.349162 0.119990
vt 0.349162 0.119990
vt 0.275717 0.119990
vt 0.076871 0.185864
vt 0.079511 0.190921
vt 0.103240 0.185864
vt 0.100600 0.190921
vt 0.274340 0.198923
vt 0.350195 0.198923
vt 0.350195 0.249007
vt 0.274340 0.249007
vt 0.351653 0.143249
vt 0.278208 0.143249
vt 0.278208 0.143249
vt 0.351653 0.143249
vt 0.290799 0.143249
vt 0.339062 0.143249
vt 0.339062 0.143249
vt 0.290799 0.143249
vt 0.324116 0.119729
vt 0.275853 0.119729
vt 0.275853 0.119729
vt 0.324116 0.119729
vt 0.275717 0.119990
vt 0.349162 0.119990
vt 0.349162 0.119990
vt 0.275717 0.119990
vt 0.076871 0.185864
vt 0.079511 0.190921
vt 0.103240 0.185864
vt 0.100600 0.190921
vt 0.274340 0.198923
vt 0.350195 0.198923
vt 0.350195 0.249007
vt 0.274340 0.249007
vt 0.351653 0.143249
vt 0.278208 0.143249
vt 0.278208 0.143249
vt 0.351653 0.143249
vt 0.290799 0.143249
vt 0.339062 0.143249
vt 0.339062 0.143249
vt 0.290799 0.143249
vt 0.324116 0.119729
vt 0.275853 0.119729
vt 0.275853 0.119729
vt 0.324116 0.119729
vt 0.224763 0.578074
vt 0.224763 0.760065
vt 0.218333 0.760065
vt 0.218333 0.578074
vt 0.211902 0.760065
vt 0.211902 0.578074
vt 0.205472 0.760065
vt 0.205472 0.578074
vt 0.199042 0.760065
vt 0.199042 0.578074
vt 0.192612 0.760065
vt 0.192612 0.578074
vt 0.186181 0.760065
vt 0.186181 0.578074
vt 0.179751 0.760065
vt 0.179751 0.578074
vt 0.173321 0.760065
vt 0.173321 0.578074
vt 0.166891 0.760065
vt 0.166891 0.578074
vt 0.160461 0.760065
vt 0.160461 0.578074
vt 0.154030 0.760065
vt 0.154030 0.578074
vt 0.147600 0.760065
vt 0.147600 0.578074
vt 0.141170 0.760065
vt 0.141170 0.578074
vt 0.134740 0.760065
vt 0.134740 0.578074
vt 0.128309 0.760065
vt 0.128309 0.578074
vt 0.121879 0.760065
vt 0.121879 0.578074
vt 0.115449 0.760065
vt 0.115449 0.578074
vt 0.109019 0.760065
vt 0.109019 0.578074
vt 0.102589 0.760065
vt 0.102589 0.578074
vt 0.096158 0.760065
vt 0.096158 0.578074
vt 0.089728 0.760065
vt 0.089728 0.578074
vt 0.083298 0.760065
vt 0.083298 0.578074
vt 0.076868 0.760065
vt 0.076868 0.578074
vt 0.070438 0.760065
vt 0.070438 0.578074
vt 0.064007 0.760065
vt 0.064007 0.578074
vt 0.057577 0.760065
vt 0.057577 0.578074
vt 0.051147 0.760065
vt 0.051147 0.578074
vt 0.044717 0.760065
vt 0.044717 0.578074
vt 0.038286 0.760065
vt 0.038286 0.578074
vt 0.031856 0.760065
vt 0.031856 0.578074
vt 0.752930 0.932337
vt 0.752930 0.938375
vt 0.744458 0.938375
vt 0.744458 0.932337
vt 0.025426 0.760065
vt 0.025426 0.578074
vt 0.018996 0.760065
vt 0.018996 0.578074
vt 0.750000 0.490000
vt 0.796822 0.485388
vt 0.841844 0.471731
vt 0.883337 0.449553
vt 0.919706 0.419706
vt 0.949553 0.383337
vt 0.971731 0.341844
vt 0.985388 0.296822
vt 0.990000 0.250000
vt 0.985388 0.203178
vt 0.971731 0.158156
vt 0.949553 0.116663
vt 0.919706 0.080294
vt 0.883337 0.050447
vt 0.841844 0.028269
vt 0.796822 0.014612
vt 0.750000 0.010000
vt 0.703178 0.014612
vt 0.658156 0.028269
vt 0.616663 0.050447
vt 0.580294 0.080294
vt 0.550447 0.116663
vt 0.528269 0.158156
vt 0.514612 0.203178
vt 0.510000 0.250000
vt 0.514612 0.296822
vt 0.528269 0.341844
vt 0.550447 0.383337
vt 0.580294 0.419706
vt 0.616663 0.449553
vt 0.658156 0.471731
vt 0.703178 0.485388
vt 0.442843 0.123784
vt 0.448443 0.126476
vt 0.448443 0.126476
vt 0.442843 0.123784
vt 0.752930 0.877993
vt 0.752930 0.884031
vt 0.744458 0.884031
vt 0.744458 0.877993
vt 0.752930 0.823648
vt 0.752930 0.829686
vt 0.744458 0.829686
vt 0.744458 0.823648
vt 0.752930 0.956490
vt 0.752930 0.962528
vt 0.744458 0.962528
vt 0.744458 0.956490
vt 0.752930 0.902146
vt 0.752930 0.908184
vt 0.744458 0.908184
vt 0.744458 0.902146
vt 0.752930 0.847801
vt 0.752930 0.853839
vt 0.744458 0.853839
vt 0.744458 0.847801
vt 0.752930 0.793457
vt 0.752930 0.799495
vt 0.744458 0.799495
vt 0.744458 0.793457
vt 0.752930 0.926299
vt 0.744458 0.926299
vt 0.752930 0.871954
vt 0.744458 0.871954
vt 0.752930 0.817610
vt 0.744458 0.817610
vt 0.752930 0.950452
vt 0.744458 0.950452
vt 0.752930 0.896107
vt 0.744458 0.896107
vt 0.752930 0.841763
vt 0.744458 0.841763
vt 0.752930 0.787419
vt 0.744458 0.787419
vt 0.752930 0.920260
vt 0.744458 0.920260
vt 0.752930 0.865916
vt 0.744458 0.865916
vt 0.752930 0.811572
vt 0.744458 0.811572
vt 0.752930 0.944413
vt 0.744458 0.944413
vt 0.752930 0.890069
vt 0.744458 0.890069
vt 0.752930 0.835725
vt 0.744458 0.835725
vt 0.752930 0.781380
vt 0.744458 0.781380
vt 0.752930 0.914222
vt 0.744458 0.914222
vt 0.752930 0.859878
vt 0.744458 0.859878
vt 0.752930 0.805533
vt 0.744458 0.805533
vt 0.752930 0.968567
vt 0.744458 0.968567
vt 0.752930 0.775342
vt 0.744458 0.775342
vt 0.415809 0.207769
vt 0.411919 0.200257
vt 0.411919 0.200257
vt 0.415809 0.207769
vt 0.467599 0.172395
vt 0.466989 0.162585
vt 0.469171 0.162284
vt 0.469799 0.172395
vt 0.465187 0.153171
vt 0.467310 0.152561
vt 0.462274 0.144534
vt 0.464288 0.143600
vt 0.458384 0.137022
vt 0.460221 0.135746
vt 0.453700 0.130930
vt 0.455265 0.129301
vt 0.449611 0.124511
vt 0.443476 0.121562
vt 0.437097 0.122887
vt 0.437097 0.120566
vt 0.431350 0.123784
vt 0.430717 0.121562
vt 0.425750 0.126476
vt 0.424582 0.124511
vt 0.420493 0.130930
vt 0.418928 0.129301
vt 0.415809 0.137022
vt 0.413972 0.135746
vt 0.411919 0.144534
vt 0.409905 0.143600
vt 0.409006 0.153171
vt 0.406883 0.152561
vt 0.407204 0.162585
vt 0.405022 0.162284
vt 0.406594 0.172395
vt 0.404394 0.172395
vt 0.407204 0.182206
vt 0.405022 0.182507
vt 0.409006 0.191620
vt 0.406883 0.192230
vt 0.409905 0.201191
vt 0.413972 0.209045
vt 0.420493 0.213861
vt 0.418928 0.215490
vt 0.425750 0.218315
vt 0.424582 0.220280
vt 0.431350 0.221007
vt 0.430717 0.223229
vt 0.437097 0.221904
vt 0.437097 0.224225
vt 0.442843 0.221007
vt 0.443477 0.223229
vt 0.448443 0.218315
vt 0.449611 0.220280
vt 0.453700 0.213861
vt 0.455265 0.215490
vt 0.458384 0.207769
vt 0.460221 0.209045
vt 0.462274 0.200257
vt 0.464288 0.201191
vt 0.465187 0.191620
vt 0.467310 0.192230
vt 0.466989 0.182206
vt 0.469171 0.182507
vt 0.466989 0.162585
vt 0.467599 0.172395
vt 0.466989 0.182206
vt 0.465187 0.191620
vt 0.462274 0.200257
vt 0.458384 0.207769
vt 0.453700 0.213861
vt 0.448443 0.218315
vt 0.442843 0.221007
vt 0.437097 0.221904
vt 0.431350 0.221007
vt 0.425750 0.218315
vt 0.420493 0.213861
vt 0.409006 0.191620
vt 0.407204 0.182206
vt 0.406594 0.172395
vt 0.407204 0.162585
vt 0.409006 0.153171
vt 0.411919 0.144534
vt 0.415809 0.137022
vt 0.420493 0.130930
vt 0.425750 0.126476
vt 0.431350 0.123784
vt 0.437097 0.122887
vt 0.453700 0.130930
vt 0.458384 0.137022
vt 0.462274 0.144534
vt 0.465187 0.153171
vn 0.0000 0.0000 -1.0000
vn 1.0000 0.0000 0.0000
vn 0.0000 0.0000 1.0000
vn -1.0000 0.0000 0.0000
vn 0.0000 -1.0000 0.0000
vn 0.0000 1.0000 0.0000
vn 0.9914 0.0000 0.1308
vn 0.9642 0.0000 0.2650
vn 0.9141 0.0000 0.4055
vn 0.8329 0.0000 0.5535
vn 0.7085 0.0000 0.7057
vn 0.5278 0.0000 0.8493
vn 0.2856 0.0000 0.9583
vn -0.2856 0.0000 0.9583
vn -0.5278 0.0000 0.8493
vn -0.7085 0.0000 0.7057
vn -0.8329 0.0000 0.5535
vn -0.9141 0.0000 0.4055
vn -0.9642 0.0000 0.2650
vn -0.9914 0.0000 0.1308
vn -0.9914 0.0000 -0.1308
vn -0.9642 0.0000 -0.2650
vn -0.9141 0.0000 -0.4055
vn -0.8329 -0.0000 -0.5535
vn -0.7085 -0.0000 -0.7057
vn -0.5278 -0.0000 -0.8493
vn -0.2856 -0.0000 -0.9583
vn 0.2856 -0.0000 -0.9583
vn 0.5278 -0.0000 -0.8493
vn 0.7085 -0.0000 -0.7057
vn 0.8329 -0.0000 -0.5535
vn 0.9141 0.0000 -0.4055
vn 0.9642 0.0000 -0.2650
vn 0.9914 0.0000 -0.1308
usemtl 1
s off
f 2721/6580/129 2761/6581/129 2762/6582/129 2723/6583/129
f 2723/6584/130 2762/6585/130 2763/6586/130 2727/6587/130
f 2727/6588/131 2763/6589/131 2764/6590/131 2725/6591/131
f 2725/6592/132 2764/6593/132 2761/6594/132 2721/6595/132
f 2723/6596/133 2727/6597/133 2725/6598/133 2721/6599/133
f 2722/6600/134 2724/6601/134 2762/6602/134 2761/6603/134
f 2724/6601/134 2728/6604/134 2763/6605/134 2762/6602/134
f 2728/6604/134 2726/6606/134 2764/6607/134 2763/6605/134
f 2726/6606/134 2722/6600/134 2761/6603/134 2764/6607/134
f 2799/6608/134 2798/6609/134 2797/6610/134 2800/6611/134
f 2728/6604/132 2724/6601/132 2798/6609/132 2799/6608/132
f 2726/6606/129 2728/6604/129 2799/6608/129 2800/6611/129
f 2722/6600/130 2726/6606/130 2800/6611/130 2797/6610/130
f 2724/6601/131 2722/6600/131 2797/6610/131 2798/6609/131
f 2801/6612/130 2809/6613/130 2810/6614/130 2803/6615/130
f 2803/6616/131 2810/6617/131 2811/6618/131 2807/6619/131
f 2807/6620/132 2811/6621/132 2812/6622/132 2805/6623/132
f 2805/6624/129 2812/6625/129 2809/6626/129 2801/6627/129
f 2803/6628/133 2807/6629/133 2805/6630/133 2801/6631/133
f 2802/6632/134 2804/6633/134 2810/6634/134 2809/6635/134
f 2804/6633/134 2808/6636/134 2811/6637/134 2810/6634/134
f 2808/6636/134 2806/6638/134 2812/6639/134 2811/6637/134
f 2806/6638/134 2802/6632/134 2809/6635/134 2812/6639/134
f 2815/6640/134 2814/6641/134 2813/6642/134 2816/6643/134
f 2802/6644/129 2806/6645/129 2816/6646/129 2813/6647/129
f 2808/6648/131 2804/6649/131 2814/6650/131 2815/6651/131
f 2806/6652/132 2808/6653/132 2815/6654/132 2816/6655/132
f 2804/6656/130 2802/6657/130 2813/6658/130 2814/6659/130
f 2821/6660/134 2823/6661/134 2841/6662/134 2842/6663/134
f 2822/6664/133 2818/6665/133 2820/6666/133 2824/6667/133
f 2820/6668/132 2819/6669/132 2823/6670/132 2824/6671/132
f 2818/6672/131 2817/6673/131 2819/6674/131 2820/6675/131
f 2822/6676/130 2821/6677/130 2817/6678/130 2818/6679/130
f 2824/6680/129 2823/6681/129 2821/6682/129 2822/6683/129
f 2825/6684/129 2826/6685/129 2828/6686/129 2827/6687/129
f 2827/6688/130 2828/6689/130 2832/6690/130 2831/6691/130
f 2831/6692/131 2832/6693/131 2830/6694/131 2829/6695/131
f 2829/6696/132 2830/6697/132 2826/6698/132 2825/6699/132
f 2827/6700/133 2831/6701/133 2829/6702/133 2825/6703/133
f 2828/6704/134 2826/6705/134 2833/6706/134 2834/6707/134
f 2833/6708/132 2836/6709/132 2840/6710/132 2837/6711/132
f 2826/6705/134 2830/6712/134 2836/6713/134 2833/6706/134
f 2832/6714/134 2828/6704/134 2834/6707/134 2835/6715/134
f 2830/6712/134 2832/6714/134 2835/6715/134 2836/6713/134
f 2839/6716/134 2838/6717/134 2837/6718/134 2840/6719/134
f 2835/6720/130 2834/6721/130 2838/6722/130 2839/6723/130
f 2836/6724/131 2835/6725/131 2839/6726/131 2840/6727/131
f 2834/6728/129 2833/6729/129 2837/6730/129 2838/6731/129
f 2841/6732/132 2844/6733/132 2848/6734/132 2845/6735/132
f 2823/6661/134 2819/6736/134 2844/6737/134 2841/6662/134
f 2817/6738/134 2821/6660/134 2842/6663/134 2843/6739/134
f 2819/6736/134 2817/6738/134 2843/6739/134 2844/6737/134
f 2847/6740/134 2846/6741/134 2845/6742/134 2848/6743/134
f 2843/6744/130 2842/6745/130 2846/6746/130 2847/6747/130
f 2844/6748/131 2843/6749/131 2847/6750/131 2848/6751/131
f 2842/6752/129 2841/6753/129 2845/6754/129 2846/6755/129
f 2853/6756/134 2855/6757/134 2873/6758/134 2874/6759/134
f 2854/6760/133 2850/6761/133 2852/6762/133 2856/6763/133
f 2852/6764/132 2851/6765/132 2855/6766/132 2856/6767/132
f 2850/6768/131 2849/6769/131 2851/6770/131 2852/6771/131
f 2854/6772/130 2853/6773/130 2849/6774/130 2850/6775/130
f 2856/6776/129 2855/6777/129 2853/6778/129 2854/6779/129
f 2857/6780/129 2858/6781/129 2860/6782/129 2859/6783/129
f 2859/6784/130 2860/6785/130 2864/6786/130 2863/6787/130
f 2863/6788/131 2864/6789/131 2862/6790/131 2861/6791/131
f 2861/6792/132 2862/6793/132 2858/6794/132 2857/6795/132
f 2859/6796/133 2863/6797/133 2861/6798/133 2857/6799/133
f 2860/6800/134 2858/6801/134 2865/6802/134 2866/6803/134
f 2865/6804/132 2868/6805/132 2872/6806/132 2869/6807/132
f 2858/6801/134 2862/6808/134 2868/6809/134 2865/6802/134
f 2864/6810/134 2860/6800/134 2866/6803/134 2867/6811/134
f 2862/6808/134 2864/6810/134 2867/6811/134 2868/6809/134
f 2871/6812/134 2870/6813/134 2869/6814/134 2872/6815/134
f 2867/6816/130 2866/6817/130 2870/6818/130 2871/6819/130
f 2868/6820/131 2867/6821/131 2871/6822/131 2872/6823/131
f 2866/6824/129 2865/6825/129 2869/6826/129 2870/6827/129
f 2873/6828/132 2876/6829/132 2880/6830/132 2877/6831/132
f 2855/6757/134 2851/6832/134 2876/6833/134 2873/6758/134
f 2849/6834/134 2853/6756/134 2874/6759/134 2875/6835/134
f 2851/6832/134 2849/6834/134 2875/6835/134 2876/6833/134
f 2879/6836/134 2878/6837/134 2877/6838/134 2880/6839/134
f 2875/6840/130 2874/6841/130 2878/6842/130 2879/6843/130
f 2876/6844/131 2875/6845/131 2879/6846/131 2880/6847/131
f 2874/6848/129 2873/6849/129 2877/6850/129 2878/6851/129
s 1
f 2625/6852/130 2626/6853/130 2628/6854/135 2627/6855/135
f 2627/6855/135 2628/6854/135 2630/6856/136 2629/6857/136
f 2629/6857/136 2630/6856/136 2632/6858/137 2631/6859/137
f 2631/6859/137 2632/6858/137 2634/6860/138 2633/6861/138
f 2633/6861/138 2634/6860/138 2636/6862/139 2635/6863/139
f 2635/6863/139 2636/6862/139 2638/6864/140 2637/6865/140
f 2637/6865/140 2638/6864/140 2640/6866/141 2639/6867/141
f 2639/6867/141 2640/6866/141 2642/6868/131 2641/6869/131
f 2641/6869/131 2642/6868/131 2644/6870/142 2643/6871/142
f 2643/6871/142 2644/6870/142 2646/6872/143 2645/6873/143
f 2645/6873/143 2646/6872/143 2648/6874/144 2647/6875/144
f 2647/6875/144 2648/6874/144 2650/6876/145 2649/6877/145
f 2649/6877/145 2650/6876/145 2652/6878/146 2651/6879/146
f 2651/6879/146 2652/6878/146 2654/6880/147 2653/6881/147
f 2653/6881/147 2654/6880/147 2656/6882/148 2655/6883/148
f 2655/6883/148 2656/6882/148 2658/6884/132 2657/6885/132
f 2657/6885/132 2658/6884/132 2660/6886/149 2659/6887/149
f 2659/6887/149 2660/6886/149 2662/6888/150 2661/6889/150
f 2661/6889/150 2662/6888/150 2664/6890/151 2663/6891/151
f 2663/6891/151 2664/6890/151 2666/6892/152 2665/6893/152
f 2665/6893/152 2666/6892/152 2668/6894/153 2667/6895/153
f 2667/6895/153 2668/6894/153 2670/6896/154 2669/6897/154
f 2669/6897/154 2670/6896/154 2672/6898/155 2671/6899/155
f 2671/6899/155 2672/6898/155 2674/6900/129 2673/6901/129
f 2673/6901/129 2674/6900/129 2676/6902/156 2675/6903/156
f 2675/6903/156 2676/6902/156 2678/6904/157 2677/6905/157
f 2677/6905/157 2678/6904/157 2680/6906/158 2679/6907/158
f 2679/6907/158 2680/6906/158 2682/6908/159 2681/6909/159
f 2681/6909/159 2682/6908/159 2684/6910/160 2683/6911/160
f 2683/6911/160 2684/6910/160 2686/6912/161 2685/6913/161
f 2638/6914/140 2636/6915/139 2734/6916/139 2735/6917/140
f 2685/6913/161 2686/6912/161 2688/6918/162 2687/6919/162
f 2687/6919/162 2688/6918/162 2626/6920/130 2625/6921/130
f 2625/6922/133 2627/6923/133 2629/6924/133 2631/6925/133 2633/6926/133 2635/6927/133 2637/6928/133 2639/6929/133 2641/6930/133 2643/6931/133 2645/6932/133 2647/6933/133 2649/6934/133 2651/6935/133 2653/6936/133 2655/6937/133 2657/6938/133 2659/6939/133 2661/6940/133 2663/6941/133 2665/6942/133 2667/6943/133 2669/6944/133 2671/6945/133 2673/6946/133 2675/6947/133 2677/6948/133 2679/6949/133 2681/6950/133 2683/6951/133 2685/6952/133 2687/6953/133
f 2696/6954/155 2695/6955/154 2771/6956/154 2772/6957/155
f 2656/6958/148 2654/6959/147 2743/6960/147 2744/6961/148
f 2674/6962/129 2672/6963/155 2752/6964/155 2753/6965/129
f 2630/6966/136 2628/6967/135 2729/6968/135 2731/6969/136
f 2648/6970/144 2646/6971/143 2739/6972/143 2740/6973/144
f 2666/6974/152 2664/6975/151 2748/6976/151 2749/6977/152
f 2684/6978/160 2682/6979/159 2757/6980/159 2758/6981/160
f 2640/6982/141 2638/6914/140 2735/6917/140 2736/6983/141
f 2658/6984/132 2656/6958/148 2744/6961/148 2745/6985/132
f 2676/6986/156 2674/6962/129 2753/6965/129 2754/6987/156
f 2632/6988/137 2630/6966/136 2731/6969/136 2732/6989/137
f 2650/6990/145 2648/6970/144 2740/6973/144 2741/6991/145
f 2668/6992/153 2666/6974/152 2749/6977/152 2750/6993/153
f 2686/6994/161 2684/6978/160 2758/6981/160 2759/6995/161
f 2642/6996/131 2640/6982/141 2736/6983/141 2737/6997/131
f 2660/6998/149 2658/6984/132 2745/6985/132 2746/6999/149
f 2678/7000/157 2676/6986/156 2754/6987/156 2755/7001/157
f 2634/7002/138 2632/6988/137 2732/6989/137 2733/7003/138
f 2652/7004/146 2650/6990/145 2741/6991/145 2742/7005/146
f 2670/7006/154 2668/6992/153 2750/6993/153 2751/7007/154
f 2688/7008/162 2686/6994/161 2759/6995/161 2760/7009/162
f 2644/7010/142 2642/6996/131 2737/6997/131 2738/7011/142
f 2662/7012/150 2660/6998/149 2746/6999/149 2747/7013/150
f 2680/7014/158 2678/7000/157 2755/7001/157 2756/7015/158
f 2636/6915/139 2634/7002/138 2733/7003/138 2734/6916/139
f 2654/6959/147 2652/7004/146 2742/7005/146 2743/6960/147
f 2672/6963/155 2670/7006/154 2751/7007/154 2752/6964/155
f 2628/6967/135 2626/7016/130 2730/7017/130 2729/6968/135
f 2626/7018/130 2688/7008/162 2760/7009/162 2730/7019/130
f 2646/6971/143 2644/7010/142 2738/7011/142 2739/6972/143
f 2664/6975/151 2662/7012/150 2747/7013/150 2748/6976/151
f 2682/6979/159 2680/7014/158 2756/7015/158 2757/6980/159
f 2709/7020/138 2708/7021/137 2784/7022/137 2785/7023/138
f 2690/7024/134 2689/7025/134 2729/7026/134 2730/7027/134
f 2689/7025/134 2691/7028/134 2731/7029/134 2729/7026/134
f 2691/7028/134 2692/7030/134 2732/7031/134 2731/7029/134
f 2692/7030/134 2693/7032/134 2733/7033/134 2732/7031/134
f 2693/7032/134 2694/7034/134 2734/7035/134 2733/7033/134
f 2694/7034/134 2695/6955/134 2735/7036/134 2734/7035/134
f 2695/6955/134 2696/6954/134 2736/7037/134 2735/7036/134
f 2696/6954/134 2697/7038/134 2737/7039/134 2736/7037/134
f 2697/7038/134 2698/7040/134 2738/7041/134 2737/7039/134
f 2698/7040/134 2699/7042/134 2739/7043/134 2738/7041/134
f 2699/7042/134 2700/7044/134 2740/7045/134 2739/7043/134
f 2700/7044/134 2701/7046/134 2741/7047/134 2740/7045/134
f 2701/7046/134 2702/7048/134 2742/7049/134 2741/7047/134
f 2702/7048/134 2703/7050/134 2743/7051/134 2742/7049/134
f 2703/7050/134 2704/7052/134 2744/7053/134 2743/7051/134
f 2704/7052/134 2705/7054/134 2745/7055/134 2744/7053/134
f 2705/7054/134 2706/7056/134 2746/7057/134 2745/7055/134
f 2706/7056/134 2707/7058/134 2747/7059/134 2746/7057/134
f 2707/7058/134 2708/7021/134 2748/7060/134 2747/7059/134
f 2708/7021/134 2709/7020/134 2749/7061/134 2748/7060/134
f 2709/7020/134 2710/7062/134 2750/7063/134 2749/7061/134
f 2710/7062/134 2711/7064/134 2751/7065/134 2750/7063/134
f 2711/7064/134 2712/7066/134 2752/7067/134 2751/7065/134
f 2712/7066/134 2713/7068/134 2753/7069/134 2752/7067/134
f 2713/7068/134 2714/7070/134 2754/7071/134 2753/7069/134
f 2714/7070/134 2715/7072/134 2755/7073/134 2754/7071/134
f 2715/7072/134 2716/7074/134 2756/7075/134 2755/7073/134
f 2716/7074/134 2717/7076/134 2757/7077/134 2756/7075/134
f 2717/7076/134 2718/7078/134 2758/7079/134 2757/7077/134
f 2718/7078/134 2719/7080/134 2759/7081/134 2758/7079/134
f 2719/7080/134 2720/7082/134 2760/7083/134 2759/7081/134
f 2720/7082/134 2690/7024/134 2730/7027/134 2760/7083/134
f 2765/7084/134 2766/7085/134 2796/7086/134 2795/7087/134 2794/7088/134 2793/7089/134 2792/7090/134 2791/7091/134 2790/7092/134 2789/7093/134 2788/7094/134 2787/7095/134 2786/7096/134 2785/7023/134 2784/7022/134 2783/7097/134 2782/7098/134 2781/7099/134 2780/7100/134 2779/7101/134 2778/7102/134 2777/7103/134 2776/7104/134 2775/7105/134 2774/7106/134 2773/7107/134 2772/6957/134 2771/6956/134 2770/7108/134 2769/7109/134 2768/7110/134 2767/7111/134
f 2710/7062/139 2709/7020/138 2785/7023/138 2786/7096/139
f 2697/7038/129 2696/6954/155 2772/6957/155 2773/7107/129
f 2711/7064/140 2710/7062/139 2786/7096/139 2787/7095/140
f 2698/7040/156 2697/7038/129 2773/7107/129 2774/7106/156
f 2712/7066/141 2711/7064/140 2787/7095/140 2788/7094/141
f 2699/7042/157 2698/7040/156 2774/7106/156 2775/7105/157
f 2713/7068/131 2712/7066/141 2788/7094/141 2789/7093/131
f 2700/7044/158 2699/7042/157 2775/7105/157 2776/7104/158
f 2714/7070/142 2713/7068/131 2789/7093/131 2790/7092/142
f 2701/7046/159 2700/7044/158 2776/7104/158 2777/7103/159
f 2715/7072/143 2714/7070/142 2790/7092/142 2791/7091/143
f 2702/7048/160 2701/7046/159 2777/7103/159 2778/7102/160
f 2716/7074/144 2715/7072/143 2791/7091/143 2792/7090/144
f 2703/7050/161 2702/7048/160 2778/7102/160 2779/7101/161
f 2689/7025/149 2690/7024/132 2766/7085/132 2765/7084/149
f 2717/7076/145 2716/7074/144 2792/7090/144 2793/7089/145
f 2704/7052/162 2703/7050/161 2779/7101/161 2780/7100/162
f 2691/7028/150 2689/7025/149 2765/7084/149 2767/7111/150
f 2718/7078/146 2717/7076/145 2793/7089/145 2794/7088/146
f 2705/7054/130 2704/7052/162 2780/7100/162 2781/7099/130
f 2692/7030/151 2691/7028/150 2767/7111/150 2768/7110/151
f 2719/7080/147 2718/7078/146 2794/7088/146 2795/7087/147
f 2706/7056/135 2705/7054/130 2781/7099/130 2782/7098/135
f 2693/7032/152 2692/7030/151 2768/7110/151 2769/7109/152
f 2720/7082/148 2719/7080/147 2795/7087/147 2796/7086/148
f 2707/7058/136 2706/7056/135 2782/7098/135 2783/7097/136
f 2694/7034/153 2693/7032/152 2769/7109/152 2770/7108/153
f 2690/7024/132 2720/7082/148 2796/7086/148 2766/7085/132
f 2708/7021/137 2707/7058/136 2783/7097/136 2784/7022/137
f 2695/6955/154 2694/7034/153 2770/7108/153 2771/6956/154
o 立方体.010_立方体.011
v -1.660100 0.005027 0.550380
v -1.660100 1.339791 0.623459
v -1.660100 0.005027 0.839180
v -1.660100 1.339791 0.766100
v -1.983887 0.005027 0.550380
v -1.983887 1.339791 0.623460
v -1.983887 0.005027 0.839180
v -1.983887 1.339791 0.766100
v -1.639384 1.339791 0.715591
v -1.639384 1.339791 0.673969
v -1.639384 0.005027 0.673969
v -1.639384 0.005027 0.715591
v -1.660100 1.183971 0.622385
v -1.660100 0.162954 0.566584
v -1.660100 1.057365 0.620289
v -1.660100 0.911561 0.615677
v -1.660100 0.753870 0.608781
v -1.660100 0.592201 0.599945
v -1.660100 0.434659 0.589614
v -1.660100 0.289144 0.578304
v -1.660100 0.162954 0.822976
v -1.660100 1.183971 0.767175
v -1.660100 0.289144 0.811255
v -1.660100 0.434659 0.799946
v -1.660100 0.592201 0.789614
v -1.660100 0.753870 0.780779
v -1.660100 0.911561 0.773882
v -1.660100 1.057365 0.769271
v -1.983887 0.162954 0.822976
v -1.983887 1.183971 0.767175
v -1.983887 0.289144 0.811256
v -1.983887 0.434659 0.799946
v -1.983887 0.592201 0.789614
v -1.983887 0.753870 0.780779
v -1.983887 0.911561 0.773882
v -1.983887 1.057365 0.769271
v -1.983887 0.162954 0.566584
v -1.983887 1.183971 0.622385
v -1.983887 0.289144 0.578304
v -1.983887 0.434659 0.589614
v -1.983887 0.592201 0.599945
v -1.983887 0.753870 0.608781
v -1.983887 0.911561 0.615678
v -1.983887 1.057365 0.620289
v -2.004603 0.005027 0.673969
v -2.004603 0.005027 0.715591
v -2.004603 1.339791 0.715591
v -2.004603 1.339791 0.673969
v -2.004603 1.183971 0.715591
v -2.004603 1.183971 0.673969
v -2.004603 1.057365 0.673969
v -2.004603 1.057365 0.715591
v -2.004603 0.911561 0.673969
v -2.004603 0.911561 0.715591
v -2.004603 0.753870 0.673969
v -2.004603 0.753870 0.715591
v -2.004603 0.592201 0.673969
v -2.004603 0.592201 0.715591
v -2.004603 0.434659 0.673969
v -2.004603 0.434659 0.715591
v -2.004603 0.289144 0.673969
v -2.004603 0.289144 0.715591
v -2.004603 0.162954 0.673969
v -2.004603 0.162954 0.715591
v -1.639384 1.183971 0.673969
v -1.639384 1.183971 0.715591
v -1.639384 1.057365 0.715591
v -1.639384 1.057365 0.673969
v -1.639384 0.911561 0.715591
v -1.639384 0.911561 0.673969
v -1.639384 0.753870 0.715591
v -1.639384 0.753870 0.673969
v -1.639384 0.592201 0.715591
v -1.639384 0.592201 0.673969
v -1.639384 0.434659 0.715591
v -1.639384 0.434659 0.673969
v -1.639384 0.289144 0.715591
v -1.639384 0.289144 0.673969
v -1.639384 0.162954 0.715591
v -1.639384 0.162954 0.673969
v -1.621843 0.005027 0.673969
v -1.621843 0.005027 0.550380
v -1.628920 1.374786 0.722668
v -1.628920 1.374716 0.759023
v -2.015068 1.374716 0.759023
v -2.022145 0.005027 0.550380
v -2.022145 0.005027 0.673969
v -2.022145 0.005027 0.715591
v -2.022145 0.005027 0.839180
v -2.015068 1.374786 0.666892
v -2.015068 1.374716 0.630537
v -1.628920 1.374716 0.630537
v -2.022145 1.057365 0.620289
v -2.022145 1.057365 0.673969
v -2.015068 1.374786 0.722668
v -1.621843 0.005027 0.839180
v -1.621843 0.005027 0.715591
v -1.628920 1.374786 0.666892
v -2.022145 1.183971 0.767175
v -2.022145 1.183971 0.715591
v -2.022145 1.183971 0.622385
v -1.621843 1.183971 0.622385
v -1.621843 1.057365 0.620289
v -2.022145 0.911561 0.615678
v -1.621843 0.911561 0.615677
v -2.022145 0.753870 0.608781
v -1.621843 0.753870 0.608781
v -2.022145 0.592201 0.599945
v -1.621843 0.592201 0.599945
v -2.022145 0.434659 0.589614
v -1.621843 0.434659 0.589614
v -2.022145 0.289144 0.578304
v -1.621843 0.289144 0.578304
v -2.022145 0.162954 0.566584
v -1.621843 0.162954 0.566584
v -2.022145 1.057365 0.769271
v -2.022145 1.183971 0.673969
v -2.022145 1.057365 0.715591
v -2.022145 0.911561 0.773882
v -2.022145 0.911561 0.715591
v -2.022145 0.753870 0.780779
v -2.022145 0.753870 0.715591
v -2.022145 0.592201 0.789615
v -2.022145 0.592201 0.715591
v -2.022145 0.434659 0.799946
v -2.022145 0.434659 0.715591
v -2.022145 0.289144 0.811256
v -2.022145 0.289144 0.715591
v -2.022145 0.162954 0.822976
v -2.022145 0.162954 0.715591
v -1.621843 1.057365 0.769270
v -1.621843 1.183971 0.767175
v -1.621843 0.911561 0.773882
v -1.621843 0.753870 0.780779
v -1.621843 0.592201 0.789614
v -1.621843 0.434659 0.799946
v -1.621843 0.289144 0.811255
v -1.621843 0.162954 0.822976
v -1.621843 1.183971 0.715591
v -1.621843 1.057365 0.673969
v -1.621843 0.911561 0.673969
v -1.621843 0.753870 0.673969
v -1.621843 0.592201 0.673969
v -1.621843 0.434659 0.673969
v -1.621843 0.289144 0.673969
v -1.621843 0.162954 0.673969
v -2.022145 0.911561 0.673969
v -2.022145 0.753870 0.673969
v -2.022145 0.592201 0.673969
v -2.022145 0.434659 0.673969
v -2.022145 0.289144 0.673969
v -2.022145 0.162954 0.673969
v -1.621843 1.183971 0.673969
v -1.621843 1.057365 0.715591
v -1.621843 0.911561 0.715591
v -1.621843 0.753870 0.715591
v -1.621843 0.592201 0.715591
v -1.621843 0.434659 0.715591
v -1.621843 0.289144 0.715591
v -1.621843 0.162954 0.715591
v -1.621843 1.374799 0.715591
v -1.621843 1.374703 0.766100
v -2.022145 1.374703 0.766100
v -2.022145 1.374799 0.673969
v -2.022145 1.374703 0.623460
v -1.621843 1.374703 0.623459
v -2.022145 1.374799 0.715591
v -1.621843 1.374799 0.673969
v -1.628920 1.365799 0.722668
v -1.628920 1.365730 0.759023
v -2.015068 1.365730 0.759023
v -2.015068 1.365799 0.666892
v -2.015068 1.365730 0.630537
v -1.628920 1.365730 0.630537
v -2.015068 1.365799 0.722668
v -1.628920 1.365799 0.666892
v -1.633384 1.357898 0.727584
v -1.633384 1.428611 0.727584
v -1.633384 1.357898 0.724956
v -1.633384 1.428611 0.724956
v -1.630756 1.357898 0.727584
v -1.630756 1.428611 0.727584
v -1.630756 1.357898 0.724956
v -1.630756 1.428611 0.724956
v -1.633384 1.357898 0.757142
v -1.633384 1.428611 0.757142
v -1.633384 1.357898 0.754514
v -1.633384 1.428611 0.754514
v -1.630756 1.357898 0.757142
v -1.630756 1.428611 0.757142
v -1.630756 1.357898 0.754514
v -1.630756 1.428611 0.754514
v -2.012497 1.357898 0.727584
v -2.012497 1.428611 0.727584
v -2.012497 1.357898 0.724956
v -2.012497 1.428611 0.724956
v -2.009869 1.357898 0.727584
v -2.009869 1.428611 0.727584
v -2.009869 1.357898 0.724956
v -2.009869 1.428611 0.724956
v -2.012497 1.357898 0.757142
v -2.012497 1.428611 0.757142
v -2.012497 1.357898 0.754514
v -2.012497 1.428611 0.754514
v -2.009869 1.357898 0.757142
v -2.009869 1.428611 0.757142
v -2.009869 1.357898 0.754514
v -2.009869 1.428611 0.754514
v -1.633384 1.357898 0.635312
v -1.633384 1.428611 0.635312
v -1.633384 1.357898 0.632684
v -1.633384 1.428611 0.632684
v -1.630756 1.357898 0.635312
v -1.630756 1.428611 0.635312
v -1.630756 1.357898 0.632684
v -1.630756 1.428611 0.632684
v -1.633384 1.357898 0.664870
v -1.633384 1.428611 0.664870
v -1.633384 1.357898 0.662242
v -1.633384 1.428611 0.662242
v -1.630756 1.357898 0.664870
v -1.630756 1.428611 0.664870
v -1.630756 1.357898 0.662242
v -1.630756 1.428611 0.662242
v -2.012497 1.357898 0.635312
v -2.012497 1.428611 0.635312
v -2.012497 1.357898 0.632684
v -2.012497 1.428611 0.632684
v -2.009869 1.357898 0.635312
v -2.009869 1.428611 0.635312
v -2.009869 1.357898 0.632684
v -2.009869 1.428611 0.632684
v -2.012497 1.357898 0.664870
v -2.012497 1.428611 0.664870
v -2.012497 1.357898 0.662242
v -2.012497 1.428611 0.662242
v -2.009869 1.357898 0.664870
v -2.009869 1.428611 0.664870
v -2.009869 1.357898 0.662242
v -2.009869 1.428611 0.662242
vt 0.273617 0.742261
vt 0.273617 0.696430
vt 0.367389 0.696430
vt 0.367389 0.742261
vt 0.273588 0.726562
vt 0.273588 0.679645
vt 0.262538 0.679645
vt 0.262538 0.726562
vt 0.267776 0.747847
vt 0.373230 0.747847
vt 0.378468 0.758007
vt 0.262538 0.758007
vt 0.267776 0.633926
vt 0.267776 0.679645
vt 0.262538 0.679645
vt 0.262538 0.633926
vt 0.263654 0.747840
vt 0.263654 0.747840
vt 0.263654 0.751509
vt 0.263654 0.751509
vt 0.373230 0.702628
vt 0.373230 0.747847
vt 0.378468 0.758007
vt 0.378468 0.702628
vt 0.367389 0.742261
vt 0.367389 0.696430
vt 0.273617 0.696430
vt 0.273617 0.742261
vt 0.367211 0.665886
vt 0.367211 0.702628
vt 0.378468 0.702628
vt 0.378468 0.665886
vt 0.273617 0.702628
vt 0.273617 0.747847
vt 0.367389 0.747847
vt 0.367389 0.702628
vt 0.273588 0.633926
vt 0.273588 0.591697
vt 0.262538 0.591697
vt 0.262538 0.633926
vt 0.367389 0.702628
vt 0.273617 0.702628
vt 0.273617 0.665886
vt 0.367389 0.665886
vt 0.273617 0.623573
vt 0.367389 0.623573
vt 0.273617 0.577811
vt 0.367389 0.577811
vt 0.367389 0.726562
vt 0.273617 0.726562
vt 0.273617 0.679645
vt 0.367389 0.679645
vt 0.273617 0.633926
vt 0.367389 0.633926
vt 0.273617 0.591697
vt 0.367389 0.591697
vt 0.273617 0.659809
vt 0.367389 0.659809
vt 0.273588 0.633926
vt 0.262538 0.633926
vt 0.263654 0.743413
vt 0.263654 0.747083
vt 0.263654 0.747083
vt 0.263654 0.743413
vt 0.373230 0.702628
vt 0.378468 0.702628
vt 0.267776 0.591697
vt 0.262538 0.591697
vt 0.267776 0.702628
vt 0.262538 0.702628
vt 0.367004 0.696430
vt 0.367004 0.659809
vt 0.378468 0.659809
vt 0.378468 0.696430
vt 0.273588 0.679645
vt 0.262538 0.679645
vt 0.367389 0.665886
vt 0.273617 0.665886
vt 0.367389 0.623573
vt 0.273617 0.623573
vt 0.367389 0.577811
vt 0.273617 0.577811
vt 0.273617 0.726562
vt 0.367389 0.726562
vt 0.367389 0.679645
vt 0.367389 0.633926
vt 0.367389 0.591697
vt 0.367389 0.659809
vt 0.273617 0.659809
vt 0.273588 0.591697
vt 0.262538 0.591697
vt 0.273588 0.747847
vt 0.273588 0.702628
vt 0.262538 0.702628
vt 0.262538 0.758007
vt 0.274003 0.659809
vt 0.274003 0.696430
vt 0.262538 0.696430
vt 0.262538 0.659809
vt 0.373230 0.696430
vt 0.373230 0.659809
vt 0.378468 0.659809
vt 0.378468 0.696430
vt 0.373230 0.665886
vt 0.378468 0.665886
vt 0.262538 0.726562
vt 0.367211 0.659809
vt 0.367211 0.696430
vt 0.378468 0.696430
vt 0.378468 0.659809
vt 0.367014 0.702628
vt 0.367014 0.747847
vt 0.273992 0.747847
vt 0.273992 0.702628
vt 0.244199 0.635086
vt 0.251612 0.639275
vt 0.251612 0.616756
vt 0.244199 0.612567
vt 0.274325 0.747847
vt 0.366681 0.747847
vt 0.378066 0.757979
vt 0.262940 0.757979
vt 0.244199 0.661053
vt 0.251612 0.665242
vt 0.373230 0.665886
vt 0.378468 0.665886
vt 0.244199 0.689167
vt 0.251612 0.693356
vt 0.274002 0.591697
vt 0.274002 0.633926
vt 0.262538 0.633926
vt 0.262538 0.591697
vt 0.244199 0.615550
vt 0.251612 0.619739
vt 0.251612 0.590889
vt 0.244199 0.586700
vt 0.373230 0.623573
vt 0.378468 0.623573
vt 0.244199 0.643690
vt 0.251612 0.647879
vt 0.367004 0.633926
vt 0.367004 0.591697
vt 0.378468 0.591697
vt 0.378468 0.633926
vt 0.244199 0.669709
vt 0.251612 0.673898
vt 0.262538 0.577811
vt 0.262538 0.623573
vt 0.244199 0.692302
vt 0.251612 0.696491
vt 0.373230 0.623573
vt 0.378468 0.623573
vt 0.251612 0.639275
vt 0.244199 0.635086
vt 0.244199 0.612567
vt 0.251612 0.616756
vt 0.367211 0.747847
vt 0.378468 0.757979
vt 0.251612 0.665242
vt 0.244199 0.661053
vt 0.373230 0.577811
vt 0.378468 0.577811
vt 0.251612 0.693356
vt 0.244199 0.689167
vt 0.274002 0.679645
vt 0.262538 0.679645
vt 0.251612 0.619739
vt 0.244199 0.615550
vt 0.244199 0.586700
vt 0.251612 0.590889
vt 0.262538 0.665886
vt 0.251612 0.647879
vt 0.244199 0.643690
vt 0.262538 0.696430
vt 0.262538 0.742261
vt 0.251612 0.673898
vt 0.244199 0.669709
vt 0.263654 0.747083
vt 0.263654 0.743413
vt 0.263654 0.743413
vt 0.263654 0.747083
vt 0.251612 0.696491
vt 0.244199 0.692302
vt 0.373230 0.577811
vt 0.378468 0.577811
vt 0.244199 0.720108
vt 0.251612 0.724297
vt 0.367004 0.679645
vt 0.378468 0.679645
vt 0.251612 0.724297
vt 0.244199 0.720108
vt 0.274003 0.742261
vt 0.262538 0.742261
vt 0.252656 0.720108
vt 0.252656 0.720108
vt 0.251612 0.588574
vt 0.251612 0.588574
vt 0.244199 0.584385
vt 0.244199 0.584385
vt 0.263654 0.747840
vt 0.263654 0.751509
vt 0.373230 0.679645
vt 0.373230 0.726562
vt 0.378468 0.726562
vt 0.378468 0.679645
vt 0.276848 0.747840
vt 0.276848 0.751055
vt 0.287391 0.750726
vt 0.287391 0.747840
vt 0.276848 0.747840
vt 0.276848 0.751055
vt 0.276848 0.747083
vt 0.276848 0.743868
vt 0.077553 0.143771
vt 0.077534 0.127876
vt 0.075050 0.127876
vt 0.075069 0.143771
vt 0.362150 0.747840
vt 0.378093 0.747840
vt 0.378085 0.749460
vt 0.362150 0.749491
vt 0.362150 0.747082
vt 0.378093 0.747082
vt 0.378085 0.745462
vt 0.362150 0.745432
vt 0.351573 0.749549
vt 0.351573 0.747840
vt 0.339391 0.749679
vt 0.339391 0.747840
vt 0.326217 0.749872
vt 0.326217 0.747840
vt 0.312710 0.750120
vt 0.312710 0.747840
vt 0.299548 0.750409
vt 0.299548 0.747840
vt 0.287391 0.750726
vt 0.287391 0.747840
vt 0.351573 0.745373
vt 0.351573 0.747082
vt 0.339391 0.745244
vt 0.339391 0.747082
vt 0.326217 0.745050
vt 0.326217 0.747082
vt 0.312710 0.744803
vt 0.312710 0.747083
vt 0.299548 0.744513
vt 0.299548 0.747083
vt 0.287391 0.744196
vt 0.287391 0.747083
vt 0.299548 0.750409
vt 0.299548 0.747840
vt 0.312710 0.750120
vt 0.312710 0.747840
vt 0.326217 0.749872
vt 0.326217 0.747840
vt 0.339391 0.749679
vt 0.339391 0.747840
vt 0.351573 0.749549
vt 0.351573 0.747840
vt 0.362150 0.749491
vt 0.362150 0.747840
vt 0.287391 0.744196
vt 0.287391 0.747083
vt 0.276848 0.747083
vt 0.276848 0.743868
vt 0.299548 0.744513
vt 0.299548 0.747083
vt 0.312710 0.744803
vt 0.312710 0.747083
vt 0.326217 0.745050
vt 0.326217 0.747082
vt 0.339391 0.745244
vt 0.339391 0.747082
vt 0.351573 0.745373
vt 0.351573 0.747082
vt 0.362150 0.745432
vt 0.362150 0.747082
vt 0.378085 0.749460
vt 0.378093 0.747840
vt 0.378085 0.745462
vt 0.378093 0.747082
vt 0.077553 0.240377
vt 0.077553 0.071551
vt 0.075069 0.071551
vt 0.075069 0.240377
vt 0.263654 0.751509
vt 0.263654 0.747840
vt 0.367211 0.659809
vt 0.367211 0.696430
vt 0.378468 0.696430
vt 0.378468 0.659809
vt 0.267776 0.747847
vt 0.267776 0.726562
vt 0.262538 0.726562
vt 0.367211 0.623573
vt 0.378468 0.623573
vt 0.273588 0.623573
vt 0.273588 0.577811
vt 0.262538 0.577811
vt 0.262538 0.623573
vt 0.367004 0.665886
vt 0.378468 0.665886
vt 0.378468 0.702628
vt 0.267776 0.577811
vt 0.267776 0.623573
vt 0.262538 0.623573
vt 0.262538 0.577811
vt 0.367211 0.577811
vt 0.378468 0.577811
vt 0.367211 0.742261
vt 0.378468 0.742261
vt 0.273588 0.665886
vt 0.262538 0.665886
vt 0.373230 0.742261
vt 0.378468 0.742261
vt 0.274002 0.665886
vt 0.262538 0.702628
vt 0.262538 0.665886
vt 0.267776 0.665886
vt 0.262538 0.665886
vt 0.367211 0.679645
vt 0.367211 0.726562
vt 0.378468 0.726562
vt 0.378468 0.679645
vt 0.267777 0.696430
vt 0.267777 0.742261
vt 0.262538 0.742261
vt 0.262538 0.696430
vt 0.267777 0.742261
vt 0.267777 0.696430
vt 0.262538 0.696430
vt 0.262538 0.742261
vt 0.367004 0.623573
vt 0.378468 0.623573
vt 0.367211 0.633926
vt 0.378468 0.633926
vt 0.274002 0.623573
vt 0.262538 0.623573
vt 0.267777 0.659809
vt 0.262538 0.659809
vt 0.267777 0.659809
vt 0.262538 0.659809
vt 0.367211 0.591697
vt 0.378468 0.591697
vt 0.367004 0.577811
vt 0.378468 0.577811
vt 0.373230 0.633926
vt 0.373230 0.591697
vt 0.378468 0.591697
vt 0.378468 0.633926
vt 0.378468 0.757979
vt 0.274002 0.577811
vt 0.262538 0.577811
vt 0.373230 0.591697
vt 0.373230 0.633926
vt 0.378468 0.633926
vt 0.378468 0.591697
vt 0.262538 0.757979
vt 0.262538 0.659809
vt 0.373230 0.679645
vt 0.378468 0.679645
vt 0.367004 0.742261
vt 0.378468 0.742261
vt 0.367004 0.726562
vt 0.378468 0.726562
vt 0.367211 0.742261
vt 0.378468 0.742261
vt 0.262538 0.702628
vt 0.274002 0.726562
vt 0.262538 0.726562
vt 0.373230 0.726562
vt 0.378468 0.726562
vt 0.262538 0.757979
vt 0.086400 0.240377
vt 0.099026 0.240377
vt 0.101484 0.243471
vt 0.083943 0.243471
vt 0.099026 0.071551
vt 0.101484 0.068457
vt 0.067030 0.071551
vt 0.054404 0.071551
vt 0.051947 0.068457
vt 0.069488 0.068457
vt 0.054404 0.240377
vt 0.051947 0.243471
vt 0.086400 0.071551
vt 0.083943 0.068457
vt 0.067030 0.240377
vt 0.069488 0.243471
vt 0.067030 0.071551
vt 0.067030 0.240377
vt 0.054404 0.240377
vt 0.054404 0.071551
vt 0.099026 0.071551
vt 0.099026 0.240377
vt 0.086400 0.240377
vt 0.086400 0.071551
vt 0.077534 0.184052
vt 0.077553 0.168157
vt 0.075069 0.168157
vt 0.075050 0.184052
vt 0.077534 0.127876
vt 0.077553 0.143771
vt 0.075069 0.143771
vt 0.075050 0.127876
vt 0.077553 0.071551
vt 0.077553 0.240377
vt 0.075069 0.240377
vt 0.075069 0.071551
vt 0.077553 0.168157
vt 0.077534 0.184052
vt 0.075050 0.184052
vt 0.075069 0.168157
vt 0.077534 0.240377
vt 0.077534 0.071551
vt 0.075050 0.071551
vt 0.075050 0.240377
vt 0.077534 0.071551
vt 0.077534 0.240377
vt 0.075050 0.240377
vt 0.075050 0.071551
vt 0.050644 0.685660
vt 0.050644 0.635412
vt 0.051928 0.635412
vt 0.051928 0.685660
vt 0.051187 0.635412
vt 0.051187 0.685660
vt 0.049902 0.635412
vt 0.049902 0.685660
vt 0.036195 0.685660
vt 0.036195 0.635412
vt 0.037480 0.635412
vt 0.037480 0.685660
vt 0.036738 0.635412
vt 0.036738 0.685660
vt 0.035453 0.635412
vt 0.035453 0.685660
vt 0.157638 0.685660
vt 0.157638 0.635412
vt 0.158923 0.635412
vt 0.158923 0.685660
vt 0.158181 0.635412
vt 0.158181 0.685660
vt 0.156897 0.635412
vt 0.156897 0.685660
vt 0.143190 0.685660
vt 0.143190 0.635412
vt 0.144474 0.635412
vt 0.144474 0.685660
vt 0.143733 0.635412
vt 0.143733 0.685660
vt 0.142448 0.635412
vt 0.142448 0.685660
vt 0.095749 0.685660
vt 0.095749 0.635412
vt 0.097033 0.635412
vt 0.097033 0.685660
vt 0.096292 0.635412
vt 0.096292 0.685660
vt 0.095007 0.635412
vt 0.095007 0.685660
vt 0.081300 0.685660
vt 0.081300 0.635412
vt 0.082585 0.635412
vt 0.082585 0.685660
vt 0.081843 0.635412
vt 0.081843 0.685660
vt 0.080559 0.635412
vt 0.080559 0.685660
vt 0.202743 0.685660
vt 0.202743 0.635412
vt 0.204028 0.635412
vt 0.204028 0.685660
vt 0.203286 0.635412
vt 0.203286 0.685660
vt 0.202002 0.635412
vt 0.202002 0.685660
vt 0.188295 0.685660
vt 0.188295 0.635412
vt 0.189579 0.635412
vt 0.189579 0.685660
vt 0.188838 0.635412
vt 0.188838 0.685660
vt 0.187553 0.635412
vt 0.187553 0.685660
vn -0.0000 0.1021 -0.9948
vn 0.0000 0.0000 1.0000
vn -0.0000 -0.0000 -1.0000
vn 0.0000 -1.0000 -0.0000
vn 0.0000 0.1021 0.9948
vn 0.0000 0.0166 0.9999
vn 0.0000 0.0069 1.0000
vn 0.0000 0.0775 0.9970
vn -0.0000 0.0165 -0.9999
vn -0.0000 0.0316 -0.9995
vn -0.0000 0.0437 -0.9990
vn -0.0000 0.0546 -0.9985
vn -0.0000 0.0654 -0.9979
vn -0.0000 0.0775 -0.9970
vn -0.0000 0.0925 -0.9957
vn 0.0000 0.0654 0.9979
vn 0.0000 0.0316 0.9995
vn 0.0000 0.0437 0.9990
vn 0.0000 0.0546 0.9985
vn 0.0000 0.0925 0.9957
vn -0.0000 0.0069 -1.0000
vn 1.0000 0.0000 0.0000
vn -1.0000 0.0000 0.0000
vn 0.0028 0.0062 1.0000
vn 0.0000 1.0000 0.0000
vn 0.0028 0.0062 -1.0000
vn -0.0028 0.0062 -1.0000
vn -0.0028 0.0062 1.0000
vn 0.0000 1.0000 0.0019
vn 0.0000 1.0000 -0.0019
usemtl 1
s off
f 2885/7112/163 2917/7113/163 2894/7114/163 2881/7115/163
f 2952/7116/164 2954/7117/164 3023/7118/164 3022/7119/164
f 2889/7120/165 2927/7121/165 3047/7122/165 3041/7123/165
f 2955/7124/165 2953/7125/165 3037/7126/165 3038/7127/165
f 2891/7128/166 2925/7129/166 2885/7130/166 2881/7131/166
f 2930/7132/164 2928/7133/164 3044/7134/164 2997/7135/164
f 2883/7136/167 2901/7137/167 2909/7138/167 2887/7139/167
f 2916/7140/168 2910/7141/168 2979/7142/168 2996/7143/168
f 2902/7144/169 2884/7145/169 2888/7146/169 2910/7147/169
f 2904/7148/170 2903/7149/170 3017/7150/170 3016/7151/170
f 2918/7152/171 2893/7153/171 2895/7154/171 2924/7155/171
f 2924/7155/172 2895/7154/172 2896/7156/172 2923/7157/172
f 2923/7157/173 2896/7156/173 2897/7158/173 2922/7159/173
f 2922/7160/174 2897/7161/174 2898/7162/174 2921/7163/174
f 2921/7163/175 2898/7162/175 2899/7164/175 2920/7165/175
f 2920/7165/176 2899/7164/176 2900/7166/176 2919/7167/176
f 2919/7168/177 2900/7169/177 2894/7114/177 2917/7113/177
f 2954/7117/164 2956/7170/164 3024/7171/164 3023/7118/164
f 2883/7172/166 2892/7173/166 2977/7174/166 2976/7175/166
f 2927/7121/165 2929/7176/165 2980/7177/165 3047/7122/165
f 2957/7178/165 2955/7124/165 3038/7127/165 3039/7179/165
f 2946/7180/165 2889/7120/165 3041/7123/165 3019/7181/165
f 2894/7182/177 2900/7183/177 2993/7184/177 2995/7185/177
f 2905/7186/178 2904/7148/178 3016/7151/178 3015/7187/178
f 2902/7144/168 2910/7147/168 2916/7188/168 2908/7189/168
f 2908/7189/179 2916/7188/179 2915/7190/179 2907/7191/179
f 2907/7191/180 2915/7190/180 2914/7192/180 2906/7193/180
f 2906/7194/181 2914/7195/181 2913/7196/181 2905/7186/181
f 2905/7186/178 2913/7196/178 2912/7197/178 2904/7148/178
f 2904/7148/170 2912/7197/170 2911/7198/170 2903/7149/170
f 2903/7199/182 2911/7200/182 2909/7138/182 2901/7137/182
f 2956/7170/164 2958/7201/164 3025/7202/164 3024/7171/164
f 2890/7203/164 2945/7204/164 3033/7205/164 3048/7206/164
f 2919/7207/177 2917/7208/177 2994/7209/177 2992/7210/177
f 2959/7211/165 2957/7212/165 3039/7213/165 3040/7214/165
f 2931/7215/164 2930/7132/164 2997/7135/164 2974/7216/164
f 2906/7194/181 2905/7186/181 3015/7187/181 3014/7217/181
f 2958/7218/164 2960/7219/164 3026/7220/164 3025/7221/164
f 2918/7222/183 2886/7223/183 2882/7224/183 2893/7225/183
f 2958/7226/184 2957/7227/184 2959/7228/184 2960/7229/184
f 2882/7230/165 2886/7231/165 3045/7232/165 3046/7233/165
f 2956/7234/184 2955/7235/184 2957/7227/184 2958/7226/184
f 2929/7176/165 2932/7236/165 2998/7237/165 2980/7177/165
f 2954/7238/184 2953/7239/184 2955/7235/184 2956/7234/184
f 2900/7240/176 2899/7241/176 2991/7242/176 2993/7243/176
f 2952/7244/184 2951/7245/184 2953/7246/184 2954/7247/184
f 2933/7248/164 2931/7215/164 2974/7216/164 3027/7249/164
f 2950/7250/184 2949/7251/184 2951/7245/184 2952/7244/184
f 2920/7252/176 2919/7253/176 2992/7254/176 2990/7255/176
f 2948/7256/184 2947/7257/184 2949/7251/184 2950/7250/184
f 2907/7191/180 2906/7193/180 3014/7258/180 3013/7259/180
f 2945/7260/184 2946/7261/184 2947/7257/184 2948/7256/184
f 2932/7236/165 2934/7262/165 3000/7263/165 2998/7237/165
f 2942/7264/185 2941/7265/185 2943/7266/185 2944/7267/185
f 2910/7141/186 2888/7268/186 3043/7269/186 2979/7142/186
f 2940/7270/185 2939/7271/185 2941/7265/185 2942/7264/185
f 2935/7272/164 2933/7248/164 3027/7249/164 3028/7273/164
f 2938/7274/185 2937/7275/185 2939/7271/185 2940/7270/185
f 2899/7241/175 2898/7276/175 2989/7277/175 2991/7242/175
f 2936/7278/185 2935/7279/185 2937/7280/185 2938/7281/185
f 2908/7189/179 2907/7191/179 3013/7259/179 3011/7282/179
f 2934/7283/185 2933/7284/185 2935/7279/185 2936/7278/185
f 2887/7139/167 2909/7138/167 3009/7285/167 2969/7286/167
f 2932/7287/185 2931/7288/185 2933/7284/185 2934/7283/185
f 2926/7289/166 2887/7290/166 2969/7291/166 2968/7292/166
f 2929/7293/185 2930/7294/185 2931/7288/185 2932/7287/185
f 2934/7262/165 2936/7295/165 3002/7296/165 3000/7263/165
f 2945/7260/184 2890/7297/184 2889/7298/184 2946/7261/184
f 2921/7299/175 2920/7252/175 2990/7255/175 2988/7300/175
f 2929/7293/185 2927/7301/185 2928/7302/185 2930/7294/185
f 2917/7208/163 2885/7303/163 2966/7304/163 2994/7209/163
f 2927/7301/187 2889/7298/187 2890/7305/187 2928/7306/187
f 2883/7172/166 2887/7290/166 2926/7289/166 2892/7173/166
f 2892/7307/166 2926/7308/166 2925/7309/166 2891/7310/166
f 2885/7130/166 2925/7129/166 2967/7311/166 2966/7312/166
f 2891/7310/184 2960/7229/184 2959/7228/184 2892/7307/184
f 2937/7313/164 2935/7314/164 3028/7315/164 3029/7316/164
f 2926/7308/185 2944/7267/185 2943/7266/185 2925/7309/185
f 2967/7311/185 3032/7317/185 2994/7318/185 2966/7312/185
f 2993/7319/184 3025/7320/184 3026/7321/184 2995/7322/184
f 2977/7174/184 3040/7323/184 3018/7324/184 2976/7175/184
f 2975/7325/184 2965/7326/184 3051/7327/184 3055/7328/184
f 2997/7329/185 3044/7330/185 3045/7331/185 2981/7332/185
f 3019/7333/184 3041/7334/184 3042/7335/184 3012/7336/184
f 2997/7329/185 2981/7332/185 2973/7337/185 2974/7338/185
f 2974/7338/185 2973/7337/185 2984/7339/185 3027/7340/185
f 3027/7340/185 2984/7339/185 2986/7341/185 3028/7342/185
f 3028/7342/185 2986/7341/185 2988/7343/185 3029/7344/185
f 3029/7344/185 2988/7343/185 2990/7345/185 3030/7346/185
f 3030/7346/185 2990/7345/185 2992/7347/185 3031/7348/185
f 3031/7348/185 2992/7347/185 2994/7318/185 3032/7317/185
f 3019/7333/184 3012/7336/184 3011/7349/184 3034/7350/184
f 3034/7350/184 3011/7349/184 3013/7351/184 3035/7352/184
f 3035/7352/184 3013/7351/184 3014/7353/184 3036/7354/184
f 3036/7354/184 3014/7353/184 3015/7355/184 3037/7356/184
f 3037/7356/184 3015/7355/184 3016/7357/184 3038/7358/184
f 3038/7358/184 3016/7357/184 3017/7359/184 3039/7360/184
f 3039/7360/184 3017/7359/184 3018/7324/184 3040/7323/184
f 2991/7361/184 3024/7362/184 3025/7320/184 2993/7319/184
f 2989/7363/184 3023/7364/184 3024/7362/184 2991/7361/184
f 2987/7365/184 3022/7366/184 3023/7364/184 2989/7363/184
f 2985/7367/184 3021/7368/184 3022/7366/184 2987/7365/184
f 2983/7369/184 3020/7370/184 3021/7368/184 2985/7367/184
f 2982/7371/184 3033/7372/184 3020/7370/184 2983/7369/184
f 3007/7373/185 3008/7374/185 3010/7375/185 3009/7376/185
f 3005/7377/185 3006/7378/185 3008/7374/185 3007/7373/185
f 3003/7379/185 3004/7380/185 3006/7378/185 3005/7377/185
f 3001/7381/185 3002/7382/185 3004/7380/185 3003/7379/185
f 2999/7383/185 3000/7384/185 3002/7382/185 3001/7381/185
f 2996/7385/185 2998/7386/185 3000/7384/185 2999/7383/185
f 2979/7387/185 2980/7388/185 2998/7386/185 2996/7385/185
f 2982/7371/184 3046/7389/184 3048/7390/184 3033/7372/184
f 2979/7387/185 3043/7391/185 3047/7392/185 2980/7388/185
f 2963/7393/164 2975/7394/164 3055/7395/164 3049/7396/164
f 2962/7397/184 2995/7322/184 3026/7321/184 2961/7398/184
f 2969/7291/185 3009/7376/185 3010/7375/185 2968/7292/185
f 2903/7399/182 2901/7400/182 3018/7401/182 3017/7402/182
f 2928/7133/164 2890/7403/164 3048/7206/164 3044/7134/164
f 2953/7125/165 2951/7404/165 3036/7405/165 3037/7126/165
f 2915/7406/179 2916/7140/179 2996/7143/179 2999/7407/179
f 2950/7408/164 2952/7409/164 3022/7410/164 3021/7411/164
f 2918/7222/171 2924/7412/171 2973/7413/171 2981/7414/171
f 2951/7415/165 2949/7416/165 3035/7417/165 3036/7418/165
f 2914/7419/180 2915/7406/180 2999/7407/180 3001/7420/180
f 2960/7219/164 2891/7421/164 2961/7422/164 3026/7220/164
f 2948/7423/164 2950/7408/164 3021/7411/164 3020/7424/164
f 2892/7425/165 2959/7211/165 3040/7214/165 2977/7426/165
f 2895/7427/171 2893/7225/171 2982/7428/171 2983/7429/171
f 2949/7416/165 2947/7430/165 3034/7431/165 3035/7417/165
f 2913/7432/181 2914/7433/181 3001/7434/181 3003/7435/181
f 2944/7436/165 2926/7437/165 2968/7438/165 3010/7439/165
f 2945/7204/164 2948/7423/164 3020/7424/164 3033/7205/164
f 2925/7440/164 2943/7441/164 3032/7442/164 2967/7443/164
f 2924/7412/172 2923/7444/172 2984/7445/172 2973/7413/172
f 2947/7430/165 2946/7180/165 3019/7181/165 3034/7431/165
f 2912/7446/178 2913/7432/178 3003/7435/178 3005/7447/178
f 2896/7448/172 2895/7427/172 2983/7429/172 2985/7449/172
f 2942/7450/165 2944/7436/165 3010/7439/165 3008/7451/165
f 2943/7441/164 2941/7452/164 3031/7453/164 3032/7442/164
f 2891/7128/166 2881/7131/166 2962/7397/166 2961/7398/166
f 2911/7454/170 2912/7446/170 3005/7447/170 3007/7455/170
f 2923/7444/173 2922/7456/173 2986/7457/173 2984/7445/173
f 2940/7458/165 2942/7459/165 3008/7460/165 3006/7461/165
f 2886/7223/188 2918/7222/188 2981/7414/188 3045/7462/188
f 2897/7463/173 2896/7448/173 2985/7449/173 2987/7464/173
f 2941/7465/164 2939/7466/164 3030/7467/164 3031/7468/164
f 2893/7225/189 2882/7224/189 3046/7469/189 2982/7428/189
f 2909/7138/182 2911/7200/182 3007/7470/182 3009/7285/182
f 2938/7471/165 2940/7458/165 3006/7461/165 3004/7472/165
f 2881/7473/163 2894/7182/163 2995/7185/163 2962/7474/163
f 2922/7475/174 2921/7299/174 2988/7300/174 2986/7476/174
f 2939/7466/164 2937/7313/164 3029/7316/164 3030/7467/164
f 2901/7400/167 2883/7477/167 2976/7478/167 3018/7401/167
f 2902/7144/168 2908/7189/168 3011/7282/168 3012/7479/168
f 2898/7276/174 2897/7480/174 2987/7481/174 2989/7277/174
f 2936/7482/165 2938/7471/165 3004/7472/165 3002/7483/165
f 2888/7268/164 2884/7145/164 3042/7484/164 3043/7269/164
f 2884/7145/190 2902/7144/190 3012/7479/190 3042/7484/190
f 2963/7485/191 2964/7486/191 3042/7487/191 3041/7488/191
f 2964/7486/191 2965/7489/191 3043/7490/191 3042/7487/191
f 2970/7491/192 2971/7492/192 3045/7493/192 3044/7494/192
f 2971/7492/192 2972/7495/192 3046/7496/192 3045/7493/192
f 2965/7489/191 2975/7497/191 3047/7498/191 3043/7490/191
f 2972/7495/192 2978/7499/192 3048/7500/192 3046/7496/192
f 2975/7497/191 2963/7485/191 3041/7488/191 3047/7498/191
f 2978/7499/192 2970/7491/192 3044/7494/192 3048/7500/192
f 3052/7501/192 3056/7502/192 3054/7503/192 3053/7504/192
f 3051/7505/191 3050/7506/191 3049/7507/191 3055/7508/191
f 2971/7509/184 2970/7510/184 3052/7511/184 3053/7512/184
f 2964/7513/185 2963/7514/185 3049/7515/185 3050/7516/185
f 2970/7517/165 2978/7518/165 3056/7519/165 3052/7520/165
f 2978/7521/185 2972/7522/185 3054/7523/185 3056/7524/185
f 2972/7525/164 2971/7526/164 3053/7527/164 3054/7528/164
f 2965/7529/165 2964/7530/165 3050/7531/165 3051/7532/165
f 3057/7533/185 3058/7534/185 3060/7535/185 3059/7536/185
f 3059/7536/165 3060/7535/165 3064/7537/165 3063/7538/165
f 3063/7538/184 3064/7537/184 3062/7539/184 3061/7540/184
f 3061/7540/164 3062/7539/164 3058/7534/164 3057/7533/164
f 3059/7536/166 3063/7538/166 3061/7540/166 3057/7533/166
f 3064/7537/187 3060/7535/187 3058/7534/187 3062/7539/187
f 3065/7541/185 3066/7542/185 3068/7543/185 3067/7544/185
f 3067/7544/165 3068/7543/165 3072/7545/165 3071/7546/165
f 3071/7546/184 3072/7545/184 3070/7547/184 3069/7548/184
f 3069/7548/164 3070/7547/164 3066/7542/164 3065/7541/164
f 3067/7544/166 3071/7546/166 3069/7548/166 3065/7541/166
f 3072/7545/187 3068/7543/187 3066/7542/187 3070/7547/187
f 3073/7549/185 3074/7550/185 3076/7551/185 3075/7552/185
f 3075/7552/165 3076/7551/165 3080/7553/165 3079/7554/165
f 3079/7554/184 3080/7553/184 3078/7555/184 3077/7556/184
f 3077/7556/164 3078/7555/164 3074/7550/164 3073/7549/164
f 3075/7552/166 3079/7554/166 3077/7556/166 3073/7549/166
f 3080/7553/187 3076/7551/187 3074/7550/187 3078/7555/187
f 3081/7557/185 3082/7558/185 3084/7559/185 3083/7560/185
f 3083/7560/165 3084/7559/165 3088/7561/165 3087/7562/165
f 3087/7562/184 3088/7561/184 3086/7563/184 3085/7564/184
f 3085/7564/164 3086/7563/164 3082/7558/164 3081/7557/164
f 3083/7560/166 3087/7562/166 3085/7564/166 3081/7557/166
f 3088/7561/187 3084/7559/187 3082/7558/187 3086/7563/187
f 3089/7565/185 3090/7566/185 3092/7567/185 3091/7568/185
f 3091/7568/165 3092/7567/165 3096/7569/165 3095/7570/165
f 3095/7570/184 3096/7569/184 3094/7571/184 3093/7572/184
f 3093/7572/164 3094/7571/164 3090/7566/164 3089/7565/164
f 3091/7568/166 3095/7570/166 3093/7572/166 3089/7565/166
f 3096/7569/187 3092/7567/187 3090/7566/187 3094/7571/187
f 3097/7573/185 3098/7574/185 3100/7575/185 3099/7576/185
f 3099/7576/165 3100/7575/165 3104/7577/165 3103/7578/165
f 3103/7578/184 3104/7577/184 3102/7579/184 3101/7580/184
f 3101/7580/164 3102/7579/164 3098/7574/164 3097/7573/164
f 3099/7576/166 3103/7578/166 3101/7580/166 3097/7573/166
f 3104/7577/187 3100/7575/187 3098/7574/187 3102/7579/187
f 3105/7581/185 3106/7582/185 3108/7583/185 3107/7584/185
f 3107/7584/165 3108/7583/165 3112/7585/165 3111/7586/165
f 3111/7586/184 3112/7585/184 3110/7587/184 3109/7588/184
f 3109/7588/164 3110/7587/164 3106/7582/164 3105/7581/164
f 3107/7584/166 3111/7586/166 3109/7588/166 3105/7581/166
f 3112/7585/187 3108/7583/187 3106/7582/187 3110/7587/187
f 3113/7589/185 3114/7590/185 3116/7591/185 3115/7592/185
f 3115/7592/165 3116/7591/165 3120/7593/165 3119/7594/165
f 3119/7594/184 3120/7593/184 3118/7595/184 3117/7596/184
f 3117/7596/164 3118/7595/164 3114/7590/164 3113/7589/164
f 3115/7592/166 3119/7594/166 3117/7596/166 3113/7589/166
f 3120/7593/187 3116/7591/187 3114/7590/187 3118/7595/187
o 立方体.013_立方体.008
v 1.421295 -0.000248 0.336338
v 1.426564 0.381322 0.336338
v 1.421295 -0.000248 0.236176
v 1.426564 0.381322 0.241445
v 1.660749 -0.000248 0.336338
v 1.655480 0.381322 0.336338
v 1.660749 -0.000248 0.236176
v 1.655480 0.381322 0.241445
v 1.571734 -0.000248 0.236176
v 1.510309 -0.000248 0.236176
v 1.510309 0.381322 0.241445
v 1.571734 0.381322 0.241445
v 1.510309 -0.000248 0.336338
v 1.571734 -0.000248 0.336338
v 1.577003 0.381322 0.331069
v 1.505040 0.381322 0.331069
v 1.421295 -0.000248 0.385805
v 1.426564 0.381322 0.380536
v 1.655480 0.381322 0.380536
v 1.660749 -0.000248 0.385805
v 1.571734 -0.000248 0.385805
v 1.505040 0.381322 0.380536
v 1.510309 -0.000248 0.385805
v 1.577003 0.381322 0.380536
v 1.421295 0.381322 0.336338
v 1.421295 0.381322 0.236176
v 1.571734 0.381322 0.236176
v 1.660749 0.381322 0.236176
v 1.660749 0.381322 0.336338
v 1.510309 0.381322 0.236176
v 1.571734 0.381322 0.336338
v 1.510309 0.381322 0.336338
v 1.510309 0.381322 0.385805
v 1.421295 0.381322 0.385805
v 1.660749 0.381322 0.385805
v 1.571734 0.381322 0.385805
v 1.426564 0.374823 0.336338
v 1.426564 0.374823 0.241445
v 1.655480 0.374823 0.336338
v 1.655480 0.374823 0.241445
v 1.510309 0.374823 0.241445
v 1.571734 0.374823 0.241445
v 1.577003 0.374823 0.331069
v 1.505040 0.374823 0.331069
v 1.426564 0.374823 0.380536
v 1.655480 0.374823 0.380536
v 1.505040 0.374823 0.380536
v 1.577003 0.374823 0.380536
v 1.421295 0.347490 0.336338
v 1.421295 0.347490 0.236176
v 1.660749 0.347490 0.236176
v 1.660749 0.347490 0.336338
v 1.571734 0.347490 0.336338
v 1.510309 0.347490 0.336338
v 1.510309 0.347490 0.236176
v 1.571734 0.347490 0.236176
v 1.421295 0.347490 0.385805
v 1.660749 0.347490 0.385805
v 1.571734 0.347490 0.385805
v 1.510309 0.347490 0.385805
v 1.438374 0.364215 0.318893
v 1.448562 0.384330 0.308706
v 1.438374 0.364215 0.254674
v 1.448562 0.384330 0.264861
v 1.502594 0.364215 0.318893
v 1.492406 0.384330 0.308706
v 1.502594 0.364215 0.254674
v 1.492406 0.384330 0.264861
v 1.518259 0.371843 0.319861
v 1.528446 0.391958 0.309673
v 1.518259 0.371843 0.255641
v 1.528446 0.391958 0.265829
v 1.628659 0.371843 0.319861
v 1.618472 0.391958 0.309673
v 1.628659 0.371843 0.255641
v 1.618472 0.391958 0.265829
v 1.438374 0.384330 0.318893
v 1.438374 0.384330 0.254674
v 1.502594 0.384330 0.254674
v 1.502594 0.384330 0.318893
v 1.518259 0.391958 0.319861
v 1.518259 0.391958 0.255641
v 1.628659 0.391958 0.255641
v 1.628659 0.391958 0.319861
v 1.448562 0.391159 0.308706
v 1.448562 0.391159 0.264861
v 1.492406 0.391159 0.264861
v 1.492406 0.391159 0.308706
v 1.528446 0.398787 0.309673
v 1.528446 0.398787 0.265829
v 1.618472 0.398787 0.265829
v 1.618472 0.398787 0.309673
v 1.471256 0.394178 0.334933
v 1.471256 0.373083 0.334933
v 1.501693 0.394178 0.334933
v 1.501693 0.373083 0.334933
v 1.471256 0.394178 0.371949
v 1.471256 0.373083 0.371949
v 1.501693 0.394178 0.371949
v 1.501693 0.373083 0.371949
v 1.609191 0.373083 0.357592
v 1.609191 0.394178 0.357592
v 1.609191 0.373083 0.333268
v 1.609191 0.394178 0.333268
v 1.646206 0.373083 0.357592
v 1.646206 0.394178 0.357592
v 1.646206 0.373083 0.333268
v 1.646206 0.394178 0.333268
v 1.612897 0.394178 0.355156
v 1.612897 0.394178 0.335703
v 1.642501 0.394178 0.335703
v 1.642501 0.394178 0.355156
v 1.612897 0.396676 0.355156
v 1.612897 0.396676 0.335703
v 1.642501 0.396676 0.335703
v 1.642501 0.396676 0.355156
v 1.464941 0.373083 0.371949
v 1.464941 0.394178 0.371949
v 1.434505 0.373083 0.371949
v 1.434505 0.394178 0.371949
v 1.464941 0.373083 0.334933
v 1.464941 0.394178 0.334933
v 1.434505 0.373083 0.334933
v 1.434505 0.394178 0.334933
v 1.461894 0.394178 0.368243
v 1.437552 0.394178 0.368243
v 1.437552 0.394178 0.338639
v 1.461894 0.394178 0.338639
v 1.461894 0.396676 0.368243
v 1.437552 0.396676 0.368243
v 1.437552 0.396676 0.338639
v 1.461894 0.396676 0.338639
v 1.498646 0.394178 0.368243
v 1.474303 0.394178 0.368243
v 1.474303 0.394178 0.338639
v 1.498646 0.394178 0.338639
v 1.498646 0.396676 0.368243
v 1.474303 0.396676 0.368243
v 1.474303 0.396676 0.338639
v 1.498646 0.396676 0.338639
vt 0.209717 0.551250
vt 0.209717 0.560622
vt 0.269637 0.560622
vt 0.269637 0.551250
vt 0.226469 0.551250
vt 0.226469 0.560622
vt 0.269464 0.560622
vt 0.269550 0.551250
vt 0.269637 0.560622
vt 0.209717 0.560622
vt 0.209717 0.551250
vt 0.228780 0.508801
vt 0.273716 0.508801
vt 0.273716 0.445146
vt 0.228780 0.445146
vt 0.152836 0.508801
vt 0.197772 0.508801
vt 0.197772 0.445146
vt 0.152836 0.445146
vt 0.180125 0.560622
vt 0.180125 0.551250
vt 0.226469 0.551250
vt 0.226469 0.560622
vt 0.196800 0.560622
vt 0.196800 0.551250
vt 0.153804 0.551250
vt 0.153804 0.560622
vt 0.196800 0.560622
vt 0.196800 0.551250
vt 0.238266 0.551250
vt 0.238266 0.560622
vt 0.181286 0.560622
vt 0.180706 0.551250
vt 0.269056 0.551250
vt 0.269056 0.560622
vt 0.211893 0.560622
vt 0.211893 0.551250
vt 0.197772 0.413709
vt 0.152836 0.413709
vt 0.202757 0.551250
vt 0.202757 0.560622
vt 0.178864 0.560622
vt 0.178864 0.551250
vt 0.209717 0.281330
vt 0.180125 0.281330
vt 0.273716 0.413709
vt 0.228780 0.413709
vt 0.202757 0.551250
vt 0.202757 0.281330
vt 0.178864 0.281330
vt 0.178864 0.551250
vt 0.437506 0.133963
vt 0.437506 0.112046
vt 0.437506 0.112046
vt 0.437506 0.133963
vt 0.369402 0.131629
vt 0.369402 0.173673
vt 0.367017 0.176008
vt 0.367017 0.131629
vt 0.435121 0.173673
vt 0.473033 0.173673
vt 0.475418 0.176008
vt 0.435121 0.176008
vt 0.473033 0.131629
vt 0.475418 0.131629
vt 0.407314 0.173673
vt 0.407314 0.176008
vt 0.404929 0.133963
vt 0.407314 0.131629
vt 0.435121 0.131629
vt 0.404929 0.112046
vt 0.369402 0.112046
vt 0.367017 0.109711
vt 0.407314 0.109711
vt 0.473033 0.112046
vt 0.435121 0.109711
vt 0.475418 0.109711
vt 0.369402 0.131629
vt 0.369402 0.112046
vt 0.404929 0.112046
vt 0.404929 0.133963
vt 0.473033 0.112046
vt 0.473033 0.131629
vt 0.473033 0.173673
vt 0.435121 0.173673
vt 0.407314 0.173673
vt 0.369402 0.173673
vt 0.202757 0.560622
vt 0.178864 0.560622
vt 0.180125 0.560622
vt 0.202757 0.281330
vt 0.178864 0.281330
vt 0.269056 0.281330
vt 0.211893 0.281330
vt 0.238266 0.281330
vt 0.181286 0.281330
vt 0.196800 0.281330
vt 0.226469 0.281330
vt 0.153804 0.281330
vt 0.226469 0.281330
vt 0.196800 0.281330
vt 0.209717 0.281330
vt 0.180125 0.281330
vt 0.269637 0.281330
vt 0.269464 0.281330
vt 0.269637 0.281330
vt 0.391102 0.175202
vt 0.401166 0.175202
vt 0.401166 0.110760
vt 0.391102 0.110760
vt 0.413001 0.175202
vt 0.423066 0.175202
vt 0.423066 0.110760
vt 0.413001 0.110760
vt 0.401202 0.110760
vt 0.411266 0.110760
vt 0.411266 0.175202
vt 0.401202 0.175202
vt 0.423101 0.110760
vt 0.433165 0.110760
vt 0.433165 0.175202
vt 0.423101 0.175202
vt 0.413262 0.168878
vt 0.413262 0.119578
vt 0.374102 0.119578
vt 0.374102 0.168878
vt 0.477506 0.167814
vt 0.477506 0.131985
vt 0.482292 0.131985
vt 0.482292 0.167814
vt 0.391102 0.175202
vt 0.401166 0.175202
vt 0.401166 0.110760
vt 0.391102 0.110760
vt 0.413001 0.175202
vt 0.423066 0.175202
vt 0.423066 0.110760
vt 0.413001 0.110760
vt 0.401202 0.110760
vt 0.411266 0.110760
vt 0.411266 0.175202
vt 0.401202 0.175202
vt 0.423101 0.110760
vt 0.433165 0.110760
vt 0.433165 0.175202
vt 0.423101 0.175202
vt 0.413262 0.168878
vt 0.413262 0.119578
vt 0.374102 0.119578
vt 0.374102 0.168878
vt 0.477506 0.131985
vt 0.477506 0.167814
vt 0.482292 0.167814
vt 0.482292 0.131985
vt 0.384576 0.165578
vt 0.459211 0.165578
vt 0.476552 0.175958
vt 0.367234 0.175958
vt 0.459211 0.120902
vt 0.476552 0.110522
vt 0.384576 0.120902
vt 0.367234 0.110522
vt 0.384576 0.165578
vt 0.459211 0.165578
vt 0.476552 0.175958
vt 0.367234 0.175958
vt 0.459211 0.120902
vt 0.476552 0.110522
vt 0.384576 0.120902
vt 0.367234 0.110522
vt 0.420638 0.050749
vt 0.420638 0.110681
vt 0.369938 0.110681
vt 0.369938 0.050749
vt 0.420638 0.177690
vt 0.420638 0.237622
vt 0.369938 0.237622
vt 0.369938 0.177690
vt 0.477506 0.228747
vt 0.477506 0.192918
vt 0.482292 0.192918
vt 0.482292 0.228747
vt 0.477506 0.192918
vt 0.477506 0.228747
vt 0.482292 0.228747
vt 0.482292 0.192918
vt 0.477506 0.162452
vt 0.477506 0.198281
vt 0.482292 0.198281
vt 0.482292 0.162452
vt 0.477506 0.198281
vt 0.477506 0.162452
vt 0.482292 0.162452
vt 0.482292 0.198281
vt 0.477506 0.198281
vt 0.477506 0.162452
vt 0.482292 0.162452
vt 0.482292 0.198281
vt 0.477506 0.162452
vt 0.477506 0.198281
vt 0.482292 0.198281
vt 0.482292 0.162452
vt 0.103240 0.236381
vt 0.076871 0.236381
vt 0.079511 0.231324
vt 0.100600 0.231324
vt 0.350195 0.198923
vt 0.274340 0.198923
vt 0.274340 0.249007
vt 0.350195 0.249007
vt 0.349162 0.054798
vt 0.349162 0.119990
vt 0.275717 0.119990
vt 0.275717 0.054798
vt 0.339062 0.078057
vt 0.339062 0.143249
vt 0.290799 0.143249
vt 0.290799 0.078057
vt 0.278208 0.078057
vt 0.278208 0.143249
vt 0.351653 0.143249
vt 0.351653 0.078057
vt 0.275853 0.054537
vt 0.275853 0.119729
vt 0.324116 0.119729
vt 0.324116 0.054537
vt 0.275853 0.054537
vt 0.275853 0.119729
vt 0.324116 0.119729
vt 0.324116 0.054537
vt 0.278208 0.078057
vt 0.278208 0.143249
vt 0.351653 0.143249
vt 0.351653 0.078057
vt 0.339062 0.078057
vt 0.339062 0.143249
vt 0.290799 0.143249
vt 0.290799 0.078057
vt 0.349162 0.054798
vt 0.349162 0.119990
vt 0.275717 0.119990
vt 0.275717 0.054798
vt 0.350195 0.198923
vt 0.274340 0.198923
vt 0.274340 0.249007
vt 0.350195 0.249007
vt 0.103240 0.236381
vt 0.076871 0.236381
vt 0.079511 0.231324
vt 0.100600 0.231324
vt 0.275717 0.119990
vt 0.349162 0.119990
vt 0.349162 0.119990
vt 0.275717 0.119990
vt 0.076871 0.185864
vt 0.079511 0.190921
vt 0.103240 0.185864
vt 0.100600 0.190921
vt 0.274340 0.198923
vt 0.350195 0.198923
vt 0.350195 0.249007
vt 0.274340 0.249007
vt 0.351653 0.143249
vt 0.278208 0.143249
vt 0.278208 0.143249
vt 0.351653 0.143249
vt 0.290799 0.143249
vt 0.339062 0.143249
vt 0.339062 0.143249
vt 0.290799 0.143249
vt 0.324116 0.119729
vt 0.275853 0.119729
vt 0.275853 0.119729
vt 0.324116 0.119729
vt 0.275853 0.054537
vt 0.275853 0.119729
vt 0.324116 0.119729
vt 0.324116 0.054537
vt 0.278208 0.078057
vt 0.278208 0.143249
vt 0.351653 0.143249
vt 0.351653 0.078057
vt 0.339062 0.078057
vt 0.339062 0.143249
vt 0.290799 0.143249
vt 0.290799 0.078057
vt 0.349162 0.054798
vt 0.349162 0.119990
vt 0.275717 0.119990
vt 0.275717 0.054798
vt 0.350195 0.198923
vt 0.274340 0.198923
vt 0.274340 0.249007
vt 0.350195 0.249007
vt 0.103240 0.236381
vt 0.076871 0.236381
vt 0.079511 0.231324
vt 0.100600 0.231324
vt 0.275717 0.119990
vt 0.349162 0.119990
vt 0.349162 0.119990
vt 0.275717 0.119990
vt 0.076871 0.185864
vt 0.079511 0.190921
vt 0.103240 0.185864
vt 0.100600 0.190921
vt 0.274340 0.198923
vt 0.350195 0.198923
vt 0.350195 0.249007
vt 0.274340 0.249007
vt 0.351653 0.143249
vt 0.278208 0.143249
vt 0.278208 0.143249
vt 0.351653 0.143249
vt 0.290799 0.143249
vt 0.339062 0.143249
vt 0.339062 0.143249
vt 0.290799 0.143249
vt 0.324116 0.119729
vt 0.275853 0.119729
vt 0.275853 0.119729
vt 0.324116 0.119729
vt 0.275717 0.119990
vt 0.349162 0.119990
vt 0.349162 0.119990
vt 0.275717 0.119990
vt 0.076871 0.185864
vt 0.079511 0.190921
vt 0.103240 0.185864
vt 0.100600 0.190921
vt 0.274340 0.198923
vt 0.350195 0.198923
vt 0.350195 0.249007
vt 0.274340 0.249007
vt 0.351653 0.143249
vt 0.278208 0.143249
vt 0.278208 0.143249
vt 0.351653 0.143249
vt 0.290799 0.143249
vt 0.339062 0.143249
vt 0.339062 0.143249
vt 0.290799 0.143249
vt 0.324116 0.119729
vt 0.275853 0.119729
vt 0.275853 0.119729
vt 0.324116 0.119729
vn -1.0000 0.0000 0.0000
vn 0.0000 0.0000 -1.0000
vn 1.0000 0.0000 0.0000
vn 0.0000 -1.0000 0.0000
vn 0.0000 0.0000 1.0000
vn 0.0000 1.0000 0.0000
usemtl 1
s off
f 3169/7597/193 3145/7598/193 3146/7599/193 3170/7600/193
f 3176/7601/194 3147/7602/194 3148/7603/194 3171/7604/194
f 3171/7604/195 3148/7605/195 3149/7606/195 3172/7607/195
f 3129/7608/196 3127/7609/196 3125/7610/196 3134/7611/196
f 3123/7612/196 3130/7613/196 3133/7614/196 3121/7615/196
f 3130/7613/196 3129/7608/196 3134/7611/196 3133/7614/196
f 3172/7607/195 3149/7606/195 3155/7616/195 3178/7617/195
f 3173/7618/197 3151/7619/197 3152/7620/197 3174/7621/197
f 3170/7622/194 3146/7623/194 3150/7624/194 3175/7625/194
f 3175/7625/194 3150/7624/194 3147/7602/194 3176/7601/194
f 3180/7626/197 3153/7627/197 3154/7628/197 3177/7629/197
f 3178/7630/197 3155/7631/197 3156/7632/197 3179/7633/197
f 3121/7615/196 3133/7614/196 3143/7634/196 3137/7635/196
f 3174/7636/195 3152/7637/195 3153/7638/195 3180/7639/195
f 3169/7597/193 3121/7640/193 3137/7641/193 3177/7629/193
f 3134/7611/196 3125/7610/196 3140/7642/196 3141/7643/196
f 3173/7644/193 3134/7645/193 3141/7646/193 3179/7647/193
f 3135/7648/195 3144/7649/195 3168/7650/195 3163/7651/195
f 3122/7652/198 3124/7653/198 3146/7654/198 3145/7655/198
f 3132/7656/198 3128/7657/198 3148/7658/198 3147/7659/198
f 3128/7657/198 3126/7660/198 3149/7661/198 3148/7658/198
f 3124/7653/198 3131/7662/198 3150/7663/198 3146/7654/198
f 3131/7662/198 3132/7656/198 3147/7659/198 3150/7663/198
f 3135/7648/198 3136/7664/198 3152/7665/198 3151/7666/198
f 3142/7667/198 3138/7668/198 3154/7669/198 3153/7670/198
f 3139/7671/198 3144/7649/198 3156/7672/198 3155/7673/198
f 3126/7660/198 3139/7671/198 3155/7673/198 3149/7661/198
f 3144/7649/198 3135/7648/198 3151/7666/198 3156/7672/198
f 3136/7664/198 3142/7667/198 3153/7670/198 3152/7665/198
f 3138/7668/198 3122/7652/198 3145/7655/198 3154/7669/198
f 3157/7674/198 3165/7675/198 3167/7676/198 3164/7677/198 3163/7651/198 3168/7650/198 3166/7678/198 3159/7679/198 3160/7680/198 3162/7681/198 3161/7682/198 3158/7683/198
f 3138/7668/194 3142/7667/194 3167/7676/194 3165/7675/194
f 3131/7662/197 3124/7653/197 3158/7683/197 3161/7682/197
f 3142/7667/193 3136/7664/193 3164/7677/193 3167/7676/193
f 3124/7653/195 3122/7652/195 3157/7674/195 3158/7683/195
f 3144/7649/194 3139/7671/194 3166/7678/194 3168/7650/194
f 3132/7656/197 3131/7662/197 3161/7682/197 3162/7681/197
f 3122/7652/195 3138/7668/195 3165/7675/195 3157/7674/195
f 3128/7657/197 3132/7656/197 3162/7681/197 3160/7680/197
f 3139/7671/193 3126/7660/193 3159/7679/193 3166/7678/193
f 3136/7664/194 3135/7648/194 3163/7651/194 3164/7677/194
f 3126/7660/193 3128/7657/193 3160/7680/193 3159/7679/193
f 3151/7684/193 3173/7644/193 3179/7647/193 3156/7685/193
f 3145/7598/193 3169/7597/193 3177/7629/193 3154/7686/193
f 3133/7687/195 3174/7636/195 3180/7639/195 3143/7688/195
f 3140/7689/197 3178/7630/197 3179/7633/197 3141/7690/197
f 3143/7691/197 3180/7626/197 3177/7629/197 3137/7692/197
f 3130/7693/194 3175/7625/194 3176/7601/194 3129/7694/194
f 3123/7695/194 3170/7622/194 3175/7625/194 3130/7693/194
f 3134/7696/197 3173/7618/197 3174/7621/197 3133/7697/197
f 3125/7698/195 3172/7607/195 3178/7617/195 3140/7699/195
f 3127/7700/195 3171/7604/195 3172/7607/195 3125/7698/195
f 3129/7694/194 3176/7601/194 3171/7604/194 3127/7701/194
f 3121/7640/193 3169/7597/193 3170/7600/193 3123/7702/193
f 3181/7703/193 3197/7704/193 3198/7705/193 3183/7706/193
f 3183/7707/194 3198/7708/194 3199/7709/194 3187/7710/194
f 3187/7711/195 3199/7712/195 3200/7713/195 3185/7714/195
f 3185/7715/197 3200/7716/197 3197/7717/197 3181/7718/197
f 3183/7719/196 3187/7720/196 3185/7721/196 3181/7722/196
f 3196/7723/194 3192/7724/194 3210/7725/194 3211/7726/194
f 3189/7727/193 3201/7728/193 3202/7729/193 3191/7730/193
f 3191/7731/194 3202/7732/194 3203/7733/194 3195/7734/194
f 3195/7735/195 3203/7736/195 3204/7737/195 3193/7738/195
f 3193/7739/197 3204/7740/197 3201/7741/197 3189/7742/197
f 3191/7743/196 3195/7744/196 3193/7745/196 3189/7746/196
f 3190/7747/197 3194/7748/197 3212/7749/197 3209/7750/197
f 3182/7751/198 3184/7752/198 3198/7753/198 3197/7754/198
f 3184/7752/198 3188/7755/198 3199/7756/198 3198/7753/198
f 3188/7755/198 3186/7757/198 3200/7758/198 3199/7756/198
f 3186/7757/198 3182/7751/198 3197/7754/198 3200/7758/198
f 3190/7759/198 3192/7760/198 3202/7761/198 3201/7762/198
f 3192/7760/198 3196/7763/198 3203/7764/198 3202/7761/198
f 3196/7763/198 3194/7765/198 3204/7766/198 3203/7764/198
f 3194/7765/198 3190/7759/198 3201/7762/198 3204/7766/198
f 3207/7767/198 3206/7768/198 3205/7769/198 3208/7770/198
f 3211/7771/198 3210/7772/198 3209/7773/198 3212/7774/198
f 3182/7775/197 3186/7776/197 3208/7777/197 3205/7778/197
f 3188/7779/194 3184/7780/194 3206/7781/194 3207/7782/194
f 3194/7783/195 3196/7784/195 3211/7785/195 3212/7786/195
f 3192/7787/193 3190/7788/193 3209/7789/193 3210/7790/193
f 3186/7791/195 3188/7792/195 3207/7793/195 3208/7794/195
f 3184/7795/193 3182/7796/193 3205/7797/193 3206/7798/193
f 3217/7799/198 3219/7800/198 3253/7801/198 3254/7802/198
f 3218/7803/196 3214/7804/196 3216/7805/196 3220/7806/196
f 3216/7807/195 3215/7808/195 3219/7809/195 3220/7810/195
f 3214/7811/194 3213/7812/194 3215/7813/194 3216/7814/194
f 3218/7815/193 3217/7816/193 3213/7817/193 3214/7818/193
f 3220/7819/197 3219/7820/197 3217/7821/197 3218/7822/197
f 3221/7823/193 3222/7824/193 3224/7825/193 3223/7826/193
f 3223/7827/194 3224/7828/194 3228/7829/194 3227/7830/194
f 3227/7831/195 3228/7832/195 3226/7833/195 3225/7834/195
f 3225/7835/197 3226/7836/197 3222/7837/197 3221/7838/197
f 3223/7839/196 3227/7840/196 3225/7841/196 3221/7842/196
f 3224/7843/198 3222/7844/198 3229/7845/198 3230/7846/198
f 3229/7847/197 3232/7848/197 3236/7849/197 3233/7850/197
f 3222/7844/198 3226/7851/198 3232/7852/198 3229/7845/198
f 3228/7853/198 3224/7843/198 3230/7846/198 3231/7854/198
f 3226/7851/198 3228/7853/198 3231/7854/198 3232/7852/198
f 3235/7855/198 3234/7856/198 3233/7857/198 3236/7858/198
f 3231/7859/194 3230/7860/194 3234/7861/194 3235/7862/194
f 3232/7863/195 3231/7864/195 3235/7865/195 3236/7866/195
f 3230/7867/193 3229/7868/193 3233/7869/193 3234/7870/193
f 3237/7871/197 3238/7872/197 3240/7873/197 3239/7874/197
f 3239/7875/193 3240/7876/193 3244/7877/193 3243/7878/193
f 3243/7879/194 3244/7880/194 3242/7881/194 3241/7882/194
f 3241/7883/195 3242/7884/195 3238/7885/195 3237/7886/195
f 3239/7887/196 3243/7888/196 3241/7889/196 3237/7890/196
f 3240/7891/198 3238/7892/198 3245/7893/198 3246/7894/198
f 3245/7895/195 3248/7896/195 3252/7897/195 3249/7898/195
f 3238/7892/198 3242/7899/198 3248/7900/198 3245/7893/198
f 3244/7901/198 3240/7891/198 3246/7894/198 3247/7902/198
f 3242/7899/198 3244/7901/198 3247/7902/198 3248/7900/198
f 3251/7903/198 3250/7904/198 3249/7905/198 3252/7906/198
f 3247/7907/193 3246/7908/193 3250/7909/193 3251/7910/193
f 3248/7911/194 3247/7912/194 3251/7913/194 3252/7914/194
f 3246/7915/197 3245/7916/197 3249/7917/197 3250/7918/197
f 3253/7919/195 3256/7920/195 3260/7921/195 3257/7922/195
f 3219/7800/198 3215/7923/198 3256/7924/198 3253/7801/198
f 3213/7925/198 3217/7799/198 3254/7802/198 3255/7926/198
f 3215/7923/198 3213/7925/198 3255/7926/198 3256/7924/198
f 3259/7927/198 3258/7928/198 3257/7929/198 3260/7930/198
f 3255/7931/193 3254/7932/193 3258/7933/193 3259/7934/193
f 3256/7935/194 3255/7936/194 3259/7937/194 3260/7938/194
f 3254/7939/197 3253/7940/197 3257/7941/197 3258/7942/197
o 立方体.014_立方体.013
v -0.457907 -0.001473 1.449958
v -0.463903 0.386232 1.443962
v -0.649817 -0.001473 1.449958
v -0.643822 0.386232 1.443962
v -0.457907 -0.001473 1.258048
v -0.463903 0.386232 1.264043
v -0.649817 -0.001473 1.258048
v -0.643822 0.386232 1.264043
v -0.414460 -0.001473 1.521462
v -0.420456 0.439837 1.515466
v -0.606370 -0.001473 1.521462
v -0.600375 0.439837 1.515466
v -0.414460 -0.001473 1.423848
v -0.420456 0.439837 1.429843
v -0.606370 -0.001473 1.423848
v -0.600375 0.439837 1.429843
v -0.400121 0.059733 1.417652
v -0.580040 0.059733 1.417652
v -0.400121 0.059733 1.237733
v -0.580040 0.059733 1.237733
v -0.394125 -0.001283 1.423648
v -0.586035 -0.001283 1.423648
v -0.586035 -0.001283 1.231738
v -0.394125 -0.001283 1.231738
v -0.457907 0.386232 1.449958
v -0.649817 0.386232 1.449958
v -0.649817 0.386232 1.258048
v -0.457907 0.386232 1.258048
v -0.414460 0.439837 1.521462
v -0.606370 0.439837 1.521462
v -0.606370 0.439837 1.423848
v -0.414460 0.439837 1.423848
v -0.394125 0.059733 1.423648
v -0.586035 0.059733 1.423648
v -0.586035 0.059733 1.231738
v -0.394125 0.059733 1.231738
v -0.463903 0.376331 1.443962
v -0.643822 0.376331 1.443962
v -0.643822 0.376331 1.264043
v -0.463903 0.376331 1.264043
v -0.420456 0.429936 1.515466
v -0.600375 0.429936 1.515466
v -0.600375 0.429936 1.429843
v -0.420456 0.429936 1.429843
v -0.400121 0.055659 1.417652
v -0.580040 0.055659 1.417652
v -0.580040 0.055659 1.237733
v -0.400121 0.055659 1.237733
v -0.554597 0.414520 1.492652
v -0.540611 0.447996 1.486627
v -0.554597 0.414520 1.454672
v -0.540611 0.447996 1.460697
v -0.466433 0.414520 1.492652
v -0.480419 0.447996 1.486627
v -0.466433 0.414520 1.454672
v -0.480419 0.447996 1.460697
v -0.636976 0.375409 1.401000
v -0.630149 0.389962 1.386119
v -0.636976 0.375409 1.307193
v -0.630149 0.389962 1.322074
v -0.593938 0.375409 1.401000
v -0.600765 0.389962 1.386119
v -0.593938 0.375409 1.307193
v -0.600765 0.389962 1.322074
v -0.554597 0.447996 1.492652
v -0.554597 0.447996 1.454672
v -0.466433 0.447996 1.454672
v -0.466433 0.447996 1.492652
v -0.636976 0.389962 1.401000
v -0.636976 0.389962 1.307193
v -0.593938 0.389962 1.307193
v -0.593938 0.389962 1.401000
v -0.540611 0.452357 1.486627
v -0.540611 0.452357 1.460697
v -0.480419 0.452357 1.460697
v -0.480419 0.452357 1.486627
v -0.630149 0.394903 1.386119
v -0.630149 0.394903 1.322074
v -0.600765 0.394903 1.322074
v -0.600765 0.394903 1.386119
v -0.473756 0.409251 1.347624
v -0.473756 0.367769 1.347624
v -0.473756 0.409251 1.399774
v -0.473756 0.367769 1.399774
v -0.609083 0.409251 1.347624
v -0.609083 0.367769 1.347624
v -0.609083 0.409251 1.399774
v -0.609083 0.367769 1.399774
v -0.519876 0.400915 1.310076
v -0.541217 0.400915 1.310076
v -0.541217 0.400915 1.333003
v -0.519876 0.400915 1.333003
v -0.519876 0.398391 1.310076
v -0.541217 0.398391 1.310076
v -0.541217 0.398391 1.333003
v -0.519876 0.398391 1.333003
v -0.543888 0.398391 1.307206
v -0.543888 0.377067 1.307206
v -0.517205 0.398391 1.307206
v -0.517205 0.377067 1.307206
v -0.543888 0.398391 1.335873
v -0.543888 0.377067 1.335873
v -0.517205 0.398391 1.335873
v -0.517205 0.377067 1.335873
v -0.551137 0.377067 1.335873
v -0.551137 0.398391 1.335873
v -0.577820 0.377067 1.335873
v -0.577820 0.398391 1.335873
v -0.551137 0.377067 1.307206
v -0.551137 0.398391 1.307206
v -0.577820 0.377067 1.307206
v -0.577820 0.398391 1.307206
v -0.553808 0.398391 1.333003
v -0.575149 0.398391 1.333003
v -0.575149 0.398391 1.310076
v -0.553808 0.398391 1.310076
v -0.553808 0.400915 1.333003
v -0.575149 0.400915 1.333003
v -0.575149 0.400915 1.310076
v -0.553808 0.400915 1.310076
v -0.485944 0.400915 1.310076
v -0.507285 0.400915 1.310076
v -0.507285 0.400915 1.333003
v -0.485944 0.400915 1.333003
v -0.485944 0.398391 1.310076
v -0.507285 0.398391 1.310076
v -0.507285 0.398391 1.333003
v -0.485944 0.398391 1.333003
v -0.509956 0.398391 1.307206
v -0.509956 0.377067 1.307206
v -0.483273 0.398391 1.307206
v -0.483273 0.377067 1.307206
v -0.509956 0.398391 1.335873
v -0.509956 0.377067 1.335873
v -0.483273 0.398391 1.335873
v -0.483273 0.377067 1.335873
v -0.597046 0.429568 1.428503
v -0.597046 0.437031 1.428503
v -0.418567 0.429568 1.428503
v -0.418567 0.437031 1.428503
v -0.597046 0.429568 1.480375
v -0.597046 0.437031 1.480375
v -0.418567 0.429568 1.480375
v -0.418567 0.437031 1.480375
vt 0.410480 0.597404
vt 0.454874 0.597404
vt 0.454874 0.732898
vt 0.410480 0.732898
vt 0.410480 0.597404
vt 0.454874 0.597404
vt 0.454874 0.732898
vt 0.410480 0.732898
vt 0.410480 0.597404
vt 0.410480 0.732898
vt 0.454874 0.597404
vt 0.454874 0.732898
vt 0.125000 0.500000
vt 0.125000 0.750000
vt 0.375000 0.750000
vt 0.375000 0.500000
vt 0.171276 0.144061
vt 0.167877 0.144061
vt 0.167877 0.221812
vt 0.171276 0.221812
vt 0.359347 0.785897
vt 0.399737 0.785897
vt 0.399737 0.953445
vt 0.359347 0.953445
vt 0.316896 0.770882
vt 0.349672 0.770882
vt 0.349672 0.957427
vt 0.316896 0.957427
vt 0.399737 0.785897
vt 0.359347 0.785897
vt 0.359347 0.953445
vt 0.399737 0.953445
vt 0.349672 0.770882
vt 0.316896 0.770882
vt 0.316896 0.957427
vt 0.349672 0.957427
vt 0.125000 0.500000
vt 0.125000 0.750000
vt 0.375000 0.750000
vt 0.375000 0.500000
vt 0.188046 0.246467
vt 0.188046 0.177513
vt 0.188046 0.177513
vt 0.188046 0.246467
vt 0.173100 0.152254
vt 0.169701 0.152254
vt 0.169701 0.230006
vt 0.173100 0.230006
vt 0.625000 0.500000
vt 0.875000 0.500000
vt 0.875000 0.750000
vt 0.625000 0.750000
vt 0.406880 0.589556
vt 0.447843 0.589556
vt 0.447843 0.572834
vt 0.406880 0.572834
vt 0.447843 0.589556
vt 0.406880 0.589556
vt 0.406880 0.572834
vt 0.447843 0.572834
vt 0.447843 0.589556
vt 0.447843 0.572834
vt 0.406880 0.589556
vt 0.406880 0.572834
vt 0.188046 0.177513
vt 0.189496 0.175215
vt 0.143089 0.175215
vt 0.144538 0.177513
vt 0.143089 0.248764
vt 0.144538 0.246467
vt 0.189496 0.248764
vt 0.188046 0.246467
vt 0.188046 0.179733
vt 0.189496 0.175215
vt 0.143089 0.175215
vt 0.144538 0.179733
vt 0.143089 0.248764
vt 0.144538 0.244247
vt 0.189496 0.248764
vt 0.188046 0.244247
vt 0.144538 0.177513
vt 0.189496 0.175215
vt 0.143089 0.175215
vt 0.144538 0.246467
vt 0.143089 0.248764
vt 0.189496 0.248764
vt 0.144538 0.246467
vt 0.188046 0.246467
vt 0.188046 0.177513
vt 0.144538 0.177513
vt 0.144538 0.244247
vt 0.188046 0.244247
vt 0.188046 0.179733
vt 0.144538 0.179733
vt 0.144538 0.246467
vt 0.144538 0.177513
vt 0.173100 0.188879
vt 0.169701 0.188879
vt 0.169701 0.225881
vt 0.173100 0.225881
vt 0.171276 0.238062
vt 0.167877 0.238062
vt 0.167877 0.160310
vt 0.171276 0.160310
vt 0.173100 0.230006
vt 0.169701 0.230006
vt 0.169701 0.152254
vt 0.173100 0.152254
vt 0.171276 0.221812
vt 0.167877 0.221812
vt 0.167877 0.144061
vt 0.171276 0.144061
vt 0.171276 0.160310
vt 0.167877 0.160310
vt 0.167877 0.238062
vt 0.171276 0.238062
vt 0.173100 0.225881
vt 0.169701 0.225881
vt 0.169701 0.188879
vt 0.173100 0.188879
vt 0.391102 0.175202
vt 0.391102 0.110760
vt 0.401166 0.110760
vt 0.401166 0.175202
vt 0.413001 0.175202
vt 0.413001 0.110760
vt 0.423066 0.110760
vt 0.423066 0.175202
vt 0.401202 0.110760
vt 0.401202 0.175202
vt 0.411266 0.175202
vt 0.411266 0.110760
vt 0.423101 0.110760
vt 0.423101 0.175202
vt 0.433165 0.175202
vt 0.433165 0.110760
vt 0.413262 0.168878
vt 0.374102 0.168878
vt 0.374102 0.119578
vt 0.413262 0.119578
vt 0.477506 0.167814
vt 0.482292 0.167814
vt 0.482292 0.131985
vt 0.477506 0.131985
vt 0.391102 0.175202
vt 0.391102 0.110760
vt 0.401166 0.110760
vt 0.401166 0.175202
vt 0.413001 0.175202
vt 0.413001 0.110760
vt 0.423066 0.110760
vt 0.423066 0.175202
vt 0.401202 0.110760
vt 0.401202 0.175202
vt 0.411266 0.175202
vt 0.411266 0.110760
vt 0.423101 0.110760
vt 0.423101 0.175202
vt 0.433165 0.175202
vt 0.433165 0.110760
vt 0.413262 0.168878
vt 0.374102 0.168878
vt 0.374102 0.119578
vt 0.413262 0.119578
vt 0.477506 0.131985
vt 0.482292 0.131985
vt 0.482292 0.167814
vt 0.477506 0.167814
vt 0.384576 0.165578
vt 0.367234 0.175958
vt 0.476552 0.175958
vt 0.459211 0.165578
vt 0.476552 0.110522
vt 0.459211 0.120902
vt 0.367234 0.110522
vt 0.384576 0.120902
vt 0.384576 0.165578
vt 0.367234 0.175958
vt 0.476552 0.175958
vt 0.459211 0.165578
vt 0.476552 0.110522
vt 0.459211 0.120902
vt 0.367234 0.110522
vt 0.384576 0.120902
vt 0.420638 0.050749
vt 0.369938 0.050749
vt 0.369938 0.110681
vt 0.420638 0.110681
vt 0.420638 0.177690
vt 0.369938 0.177690
vt 0.369938 0.237622
vt 0.420638 0.237622
vt 0.477506 0.228747
vt 0.482292 0.228747
vt 0.482292 0.192918
vt 0.477506 0.192918
vt 0.477506 0.192918
vt 0.482292 0.192918
vt 0.482292 0.228747
vt 0.477506 0.228747
vt 0.477506 0.162452
vt 0.482292 0.162452
vt 0.482292 0.198281
vt 0.477506 0.198281
vt 0.477506 0.198281
vt 0.482292 0.198281
vt 0.482292 0.162452
vt 0.477506 0.162452
vt 0.477506 0.198281
vt 0.482292 0.198281
vt 0.482292 0.162452
vt 0.477506 0.162452
vt 0.477506 0.162452
vt 0.482292 0.162452
vt 0.482292 0.198281
vt 0.477506 0.198281
vt 0.349317 0.074839
vt 0.275017 0.074839
vt 0.275017 0.248440
vt 0.349317 0.248440
vt 0.349317 0.248440
vt 0.275017 0.248440
vt 0.275017 0.074839
vt 0.349317 0.074839
vt 0.273869 0.074839
vt 0.273870 0.248440
vt 0.350464 0.248440
vt 0.350464 0.074839
vt 0.276567 0.050843
vt 0.276567 0.112980
vt 0.347767 0.112980
vt 0.347767 0.050843
vt 0.275288 0.248440
vt 0.275288 0.074839
vt 0.349045 0.074839
vt 0.349045 0.248440
vt 0.282617 0.187429
vt 0.282617 0.135850
vt 0.341717 0.135850
vt 0.341717 0.187429
vt 0.290799 0.143249
vt 0.290799 0.143249
vt 0.339062 0.143249
vt 0.339062 0.143249
vt 0.103240 0.185864
vt 0.100600 0.190921
vt 0.100600 0.231324
vt 0.103240 0.236381
vt 0.275717 0.119990
vt 0.275717 0.119990
vt 0.349162 0.119990
vt 0.349162 0.119990
vt 0.351653 0.143249
vt 0.351653 0.143249
vt 0.278208 0.143249
vt 0.278208 0.143249
vt 0.324116 0.119729
vt 0.324116 0.119729
vt 0.275853 0.119729
vt 0.275853 0.119729
vt 0.274340 0.198923
vt 0.274340 0.249007
vt 0.350195 0.249007
vt 0.350195 0.198923
vt 0.349162 0.054798
vt 0.275717 0.054798
vt 0.275717 0.119990
vt 0.349162 0.119990
vt 0.076871 0.185864
vt 0.079511 0.190921
vt 0.076871 0.236381
vt 0.079511 0.231324
vt 0.275853 0.054537
vt 0.324116 0.054537
vt 0.324116 0.119729
vt 0.275853 0.119729
vt 0.339062 0.078057
vt 0.290799 0.078057
vt 0.290799 0.143249
vt 0.339062 0.143249
vt 0.278208 0.078057
vt 0.351653 0.078057
vt 0.351653 0.143249
vt 0.278208 0.143249
vt 0.350195 0.198923
vt 0.350195 0.249007
vt 0.274340 0.249007
vt 0.274340 0.198923
vt 0.275853 0.054537
vt 0.324116 0.054537
vt 0.324116 0.119729
vt 0.275853 0.119729
vt 0.278208 0.078057
vt 0.351653 0.078057
vt 0.351653 0.143249
vt 0.278208 0.143249
vt 0.339062 0.078057
vt 0.290799 0.078057
vt 0.290799 0.143249
vt 0.339062 0.143249
vt 0.349162 0.054798
vt 0.275717 0.054798
vt 0.275717 0.119990
vt 0.349162 0.119990
vt 0.350195 0.198923
vt 0.350195 0.249007
vt 0.274340 0.249007
vt 0.274340 0.198923
vt 0.103240 0.236381
vt 0.100600 0.231324
vt 0.079511 0.231324
vt 0.076871 0.236381
vt 0.275717 0.119990
vt 0.275717 0.119990
vt 0.349162 0.119990
vt 0.349162 0.119990
vt 0.079511 0.190921
vt 0.076871 0.185864
vt 0.103240 0.185864
vt 0.100600 0.190921
vt 0.274340 0.198923
vt 0.274340 0.249007
vt 0.350195 0.249007
vt 0.350195 0.198923
vt 0.351653 0.143249
vt 0.351653 0.143249
vt 0.278208 0.143249
vt 0.278208 0.143249
vt 0.290799 0.143249
vt 0.290799 0.143249
vt 0.339062 0.143249
vt 0.339062 0.143249
vt 0.324116 0.119729
vt 0.324116 0.119729
vt 0.275853 0.119729
vt 0.275853 0.119729
vt 0.290799 0.143249
vt 0.290799 0.143249
vt 0.339062 0.143249
vt 0.339062 0.143249
vt 0.103240 0.185864
vt 0.100600 0.190921
vt 0.100600 0.231324
vt 0.103240 0.236381
vt 0.275717 0.119990
vt 0.275717 0.119990
vt 0.349162 0.119990
vt 0.349162 0.119990
vt 0.351653 0.143249
vt 0.351653 0.143249
vt 0.278208 0.143249
vt 0.278208 0.143249
vt 0.324116 0.119729
vt 0.324116 0.119729
vt 0.275853 0.119729
vt 0.275853 0.119729
vt 0.274340 0.198923
vt 0.274340 0.249007
vt 0.350195 0.249007
vt 0.350195 0.198923
vt 0.349162 0.054798
vt 0.275717 0.054798
vt 0.275717 0.119990
vt 0.349162 0.119990
vt 0.076871 0.185864
vt 0.079511 0.190921
vt 0.076871 0.236381
vt 0.079511 0.231324
vt 0.275853 0.054537
vt 0.324116 0.054537
vt 0.324116 0.119729
vt 0.275853 0.119729
vt 0.339062 0.078057
vt 0.290799 0.078057
vt 0.290799 0.143249
vt 0.339062 0.143249
vt 0.278208 0.078057
vt 0.351653 0.078057
vt 0.351653 0.143249
vt 0.278208 0.143249
vt 0.350195 0.198923
vt 0.350195 0.249007
vt 0.274340 0.249007
vt 0.274340 0.198923
vt 0.431235 0.243300
vt 0.431235 0.042572
vt 0.437902 0.042572
vt 0.437902 0.243300
vt 0.368758 0.138739
vt 0.415098 0.138739
vt 0.415098 0.147133
vt 0.368758 0.147133
vt 0.431235 0.042572
vt 0.431235 0.243300
vt 0.437902 0.243300
vt 0.437902 0.042572
vt 0.415098 0.138739
vt 0.368758 0.138739
vt 0.368758 0.147133
vt 0.415098 0.147133
vt 0.368758 0.243300
vt 0.368758 0.042572
vt 0.415098 0.042572
vt 0.415098 0.243300
vt 0.415098 0.243300
vt 0.415098 0.042572
vt 0.368758 0.042572
vt 0.368758 0.243300
vn 0.0000 0.0000 -1.0000
vn 1.0000 0.0000 0.0000
vn 0.0000 0.0000 1.0000
vn -1.0000 0.0000 0.0000
vn 0.0000 1.0000 0.0000
vn 0.0000 -1.0000 -0.0000
usemtl 1
s off
f 3261/7943/199 3263/7944/199 3286/7945/199 3285/7946/199
f 3263/7947/200 3267/7948/200 3287/7949/200 3286/7950/200
f 3267/7948/201 3265/7951/201 3288/7952/201 3287/7949/201
f 3265/7953/202 3261/7943/202 3285/7946/202 3288/7954/202
f 3263/7955/203 3261/7956/203 3265/7957/203 3267/7958/203
f 3268/7959/202 3299/7960/202 3298/7961/202 3264/7962/202
f 3269/7963/199 3271/7964/199 3290/7965/199 3289/7966/199
f 3271/7967/200 3275/7968/200 3291/7969/200 3290/7970/200
f 3275/7971/201 3273/7972/201 3292/7973/201 3291/7974/201
f 3273/7975/202 3269/7976/202 3289/7977/202 3292/7978/202
f 3271/7979/203 3269/7980/203 3273/7981/203 3275/7982/203
f 3279/7983/200 3277/7984/200 3305/7985/200 3308/7986/200
f 3272/7987/201 3302/7988/201 3301/7989/201 3270/7990/201
f 3283/7991/203 3282/7992/203 3281/7993/203 3284/7994/203
f 3296/7995/201 3295/7996/201 3283/7997/201 3284/7998/201
f 3294/7999/199 3293/8000/199 3281/8001/199 3282/8002/199
f 3293/8000/202 3296/8003/202 3284/8004/202 3281/8001/202
f 3295/7996/200 3294/8005/200 3282/8006/200 3283/7997/200
f 3262/8007/204 3285/8008/204 3286/8009/204 3264/8010/204
f 3264/8010/204 3286/8009/204 3287/8011/204 3268/8012/204
f 3268/8012/204 3287/8011/204 3288/8013/204 3266/8014/204
f 3266/8014/204 3288/8013/204 3285/8008/204 3262/8007/204
f 3270/8015/204 3289/8016/204 3290/8017/204 3272/8018/204
f 3272/8018/204 3290/8017/204 3291/8019/204 3276/8020/204
f 3276/8020/204 3291/8019/204 3292/8021/204 3274/8022/204
f 3274/8022/204 3292/8021/204 3289/8016/204 3270/8015/204
f 3278/8023/204 3277/7984/204 3293/8024/204 3294/8025/204
f 3280/8026/204 3278/8023/204 3294/8025/204 3295/8027/204
f 3279/7983/204 3280/8026/204 3295/8027/204 3296/8028/204
f 3277/7984/204 3279/7983/204 3296/8028/204 3293/8024/204
f 3299/8029/204 3300/8030/204 3297/8031/204 3298/8032/204
f 3303/8033/204 3304/8034/204 3301/8035/204 3302/8036/204
f 3307/8037/204 3308/7986/204 3305/7985/204 3306/8038/204
f 3277/7984/201 3278/8023/201 3306/8038/201 3305/7985/201
f 3276/8039/202 3303/8040/202 3302/8041/202 3272/8042/202
f 3266/8043/199 3300/8044/199 3299/8045/199 3268/8046/199
f 3278/8023/202 3280/8026/202 3307/8037/202 3306/8038/202
f 3274/8047/199 3304/8048/199 3303/8049/199 3276/8050/199
f 3262/8051/200 3297/8052/200 3300/8053/200 3266/8054/200
f 3280/8026/199 3279/7983/199 3308/7986/199 3307/8037/199
f 3264/8055/201 3298/8056/201 3297/8057/201 3262/8058/201
f 3270/8059/200 3301/8060/200 3304/8061/200 3274/8062/200
f 3309/8063/200 3311/8064/200 3326/8065/200 3325/8066/200
f 3311/8067/201 3315/8068/201 3327/8069/201 3326/8070/201
f 3315/8071/202 3313/8072/202 3328/8073/202 3327/8074/202
f 3313/8075/199 3309/8076/199 3325/8077/199 3328/8078/199
f 3311/8079/203 3309/8080/203 3313/8081/203 3315/8082/203
f 3324/8083/201 3339/8084/201 3338/8085/201 3320/8086/201
f 3317/8087/200 3319/8088/200 3330/8089/200 3329/8090/200
f 3319/8091/201 3323/8092/201 3331/8093/201 3330/8094/201
f 3323/8095/202 3321/8096/202 3332/8097/202 3331/8098/202
f 3321/8099/199 3317/8100/199 3329/8101/199 3332/8102/199
f 3319/8103/203 3317/8104/203 3321/8105/203 3323/8106/203
f 3318/8107/199 3337/8108/199 3340/8109/199 3322/8110/199
f 3310/8111/204 3325/8112/204 3326/8113/204 3312/8114/204
f 3312/8114/204 3326/8113/204 3327/8115/204 3316/8116/204
f 3316/8116/204 3327/8115/204 3328/8117/204 3314/8118/204
f 3314/8118/204 3328/8117/204 3325/8112/204 3310/8111/204
f 3318/8119/204 3329/8120/204 3330/8121/204 3320/8122/204
f 3320/8122/204 3330/8121/204 3331/8123/204 3324/8124/204
f 3324/8124/204 3331/8123/204 3332/8125/204 3322/8126/204
f 3322/8126/204 3332/8125/204 3329/8120/204 3318/8119/204
f 3335/8127/204 3336/8128/204 3333/8129/204 3334/8130/204
f 3339/8131/204 3340/8132/204 3337/8133/204 3338/8134/204
f 3310/8135/199 3333/8136/199 3336/8137/199 3314/8138/199
f 3316/8139/201 3335/8140/201 3334/8141/201 3312/8142/201
f 3322/8143/202 3340/8144/202 3339/8145/202 3324/8146/202
f 3320/8147/200 3338/8148/200 3337/8149/200 3318/8150/200
f 3314/8151/202 3336/8152/202 3335/8153/202 3316/8154/202
f 3312/8155/200 3334/8156/200 3333/8157/200 3310/8158/200
f 3341/8159/204 3343/8160/204 3347/8161/204 3345/8162/204
f 3346/8163/203 3348/8164/203 3344/8165/203 3342/8166/203
f 3344/8167/199 3348/8168/199 3347/8169/199 3343/8170/199
f 3342/8171/202 3344/8172/202 3343/8173/202 3341/8174/202
f 3346/8175/201 3342/8176/201 3341/8177/201 3345/8178/201
f 3348/8179/200 3346/8180/200 3345/8181/200 3347/8182/200
f 3353/8183/201 3349/8184/201 3350/8185/201 3354/8186/201
f 3357/8187/204 3354/8188/204 3355/8189/204 3361/8190/204
f 3356/8191/202 3352/8192/202 3349/8193/202 3353/8194/202
f 3354/8195/200 3350/8196/200 3351/8197/200 3355/8198/200
f 3355/8199/199 3351/8200/199 3352/8201/199 3356/8202/199
f 3350/8203/204 3349/8204/204 3352/8205/204 3351/8206/204
f 3360/8207/202 3364/8208/202 3363/8209/202 3359/8210/202
f 3359/8211/204 3353/8212/204 3354/8188/204 3357/8187/204
f 3363/8213/204 3356/8214/204 3353/8212/204 3359/8211/204
f 3361/8190/204 3355/8189/204 3356/8214/204 3363/8213/204
f 3364/8215/199 3362/8216/199 3361/8217/199 3363/8218/199
f 3358/8219/201 3360/8220/201 3359/8221/201 3357/8222/201
f 3362/8223/200 3358/8224/200 3357/8225/200 3361/8226/200
f 3362/8227/203 3364/8228/203 3360/8229/203 3358/8230/203
f 3365/8231/199 3367/8232/199 3368/8233/199 3366/8234/199
f 3367/8235/200 3371/8236/200 3372/8237/200 3368/8238/200
f 3371/8239/201 3369/8240/201 3370/8241/201 3372/8242/201
f 3369/8243/202 3365/8244/202 3366/8245/202 3370/8246/202
f 3367/8247/203 3365/8248/203 3369/8249/203 3371/8250/203
f 3368/8251/204 3374/8252/204 3373/8253/204 3366/8254/204
f 3373/8255/202 3377/8256/202 3380/8257/202 3376/8258/202
f 3366/8254/204 3373/8253/204 3376/8259/204 3370/8260/204
f 3372/8261/204 3375/8262/204 3374/8252/204 3368/8251/204
f 3370/8260/204 3376/8259/204 3375/8262/204 3372/8261/204
f 3379/8263/204 3380/8264/204 3377/8265/204 3378/8266/204
f 3375/8267/200 3379/8268/200 3378/8269/200 3374/8270/200
f 3376/8271/201 3380/8272/201 3379/8273/201 3375/8274/201
f 3374/8275/199 3378/8276/199 3377/8277/199 3373/8278/199
f 3385/8279/201 3381/8280/201 3382/8281/201 3386/8282/201
f 3389/8283/204 3386/8284/204 3387/8285/204 3393/8286/204
f 3388/8287/202 3384/8288/202 3381/8289/202 3385/8290/202
f 3386/8291/200 3382/8292/200 3383/8293/200 3387/8294/200
f 3387/8295/199 3383/8296/199 3384/8297/199 3388/8298/199
f 3382/8299/204 3381/8300/204 3384/8301/204 3383/8302/204
f 3392/8303/202 3396/8304/202 3395/8305/202 3391/8306/202
f 3391/8307/204 3385/8308/204 3386/8284/204 3389/8283/204
f 3395/8309/204 3388/8310/204 3385/8308/204 3391/8307/204
f 3393/8286/204 3387/8285/204 3388/8310/204 3395/8309/204
f 3396/8311/199 3394/8312/199 3393/8313/199 3395/8314/199
f 3390/8315/201 3392/8316/201 3391/8317/201 3389/8318/201
f 3394/8319/200 3390/8320/200 3389/8321/200 3393/8322/200
f 3394/8323/203 3396/8324/203 3392/8325/203 3390/8326/203
f 3397/8327/201 3399/8328/201 3400/8329/201 3398/8330/201
f 3399/8331/202 3403/8332/202 3404/8333/202 3400/8334/202
f 3403/8335/199 3401/8336/199 3402/8337/199 3404/8338/199
f 3401/8339/200 3397/8340/200 3398/8341/200 3402/8342/200
f 3399/8343/203 3397/8344/203 3401/8345/203 3403/8346/203
f 3404/8347/204 3402/8348/204 3398/8349/204 3400/8350/204
o 立方体.015_立方体.016
v -0.075788 0.000000 1.126769
v -0.081303 0.224978 1.121253
v -0.220543 0.000000 1.126769
v -0.215028 0.224978 1.121253
v -0.075788 0.000000 0.982013
v -0.081303 0.224978 0.987529
v -0.220543 0.000000 0.982013
v -0.215028 0.224978 0.987529
v -0.075788 0.224978 1.126769
v -0.220543 0.224978 1.126769
v -0.220543 0.224978 0.982013
v -0.075788 0.224978 0.982013
v -0.081303 0.213675 1.121253
v -0.215028 0.213675 1.121253
v -0.215028 0.213675 0.987529
v -0.081303 0.213675 0.987529
v -0.075788 0.138439 0.820495
v -0.081303 0.363418 0.826010
v -0.075788 0.138439 0.965250
v -0.081303 0.363418 0.959734
v -0.220543 0.138439 0.820495
v -0.215028 0.363418 0.826010
v -0.220543 0.138439 0.965250
v -0.215028 0.363418 0.959734
v -0.075788 0.363418 0.820495
v -0.075788 0.363418 0.965250
v -0.220543 0.363418 0.965250
v -0.220543 0.363418 0.820495
v -0.081303 0.352114 0.826010
v -0.081303 0.352114 0.959734
v -0.215028 0.352114 0.959734
v -0.215028 0.352114 0.826010
v -0.075788 -0.000452 0.820495
v -0.075788 -0.000452 0.965250
v -0.220543 -0.000452 0.820495
v -0.220543 -0.000452 0.965250
v -0.195699 0.348742 0.885058
v -0.180828 0.366261 0.876839
v -0.195699 0.348742 0.833248
v -0.180828 0.366261 0.841467
v -0.101951 0.348742 0.885058
v -0.116822 0.366261 0.876839
v -0.101951 0.348742 0.833248
v -0.116822 0.366261 0.841467
v -0.204645 0.212786 0.990902
v -0.188137 0.228930 0.998475
v -0.100584 0.212786 0.990902
v -0.117091 0.228930 0.998475
v -0.204645 0.212786 1.038645
v -0.188137 0.228930 1.031071
v -0.100584 0.212786 1.038645
v -0.117091 0.228930 1.031071
v -0.195699 0.366261 0.885058
v -0.195699 0.366261 0.833248
v -0.101951 0.366261 0.833248
v -0.101951 0.366261 0.885058
v -0.204645 0.228930 0.990902
v -0.100584 0.228930 0.990902
v -0.100584 0.228930 1.038645
v -0.204645 0.228930 1.038645
v -0.180828 0.372209 0.876839
v -0.180828 0.372209 0.841467
v -0.116822 0.372209 0.841467
v -0.116822 0.372209 0.876839
v -0.188137 0.234411 0.998475
v -0.117091 0.234411 0.998475
v -0.117091 0.234411 1.031071
v -0.188137 0.234411 1.031071
v -0.138863 0.377289 0.908536
v -0.159095 0.377289 0.908536
v -0.159095 0.377289 0.939812
v -0.138863 0.377289 0.939812
v -0.138863 0.374556 0.908536
v -0.159095 0.374556 0.908536
v -0.159095 0.374556 0.939812
v -0.138863 0.374556 0.939812
v -0.161628 0.374556 0.904621
v -0.161628 0.351466 0.904621
v -0.136330 0.374556 0.904621
v -0.136330 0.351466 0.904621
v -0.161628 0.374556 0.943727
v -0.161628 0.351466 0.943727
v -0.136330 0.374556 0.943727
v -0.136330 0.351466 0.943727
v -0.168500 0.351466 0.943727
v -0.168500 0.374556 0.943727
v -0.193797 0.351466 0.943727
v -0.193797 0.374556 0.943727
v -0.168500 0.351466 0.904621
v -0.168500 0.374556 0.904621
v -0.193797 0.351466 0.904621
v -0.193797 0.374556 0.904621
v -0.171033 0.374556 0.939812
v -0.191265 0.374556 0.939812
v -0.191265 0.374556 0.908536
v -0.171033 0.374556 0.908536
v -0.171033 0.377289 0.939812
v -0.191265 0.377289 0.939812
v -0.191265 0.377289 0.908536
v -0.171033 0.377289 0.908536
v -0.106693 0.377289 0.908536
v -0.126925 0.377289 0.908536
v -0.126925 0.377289 0.939812
v -0.106693 0.377289 0.939812
v -0.106693 0.374556 0.908536
v -0.126925 0.374556 0.908536
v -0.126925 0.374556 0.939812
v -0.106693 0.374556 0.939812
v -0.129458 0.374556 0.904621
v -0.129458 0.351466 0.904621
v -0.104161 0.374556 0.904621
v -0.104161 0.351466 0.904621
v -0.129458 0.374556 0.943727
v -0.129458 0.351466 0.943727
v -0.104161 0.374556 0.943727
v -0.104161 0.351466 0.943727
v -0.216593 0.212057 1.122083
v -0.216593 0.217840 1.122083
v -0.216593 0.212057 0.983796
v -0.216593 0.217840 0.983796
v -0.167399 0.212057 1.122083
v -0.167399 0.217840 1.122083
v -0.167399 0.212057 0.983796
v -0.167399 0.217840 0.983796
vt 0.017052 0.769707
vt 0.017052 0.982142
vt 0.130173 0.982142
vt 0.130173 0.769707
vt 0.017052 0.982142
vt 0.017052 0.769707
vt 0.130173 0.982142
vt 0.130173 0.769707
vt 0.125000 0.500000
vt 0.375000 0.500000
vt 0.375000 0.750000
vt 0.125000 0.750000
vt 0.090258 0.191461
vt 0.090258 0.092842
vt 0.083636 0.092842
vt 0.083636 0.191461
vt 0.186995 0.083264
vt 0.186995 0.047366
vt 0.188475 0.045886
vt 0.188475 0.084744
vt 0.151097 0.047366
vt 0.149617 0.045886
vt 0.151097 0.083264
vt 0.149617 0.084744
vt 0.151097 0.047366
vt 0.186995 0.047366
vt 0.186995 0.083264
vt 0.151097 0.083264
vt 0.090258 0.092842
vt 0.090258 0.191461
vt 0.083636 0.191461
vt 0.083636 0.092842
vt 0.090258 0.092842
vt 0.083636 0.092842
vt 0.090258 0.191461
vt 0.083636 0.191461
vt 0.017052 0.769707
vt 0.017052 0.982142
vt 0.130173 0.982142
vt 0.130173 0.769707
vt 0.017052 0.982142
vt 0.017052 0.769707
vt 0.130173 0.982142
vt 0.130173 0.769707
vt 0.130173 0.934662
vt 0.017052 0.934662
vt 0.017052 0.800167
vt 0.130173 0.800167
vt 0.090258 0.191461
vt 0.090258 0.092842
vt 0.083636 0.092842
vt 0.083636 0.191461
vt 0.186995 0.083264
vt 0.186995 0.047366
vt 0.188475 0.045886
vt 0.188475 0.084744
vt 0.151097 0.047366
vt 0.149617 0.045886
vt 0.151097 0.083264
vt 0.149617 0.084744
vt 0.151097 0.047366
vt 0.186995 0.047366
vt 0.186995 0.083264
vt 0.151097 0.083264
vt 0.090258 0.092842
vt 0.090258 0.191461
vt 0.083636 0.191461
vt 0.083636 0.092842
vt 0.090258 0.092842
vt 0.083636 0.092842
vt 0.090258 0.191461
vt 0.083636 0.191461
vt 0.125000 0.500000
vt 0.375000 0.500000
vt 0.375000 0.750000
vt 0.125000 0.750000
vt 0.017052 0.934662
vt 0.017052 0.800167
vt 0.130173 0.934662
vt 0.130173 0.800167
vt 0.391102 0.175202
vt 0.401166 0.175202
vt 0.401166 0.110760
vt 0.391102 0.110760
vt 0.413001 0.175202
vt 0.423066 0.175202
vt 0.423066 0.110760
vt 0.413001 0.110760
vt 0.401202 0.110760
vt 0.411266 0.110760
vt 0.411266 0.175202
vt 0.401202 0.175202
vt 0.423101 0.110760
vt 0.433165 0.110760
vt 0.433165 0.175202
vt 0.423101 0.175202
vt 0.413262 0.168878
vt 0.413262 0.119578
vt 0.374102 0.119578
vt 0.374102 0.168878
vt 0.477506 0.167814
vt 0.477506 0.131985
vt 0.482292 0.131985
vt 0.482292 0.167814
vt 0.391102 0.175202
vt 0.401166 0.175202
vt 0.401166 0.110760
vt 0.391102 0.110760
vt 0.413001 0.175202
vt 0.423066 0.175202
vt 0.423066 0.110760
vt 0.413001 0.110760
vt 0.401202 0.110760
vt 0.411266 0.110760
vt 0.411266 0.175202
vt 0.401202 0.175202
vt 0.423101 0.110760
vt 0.433165 0.110760
vt 0.433165 0.175202
vt 0.423101 0.175202
vt 0.413262 0.168878
vt 0.413262 0.119578
vt 0.374102 0.119578
vt 0.374102 0.168878
vt 0.477506 0.131985
vt 0.477506 0.167814
vt 0.482292 0.167814
vt 0.482292 0.131985
vt 0.384576 0.165578
vt 0.459211 0.165578
vt 0.476552 0.175958
vt 0.367234 0.175958
vt 0.459211 0.120902
vt 0.476552 0.110522
vt 0.384576 0.120902
vt 0.367234 0.110522
vt 0.384576 0.165578
vt 0.459211 0.165578
vt 0.476552 0.175958
vt 0.367234 0.175958
vt 0.459211 0.120902
vt 0.476552 0.110522
vt 0.384576 0.120902
vt 0.367234 0.110522
vt 0.420638 0.050749
vt 0.420638 0.110681
vt 0.369938 0.110681
vt 0.369938 0.050749
vt 0.420638 0.177690
vt 0.420638 0.237622
vt 0.369938 0.237622
vt 0.369938 0.177690
vt 0.477506 0.228747
vt 0.477506 0.192918
vt 0.482292 0.192918
vt 0.482292 0.228747
vt 0.477506 0.192918
vt 0.477506 0.228747
vt 0.482292 0.228747
vt 0.482292 0.192918
vt 0.477506 0.162452
vt 0.477506 0.198281
vt 0.482292 0.198281
vt 0.482292 0.162452
vt 0.477506 0.198281
vt 0.477506 0.162452
vt 0.482292 0.162452
vt 0.482292 0.198281
vt 0.477506 0.198281
vt 0.477506 0.162452
vt 0.482292 0.162452
vt 0.482292 0.198281
vt 0.477506 0.162452
vt 0.477506 0.198281
vt 0.482292 0.198281
vt 0.482292 0.162452
vt 0.290799 0.143249
vt 0.339062 0.143249
vt 0.339062 0.143249
vt 0.290799 0.143249
vt 0.103240 0.185864
vt 0.103240 0.236381
vt 0.100600 0.231324
vt 0.100600 0.190921
vt 0.275717 0.119990
vt 0.349162 0.119990
vt 0.349162 0.119990
vt 0.275717 0.119990
vt 0.351653 0.143249
vt 0.278208 0.143249
vt 0.278208 0.143249
vt 0.351653 0.143249
vt 0.324116 0.119729
vt 0.275853 0.119729
vt 0.275853 0.119729
vt 0.324116 0.119729
vt 0.274340 0.198923
vt 0.350195 0.198923
vt 0.350195 0.249007
vt 0.274340 0.249007
vt 0.349162 0.054798
vt 0.349162 0.119990
vt 0.275717 0.119990
vt 0.275717 0.054798
vt 0.076871 0.185864
vt 0.079511 0.190921
vt 0.076871 0.236381
vt 0.079511 0.231324
vt 0.275853 0.054537
vt 0.275853 0.119729
vt 0.324116 0.119729
vt 0.324116 0.054537
vt 0.339062 0.078057
vt 0.339062 0.143249
vt 0.290799 0.143249
vt 0.290799 0.078057
vt 0.278208 0.078057
vt 0.278208 0.143249
vt 0.351653 0.143249
vt 0.351653 0.078057
vt 0.350195 0.198923
vt 0.274340 0.198923
vt 0.274340 0.249007
vt 0.350195 0.249007
vt 0.275853 0.054537
vt 0.275853 0.119729
vt 0.324116 0.119729
vt 0.324116 0.054537
vt 0.278208 0.078057
vt 0.278208 0.143249
vt 0.351653 0.143249
vt 0.351653 0.078057
vt 0.339062 0.078057
vt 0.339062 0.143249
vt 0.290799 0.143249
vt 0.290799 0.078057
vt 0.349162 0.054798
vt 0.349162 0.119990
vt 0.275717 0.119990
vt 0.275717 0.054798
vt 0.350195 0.198923
vt 0.274340 0.198923
vt 0.274340 0.249007
vt 0.350195 0.249007
vt 0.103240 0.236381
vt 0.076871 0.236381
vt 0.079511 0.231324
vt 0.100600 0.231324
vt 0.275717 0.119990
vt 0.349162 0.119990
vt 0.349162 0.119990
vt 0.275717 0.119990
vt 0.076871 0.185864
vt 0.079511 0.190921
vt 0.103240 0.185864
vt 0.100600 0.190921
vt 0.274340 0.198923
vt 0.350195 0.198923
vt 0.350195 0.249007
vt 0.274340 0.249007
vt 0.351653 0.143249
vt 0.278208 0.143249
vt 0.278208 0.143249
vt 0.351653 0.143249
vt 0.290799 0.143249
vt 0.339062 0.143249
vt 0.339062 0.143249
vt 0.290799 0.143249
vt 0.324116 0.119729
vt 0.275853 0.119729
vt 0.275853 0.119729
vt 0.324116 0.119729
vt 0.290799 0.143249
vt 0.339062 0.143249
vt 0.339062 0.143249
vt 0.290799 0.143249
vt 0.103240 0.185864
vt 0.103240 0.236381
vt 0.100600 0.231324
vt 0.100600 0.190921
vt 0.275717 0.119990
vt 0.349162 0.119990
vt 0.349162 0.119990
vt 0.275717 0.119990
vt 0.351653 0.143249
vt 0.278208 0.143249
vt 0.278208 0.143249
vt 0.351653 0.143249
vt 0.324116 0.119729
vt 0.275853 0.119729
vt 0.275853 0.119729
vt 0.324116 0.119729
vt 0.274340 0.198923
vt 0.350195 0.198923
vt 0.350195 0.249007
vt 0.274340 0.249007
vt 0.349162 0.054798
vt 0.349162 0.119990
vt 0.275717 0.119990
vt 0.275717 0.054798
vt 0.076871 0.185864
vt 0.079511 0.190921
vt 0.076871 0.236381
vt 0.079511 0.231324
vt 0.275853 0.054537
vt 0.275853 0.119729
vt 0.324116 0.119729
vt 0.324116 0.054537
vt 0.339062 0.078057
vt 0.339062 0.143249
vt 0.290799 0.143249
vt 0.290799 0.078057
vt 0.278208 0.078057
vt 0.278208 0.143249
vt 0.351653 0.143249
vt 0.351653 0.078057
vt 0.350195 0.198923
vt 0.274340 0.198923
vt 0.274340 0.249007
vt 0.350195 0.249007
vt 0.431235 0.243300
vt 0.437902 0.243300
vt 0.437902 0.042572
vt 0.431235 0.042572
vt 0.368758 0.138739
vt 0.368758 0.147133
vt 0.415098 0.147133
vt 0.415098 0.138739
vt 0.431235 0.042572
vt 0.437902 0.042572
vt 0.437902 0.243300
vt 0.431235 0.243300
vt 0.415098 0.138739
vt 0.415098 0.147133
vt 0.368758 0.147133
vt 0.368758 0.138739
vt 0.368758 0.243300
vt 0.415098 0.243300
vt 0.415098 0.042572
vt 0.368758 0.042572
vt 0.415098 0.243300
vt 0.368758 0.243300
vt 0.368758 0.042572
vt 0.415098 0.042572
vn 0.0000 0.0000 1.0000
vn -1.0000 0.0000 0.0000
vn 0.0000 0.0000 -1.0000
vn 1.0000 0.0000 0.0000
vn 0.0000 -1.0000 0.0000
vn 0.0000 1.0000 0.0000
usemtl 1
s off
f 3405/8351/205 3413/8352/205 3414/8353/205 3407/8354/205
f 3407/8354/206 3414/8353/206 3415/8355/206 3411/8356/206
f 3411/8356/207 3415/8355/207 3416/8357/207 3409/8358/207
f 3409/8358/208 3416/8357/208 3413/8352/208 3405/8351/208
f 3407/8359/209 3411/8360/209 3409/8361/209 3405/8362/209
f 3410/8363/205 3412/8364/205 3419/8365/205 3420/8366/205
f 3406/8367/210 3408/8368/210 3414/8369/210 3413/8370/210
f 3408/8368/210 3412/8371/210 3415/8372/210 3414/8369/210
f 3412/8371/210 3410/8373/210 3416/8374/210 3415/8372/210
f 3410/8373/210 3406/8367/210 3413/8370/210 3416/8374/210
f 3419/8375/210 3418/8376/210 3417/8377/210 3420/8378/210
f 3408/8379/207 3406/8380/207 3417/8381/207 3418/8382/207
f 3406/8380/206 3410/8383/206 3420/8384/206 3417/8381/206
f 3412/8364/208 3408/8385/208 3418/8386/208 3419/8365/208
f 3421/8387/208 3429/8388/208 3430/8389/208 3423/8390/208
f 3423/8390/205 3430/8389/205 3431/8391/205 3427/8392/205
f 3427/8392/206 3431/8391/206 3432/8393/206 3425/8394/206
f 3425/8394/207 3432/8393/207 3429/8388/207 3421/8387/207
f 3423/8395/205 3427/8396/205 3440/8397/205 3438/8398/205
f 3426/8399/208 3428/8400/208 3435/8401/208 3436/8402/208
f 3422/8403/210 3424/8404/210 3430/8405/210 3429/8406/210
f 3424/8404/210 3428/8407/210 3431/8408/210 3430/8405/210
f 3428/8407/210 3426/8409/210 3432/8410/210 3431/8408/210
f 3426/8409/210 3422/8403/210 3429/8406/210 3432/8410/210
f 3435/8411/210 3434/8412/210 3433/8413/210 3436/8414/210
f 3424/8415/206 3422/8416/206 3433/8417/206 3434/8418/206
f 3422/8416/205 3426/8419/205 3436/8420/205 3433/8417/205
f 3428/8400/207 3424/8421/207 3434/8422/207 3435/8401/207
f 3438/8423/209 3440/8424/209 3439/8425/209 3437/8426/209
f 3421/8427/208 3423/8395/208 3438/8398/208 3437/8428/208
f 3427/8396/206 3425/8429/206 3439/8430/206 3440/8397/206
f 3425/8429/207 3421/8427/207 3437/8428/207 3439/8430/207
f 3441/8431/206 3457/8432/206 3458/8433/206 3443/8434/206
f 3443/8435/207 3458/8436/207 3459/8437/207 3447/8438/207
f 3447/8439/208 3459/8440/208 3460/8441/208 3445/8442/208
f 3445/8443/205 3460/8444/205 3457/8445/205 3441/8446/205
f 3443/8447/209 3447/8448/209 3445/8449/209 3441/8450/209
f 3456/8451/208 3452/8452/208 3470/8453/208 3471/8454/208
f 3449/8455/207 3461/8456/207 3462/8457/207 3451/8458/207
f 3451/8459/208 3462/8460/208 3463/8461/208 3455/8462/208
f 3455/8463/205 3463/8464/205 3464/8465/205 3453/8466/205
f 3453/8467/206 3464/8468/206 3461/8469/206 3449/8470/206
f 3451/8471/209 3455/8472/209 3453/8473/209 3449/8474/209
f 3450/8475/206 3454/8476/206 3472/8477/206 3469/8478/206
f 3442/8479/210 3444/8480/210 3458/8481/210 3457/8482/210
f 3444/8480/210 3448/8483/210 3459/8484/210 3458/8481/210
f 3448/8483/210 3446/8485/210 3460/8486/210 3459/8484/210
f 3446/8485/210 3442/8479/210 3457/8482/210 3460/8486/210
f 3450/8487/210 3452/8488/210 3462/8489/210 3461/8490/210
f 3452/8488/210 3456/8491/210 3463/8492/210 3462/8489/210
f 3456/8491/210 3454/8493/210 3464/8494/210 3463/8492/210
f 3454/8493/210 3450/8487/210 3461/8490/210 3464/8494/210
f 3467/8495/210 3466/8496/210 3465/8497/210 3468/8498/210
f 3471/8499/210 3470/8500/210 3469/8501/210 3472/8502/210
f 3442/8503/205 3446/8504/205 3468/8505/205 3465/8506/205
f 3448/8507/207 3444/8508/207 3466/8509/207 3467/8510/207
f 3454/8511/205 3456/8512/205 3471/8513/205 3472/8514/205
f 3452/8515/207 3450/8516/207 3469/8517/207 3470/8518/207
f 3446/8519/208 3448/8520/208 3467/8521/208 3468/8522/208
f 3444/8523/206 3442/8524/206 3465/8525/206 3466/8526/206
f 3477/8527/207 3478/8528/207 3474/8529/207 3473/8530/207
f 3481/8531/210 3485/8532/210 3479/8533/210 3478/8534/210
f 3480/8535/208 3477/8536/208 3473/8537/208 3476/8538/208
f 3478/8539/206 3479/8540/206 3475/8541/206 3474/8542/206
f 3479/8543/205 3480/8544/205 3476/8545/205 3475/8546/205
f 3474/8547/210 3475/8548/210 3476/8549/210 3473/8550/210
f 3484/8551/208 3483/8552/208 3487/8553/208 3488/8554/208
f 3483/8555/210 3481/8531/210 3478/8534/210 3477/8556/210
f 3487/8557/210 3483/8555/210 3477/8556/210 3480/8558/210
f 3485/8532/210 3487/8557/210 3480/8558/210 3479/8533/210
f 3488/8559/205 3487/8560/205 3485/8561/205 3486/8562/205
f 3482/8563/207 3481/8564/207 3483/8565/207 3484/8566/207
f 3486/8567/206 3485/8568/206 3481/8569/206 3482/8570/206
f 3486/8571/209 3482/8572/209 3484/8573/209 3488/8574/209
f 3489/8575/205 3490/8576/205 3492/8577/205 3491/8578/205
f 3491/8579/206 3492/8580/206 3496/8581/206 3495/8582/206
f 3495/8583/207 3496/8584/207 3494/8585/207 3493/8586/207
f 3493/8587/208 3494/8588/208 3490/8589/208 3489/8590/208
f 3491/8591/209 3495/8592/209 3493/8593/209 3489/8594/209
f 3492/8595/210 3490/8596/210 3497/8597/210 3498/8598/210
f 3497/8599/208 3500/8600/208 3504/8601/208 3501/8602/208
f 3490/8596/210 3494/8603/210 3500/8604/210 3497/8597/210
f 3496/8605/210 3492/8595/210 3498/8598/210 3499/8606/210
f 3494/8603/210 3496/8605/210 3499/8606/210 3500/8604/210
f 3503/8607/210 3502/8608/210 3501/8609/210 3504/8610/210
f 3499/8611/206 3498/8612/206 3502/8613/206 3503/8614/206
f 3500/8615/207 3499/8616/207 3503/8617/207 3504/8618/207
f 3498/8619/205 3497/8620/205 3501/8621/205 3502/8622/205
f 3509/8623/207 3510/8624/207 3506/8625/207 3505/8626/207
f 3513/8627/210 3517/8628/210 3511/8629/210 3510/8630/210
f 3512/8631/208 3509/8632/208 3505/8633/208 3508/8634/208
f 3510/8635/206 3511/8636/206 3507/8637/206 3506/8638/206
f 3511/8639/205 3512/8640/205 3508/8641/205 3507/8642/205
f 3506/8643/210 3507/8644/210 3508/8645/210 3505/8646/210
f 3516/8647/208 3515/8648/208 3519/8649/208 3520/8650/208
f 3515/8651/210 3513/8627/210 3510/8630/210 3509/8652/210
f 3519/8653/210 3515/8651/210 3509/8652/210 3512/8654/210
f 3517/8628/210 3519/8653/210 3512/8654/210 3511/8629/210
f 3520/8655/205 3519/8656/205 3517/8657/205 3518/8658/205
f 3514/8659/207 3513/8660/207 3515/8661/207 3516/8662/207
f 3518/8663/206 3517/8664/206 3513/8665/206 3514/8666/206
f 3518/8667/209 3514/8668/209 3516/8669/209 3520/8670/209
f 3521/8671/206 3522/8672/206 3524/8673/206 3523/8674/206
f 3523/8675/207 3524/8676/207 3528/8677/207 3527/8678/207
f 3527/8679/208 3528/8680/208 3526/8681/208 3525/8682/208
f 3525/8683/205 3526/8684/205 3522/8685/205 3521/8686/205
f 3523/8687/209 3527/8688/209 3525/8689/209 3521/8690/209
f 3528/8691/210 3524/8692/210 3522/8693/210 3526/8694/210
o 立方体.016_立方体.017
v 0.380548 0.247907 0.984919
v 0.350112 0.247907 1.015355
v 0.347296 0.733625 1.008556
v 0.373749 0.733625 0.982103
v 0.218947 0.247907 1.015355
v 0.188510 0.247907 0.984919
v 0.195310 0.733625 0.982103
v 0.221763 0.733625 1.008556
v 0.350112 0.247907 0.691680
v 0.380548 0.247907 0.722116
v 0.373749 0.733625 0.724933
v 0.347295 0.733625 0.698479
v 0.188510 0.247907 0.722116
v 0.218947 0.247907 0.691680
v 0.221763 0.733625 0.698479
v 0.195310 0.733625 0.724933
v 0.380548 0.247907 0.853518
v 0.373749 0.733625 0.853518
v 0.188510 0.247907 0.853518
v 0.195310 0.733625 0.853518
v 0.380548 0.685173 0.984919
v 0.350112 0.685173 1.015355
v 0.188510 0.685173 0.984919
v 0.218947 0.685173 1.015355
v 0.218947 0.685173 0.691680
v 0.188510 0.685173 0.722116
v 0.380548 0.685173 0.722116
v 0.350112 0.685173 0.691680
v 0.380548 0.685173 0.853518
v 0.188510 0.685173 0.853518
v 0.380548 0.718720 0.984919
v 0.218947 0.718720 1.015355
v 0.188510 0.718720 0.722116
v 0.350112 0.718720 0.691680
v 0.350112 0.718720 1.015355
v 0.188510 0.718720 0.984919
v 0.218947 0.718720 0.691680
v 0.380548 0.718720 0.722116
v 0.380548 0.718720 0.853518
v 0.188510 0.718720 0.853518
v 0.346188 0.718720 1.005883
v 0.346188 0.685173 1.005883
v 0.197983 0.718720 0.980995
v 0.197983 0.685173 0.980995
v 0.222870 0.718720 0.701153
v 0.222870 0.685173 0.701153
v 0.371076 0.718720 0.726040
v 0.371076 0.685173 0.726040
v 0.370295 0.718720 0.853518
v 0.370295 0.685173 0.853518
v 0.198763 0.718720 0.853518
v 0.198763 0.685173 0.853518
v 0.346188 0.685173 0.701153
v 0.197983 0.685173 0.726040
v 0.222870 0.685173 1.005883
v 0.371076 0.685173 0.980995
v 0.371076 0.718720 0.980995
v 0.222870 0.718720 1.005883
v 0.197983 0.718720 0.726040
v 0.346188 0.718720 0.701153
v 0.380548 0.733625 0.984919
v 0.350112 0.733625 1.015355
v 0.218947 0.733625 1.015355
v 0.188510 0.733625 0.984919
v 0.188510 0.733625 0.722116
v 0.218947 0.733625 0.691680
v 0.350112 0.733625 0.691680
v 0.380548 0.733625 0.722116
v 0.380548 0.733625 0.853518
v 0.188510 0.733625 0.853518
v 0.373749 0.724141 0.982103
v 0.347296 0.724141 1.008556
v 0.221763 0.724141 1.008556
v 0.195310 0.724141 0.982103
v 0.195310 0.724141 0.724933
v 0.221763 0.724141 0.698479
v 0.347295 0.724141 0.698479
v 0.373749 0.724141 0.724933
v 0.373749 0.724141 0.853518
v 0.195310 0.724141 0.853518
v 0.380548 -0.000638 0.984919
v 0.350112 -0.000638 1.015355
v 0.218947 -0.000638 1.015355
v 0.188510 -0.000638 0.984919
v 0.350112 -0.000638 0.691680
v 0.380548 -0.000638 0.722116
v 0.188510 -0.000638 0.722116
v 0.218947 -0.000638 0.691680
v 0.380548 -0.000638 0.853518
v 0.188510 -0.000638 0.853518
vt 0.356429 0.972049
vt 0.356429 0.978376
vt 0.308220 0.978376
vt 0.308220 0.972049
vt 0.398484 0.968417
vt 0.398484 0.974744
vt 0.360372 0.974744
vt 0.360372 0.968417
vt 0.090948 0.149226
vt 0.090948 0.226391
vt 0.086427 0.226391
vt 0.086427 0.149226
vt 0.360282 0.968417
vt 0.360282 0.974744
vt 0.398574 0.974744
vt 0.398574 0.968417
vt 0.405123 0.971784
vt 0.405123 0.978111
vt 0.454145 0.978111
vt 0.454145 0.971784
vt 0.351116 0.971784
vt 0.351116 0.978111
vt 0.337395 0.978111
vt 0.337395 0.971784
vt 0.448240 0.956913
vt 0.448240 0.772739
vt 0.434520 0.772739
vt 0.434520 0.956913
vt 0.424458 0.957545
vt 0.424458 0.773371
vt 0.410737 0.773371
vt 0.410737 0.957545
vt 0.410737 0.957545
vt 0.410737 0.773371
vt 0.424458 0.773371
vt 0.424458 0.957545
vt 0.356429 0.902587
vt 0.308220 0.902587
vt 0.308220 0.792101
vt 0.356429 0.792101
vt 0.453798 0.971784
vt 0.453799 0.978111
vt 0.405590 0.978111
vt 0.405590 0.971784
vt 0.308081 0.971784
vt 0.308081 0.978111
vt 0.357102 0.978111
vt 0.357102 0.971784
vt 0.308081 0.773371
vt 0.308081 0.957545
vt 0.357102 0.957545
vt 0.357102 0.773371
vt 0.453799 0.773371
vt 0.453799 0.957545
vt 0.405590 0.957545
vt 0.405590 0.773371
vt 0.178305 0.236915
vt 0.154082 0.236915
vt 0.154807 0.234713
vt 0.177580 0.234713
vt 0.148461 0.199291
vt 0.148461 0.229839
vt 0.150211 0.228927
vt 0.150355 0.199291
vt 0.183925 0.168742
vt 0.178305 0.161666
vt 0.177580 0.163868
vt 0.182176 0.169654
vt 0.351116 0.773371
vt 0.351116 0.957545
vt 0.337395 0.957545
vt 0.337395 0.773371
vt 0.405123 0.773371
vt 0.405123 0.957545
vt 0.454145 0.957545
vt 0.454145 0.773371
vt 0.360282 0.770004
vt 0.360282 0.954177
vt 0.398574 0.954177
vt 0.398574 0.770004
vt 0.398484 0.770004
vt 0.398484 0.954177
vt 0.360372 0.954177
vt 0.360372 0.770004
vt 0.356429 0.773636
vt 0.356429 0.957810
vt 0.308220 0.957810
vt 0.308220 0.773636
vt 0.448240 0.977480
vt 0.448240 0.971153
vt 0.434520 0.971153
vt 0.434520 0.977480
vt 0.424458 0.978111
vt 0.424458 0.971784
vt 0.410737 0.971784
vt 0.410737 0.978111
vt 0.410737 0.978111
vt 0.410737 0.971784
vt 0.424458 0.971784
vt 0.424458 0.978111
vt 0.183925 0.168742
vt 0.183925 0.199291
vt 0.182032 0.199291
vt 0.182176 0.169654
vt 0.154082 0.161666
vt 0.154807 0.163868
vt 0.178305 0.236915
vt 0.183925 0.229839
vt 0.182176 0.228927
vt 0.177580 0.234713
vt 0.148461 0.229839
vt 0.150211 0.228927
vt 0.154082 0.236915
vt 0.154807 0.234713
vt 0.183925 0.229839
vt 0.182176 0.228927
vt 0.183925 0.199291
vt 0.182032 0.199291
vt 0.410737 0.971784
vt 0.410737 0.957545
vt 0.424458 0.957545
vt 0.424458 0.971784
vt 0.424458 0.971784
vt 0.424458 0.957545
vt 0.410737 0.957545
vt 0.410737 0.971784
vt 0.448240 0.971153
vt 0.448240 0.956913
vt 0.434520 0.956913
vt 0.434520 0.971153
vt 0.308081 0.957545
vt 0.308081 0.971784
vt 0.357102 0.971784
vt 0.357102 0.957545
vt 0.453799 0.957545
vt 0.453798 0.971784
vt 0.405590 0.971784
vt 0.405590 0.957545
vt 0.351116 0.957545
vt 0.351116 0.971784
vt 0.337395 0.971784
vt 0.337395 0.957545
vt 0.405123 0.957545
vt 0.405123 0.971784
vt 0.454145 0.971784
vt 0.454145 0.957545
vt 0.360282 0.954177
vt 0.360282 0.968417
vt 0.398574 0.968417
vt 0.398574 0.954177
vt 0.398484 0.954177
vt 0.398484 0.968417
vt 0.360372 0.968417
vt 0.360372 0.954177
vt 0.356429 0.957810
vt 0.356429 0.972049
vt 0.308220 0.972049
vt 0.308220 0.957810
vt 0.148461 0.168742
vt 0.150211 0.169654
vt 0.154082 0.161666
vt 0.178305 0.161666
vt 0.177580 0.163868
vt 0.154807 0.163868
vt 0.148461 0.199291
vt 0.148461 0.168742
vt 0.150211 0.169654
vt 0.150355 0.199291
vt 0.467471 0.069011
vt 0.458192 0.054236
vt 0.459180 0.050438
vt 0.469855 0.067438
vt 0.414164 0.054236
vt 0.404886 0.069011
vt 0.402501 0.067438
vt 0.413176 0.050438
vt 0.404886 0.212655
vt 0.414164 0.227431
vt 0.413176 0.231229
vt 0.402501 0.214228
vt 0.458192 0.227431
vt 0.467471 0.212655
vt 0.469855 0.214228
vt 0.459180 0.231229
vt 0.467471 0.140833
vt 0.469855 0.140833
vt 0.404886 0.140833
vt 0.402501 0.140833
vt 0.414164 0.227431
vt 0.404886 0.212655
vt 0.404886 0.140833
vt 0.404886 0.069011
vt 0.414164 0.054236
vt 0.458192 0.054236
vt 0.467471 0.069011
vt 0.467471 0.140833
vt 0.467471 0.212655
vt 0.458192 0.227431
vt 0.090948 0.111560
vt 0.090948 0.186893
vt 0.086427 0.186893
vt 0.086427 0.111560
vt 0.090948 0.242266
vt 0.086427 0.242266
vt 0.090948 0.149226
vt 0.090948 0.072061
vt 0.086427 0.072061
vt 0.086427 0.149226
vt 0.090948 0.226391
vt 0.086427 0.226391
vt 0.090948 0.056186
vt 0.090948 0.072061
vt 0.086427 0.072061
vt 0.086427 0.056186
vt 0.090948 0.186893
vt 0.090948 0.111560
vt 0.086427 0.111560
vt 0.086427 0.186893
vt 0.090948 0.056186
vt 0.086427 0.056186
vt 0.090948 0.242266
vt 0.086427 0.242266
vt 0.125000 0.539623
vt 0.148508 0.500000
vt 0.250000 0.500000
vt 0.351492 0.500000
vt 0.375000 0.539623
vt 0.375000 0.710377
vt 0.351492 0.750000
vt 0.250000 0.750000
vt 0.148508 0.750000
vt 0.125000 0.710377
vt 0.360282 0.906219
vt 0.398574 0.906219
vt 0.398574 0.795733
vt 0.360282 0.795733
vt 0.434520 0.903483
vt 0.448240 0.903483
vt 0.448240 0.792997
vt 0.434520 0.792997
vt 0.308081 0.902852
vt 0.357102 0.902852
vt 0.357102 0.792366
vt 0.308081 0.792366
vt 0.410737 0.902852
vt 0.424458 0.902852
vt 0.424458 0.792366
vt 0.410737 0.792366
vt 0.351116 0.902852
vt 0.337395 0.902852
vt 0.337395 0.792366
vt 0.351116 0.792366
vt 0.405123 0.902852
vt 0.454145 0.902852
vt 0.454145 0.792366
vt 0.405123 0.792366
vt 0.453799 0.902852
vt 0.405590 0.902852
vt 0.405590 0.792366
vt 0.453799 0.792366
vt 0.424458 0.902852
vt 0.410737 0.902852
vt 0.410737 0.792366
vt 0.424458 0.792366
vt 0.398484 0.906219
vt 0.360372 0.906219
vt 0.360372 0.795733
vt 0.398484 0.795733
vn 1.0000 0.0000 0.0000
vn 0.0000 0.0000 -1.0000
vn 0.0000 0.0000 1.0000
vn -1.0000 0.0000 0.0000
vn 0.7071 0.0000 0.7071
vn -0.7071 0.0000 0.7071
vn -0.7071 0.0000 -0.7071
vn 0.7071 0.0000 -0.7071
vn 0.0000 1.0000 0.0000
vn 0.0000 -1.0000 0.0000
vn -1.0000 0.0000 -0.0061
vn 1.0000 0.0000 0.0061
vn -1.0000 0.0000 0.0061
vn 1.0000 0.0000 -0.0061
usemtl 1
s off
f 3567/8695/211 3597/8696/211 3589/8697/211 3559/8698/211
f 3565/8699/212 3594/8700/212 3595/8701/212 3562/8702/212
f 3548/8703/211 3535/8704/211 3602/8705/211 3608/8706/211
f 3563/8707/213 3590/8708/213 3591/8709/213 3560/8710/213
f 3568/8711/214 3598/8712/214 3593/8713/214 3561/8714/214
f 3559/8715/215 3589/8716/215 3590/8717/215 3563/8718/215
f 3551/8719/216 3534/8720/216 3533/8721/216 3552/8722/216
f 3553/8723/217 3542/8724/217 3541/8725/217 3554/8726/217
f 3555/8727/218 3538/8728/218 3537/8729/218 3556/8730/218
f 3545/8731/211 3529/8732/211 3609/8733/211 3617/8734/211
f 3566/8735/211 3596/8736/211 3597/8737/211 3567/8738/211
f 3564/8739/214 3592/8740/214 3598/8741/214 3568/8742/214
f 3534/8743/214 3551/8744/214 3558/8745/214 3547/8746/214
f 3538/8747/211 3555/8748/211 3557/8749/211 3545/8750/211
f 3552/8751/219 3550/8752/219 3570/8753/219 3583/8754/219
f 3567/8755/220 3559/8756/220 3585/8757/220 3577/8758/220
f 3561/8759/220 3565/8760/220 3573/8761/220 3587/8762/220
f 3529/8763/215 3549/8764/215 3550/8765/215 3530/8766/215
f 3547/8767/214 3558/8768/214 3554/8769/214 3541/8770/214
f 3530/8771/213 3550/8772/213 3552/8773/213 3533/8774/213
f 3542/8775/212 3553/8776/212 3556/8777/212 3537/8778/212
f 3545/8779/211 3557/8780/211 3549/8781/211 3529/8782/211
f 3592/8783/216 3564/8784/216 3560/8785/216 3591/8786/216
f 3594/8787/217 3565/8788/217 3561/8789/217 3593/8790/217
f 3596/8791/218 3566/8792/218 3562/8793/218 3595/8794/218
f 3554/8795/219 3558/8796/219 3580/8797/219 3582/8798/219
f 3565/8760/220 3562/8799/220 3588/8800/220 3573/8761/220
f 3560/8801/220 3564/8802/220 3571/8803/220 3586/8804/220
f 3550/8752/219 3549/8805/219 3584/8806/219 3570/8753/219
f 3563/8807/220 3560/8801/220 3586/8804/220 3569/8808/220
f 3551/8809/219 3552/8751/219 3583/8754/219 3572/8810/219
f 3568/8811/220 3561/8759/220 3587/8762/220 3579/8812/220
f 3575/8813/218 3576/8814/218 3581/8815/218 3588/8816/218
f 3573/8817/217 3574/8818/217 3582/8819/217 3587/8820/217
f 3571/8821/216 3572/8822/216 3583/8823/216 3586/8824/216
f 3572/8825/221 3571/8826/221 3579/8827/221 3580/8828/221
f 3576/8829/222 3575/8830/222 3577/8831/222 3578/8832/222
f 3584/8833/215 3585/8834/215 3569/8835/215 3570/8836/215
f 3580/8837/223 3579/8838/223 3587/8839/223 3582/8840/223
f 3570/8841/213 3569/8842/213 3586/8843/213 3583/8844/213
f 3574/8845/212 3573/8846/212 3588/8847/212 3581/8848/212
f 3578/8849/224 3577/8850/224 3585/8851/224 3584/8852/224
f 3562/8799/220 3566/8853/220 3575/8854/220 3588/8800/220
f 3558/8796/219 3551/8809/219 3572/8810/219 3580/8797/219
f 3556/8855/219 3553/8856/219 3574/8857/219 3581/8858/219
f 3564/8802/220 3568/8811/220 3579/8812/220 3571/8803/220
f 3557/8859/219 3555/8860/219 3576/8861/219 3578/8862/219
f 3549/8805/219 3557/8859/219 3578/8862/219 3584/8806/219
f 3566/8853/220 3567/8755/220 3577/8758/220 3575/8854/220
f 3555/8860/219 3556/8855/219 3581/8858/219 3576/8861/219
f 3559/8756/220 3563/8807/220 3569/8808/220 3585/8757/220
f 3553/8856/219 3554/8795/219 3582/8798/219 3574/8857/219
f 3532/8863/219 3531/8864/219 3590/8865/219 3589/8866/219
f 3536/8867/219 3535/8868/219 3592/8869/219 3591/8870/219
f 3544/8871/219 3543/8872/219 3594/8873/219 3593/8874/219
f 3540/8875/219 3539/8876/219 3596/8877/219 3595/8878/219
f 3531/8864/219 3536/8867/219 3591/8870/219 3590/8865/219
f 3546/8879/219 3532/8863/219 3589/8866/219 3597/8880/219
f 3543/8872/219 3540/8875/219 3595/8878/219 3594/8873/219
f 3535/8868/219 3548/8881/219 3598/8882/219 3592/8869/219
f 3539/8876/219 3546/8879/219 3597/8880/219 3596/8877/219
f 3548/8881/219 3544/8871/219 3593/8874/219 3598/8882/219
f 3604/8883/219 3603/8884/219 3608/8885/219 3602/8886/219 3601/8887/219 3600/8888/219 3599/8889/219 3607/8890/219 3606/8891/219 3605/8892/219
f 3536/8893/212 3531/8894/212 3600/8895/212 3601/8896/212
f 3535/8704/218 3536/8897/218 3601/8898/218 3602/8705/218
f 3546/8899/214 3539/8900/214 3606/8901/214 3607/8902/214
f 3532/8903/214 3546/8899/214 3607/8902/214 3599/8904/214
f 3543/8905/215 3544/8906/215 3603/8907/215 3604/8908/215
f 3544/8906/211 3548/8703/211 3608/8706/211 3603/8907/211
f 3540/8909/213 3543/8910/213 3604/8911/213 3605/8912/213
f 3539/8900/216 3540/8913/216 3605/8914/216 3606/8901/216
f 3531/8915/217 3532/8903/217 3599/8904/217 3600/8916/217
f 3611/8917/220 3612/8918/220 3618/8919/220 3615/8920/220 3616/8921/220 3613/8922/220 3614/8923/220 3617/8924/220 3609/8925/220 3610/8926/220
f 3530/8927/213 3533/8928/213 3611/8929/213 3610/8930/213
f 3533/8931/216 3534/8932/216 3612/8933/216 3611/8934/216
f 3534/8935/214 3547/8936/214 3618/8937/214 3612/8938/214
f 3541/8939/217 3542/8940/217 3616/8941/217 3615/8942/217
f 3529/8943/215 3530/8944/215 3610/8945/215 3609/8946/215
f 3547/8947/214 3541/8948/214 3615/8949/214 3618/8950/214
f 3538/8951/211 3545/8952/211 3617/8953/211 3614/8954/211
f 3537/8955/218 3538/8956/218 3614/8957/218 3613/8958/218
f 3542/8959/212 3537/8960/212 3613/8961/212 3616/8962/212
o 立方体.018_立方体
v -1.223817 0.123217 1.045053
v -1.223817 0.518648 1.045053
v -1.223817 0.123217 0.801087
v -1.223817 0.518648 0.801087
v -0.979851 0.123217 1.045053
v -0.979851 0.518648 1.045053
v -0.979851 0.123217 0.801087
v -0.979851 0.518648 0.801087
v -1.223817 0.088924 0.801087
v -1.223817 0.088924 1.045053
v -0.979851 0.088924 0.801087
v -0.979851 0.088924 1.045053
v -1.223817 -0.006084 0.801087
v -1.223817 -0.006084 1.045053
v -0.979851 -0.006084 0.801087
v -0.979851 -0.006084 1.045053
v -1.223817 0.043482 1.045053
v -0.979851 0.043482 1.045053
v -0.979851 0.043482 0.801087
v -1.223817 0.043482 0.801087
v -1.223817 0.590999 1.045053
v -1.223817 0.590999 0.801087
v -0.979851 0.590999 0.801087
v -0.979851 0.590999 1.045053
v -1.223817 0.533337 1.045053
v -1.223817 0.533337 0.801087
v -0.979851 0.533337 1.045053
v -0.979851 0.533337 0.801087
v -1.223817 0.581706 1.045053
v -0.979851 0.581706 1.045053
v -1.223817 0.581706 0.801087
v -0.979851 0.581706 0.801087
v -1.223817 0.571203 0.801087
v -0.979851 0.571203 0.801087
v -1.223817 0.571203 1.045053
v -0.979851 0.571203 1.045053
v -1.223817 0.510428 1.045053
v -1.223817 0.510428 0.801087
v -0.979851 0.510428 0.801087
v -0.979851 0.510428 1.045053
v -1.227674 0.590999 1.048910
v -1.227674 0.590999 0.797230
v -0.975993 0.590999 0.797230
v -0.975993 0.590999 1.048910
v -1.221766 0.620394 1.043002
v -1.221766 0.620394 0.803138
v -0.981902 0.620394 0.803138
v -0.981902 0.620394 1.043002
v -1.227674 0.620394 1.048910
v -1.227674 0.620394 0.797230
v -0.975993 0.620394 0.797230
v -0.975993 0.620394 1.048910
v -1.221766 0.606884 1.043002
v -1.221766 0.606884 0.803138
v -0.981902 0.606884 0.803138
v -0.981902 0.606884 1.043002
v -1.193480 0.605972 1.021178
v -1.183293 0.626086 1.010991
v -1.193480 0.605972 0.956959
v -1.183293 0.626086 0.967146
v -1.129261 0.605972 1.021178
v -1.139448 0.626086 1.010991
v -1.129261 0.605972 0.956959
v -1.139448 0.626086 0.967146
v -1.118915 0.605972 1.021178
v -1.108728 0.626086 1.010991
v -1.118915 0.605972 0.956959
v -1.108728 0.626086 0.967146
v -1.054696 0.605972 1.021178
v -1.064883 0.626086 1.010991
v -1.054696 0.605972 0.956959
v -1.064883 0.626086 0.967146
v -1.193480 0.626086 1.021178
v -1.193480 0.626086 0.956959
v -1.129261 0.626086 0.956959
v -1.129261 0.626086 1.021178
v -1.118915 0.626086 1.021178
v -1.118915 0.626086 0.956959
v -1.054696 0.626086 0.956959
v -1.054696 0.626086 1.021178
v -1.183293 0.632915 1.010991
v -1.183293 0.632915 0.967146
v -1.139448 0.632915 0.967146
v -1.139448 0.632915 1.010991
v -1.108728 0.632915 1.010991
v -1.108728 0.632915 0.967146
v -1.064883 0.632915 0.967146
v -1.064883 0.632915 1.010991
v -1.225126 0.603392 0.913049
v -1.225126 0.611825 0.913049
v -1.225126 0.603392 0.883443
v -1.225126 0.611825 0.883443
v -0.978710 0.603392 0.913049
v -0.978710 0.611825 0.913049
v -0.978710 0.603392 0.883443
v -0.978710 0.611825 0.883443
v -1.036929 0.607211 0.978877
v -1.036929 0.628306 0.978877
v -1.036929 0.607211 0.954553
v -1.036929 0.628306 0.954553
v -0.999914 0.607211 0.978877
v -0.999914 0.628306 0.978877
v -0.999914 0.607211 0.954553
v -0.999914 0.628306 0.954553
v -1.033223 0.628306 0.976442
v -1.033223 0.628306 0.956989
v -1.003619 0.628306 0.956989
v -1.003619 0.628306 0.976442
v -1.033223 0.630804 0.976442
v -1.033223 0.630804 0.956989
v -1.003619 0.630804 0.956989
v -1.003619 0.630804 0.976442
v -1.157903 0.607211 0.869440
v -1.157903 0.628306 0.869440
v -1.191369 0.607211 0.869440
v -1.191369 0.628306 0.869440
v -1.157903 0.607211 0.832424
v -1.157903 0.628306 0.832424
v -1.191369 0.607211 0.832424
v -1.191369 0.628306 0.832424
v -1.161254 0.628306 0.865734
v -1.188019 0.628306 0.865734
v -1.188019 0.628306 0.836130
v -1.161254 0.628306 0.836130
v -1.161254 0.630804 0.865734
v -1.188019 0.630804 0.865734
v -1.188019 0.630804 0.836130
v -1.161254 0.630804 0.836130
vt 0.626522 0.345504
vt 0.626522 0.338982
vt 0.718593 0.338982
vt 0.718593 0.345504
vt 0.810665 0.338982
vt 0.810665 0.345504
vt 0.653523 0.345504
vt 0.653523 0.338982
vt 0.745594 0.338982
vt 0.745594 0.345504
vt 0.837666 0.338982
vt 0.837666 0.345504
vt 0.745594 0.498670
vt 0.837666 0.498670
vt 0.837666 0.492006
vt 0.745594 0.492006
vt 0.718593 0.355432
vt 0.626522 0.355432
vt 0.626522 0.360411
vt 0.718593 0.360411
vt 0.745594 0.477993
vt 0.837666 0.477993
vt 0.837666 0.485783
vt 0.745594 0.485783
vt 0.718593 0.498670
vt 0.810665 0.498670
vt 0.810665 0.492006
vt 0.718593 0.492006
vt 0.626522 0.498670
vt 0.626522 0.492006
vt 0.653523 0.498670
vt 0.653523 0.492006
vt 0.125000 0.500000
vt 0.375000 0.500000
vt 0.375000 0.750000
vt 0.125000 0.750000
vt 0.718593 0.477993
vt 0.810665 0.477993
vt 0.810665 0.485783
vt 0.718593 0.485783
vt 0.653523 0.477993
vt 0.653523 0.485783
vt 0.626522 0.477993
vt 0.626522 0.485783
vt 0.626522 0.461723
vt 0.718593 0.461723
vt 0.653523 0.461723
vt 0.745594 0.461723
vt 0.810665 0.461723
vt 0.837666 0.461723
vt 0.837666 0.360411
vt 0.745594 0.360411
vt 0.745594 0.360411
vt 0.837666 0.360411
vt 0.837666 0.355432
vt 0.745594 0.355432
vt 0.810665 0.355432
vt 0.810665 0.360411
vt 0.653523 0.355432
vt 0.653523 0.360411
vt 0.653523 0.350452
vt 0.745594 0.350452
vt 0.718593 0.350452
vt 0.810665 0.350452
vt 0.837666 0.350452
vt 0.626522 0.350452
vt 0.745594 0.352278
vt 0.653523 0.352278
vt 0.810665 0.352278
vt 0.718593 0.352278
vt 0.837666 0.352278
vt 0.626522 0.352278
vt 0.718593 0.489610
vt 0.626522 0.489610
vt 0.626522 0.499817
vt 0.718593 0.499817
vt 0.718593 0.360411
vt 0.810665 0.360411
vt 0.653523 0.360411
vt 0.626522 0.360411
vt 0.081611 0.183485
vt 0.081611 0.065321
vt 0.075904 0.065321
vt 0.075904 0.183485
vt 0.837666 0.489610
vt 0.745594 0.489610
vt 0.745594 0.499817
vt 0.837666 0.499817
vt 0.810665 0.489610
vt 0.810665 0.499817
vt 0.653523 0.489610
vt 0.653523 0.499817
vt 0.152809 0.156690
vt 0.152809 0.188362
vt 0.152190 0.189142
vt 0.152190 0.155910
vt 0.177967 0.188362
vt 0.178587 0.189142
vt 0.177967 0.156690
vt 0.178587 0.155910
vt 0.106330 0.139544
vt 0.047122 0.139544
vt 0.047122 0.065006
vt 0.106330 0.065006
vt 0.081611 0.065321
vt 0.081611 0.183485
vt 0.075904 0.183485
vt 0.075904 0.065321
vt 0.081611 0.065321
vt 0.075904 0.065321
vt 0.081611 0.183485
vt 0.075904 0.183485
vt 0.391102 0.175202
vt 0.401166 0.175202
vt 0.401166 0.110760
vt 0.391102 0.110760
vt 0.413001 0.175202
vt 0.423066 0.175202
vt 0.423066 0.110760
vt 0.413001 0.110760
vt 0.401202 0.110760
vt 0.411266 0.110760
vt 0.411266 0.175202
vt 0.401202 0.175202
vt 0.423101 0.110760
vt 0.433165 0.110760
vt 0.433165 0.175202
vt 0.423101 0.175202
vt 0.413262 0.168878
vt 0.413262 0.119578
vt 0.374102 0.119578
vt 0.374102 0.168878
vt 0.477506 0.167814
vt 0.477506 0.131985
vt 0.482292 0.131985
vt 0.482292 0.167814
vt 0.391102 0.175202
vt 0.401166 0.175202
vt 0.401166 0.110760
vt 0.391102 0.110760
vt 0.413001 0.175202
vt 0.423066 0.175202
vt 0.423066 0.110760
vt 0.413001 0.110760
vt 0.401202 0.110760
vt 0.411266 0.110760
vt 0.411266 0.175202
vt 0.401202 0.175202
vt 0.423101 0.110760
vt 0.433165 0.110760
vt 0.433165 0.175202
vt 0.423101 0.175202
vt 0.413262 0.168878
vt 0.413262 0.119578
vt 0.374102 0.119578
vt 0.374102 0.168878
vt 0.477506 0.131985
vt 0.477506 0.167814
vt 0.482292 0.167814
vt 0.482292 0.131985
vt 0.384576 0.165578
vt 0.459211 0.165578
vt 0.476552 0.175958
vt 0.367234 0.175958
vt 0.459211 0.120902
vt 0.476552 0.110522
vt 0.384576 0.120902
vt 0.367234 0.110522
vt 0.384576 0.165578
vt 0.459211 0.165578
vt 0.476552 0.175958
vt 0.367234 0.175958
vt 0.459211 0.120902
vt 0.476552 0.110522
vt 0.384576 0.120902
vt 0.367234 0.110522
vt 0.420638 0.050749
vt 0.420638 0.110681
vt 0.369938 0.110681
vt 0.369938 0.050749
vt 0.420638 0.177690
vt 0.420638 0.237622
vt 0.369938 0.237622
vt 0.369938 0.177690
vt 0.477506 0.228747
vt 0.477506 0.192918
vt 0.482292 0.192918
vt 0.482292 0.228747
vt 0.477506 0.192918
vt 0.477506 0.228747
vt 0.482292 0.228747
vt 0.482292 0.192918
vt 0.477506 0.162452
vt 0.477506 0.198281
vt 0.482292 0.198281
vt 0.482292 0.162452
vt 0.477506 0.198281
vt 0.477506 0.162452
vt 0.482292 0.162452
vt 0.482292 0.198281
vt 0.477506 0.198281
vt 0.477506 0.162452
vt 0.482292 0.162452
vt 0.482292 0.198281
vt 0.477506 0.162452
vt 0.477506 0.198281
vt 0.482292 0.198281
vt 0.482292 0.162452
vt 0.204622 0.128110
vt 0.204622 0.128110
vt 0.204622 0.087363
vt 0.204622 0.087363
vt 0.152618 0.087363
vt 0.152618 0.087363
vt 0.152618 0.128110
vt 0.152618 0.128110
vt 0.275853 0.054537
vt 0.275853 0.119729
vt 0.324116 0.119729
vt 0.324116 0.054537
vt 0.278208 0.078057
vt 0.278208 0.143249
vt 0.351653 0.143249
vt 0.351653 0.078057
vt 0.339062 0.078057
vt 0.339062 0.143249
vt 0.290799 0.143249
vt 0.290799 0.078057
vt 0.349162 0.054798
vt 0.349162 0.119990
vt 0.275717 0.119990
vt 0.275717 0.054798
vt 0.350195 0.198923
vt 0.274340 0.198923
vt 0.274340 0.249007
vt 0.350195 0.249007
vt 0.103240 0.236381
vt 0.076871 0.236381
vt 0.079511 0.231324
vt 0.100600 0.231324
vt 0.275717 0.119990
vt 0.349162 0.119990
vt 0.349162 0.119990
vt 0.275717 0.119990
vt 0.076871 0.185864
vt 0.079511 0.190921
vt 0.103240 0.185864
vt 0.100600 0.190921
vt 0.274340 0.198923
vt 0.350195 0.198923
vt 0.350195 0.249007
vt 0.274340 0.249007
vt 0.351653 0.143249
vt 0.278208 0.143249
vt 0.278208 0.143249
vt 0.351653 0.143249
vt 0.290799 0.143249
vt 0.339062 0.143249
vt 0.339062 0.143249
vt 0.290799 0.143249
vt 0.324116 0.119729
vt 0.275853 0.119729
vt 0.275853 0.119729
vt 0.324116 0.119729
vt 0.275853 0.054537
vt 0.275853 0.119729
vt 0.324116 0.119729
vt 0.324116 0.054537
vt 0.278208 0.078057
vt 0.278208 0.143249
vt 0.351653 0.143249
vt 0.351653 0.078057
vt 0.339062 0.078057
vt 0.339062 0.143249
vt 0.290799 0.143249
vt 0.290799 0.078057
vt 0.349162 0.054798
vt 0.349162 0.119990
vt 0.275717 0.119990
vt 0.275717 0.054798
vt 0.350195 0.198923
vt 0.274340 0.198923
vt 0.274340 0.249007
vt 0.350195 0.249007
vt 0.103240 0.236381
vt 0.076871 0.236381
vt 0.079511 0.231324
vt 0.100600 0.231324
vt 0.275717 0.119990
vt 0.349162 0.119990
vt 0.349162 0.119990
vt 0.275717 0.119990
vt 0.076871 0.185864
vt 0.079511 0.190921
vt 0.103240 0.185864
vt 0.100600 0.190921
vt 0.274340 0.198923
vt 0.350195 0.198923
vt 0.350195 0.249007
vt 0.274340 0.249007
vt 0.351653 0.143249
vt 0.278208 0.143249
vt 0.278208 0.143249
vt 0.351653 0.143249
vt 0.290799 0.143249
vt 0.339062 0.143249
vt 0.339062 0.143249
vt 0.290799 0.143249
vt 0.324116 0.119729
vt 0.275853 0.119729
vt 0.275853 0.119729
vt 0.324116 0.119729
vn -1.0000 0.0000 0.0000
vn 0.0000 0.0000 -1.0000
vn 1.0000 0.0000 0.0000
vn 0.0000 0.0000 1.0000
vn 0.0000 -1.0000 0.0000
vn 0.0000 1.0000 0.0000
usemtl 1
s off
f 3655/8963/225 3620/8964/225 3622/8965/225 3656/8966/225
f 3656/8966/226 3622/8965/226 3626/8967/226 3657/8968/226
f 3657/8969/227 3626/8970/227 3624/8971/227 3658/8972/227
f 3658/8972/228 3624/8971/228 3620/8973/228 3655/8974/228
f 3623/8975/228 3619/8976/228 3628/8977/228 3630/8978/228
f 3649/8979/225 3647/8980/225 3639/8981/225 3640/8982/225
f 3636/8983/228 3635/8984/228 3632/8985/228 3634/8986/228
f 3621/8987/226 3625/8988/226 3629/8989/226 3627/8990/226
f 3619/8991/225 3621/8987/225 3627/8990/225 3628/8992/225
f 3625/8993/227 3623/8975/227 3630/8978/227 3629/8994/227
f 3631/8995/229 3633/8996/229 3634/8997/229 3632/8998/229
f 3638/8999/226 3637/9000/226 3633/9001/226 3631/9002/226
f 3637/9003/227 3636/8983/227 3634/8986/227 3633/9004/227
f 3635/9005/225 3638/8999/225 3631/9002/225 3632/9006/225
f 3628/9007/225 3627/9008/225 3638/8999/225 3635/9005/225
f 3629/9009/227 3630/9010/227 3636/8983/227 3637/9003/227
f 3627/9008/226 3629/9011/226 3637/9000/226 3638/8999/226
f 3630/9010/228 3628/9012/228 3635/8984/228 3636/8983/228
f 3639/9013/229 3642/9014/229 3662/9015/229 3659/9016/229
f 3647/9017/228 3648/9018/228 3642/9014/228 3639/9013/228
f 3650/9019/226 3649/8979/226 3640/8982/226 3641/9020/226
f 3648/9018/227 3650/9021/227 3641/9022/227 3642/9014/227
f 3624/8971/227 3626/8970/227 3646/9023/227 3645/9024/227
f 3626/8967/226 3622/8965/226 3644/9025/226 3646/9026/226
f 3620/8973/228 3624/8971/228 3645/9024/228 3643/9027/228
f 3622/8965/225 3620/8964/225 3643/9028/225 3644/9025/225
f 3654/9029/227 3652/9030/227 3650/9021/227 3648/9018/227
f 3652/9031/226 3651/9032/226 3649/8979/226 3650/9019/226
f 3653/9033/228 3654/9029/228 3648/9018/228 3647/9017/228
f 3651/9032/225 3653/9034/225 3647/8980/225 3649/8979/225
f 3644/9025/225 3643/9028/225 3653/9034/225 3651/9032/225
f 3643/9027/228 3645/9024/228 3654/9029/228 3653/9033/228
f 3646/9026/226 3644/9025/226 3651/9032/226 3652/9031/226
f 3645/9024/227 3646/9023/227 3652/9030/227 3654/9029/227
f 3623/8975/228 3658/8972/228 3655/8974/228 3619/8976/228
f 3625/8993/227 3657/8969/227 3658/8972/227 3623/8975/227
f 3621/8987/226 3656/8966/226 3657/8968/226 3625/8988/226
f 3619/8991/225 3655/8963/225 3656/8966/225 3621/8987/225
f 3660/9035/225 3659/9036/225 3667/9037/225 3668/9038/225
f 3641/9020/229 3640/8982/229 3660/9039/229 3661/9040/229
f 3642/9014/229 3641/9022/229 3661/9041/229 3662/9015/229
f 3640/8982/229 3639/8981/229 3659/9042/229 3660/9039/229
f 3666/9043/225 3665/9044/225 3673/9045/225 3674/9046/225
f 3659/9047/228 3662/9048/228 3670/9049/228 3667/9050/228
f 3661/9051/226 3660/9035/226 3668/9038/226 3669/9052/226
f 3662/9048/227 3661/9053/227 3669/9054/227 3670/9049/227
f 3663/9055/230 3664/9056/230 3668/9057/230 3667/9058/230
f 3664/9056/230 3665/9059/230 3669/9060/230 3668/9057/230
f 3665/9059/230 3666/9061/230 3670/9062/230 3669/9060/230
f 3666/9061/230 3663/9055/230 3667/9058/230 3670/9062/230
f 3673/9063/230 3672/9064/230 3671/9065/230 3674/9066/230
f 3664/9067/227 3663/9068/227 3671/9069/227 3672/9070/227
f 3663/9068/226 3666/9071/226 3674/9072/226 3671/9069/226
f 3665/9044/228 3664/9073/228 3672/9074/228 3673/9045/228
f 3675/9075/225 3691/9076/225 3692/9077/225 3677/9078/225
f 3677/9079/226 3692/9080/226 3693/9081/226 3681/9082/226
f 3681/9083/227 3693/9084/227 3694/9085/227 3679/9086/227
f 3679/9087/228 3694/9088/228 3691/9089/228 3675/9090/228
f 3677/9091/229 3681/9092/229 3679/9093/229 3675/9094/229
f 3690/9095/226 3686/9096/226 3704/9097/226 3705/9098/226
f 3683/9099/225 3695/9100/225 3696/9101/225 3685/9102/225
f 3685/9103/226 3696/9104/226 3697/9105/226 3689/9106/226
f 3689/9107/227 3697/9108/227 3698/9109/227 3687/9110/227
f 3687/9111/228 3698/9112/228 3695/9113/228 3683/9114/228
f 3685/9115/229 3689/9116/229 3687/9117/229 3683/9118/229
f 3684/9119/228 3688/9120/228 3706/9121/228 3703/9122/228
f 3676/9123/230 3678/9124/230 3692/9125/230 3691/9126/230
f 3678/9124/230 3682/9127/230 3693/9128/230 3692/9125/230
f 3682/9127/230 3680/9129/230 3694/9130/230 3693/9128/230
f 3680/9129/230 3676/9123/230 3691/9126/230 3694/9130/230
f 3684/9131/230 3686/9132/230 3696/9133/230 3695/9134/230
f 3686/9132/230 3690/9135/230 3697/9136/230 3696/9133/230
f 3690/9135/230 3688/9137/230 3698/9138/230 3697/9136/230
f 3688/9137/230 3684/9131/230 3695/9134/230 3698/9138/230
f 3701/9139/230 3700/9140/230 3699/9141/230 3702/9142/230
f 3705/9143/230 3704/9144/230 3703/9145/230 3706/9146/230
f 3676/9147/228 3680/9148/228 3702/9149/228 3699/9150/228
f 3682/9151/226 3678/9152/226 3700/9153/226 3701/9154/226
f 3688/9155/227 3690/9156/227 3705/9157/227 3706/9158/227
f 3686/9159/225 3684/9160/225 3703/9161/225 3704/9162/225
f 3680/9163/227 3682/9164/227 3701/9165/227 3702/9166/227
f 3678/9167/225 3676/9168/225 3699/9169/225 3700/9170/225
f 3707/9171/225 3708/9172/225 3710/9173/225 3709/9174/225
f 3709/9174/226 3710/9173/226 3714/9175/226 3713/9176/226
f 3713/9176/227 3714/9175/227 3712/9177/227 3711/9178/227
f 3711/9178/228 3712/9177/228 3708/9172/228 3707/9171/228
f 3709/9174/229 3713/9176/229 3711/9178/229 3707/9171/229
f 3714/9175/230 3710/9173/230 3708/9172/230 3712/9177/230
f 3715/9179/225 3716/9180/225 3718/9181/225 3717/9182/225
f 3717/9183/226 3718/9184/226 3722/9185/226 3721/9186/226
f 3721/9187/227 3722/9188/227 3720/9189/227 3719/9190/227
f 3719/9191/228 3720/9192/228 3716/9193/228 3715/9194/228
f 3717/9195/229 3721/9196/229 3719/9197/229 3715/9198/229
f 3718/9199/230 3716/9200/230 3723/9201/230 3724/9202/230
f 3723/9203/228 3726/9204/228 3730/9205/228 3727/9206/228
f 3716/9200/230 3720/9207/230 3726/9208/230 3723/9201/230
f 3722/9209/230 3718/9199/230 3724/9202/230 3725/9210/230
f 3720/9207/230 3722/9209/230 3725/9210/230 3726/9208/230
f 3729/9211/230 3728/9212/230 3727/9213/230 3730/9214/230
f 3725/9215/226 3724/9216/226 3728/9217/226 3729/9218/226
f 3726/9219/227 3725/9220/227 3729/9221/227 3730/9222/227
f 3724/9223/225 3723/9224/225 3727/9225/225 3728/9226/225
f 3731/9227/228 3732/9228/228 3734/9229/228 3733/9230/228
f 3733/9231/225 3734/9232/225 3738/9233/225 3737/9234/225
f 3737/9235/226 3738/9236/226 3736/9237/226 3735/9238/226
f 3735/9239/227 3736/9240/227 3732/9241/227 3731/9242/227
f 3733/9243/229 3737/9244/229 3735/9245/229 3731/9246/229
f 3734/9247/230 3732/9248/230 3739/9249/230 3740/9250/230
f 3739/9251/227 3742/9252/227 3746/9253/227 3743/9254/227
f 3732/9248/230 3736/9255/230 3742/9256/230 3739/9249/230
f 3738/9257/230 3734/9247/230 3740/9250/230 3741/9258/230
f 3736/9255/230 3738/9257/230 3741/9258/230 3742/9256/230
f 3745/9259/230 3744/9260/230 3743/9261/230 3746/9262/230
f 3741/9263/225 3740/9264/225 3744/9265/225 3745/9266/225
f 3742/9267/226 3741/9268/226 3745/9269/226 3746/9270/226
f 3740/9271/228 3739/9272/228 3743/9273/228 3744/9274/228
o 立方体.017_立方体.019
v 0.228862 0.721318 0.900149
v 0.240179 0.745441 0.888832
v 0.228862 0.721318 0.828806
v 0.240179 0.745441 0.840123
v 0.340996 0.721318 0.900149
v 0.329679 0.745441 0.888832
v 0.340996 0.721318 0.828806
v 0.329679 0.745441 0.840123
v 0.228862 0.745441 0.900149
v 0.228862 0.745441 0.828806
v 0.340996 0.745441 0.828806
v 0.340996 0.745441 0.900149
v 0.240179 0.753632 0.888832
v 0.240179 0.753632 0.840123
v 0.329679 0.753632 0.840123
v 0.329679 0.753632 0.888832
v 0.285817 0.749980 0.942292
v 0.261139 0.749980 0.942292
v 0.261139 0.749980 0.978037
v 0.285817 0.749980 0.978037
v 0.285817 0.747165 0.942292
v 0.261139 0.747165 0.942292
v 0.261139 0.747165 0.978037
v 0.285817 0.747165 0.978037
v 0.258049 0.747165 0.937818
v 0.258049 0.723389 0.937818
v 0.288906 0.747165 0.937818
v 0.288906 0.723389 0.937818
v 0.258049 0.747165 0.982511
v 0.258049 0.723389 0.982511
v 0.288906 0.747165 0.982511
v 0.288906 0.723389 0.982511
v 0.249667 0.723389 0.982511
v 0.249667 0.747165 0.982511
v 0.218810 0.723389 0.982511
v 0.218810 0.747165 0.982511
v 0.249667 0.723389 0.937818
v 0.249667 0.747165 0.937818
v 0.218810 0.723389 0.937818
v 0.218810 0.747165 0.937818
v 0.246577 0.747165 0.978037
v 0.221899 0.747165 0.978037
v 0.221899 0.747165 0.942292
v 0.246577 0.747165 0.942292
v 0.246577 0.749980 0.978037
v 0.221899 0.749980 0.978037
v 0.221899 0.749980 0.942292
v 0.246577 0.749980 0.942292
v 0.325057 0.749980 0.942292
v 0.300378 0.749980 0.942292
v 0.300378 0.749980 0.978037
v 0.325057 0.749980 0.978037
v 0.325057 0.747165 0.942292
v 0.300378 0.747165 0.942292
v 0.300378 0.747165 0.978037
v 0.325057 0.747165 0.978037
v 0.297289 0.747165 0.937818
v 0.297289 0.723389 0.937818
v 0.328146 0.747165 0.937818
v 0.328146 0.723389 0.937818
v 0.297289 0.747165 0.982511
v 0.297289 0.723389 0.982511
v 0.328146 0.747165 0.982511
v 0.328146 0.723389 0.982511
v 0.283482 0.749980 0.762841
v 0.258803 0.749980 0.762841
v 0.258803 0.749980 0.798586
v 0.283482 0.749980 0.798586
v 0.283482 0.747165 0.762841
v 0.258803 0.747165 0.762841
v 0.258803 0.747165 0.798586
v 0.283482 0.747165 0.798586
v 0.255714 0.747165 0.758367
v 0.255714 0.723389 0.758367
v 0.286571 0.747165 0.758367
v 0.286571 0.723389 0.758367
v 0.255714 0.747165 0.803060
v 0.255714 0.723389 0.803060
v 0.286571 0.747165 0.803060
v 0.286571 0.723389 0.803060
v 0.247331 0.723389 0.803060
v 0.247331 0.747165 0.803060
v 0.216475 0.723389 0.803060
v 0.216475 0.747165 0.803060
v 0.247331 0.723389 0.758367
v 0.247331 0.747165 0.758367
v 0.216475 0.723389 0.758367
v 0.216475 0.747165 0.758367
v 0.244242 0.747165 0.798586
v 0.219564 0.747165 0.798586
v 0.219564 0.747165 0.762841
v 0.244242 0.747165 0.762841
v 0.244242 0.749980 0.798586
v 0.219564 0.749980 0.798586
v 0.219564 0.749980 0.762841
v 0.244242 0.749980 0.762841
v 0.322722 0.749980 0.762841
v 0.298043 0.749980 0.762841
v 0.298043 0.749980 0.798586
v 0.322722 0.749980 0.798586
v 0.322722 0.747165 0.762841
v 0.298043 0.747165 0.762841
v 0.298043 0.747165 0.798586
v 0.322722 0.747165 0.798586
v 0.294954 0.747165 0.758367
v 0.294954 0.723389 0.758367
v 0.325811 0.747165 0.758367
v 0.325811 0.723389 0.758367
v 0.294954 0.747165 0.803060
v 0.294954 0.723389 0.803060
v 0.325811 0.747165 0.803060
v 0.325811 0.723389 0.803060
v 0.197606 0.722029 0.869478
v 0.197606 0.730291 0.869478
v 0.374161 0.722029 0.869478
v 0.374161 0.730291 0.869478
v 0.197606 0.722029 0.916222
v 0.197606 0.730291 0.916222
v 0.374161 0.722029 0.916222
v 0.374161 0.730291 0.916222
vt 0.477506 0.167814
vt 0.477506 0.131985
vt 0.482292 0.131985
vt 0.482292 0.167814
vt 0.160731 0.128156
vt 0.166005 0.128156
vt 0.166005 0.087541
vt 0.160731 0.087541
vt 0.172207 0.128156
vt 0.177481 0.128156
vt 0.177481 0.087541
vt 0.172207 0.087541
vt 0.141654 0.087541
vt 0.154190 0.087541
vt 0.154190 0.128156
vt 0.141654 0.128156
vt 0.177500 0.087541
vt 0.182774 0.087541
vt 0.182774 0.128156
vt 0.177500 0.128156
vt 0.172344 0.124170
vt 0.172344 0.093098
vt 0.151822 0.093098
vt 0.151822 0.124170
vt 0.477506 0.131985
vt 0.477506 0.167814
vt 0.482292 0.167814
vt 0.482292 0.131985
vt 0.157311 0.122090
vt 0.196423 0.122090
vt 0.205511 0.128633
vt 0.148223 0.128633
vt 0.196423 0.093933
vt 0.205511 0.087390
vt 0.157311 0.093933
vt 0.148223 0.087390
vt 0.187854 0.043555
vt 0.187854 0.072387
vt 0.163464 0.072387
vt 0.163464 0.043555
vt 0.477506 0.162452
vt 0.477506 0.198281
vt 0.482292 0.198281
vt 0.482292 0.162452
vt 0.477506 0.198281
vt 0.477506 0.162452
vt 0.482292 0.162452
vt 0.482292 0.198281
vt 0.290799 0.143249
vt 0.339062 0.143249
vt 0.339062 0.143249
vt 0.290799 0.143249
vt 0.103240 0.185864
vt 0.103240 0.236381
vt 0.100600 0.231324
vt 0.100600 0.190921
vt 0.275717 0.119990
vt 0.349162 0.119990
vt 0.349162 0.119990
vt 0.275717 0.119990
vt 0.351653 0.143249
vt 0.278208 0.143249
vt 0.278208 0.143249
vt 0.351653 0.143249
vt 0.324116 0.119729
vt 0.275853 0.119729
vt 0.275853 0.119729
vt 0.324116 0.119729
vt 0.274340 0.198923
vt 0.350195 0.198923
vt 0.350195 0.249007
vt 0.274340 0.249007
vt 0.349162 0.054798
vt 0.349162 0.119990
vt 0.275717 0.119990
vt 0.275717 0.054798
vt 0.076871 0.185864
vt 0.079511 0.190921
vt 0.076871 0.236381
vt 0.079511 0.231324
vt 0.275853 0.054537
vt 0.275853 0.119729
vt 0.324116 0.119729
vt 0.324116 0.054537
vt 0.339062 0.078057
vt 0.339062 0.143249
vt 0.290799 0.143249
vt 0.290799 0.078057
vt 0.278208 0.078057
vt 0.278208 0.143249
vt 0.351653 0.143249
vt 0.351653 0.078057
vt 0.350195 0.198923
vt 0.274340 0.198923
vt 0.274340 0.249007
vt 0.350195 0.249007
vt 0.275853 0.054537
vt 0.275853 0.119729
vt 0.324116 0.119729
vt 0.324116 0.054537
vt 0.278208 0.078057
vt 0.278208 0.143249
vt 0.351653 0.143249
vt 0.351653 0.078057
vt 0.339062 0.078057
vt 0.339062 0.143249
vt 0.290799 0.143249
vt 0.290799 0.078057
vt 0.349162 0.054798
vt 0.349162 0.119990
vt 0.275717 0.119990
vt 0.275717 0.054798
vt 0.350195 0.198923
vt 0.274340 0.198923
vt 0.274340 0.249007
vt 0.350195 0.249007
vt 0.103240 0.236381
vt 0.076871 0.236381
vt 0.079511 0.231324
vt 0.100600 0.231324
vt 0.275717 0.119990
vt 0.349162 0.119990
vt 0.349162 0.119990
vt 0.275717 0.119990
vt 0.076871 0.185864
vt 0.079511 0.190921
vt 0.103240 0.185864
vt 0.100600 0.190921
vt 0.274340 0.198923
vt 0.350195 0.198923
vt 0.350195 0.249007
vt 0.274340 0.249007
vt 0.351653 0.143249
vt 0.278208 0.143249
vt 0.278208 0.143249
vt 0.351653 0.143249
vt 0.290799 0.143249
vt 0.339062 0.143249
vt 0.339062 0.143249
vt 0.290799 0.143249
vt 0.324116 0.119729
vt 0.275853 0.119729
vt 0.275853 0.119729
vt 0.324116 0.119729
vt 0.290799 0.143249
vt 0.339062 0.143249
vt 0.339062 0.143249
vt 0.290799 0.143249
vt 0.103240 0.185864
vt 0.103240 0.236381
vt 0.100600 0.231324
vt 0.100600 0.190921
vt 0.275717 0.119990
vt 0.349162 0.119990
vt 0.349162 0.119990
vt 0.275717 0.119990
vt 0.351653 0.143249
vt 0.278208 0.143249
vt 0.278208 0.143249
vt 0.351653 0.143249
vt 0.324116 0.119729
vt 0.275853 0.119729
vt 0.275853 0.119729
vt 0.324116 0.119729
vt 0.274340 0.198923
vt 0.350195 0.198923
vt 0.350195 0.249007
vt 0.274340 0.249007
vt 0.349162 0.054798
vt 0.349162 0.119990
vt 0.275717 0.119990
vt 0.275717 0.054798
vt 0.076871 0.185864
vt 0.079511 0.190921
vt 0.076871 0.236381
vt 0.079511 0.231324
vt 0.275853 0.054537
vt 0.275853 0.119729
vt 0.324116 0.119729
vt 0.324116 0.054537
vt 0.339062 0.078057
vt 0.339062 0.143249
vt 0.290799 0.143249
vt 0.290799 0.078057
vt 0.278208 0.078057
vt 0.278208 0.143249
vt 0.351653 0.143249
vt 0.351653 0.078057
vt 0.350195 0.198923
vt 0.274340 0.198923
vt 0.274340 0.249007
vt 0.350195 0.249007
vt 0.290799 0.143249
vt 0.339062 0.143249
vt 0.339062 0.143249
vt 0.290799 0.143249
vt 0.103240 0.185864
vt 0.103240 0.236381
vt 0.100600 0.231324
vt 0.100600 0.190921
vt 0.275717 0.119990
vt 0.349162 0.119990
vt 0.349162 0.119990
vt 0.275717 0.119990
vt 0.351653 0.143249
vt 0.278208 0.143249
vt 0.278208 0.143249
vt 0.351653 0.143249
vt 0.324116 0.119729
vt 0.275853 0.119729
vt 0.275853 0.119729
vt 0.324116 0.119729
vt 0.274340 0.198923
vt 0.350195 0.198923
vt 0.350195 0.249007
vt 0.274340 0.249007
vt 0.349162 0.054798
vt 0.349162 0.119990
vt 0.275717 0.119990
vt 0.275717 0.054798
vt 0.076871 0.185864
vt 0.079511 0.190921
vt 0.076871 0.236381
vt 0.079511 0.231324
vt 0.275853 0.054537
vt 0.275853 0.119729
vt 0.324116 0.119729
vt 0.324116 0.054537
vt 0.339062 0.078057
vt 0.339062 0.143249
vt 0.290799 0.143249
vt 0.290799 0.078057
vt 0.278208 0.078057
vt 0.278208 0.143249
vt 0.351653 0.143249
vt 0.351653 0.078057
vt 0.350195 0.198923
vt 0.274340 0.198923
vt 0.274340 0.249007
vt 0.350195 0.249007
vt 0.275853 0.054537
vt 0.275853 0.119729
vt 0.324116 0.119729
vt 0.324116 0.054537
vt 0.278208 0.078057
vt 0.278208 0.143249
vt 0.351653 0.143249
vt 0.351653 0.078057
vt 0.339062 0.078057
vt 0.339062 0.143249
vt 0.290799 0.143249
vt 0.290799 0.078057
vt 0.349162 0.054798
vt 0.349162 0.119990
vt 0.275717 0.119990
vt 0.275717 0.054798
vt 0.350195 0.198923
vt 0.274340 0.198923
vt 0.274340 0.249007
vt 0.350195 0.249007
vt 0.103240 0.236381
vt 0.076871 0.236381
vt 0.079511 0.231324
vt 0.100600 0.231324
vt 0.275717 0.119990
vt 0.349162 0.119990
vt 0.349162 0.119990
vt 0.275717 0.119990
vt 0.076871 0.185864
vt 0.079511 0.190921
vt 0.103240 0.185864
vt 0.100600 0.190921
vt 0.274340 0.198923
vt 0.350195 0.198923
vt 0.350195 0.249007
vt 0.274340 0.249007
vt 0.351653 0.143249
vt 0.278208 0.143249
vt 0.278208 0.143249
vt 0.351653 0.143249
vt 0.290799 0.143249
vt 0.339062 0.143249
vt 0.339062 0.143249
vt 0.290799 0.143249
vt 0.324116 0.119729
vt 0.275853 0.119729
vt 0.275853 0.119729
vt 0.324116 0.119729
vt 0.290799 0.143249
vt 0.339062 0.143249
vt 0.339062 0.143249
vt 0.290799 0.143249
vt 0.103240 0.185864
vt 0.103240 0.236381
vt 0.100600 0.231324
vt 0.100600 0.190921
vt 0.275717 0.119990
vt 0.349162 0.119990
vt 0.349162 0.119990
vt 0.275717 0.119990
vt 0.351653 0.143249
vt 0.278208 0.143249
vt 0.278208 0.143249
vt 0.351653 0.143249
vt 0.324116 0.119729
vt 0.275853 0.119729
vt 0.275853 0.119729
vt 0.324116 0.119729
vt 0.274340 0.198923
vt 0.350195 0.198923
vt 0.350195 0.249007
vt 0.274340 0.249007
vt 0.349162 0.054798
vt 0.349162 0.119990
vt 0.275717 0.119990
vt 0.275717 0.054798
vt 0.076871 0.185864
vt 0.079511 0.190921
vt 0.076871 0.236381
vt 0.079511 0.231324
vt 0.275853 0.054537
vt 0.275853 0.119729
vt 0.324116 0.119729
vt 0.324116 0.054537
vt 0.339062 0.078057
vt 0.339062 0.143249
vt 0.290799 0.143249
vt 0.290799 0.078057
vt 0.278208 0.078057
vt 0.278208 0.143249
vt 0.351653 0.143249
vt 0.351653 0.078057
vt 0.350195 0.198923
vt 0.274340 0.198923
vt 0.274340 0.249007
vt 0.350195 0.249007
vt 0.431235 0.243300
vt 0.437902 0.243300
vt 0.437902 0.042572
vt 0.431235 0.042572
vt 0.368758 0.138739
vt 0.368758 0.147133
vt 0.415098 0.147133
vt 0.415098 0.138739
vt 0.431235 0.042572
vt 0.437902 0.042572
vt 0.437902 0.243300
vt 0.431235 0.243300
vt 0.415098 0.138739
vt 0.415098 0.147133
vt 0.368758 0.147133
vt 0.368758 0.138739
vt 0.368758 0.243300
vt 0.415098 0.243300
vt 0.415098 0.042572
vt 0.368758 0.042572
vt 0.415098 0.243300
vt 0.368758 0.243300
vt 0.368758 0.042572
vt 0.415098 0.042572
vn 0.0000 0.0000 -1.0000
vn -1.0000 0.0000 0.0000
vn 1.0000 0.0000 0.0000
vn 0.0000 0.0000 1.0000
vn 0.0000 -1.0000 0.0000
vn 0.0000 1.0000 0.0000
usemtl 1
s off
f 3754/9275/231 3750/9276/231 3760/9277/231 3761/9278/231
f 3747/9279/232 3755/9280/232 3756/9281/232 3749/9282/232
f 3749/9283/231 3756/9284/231 3757/9285/231 3753/9286/231
f 3753/9287/233 3757/9288/233 3758/9289/233 3751/9290/233
f 3751/9291/234 3758/9292/234 3755/9293/234 3747/9294/234
f 3749/9295/235 3753/9296/235 3751/9297/235 3747/9298/235
f 3748/9299/234 3752/9300/234 3762/9301/234 3759/9302/234
f 3748/9303/236 3750/9304/236 3756/9305/236 3755/9306/236
f 3750/9304/236 3754/9307/236 3757/9308/236 3756/9305/236
f 3754/9307/236 3752/9309/236 3758/9310/236 3757/9308/236
f 3752/9309/236 3748/9303/236 3755/9306/236 3758/9310/236
f 3761/9311/236 3760/9312/236 3759/9313/236 3762/9314/236
f 3752/9315/233 3754/9316/233 3761/9317/233 3762/9318/233
f 3750/9319/232 3748/9320/232 3759/9321/232 3760/9322/232
f 3767/9323/231 3768/9324/231 3764/9325/231 3763/9326/231
f 3771/9327/236 3775/9328/236 3769/9329/236 3768/9330/236
f 3770/9331/233 3767/9332/233 3763/9333/233 3766/9334/233
f 3768/9335/232 3769/9336/232 3765/9337/232 3764/9338/232
f 3769/9339/234 3770/9340/234 3766/9341/234 3765/9342/234
f 3764/9343/236 3765/9344/236 3766/9345/236 3763/9346/236
f 3774/9347/233 3773/9348/233 3777/9349/233 3778/9350/233
f 3773/9351/236 3771/9327/236 3768/9330/236 3767/9352/236
f 3777/9353/236 3773/9351/236 3767/9352/236 3770/9354/236
f 3775/9328/236 3777/9353/236 3770/9354/236 3769/9329/236
f 3778/9355/234 3777/9356/234 3775/9357/234 3776/9358/234
f 3772/9359/231 3771/9360/231 3773/9361/231 3774/9362/231
f 3776/9363/232 3775/9364/232 3771/9365/232 3772/9366/232
f 3776/9367/235 3772/9368/235 3774/9369/235 3778/9370/235
f 3779/9371/234 3780/9372/234 3782/9373/234 3781/9374/234
f 3781/9375/232 3782/9376/232 3786/9377/232 3785/9378/232
f 3785/9379/231 3786/9380/231 3784/9381/231 3783/9382/231
f 3783/9383/233 3784/9384/233 3780/9385/233 3779/9386/233
f 3781/9387/235 3785/9388/235 3783/9389/235 3779/9390/235
f 3782/9391/236 3780/9392/236 3787/9393/236 3788/9394/236
f 3787/9395/233 3790/9396/233 3794/9397/233 3791/9398/233
f 3780/9392/236 3784/9399/236 3790/9400/236 3787/9393/236
f 3786/9401/236 3782/9391/236 3788/9394/236 3789/9402/236
f 3784/9399/236 3786/9401/236 3789/9402/236 3790/9400/236
f 3793/9403/236 3792/9404/236 3791/9405/236 3794/9406/236
f 3789/9407/232 3788/9408/232 3792/9409/232 3793/9410/232
f 3790/9411/231 3789/9412/231 3793/9413/231 3794/9414/231
f 3788/9415/234 3787/9416/234 3791/9417/234 3792/9418/234
f 3799/9419/231 3800/9420/231 3796/9421/231 3795/9422/231
f 3803/9423/236 3807/9424/236 3801/9425/236 3800/9426/236
f 3802/9427/233 3799/9428/233 3795/9429/233 3798/9430/233
f 3800/9431/232 3801/9432/232 3797/9433/232 3796/9434/232
f 3801/9435/234 3802/9436/234 3798/9437/234 3797/9438/234
f 3796/9439/236 3797/9440/236 3798/9441/236 3795/9442/236
f 3806/9443/233 3805/9444/233 3809/9445/233 3810/9446/233
f 3805/9447/236 3803/9423/236 3800/9426/236 3799/9448/236
f 3809/9449/236 3805/9447/236 3799/9448/236 3802/9450/236
f 3807/9424/236 3809/9449/236 3802/9450/236 3801/9425/236
f 3810/9451/234 3809/9452/234 3807/9453/234 3808/9454/234
f 3804/9455/231 3803/9456/231 3805/9457/231 3806/9458/231
f 3808/9459/232 3807/9460/232 3803/9461/232 3804/9462/232
f 3808/9463/235 3804/9464/235 3806/9465/235 3810/9466/235
f 3815/9467/231 3816/9468/231 3812/9469/231 3811/9470/231
f 3819/9471/236 3823/9472/236 3817/9473/236 3816/9474/236
f 3818/9475/233 3815/9476/233 3811/9477/233 3814/9478/233
f 3816/9479/232 3817/9480/232 3813/9481/232 3812/9482/232
f 3817/9483/234 3818/9484/234 3814/9485/234 3813/9486/234
f 3812/9487/236 3813/9488/236 3814/9489/236 3811/9490/236
f 3822/9491/233 3821/9492/233 3825/9493/233 3826/9494/233
f 3821/9495/236 3819/9471/236 3816/9474/236 3815/9496/236
f 3825/9497/236 3821/9495/236 3815/9496/236 3818/9498/236
f 3823/9472/236 3825/9497/236 3818/9498/236 3817/9473/236
f 3826/9499/234 3825/9500/234 3823/9501/234 3824/9502/234
f 3820/9503/231 3819/9504/231 3821/9505/231 3822/9506/231
f 3824/9507/232 3823/9508/232 3819/9509/232 3820/9510/232
f 3824/9511/235 3820/9512/235 3822/9513/235 3826/9514/235
f 3827/9515/234 3828/9516/234 3830/9517/234 3829/9518/234
f 3829/9519/232 3830/9520/232 3834/9521/232 3833/9522/232
f 3833/9523/231 3834/9524/231 3832/9525/231 3831/9526/231
f 3831/9527/233 3832/9528/233 3828/9529/233 3827/9530/233
f 3829/9531/235 3833/9532/235 3831/9533/235 3827/9534/235
f 3830/9535/236 3828/9536/236 3835/9537/236 3836/9538/236
f 3835/9539/233 3838/9540/233 3842/9541/233 3839/9542/233
f 3828/9536/236 3832/9543/236 3838/9544/236 3835/9537/236
f 3834/9545/236 3830/9535/236 3836/9538/236 3837/9546/236
f 3832/9543/236 3834/9545/236 3837/9546/236 3838/9544/236
f 3841/9547/236 3840/9548/236 3839/9549/236 3842/9550/236
f 3837/9551/232 3836/9552/232 3840/9553/232 3841/9554/232
f 3838/9555/231 3837/9556/231 3841/9557/231 3842/9558/231
f 3836/9559/234 3835/9560/234 3839/9561/234 3840/9562/234
f 3847/9563/231 3848/9564/231 3844/9565/231 3843/9566/231
f 3851/9567/236 3855/9568/236 3849/9569/236 3848/9570/236
f 3850/9571/233 3847/9572/233 3843/9573/233 3846/9574/233
f 3848/9575/232 3849/9576/232 3845/9577/232 3844/9578/232
f 3849/9579/234 3850/9580/234 3846/9581/234 3845/9582/234
f 3844/9583/236 3845/9584/236 3846/9585/236 3843/9586/236
f 3854/9587/233 3853/9588/233 3857/9589/233 3858/9590/233
f 3853/9591/236 3851/9567/236 3848/9570/236 3847/9592/236
f 3857/9593/236 3853/9591/236 3847/9592/236 3850/9594/236
f 3855/9568/236 3857/9593/236 3850/9594/236 3849/9569/236
f 3858/9595/234 3857/9596/234 3855/9597/234 3856/9598/234
f 3852/9599/231 3851/9600/231 3853/9601/231 3854/9602/231
f 3856/9603/232 3855/9604/232 3851/9605/232 3852/9606/232
f 3856/9607/235 3852/9608/235 3854/9609/235 3858/9610/235
f 3859/9611/231 3860/9612/231 3862/9613/231 3861/9614/231
f 3861/9615/233 3862/9616/233 3866/9617/233 3865/9618/233
f 3865/9619/234 3866/9620/234 3864/9621/234 3863/9622/234
f 3863/9623/232 3864/9624/232 3860/9625/232 3859/9626/232
f 3861/9627/235 3865/9628/235 3863/9629/235 3859/9630/235
f 3866/9631/236 3862/9632/236 3860/9633/236 3864/9634/236
o 立方体.019_立方体.013
v 1.242984 -0.001473 0.704626
v 1.236989 0.386232 0.710621
v 1.242984 -0.001473 0.896535
v 1.236989 0.386232 0.890540
v 1.051074 -0.001473 0.704626
v 1.057070 0.386232 0.710621
v 1.051075 -0.001473 0.896536
v 1.057070 0.386232 0.890540
v 1.314488 -0.001473 0.661179
v 1.308493 0.439837 0.667174
v 1.314488 -0.001473 0.853088
v 1.308493 0.439837 0.847093
v 1.216874 -0.001473 0.661179
v 1.222870 0.439837 0.667174
v 1.216874 -0.001473 0.853088
v 1.222870 0.439837 0.847093
v 1.210679 0.059733 0.646839
v 1.210679 0.059733 0.826758
v 1.030760 0.059733 0.646839
v 1.030760 0.059733 0.826758
v 1.216674 -0.001283 0.640844
v 1.216674 -0.001283 0.832754
v 1.024765 -0.001283 0.832754
v 1.024764 -0.001283 0.640844
v 1.242984 0.386232 0.704626
v 1.242984 0.386232 0.896535
v 1.051075 0.386232 0.896536
v 1.051074 0.386232 0.704626
v 1.314488 0.439837 0.661179
v 1.314488 0.439837 0.853088
v 1.216874 0.439837 0.853088
v 1.216874 0.439837 0.661179
v 1.216674 0.059733 0.640844
v 1.216674 0.059733 0.832754
v 1.024765 0.059733 0.832754
v 1.024764 0.059733 0.640844
v 1.236989 0.376331 0.710621
v 1.236989 0.376331 0.890540
v 1.057070 0.376331 0.890540
v 1.057070 0.376331 0.710621
v 1.308493 0.429936 0.667174
v 1.308493 0.429936 0.847093
v 1.222870 0.429936 0.847093
v 1.222870 0.429936 0.667174
v 1.210679 0.055659 0.646839
v 1.210679 0.055659 0.826758
v 1.030760 0.055659 0.826758
v 1.030760 0.055659 0.646839
v 1.285678 0.414520 0.801315
v 1.279653 0.447996 0.787329
v 1.247699 0.414520 0.801315
v 1.253724 0.447996 0.787329
v 1.285678 0.414520 0.713151
v 1.279653 0.447996 0.727137
v 1.247699 0.414520 0.713151
v 1.253724 0.447996 0.727137
v 1.194027 0.375409 0.883695
v 1.179146 0.389962 0.876867
v 1.100219 0.375409 0.883695
v 1.115100 0.389962 0.876867
v 1.194027 0.375409 0.840656
v 1.179146 0.389962 0.847483
v 1.100219 0.375409 0.840656
v 1.115100 0.389962 0.847483
v 1.285678 0.447996 0.801315
v 1.247699 0.447996 0.801315
v 1.247699 0.447996 0.713151
v 1.285678 0.447996 0.713151
v 1.194027 0.389962 0.883695
v 1.100219 0.389962 0.883695
v 1.100219 0.389962 0.840656
v 1.194027 0.389962 0.840656
v 1.279653 0.452357 0.787329
v 1.253724 0.452357 0.787329
v 1.253724 0.452357 0.727137
v 1.279653 0.452357 0.727137
v 1.179146 0.394903 0.876867
v 1.115100 0.394903 0.876867
v 1.115100 0.394903 0.847483
v 1.179146 0.394903 0.847483
v 1.140651 0.409251 0.720475
v 1.140651 0.367769 0.720475
v 1.192801 0.409251 0.720475
v 1.192801 0.367769 0.720475
v 1.140651 0.409251 0.855802
v 1.140651 0.367769 0.855802
v 1.192801 0.409251 0.855802
v 1.192801 0.367769 0.855802
v 1.103102 0.400915 0.766595
v 1.103102 0.400915 0.787935
v 1.126029 0.400915 0.787935
v 1.126029 0.400915 0.766595
v 1.103102 0.398391 0.766595
v 1.103102 0.398391 0.787935
v 1.126029 0.398391 0.787935
v 1.126029 0.398391 0.766595
v 1.100233 0.398391 0.790606
v 1.100233 0.377067 0.790606
v 1.100233 0.398391 0.763923
v 1.100233 0.377067 0.763923
v 1.128899 0.398391 0.790606
v 1.128899 0.377067 0.790606
v 1.128899 0.398391 0.763923
v 1.128899 0.377067 0.763923
v 1.128899 0.377067 0.797855
v 1.128899 0.398391 0.797855
v 1.128899 0.377067 0.824538
v 1.128899 0.398391 0.824538
v 1.100233 0.377067 0.797855
v 1.100233 0.398391 0.797855
v 1.100233 0.377067 0.824538
v 1.100233 0.398391 0.824538
v 1.126029 0.398391 0.800527
v 1.126029 0.398391 0.821867
v 1.103103 0.398391 0.821867
v 1.103102 0.398391 0.800527
v 1.126029 0.400915 0.800527
v 1.126029 0.400915 0.821867
v 1.103103 0.400915 0.821867
v 1.103102 0.400915 0.800527
v 1.103102 0.400915 0.732663
v 1.103102 0.400915 0.754003
v 1.126029 0.400915 0.754003
v 1.126029 0.400915 0.732663
v 1.103102 0.398391 0.732663
v 1.103102 0.398391 0.754003
v 1.126029 0.398391 0.754003
v 1.126029 0.398391 0.732663
v 1.100233 0.398391 0.756675
v 1.100233 0.377067 0.756675
v 1.100233 0.398391 0.729992
v 1.100233 0.377067 0.729992
v 1.128899 0.398391 0.756675
v 1.128899 0.377067 0.756675
v 1.128899 0.398391 0.729992
v 1.128899 0.377067 0.729992
v 1.221529 0.429568 0.843764
v 1.221529 0.437031 0.843764
v 1.221529 0.429568 0.665285
v 1.221529 0.437031 0.665285
v 1.273401 0.429568 0.843764
v 1.273401 0.437031 0.843764
v 1.273401 0.429568 0.665285
v 1.273401 0.437031 0.665285
vt 0.410480 0.597404
vt 0.454874 0.597404
vt 0.454874 0.732898
vt 0.410480 0.732898
vt 0.410480 0.597404
vt 0.454874 0.597404
vt 0.454874 0.732898
vt 0.410480 0.732898
vt 0.410480 0.597404
vt 0.410480 0.732898
vt 0.454874 0.597404
vt 0.454874 0.732898
vt 0.125000 0.500000
vt 0.125000 0.750000
vt 0.375000 0.750000
vt 0.375000 0.500000
vt 0.171276 0.144061
vt 0.167877 0.144061
vt 0.167877 0.221812
vt 0.171276 0.221812
vt 0.359347 0.785897
vt 0.399737 0.785897
vt 0.399737 0.953445
vt 0.359347 0.953445
vt 0.316896 0.770882
vt 0.349672 0.770882
vt 0.349672 0.957427
vt 0.316896 0.957427
vt 0.399737 0.785897
vt 0.359347 0.785897
vt 0.359347 0.953445
vt 0.399737 0.953445
vt 0.349672 0.770882
vt 0.316896 0.770882
vt 0.316896 0.957427
vt 0.349672 0.957427
vt 0.125000 0.500000
vt 0.125000 0.750000
vt 0.375000 0.750000
vt 0.375000 0.500000
vt 0.188046 0.246467
vt 0.188046 0.177513
vt 0.188046 0.177513
vt 0.188046 0.246467
vt 0.173100 0.152254
vt 0.169701 0.152254
vt 0.169701 0.230006
vt 0.173100 0.230006
vt 0.625000 0.500000
vt 0.875000 0.500000
vt 0.875000 0.750000
vt 0.625000 0.750000
vt 0.406880 0.589556
vt 0.447843 0.589556
vt 0.447843 0.572834
vt 0.406880 0.572834
vt 0.447843 0.589556
vt 0.406880 0.589556
vt 0.406880 0.572834
vt 0.447843 0.572834
vt 0.447843 0.589556
vt 0.447843 0.572834
vt 0.406880 0.589556
vt 0.406880 0.572834
vt 0.188046 0.177513
vt 0.189496 0.175215
vt 0.143089 0.175215
vt 0.144538 0.177513
vt 0.143089 0.248764
vt 0.144538 0.246467
vt 0.189496 0.248764
vt 0.188046 0.246467
vt 0.188046 0.179733
vt 0.189496 0.175215
vt 0.143089 0.175215
vt 0.144538 0.179733
vt 0.143089 0.248764
vt 0.144538 0.244247
vt 0.189496 0.248764
vt 0.188046 0.244247
vt 0.144538 0.177513
vt 0.189496 0.175215
vt 0.143089 0.175215
vt 0.144538 0.246467
vt 0.143089 0.248764
vt 0.189496 0.248764
vt 0.144538 0.246467
vt 0.188046 0.246467
vt 0.188046 0.177513
vt 0.144538 0.177513
vt 0.144538 0.244247
vt 0.188046 0.244247
vt 0.188046 0.179733
vt 0.144538 0.179733
vt 0.144538 0.246467
vt 0.144538 0.177513
vt 0.173100 0.188879
vt 0.169701 0.188879
vt 0.169701 0.225881
vt 0.173100 0.225881
vt 0.171276 0.238062
vt 0.167877 0.238062
vt 0.167877 0.160310
vt 0.171276 0.160310
vt 0.173100 0.230006
vt 0.169701 0.230006
vt 0.169701 0.152254
vt 0.173100 0.152254
vt 0.171276 0.221812
vt 0.167877 0.221812
vt 0.167877 0.144061
vt 0.171276 0.144061
vt 0.171276 0.160310
vt 0.167877 0.160310
vt 0.167877 0.238062
vt 0.171276 0.238062
vt 0.173100 0.225881
vt 0.169701 0.225881
vt 0.169701 0.188879
vt 0.173100 0.188879
vt 0.391102 0.175202
vt 0.391102 0.110760
vt 0.401166 0.110760
vt 0.401166 0.175202
vt 0.413001 0.175202
vt 0.413001 0.110760
vt 0.423066 0.110760
vt 0.423066 0.175202
vt 0.401202 0.110760
vt 0.401202 0.175202
vt 0.411266 0.175202
vt 0.411266 0.110760
vt 0.423101 0.110760
vt 0.423101 0.175202
vt 0.433165 0.175202
vt 0.433165 0.110760
vt 0.413262 0.168878
vt 0.374102 0.168878
vt 0.374102 0.119578
vt 0.413262 0.119578
vt 0.477506 0.167814
vt 0.482292 0.167814
vt 0.482292 0.131985
vt 0.477506 0.131985
vt 0.391102 0.175202
vt 0.391102 0.110760
vt 0.401166 0.110760
vt 0.401166 0.175202
vt 0.413001 0.175202
vt 0.413001 0.110760
vt 0.423066 0.110760
vt 0.423066 0.175202
vt 0.401202 0.110760
vt 0.401202 0.175202
vt 0.411266 0.175202
vt 0.411266 0.110760
vt 0.423101 0.110760
vt 0.423101 0.175202
vt 0.433165 0.175202
vt 0.433165 0.110760
vt 0.413262 0.168878
vt 0.374102 0.168878
vt 0.374102 0.119578
vt 0.413262 0.119578
vt 0.477506 0.131985
vt 0.482292 0.131985
vt 0.482292 0.167814
vt 0.477506 0.167814
vt 0.384576 0.165578
vt 0.367234 0.175958
vt 0.476552 0.175958
vt 0.459211 0.165578
vt 0.476552 0.110522
vt 0.459211 0.120902
vt 0.367234 0.110522
vt 0.384576 0.120902
vt 0.384576 0.165578
vt 0.367234 0.175958
vt 0.476552 0.175958
vt 0.459211 0.165578
vt 0.476552 0.110522
vt 0.459211 0.120902
vt 0.367234 0.110522
vt 0.384576 0.120902
vt 0.420638 0.050749
vt 0.369938 0.050749
vt 0.369938 0.110681
vt 0.420638 0.110681
vt 0.420638 0.177690
vt 0.369938 0.177690
vt 0.369938 0.237622
vt 0.420638 0.237622
vt 0.477506 0.228747
vt 0.482292 0.228747
vt 0.482292 0.192918
vt 0.477506 0.192918
vt 0.477506 0.192918
vt 0.482292 0.192918
vt 0.482292 0.228747
vt 0.477506 0.228747
vt 0.477506 0.162452
vt 0.482292 0.162452
vt 0.482292 0.198281
vt 0.477506 0.198281
vt 0.477506 0.198281
vt 0.482292 0.198281
vt 0.482292 0.162452
vt 0.477506 0.162452
vt 0.477506 0.198281
vt 0.482292 0.198281
vt 0.482292 0.162452
vt 0.477506 0.162452
vt 0.477506 0.162452
vt 0.482292 0.162452
vt 0.482292 0.198281
vt 0.477506 0.198281
vt 0.349317 0.074839
vt 0.275017 0.074839
vt 0.275017 0.248440
vt 0.349317 0.248440
vt 0.349317 0.248440
vt 0.275017 0.248440
vt 0.275017 0.074839
vt 0.349317 0.074839
vt 0.273869 0.074839
vt 0.273870 0.248440
vt 0.350464 0.248440
vt 0.350464 0.074839
vt 0.276567 0.050843
vt 0.276567 0.112980
vt 0.347767 0.112980
vt 0.347767 0.050843
vt 0.275288 0.248440
vt 0.275288 0.074839
vt 0.349045 0.074839
vt 0.349045 0.248440
vt 0.282617 0.187429
vt 0.282617 0.135850
vt 0.341717 0.135850
vt 0.341717 0.187429
vt 0.290799 0.143249
vt 0.290799 0.143249
vt 0.339062 0.143249
vt 0.339062 0.143249
vt 0.103240 0.185864
vt 0.100600 0.190921
vt 0.100600 0.231324
vt 0.103240 0.236381
vt 0.275717 0.119990
vt 0.275717 0.119990
vt 0.349162 0.119990
vt 0.349162 0.119990
vt 0.351653 0.143249
vt 0.351653 0.143249
vt 0.278208 0.143249
vt 0.278208 0.143249
vt 0.324116 0.119729
vt 0.324116 0.119729
vt 0.275853 0.119729
vt 0.275853 0.119729
vt 0.274340 0.198923
vt 0.274340 0.249007
vt 0.350195 0.249007
vt 0.350195 0.198923
vt 0.349162 0.054798
vt 0.275717 0.054798
vt 0.275717 0.119990
vt 0.349162 0.119990
vt 0.076871 0.185864
vt 0.079511 0.190921
vt 0.076871 0.236381
vt 0.079511 0.231324
vt 0.275853 0.054537
vt 0.324116 0.054537
vt 0.324116 0.119729
vt 0.275853 0.119729
vt 0.339062 0.078057
vt 0.290799 0.078057
vt 0.290799 0.143249
vt 0.339062 0.143249
vt 0.278208 0.078057
vt 0.351653 0.078057
vt 0.351653 0.143249
vt 0.278208 0.143249
vt 0.350195 0.198923
vt 0.350195 0.249007
vt 0.274340 0.249007
vt 0.274340 0.198923
vt 0.275853 0.054537
vt 0.324116 0.054537
vt 0.324116 0.119729
vt 0.275853 0.119729
vt 0.278208 0.078057
vt 0.351653 0.078057
vt 0.351653 0.143249
vt 0.278208 0.143249
vt 0.339062 0.078057
vt 0.290799 0.078057
vt 0.290799 0.143249
vt 0.339062 0.143249
vt 0.349162 0.054798
vt 0.275717 0.054798
vt 0.275717 0.119990
vt 0.349162 0.119990
vt 0.350195 0.198923
vt 0.350195 0.249007
vt 0.274340 0.249007
vt 0.274340 0.198923
vt 0.103240 0.236381
vt 0.100600 0.231324
vt 0.079511 0.231324
vt 0.076871 0.236381
vt 0.275717 0.119990
vt 0.275717 0.119990
vt 0.349162 0.119990
vt 0.349162 0.119990
vt 0.079511 0.190921
vt 0.076871 0.185864
vt 0.103240 0.185864
vt 0.100600 0.190921
vt 0.274340 0.198923
vt 0.274340 0.249007
vt 0.350195 0.249007
vt 0.350195 0.198923
vt 0.351653 0.143249
vt 0.351653 0.143249
vt 0.278208 0.143249
vt 0.278208 0.143249
vt 0.290799 0.143249
vt 0.290799 0.143249
vt 0.339062 0.143249
vt 0.339062 0.143249
vt 0.324116 0.119729
vt 0.324116 0.119729
vt 0.275853 0.119729
vt 0.275853 0.119729
vt 0.290799 0.143249
vt 0.290799 0.143249
vt 0.339062 0.143249
vt 0.339062 0.143249
vt 0.103240 0.185864
vt 0.100600 0.190921
vt 0.100600 0.231324
vt 0.103240 0.236381
vt 0.275717 0.119990
vt 0.275717 0.119990
vt 0.349162 0.119990
vt 0.349162 0.119990
vt 0.351653 0.143249
vt 0.351653 0.143249
vt 0.278208 0.143249
vt 0.278208 0.143249
vt 0.324116 0.119729
vt 0.324116 0.119729
vt 0.275853 0.119729
vt 0.275853 0.119729
vt 0.274340 0.198923
vt 0.274340 0.249007
vt 0.350195 0.249007
vt 0.350195 0.198923
vt 0.349162 0.054798
vt 0.275717 0.054798
vt 0.275717 0.119990
vt 0.349162 0.119990
vt 0.076871 0.185864
vt 0.079511 0.190921
vt 0.076871 0.236381
vt 0.079511 0.231324
vt 0.275853 0.054537
vt 0.324116 0.054537
vt 0.324116 0.119729
vt 0.275853 0.119729
vt 0.339062 0.078057
vt 0.290799 0.078057
vt 0.290799 0.143249
vt 0.339062 0.143249
vt 0.278208 0.078057
vt 0.351653 0.078057
vt 0.351653 0.143249
vt 0.278208 0.143249
vt 0.350195 0.198923
vt 0.350195 0.249007
vt 0.274340 0.249007
vt 0.274340 0.198923
vt 0.431235 0.243300
vt 0.431235 0.042572
vt 0.437902 0.042572
vt 0.437902 0.243300
vt 0.368758 0.138739
vt 0.415098 0.138739
vt 0.415098 0.147133
vt 0.368758 0.147133
vt 0.431235 0.042572
vt 0.431235 0.243300
vt 0.437902 0.243300
vt 0.437902 0.042572
vt 0.415098 0.138739
vt 0.368758 0.138739
vt 0.368758 0.147133
vt 0.415098 0.147133
vt 0.368758 0.243300
vt 0.368758 0.042572
vt 0.415098 0.042572
vt 0.415098 0.243300
vt 0.415098 0.243300
vt 0.415098 0.042572
vt 0.368758 0.042572
vt 0.368758 0.243300
vn -1.0000 0.0000 0.0000
vn 0.0000 0.0000 -1.0000
vn 1.0000 0.0000 -0.0000
vn 0.0000 0.0000 1.0000
vn 0.0000 1.0000 0.0000
vn 0.0000 -1.0000 -0.0000
usemtl 1
s off
f 3867/9635/237 3869/9636/237 3892/9637/237 3891/9638/237
f 3869/9639/238 3873/9640/238 3893/9641/238 3892/9642/238
f 3873/9640/239 3871/9643/239 3894/9644/239 3893/9641/239
f 3871/9645/240 3867/9635/240 3891/9638/240 3894/9646/240
f 3869/9647/241 3867/9648/241 3871/9649/241 3873/9650/241
f 3874/9651/240 3905/9652/240 3904/9653/240 3870/9654/240
f 3875/9655/237 3877/9656/237 3896/9657/237 3895/9658/237
f 3877/9659/238 3881/9660/238 3897/9661/238 3896/9662/238
f 3881/9663/239 3879/9664/239 3898/9665/239 3897/9666/239
f 3879/9667/240 3875/9668/240 3895/9669/240 3898/9670/240
f 3877/9671/241 3875/9672/241 3879/9673/241 3881/9674/241
f 3885/9675/238 3883/9676/238 3911/9677/238 3914/9678/238
f 3878/9679/239 3908/9680/239 3907/9681/239 3876/9682/239
f 3889/9683/241 3888/9684/241 3887/9685/241 3890/9686/241
f 3902/9687/239 3901/9688/239 3889/9689/239 3890/9690/239
f 3900/9691/237 3899/9692/237 3887/9693/237 3888/9694/237
f 3899/9692/240 3902/9695/240 3890/9696/240 3887/9693/240
f 3901/9688/238 3900/9697/238 3888/9698/238 3889/9689/238
f 3868/9699/242 3891/9700/242 3892/9701/242 3870/9702/242
f 3870/9702/242 3892/9701/242 3893/9703/242 3874/9704/242
f 3874/9704/242 3893/9703/242 3894/9705/242 3872/9706/242
f 3872/9706/242 3894/9705/242 3891/9700/242 3868/9699/242
f 3876/9707/242 3895/9708/242 3896/9709/242 3878/9710/242
f 3878/9710/242 3896/9709/242 3897/9711/242 3882/9712/242
f 3882/9712/242 3897/9711/242 3898/9713/242 3880/9714/242
f 3880/9714/242 3898/9713/242 3895/9708/242 3876/9707/242
f 3884/9715/242 3883/9676/242 3899/9716/242 3900/9717/242
f 3886/9718/242 3884/9715/242 3900/9717/242 3901/9719/242
f 3885/9675/242 3886/9718/242 3901/9719/242 3902/9720/242
f 3883/9676/242 3885/9675/242 3902/9720/242 3899/9716/242
f 3905/9721/242 3906/9722/242 3903/9723/242 3904/9724/242
f 3909/9725/242 3910/9726/242 3907/9727/242 3908/9728/242
f 3913/9729/242 3914/9678/242 3911/9677/242 3912/9730/242
f 3883/9676/239 3884/9715/239 3912/9730/239 3911/9677/239
f 3882/9731/240 3909/9732/240 3908/9733/240 3878/9734/240
f 3872/9735/237 3906/9736/237 3905/9737/237 3874/9738/237
f 3884/9715/240 3886/9718/240 3913/9729/240 3912/9730/240
f 3880/9739/237 3910/9740/237 3909/9741/237 3882/9742/237
f 3868/9743/238 3903/9744/238 3906/9745/238 3872/9746/238
f 3886/9718/237 3885/9675/237 3914/9678/237 3913/9729/237
f 3870/9747/239 3904/9748/239 3903/9749/239 3868/9750/239
f 3876/9751/238 3907/9752/238 3910/9753/238 3880/9754/238
f 3915/9755/238 3917/9756/238 3932/9757/238 3931/9758/238
f 3917/9759/239 3921/9760/239 3933/9761/239 3932/9762/239
f 3921/9763/240 3919/9764/240 3934/9765/240 3933/9766/240
f 3919/9767/237 3915/9768/237 3931/9769/237 3934/9770/237
f 3917/9771/241 3915/9772/241 3919/9773/241 3921/9774/241
f 3930/9775/239 3945/9776/239 3944/9777/239 3926/9778/239
f 3923/9779/238 3925/9780/238 3936/9781/238 3935/9782/238
f 3925/9783/239 3929/9784/239 3937/9785/239 3936/9786/239
f 3929/9787/240 3927/9788/240 3938/9789/240 3937/9790/240
f 3927/9791/237 3923/9792/237 3935/9793/237 3938/9794/237
f 3925/9795/241 3923/9796/241 3927/9797/241 3929/9798/241
f 3924/9799/237 3943/9800/237 3946/9801/237 3928/9802/237
f 3916/9803/242 3931/9804/242 3932/9805/242 3918/9806/242
f 3918/9806/242 3932/9805/242 3933/9807/242 3922/9808/242
f 3922/9808/242 3933/9807/242 3934/9809/242 3920/9810/242
f 3920/9810/242 3934/9809/242 3931/9804/242 3916/9803/242
f 3924/9811/242 3935/9812/242 3936/9813/242 3926/9814/242
f 3926/9814/242 3936/9813/242 3937/9815/242 3930/9816/242
f 3930/9816/242 3937/9815/242 3938/9817/242 3928/9818/242
f 3928/9818/242 3938/9817/242 3935/9812/242 3924/9811/242
f 3941/9819/242 3942/9820/242 3939/9821/242 3940/9822/242
f 3945/9823/242 3946/9824/242 3943/9825/242 3944/9826/242
f 3916/9827/237 3939/9828/237 3942/9829/237 3920/9830/237
f 3922/9831/239 3941/9832/239 3940/9833/239 3918/9834/239
f 3928/9835/240 3946/9836/240 3945/9837/240 3930/9838/240
f 3926/9839/238 3944/9840/238 3943/9841/238 3924/9842/238
f 3920/9843/240 3942/9844/240 3941/9845/240 3922/9846/240
f 3918/9847/238 3940/9848/238 3939/9849/238 3916/9850/238
f 3947/9851/242 3949/9852/242 3953/9853/242 3951/9854/242
f 3952/9855/241 3954/9856/241 3950/9857/241 3948/9858/241
f 3950/9859/237 3954/9860/237 3953/9861/237 3949/9862/237
f 3948/9863/240 3950/9864/240 3949/9865/240 3947/9866/240
f 3952/9867/239 3948/9868/239 3947/9869/239 3951/9870/239
f 3954/9871/238 3952/9872/238 3951/9873/238 3953/9874/238
f 3959/9875/239 3955/9876/239 3956/9877/239 3960/9878/239
f 3963/9879/242 3960/9880/242 3961/9881/242 3967/9882/242
f 3962/9883/240 3958/9884/240 3955/9885/240 3959/9886/240
f 3960/9887/238 3956/9888/238 3957/9889/238 3961/9890/238
f 3961/9891/237 3957/9892/237 3958/9893/237 3962/9894/237
f 3956/9895/242 3955/9896/242 3958/9897/242 3957/9898/242
f 3966/9899/240 3970/9900/240 3969/9901/240 3965/9902/240
f 3965/9903/242 3959/9904/242 3960/9880/242 3963/9879/242
f 3969/9905/242 3962/9906/242 3959/9904/242 3965/9903/242
f 3967/9882/242 3961/9881/242 3962/9906/242 3969/9905/242
f 3970/9907/237 3968/9908/237 3967/9909/237 3969/9910/237
f 3964/9911/239 3966/9912/239 3965/9913/239 3963/9914/239
f 3968/9915/238 3964/9916/238 3963/9917/238 3967/9918/238
f 3968/9919/241 3970/9920/241 3966/9921/241 3964/9922/241
f 3971/9923/237 3973/9924/237 3974/9925/237 3972/9926/237
f 3973/9927/238 3977/9928/238 3978/9929/238 3974/9930/238
f 3977/9931/239 3975/9932/239 3976/9933/239 3978/9934/239
f 3975/9935/240 3971/9936/240 3972/9937/240 3976/9938/240
f 3973/9939/241 3971/9940/241 3975/9941/241 3977/9942/241
f 3974/9943/242 3980/9944/242 3979/9945/242 3972/9946/242
f 3979/9947/240 3983/9948/240 3986/9949/240 3982/9950/240
f 3972/9946/242 3979/9945/242 3982/9951/242 3976/9952/242
f 3978/9953/242 3981/9954/242 3980/9944/242 3974/9943/242
f 3976/9952/242 3982/9951/242 3981/9954/242 3978/9953/242
f 3985/9955/242 3986/9956/242 3983/9957/242 3984/9958/242
f 3981/9959/238 3985/9960/238 3984/9961/238 3980/9962/238
f 3982/9963/239 3986/9964/239 3985/9965/239 3981/9966/239
f 3980/9967/237 3984/9968/237 3983/9969/237 3979/9970/237
f 3991/9971/239 3987/9972/239 3988/9973/239 3992/9974/239
f 3995/9975/242 3992/9976/242 3993/9977/242 3999/9978/242
f 3994/9979/240 3990/9980/240 3987/9981/240 3991/9982/240
f 3992/9983/238 3988/9984/238 3989/9985/238 3993/9986/238
f 3993/9987/237 3989/9988/237 3990/9989/237 3994/9990/237
f 3988/9991/242 3987/9992/242 3990/9993/242 3989/9994/242
f 3998/9995/240 4002/9996/240 4001/9997/240 3997/9998/240
f 3997/9999/242 3991/10000/242 3992/9976/242 3995/9975/242
f 4001/10001/242 3994/10002/242 3991/10000/242 3997/9999/242
f 3999/9978/242 3993/9977/242 3994/10002/242 4001/10001/242
f 4002/10003/237 4000/10004/237 3999/10005/237 4001/10006/237
f 3996/10007/239 3998/10008/239 3997/10009/239 3995/10010/239
f 4000/10011/238 3996/10012/238 3995/10013/238 3999/10014/238
f 4000/10015/241 4002/10016/241 3998/10017/241 3996/10018/241
f 4003/10019/239 4005/10020/239 4006/10021/239 4004/10022/239
f 4005/10023/240 4009/10024/240 4010/10025/240 4006/10026/240
f 4009/10027/237 4007/10028/237 4008/10029/237 4010/10030/237
f 4007/10031/238 4003/10032/238 4004/10033/238 4008/10034/238
f 4005/10035/241 4003/10036/241 4007/10037/241 4009/10038/241
f 4010/10039/242 4008/10040/242 4004/10041/242 4006/10042/242
